participant,biomarker,measurement,diseased
0,VentricleNorm,17.69904364924001,True
0,ADAS13,-207.75722008351997,True
0,FusiformNorm,72.64451003062773,True
0,ABETA,-94.8415999084034,True
0,TAU,-41.33737834460893,True
0,WholeBrainNorm,188.77235492319693,True
0,PTAU,-109.15323853540349,True
0,MMSE,7.638622806276214,True
0,HippocampusNorm,61.903048723582785,True
0,RAVLT_immediate,182.73780620870474,True
0,EntorhinalNorm,281.2971989239601,True
0,MidTempNorm,-216.84219291218417,True
1,VentricleNorm,-19.416015285282384,False
1,ADAS13,-248.850045144859,False
1,FusiformNorm,-188.6792133168487,False
1,ABETA,-135.3730299357487,False
1,TAU,-8.87271806889984,False
1,WholeBrainNorm,139.19448297148347,False
1,PTAU,-186.454156941889,False
1,MMSE,-33.12548590359826,False
1,HippocampusNorm,44.5474364339984,False
1,RAVLT_immediate,51.53029741642278,False
1,EntorhinalNorm,656.0586417814777,False
1,MidTempNorm,-65.82634580081631,False
2,VentricleNorm,-198.22984081864752,True
2,ADAS13,-277.05441721645553,True
2,FusiformNorm,157.97308785988528,True
2,ABETA,-495.33405153419915,True
2,TAU,-46.63761150131633,True
2,WholeBrainNorm,214.80357905460892,True
2,PTAU,-132.36714838205572,True
2,MMSE,34.737852940748866,True
2,HippocampusNorm,62.48914948192957,True
2,RAVLT_immediate,181.36739830420902,True
2,EntorhinalNorm,232.9993656475078,True
2,MidTempNorm,-49.15303353076261,True
3,VentricleNorm,-45.098498576348895,True
3,ADAS13,-224.29934827721954,True
3,FusiformNorm,150.82485017272833,True
3,ABETA,-355.667780705411,True
3,TAU,-113.43688473273563,True
3,WholeBrainNorm,109.57921431670715,True
3,PTAU,1.5801028787261586,True
3,MMSE,6.53479036222803,True
3,HippocampusNorm,-58.38072046397605,True
3,RAVLT_immediate,643.9409417358339,True
3,EntorhinalNorm,367.57379266532575,True
3,MidTempNorm,13.824219312871165,True
4,VentricleNorm,475.8963728414535,False
4,ADAS13,-319.0374770779595,False
4,FusiformNorm,-69.87482037867058,False
4,ABETA,-948.2833452345058,False
4,TAU,-20.813130371809468,False
4,WholeBrainNorm,110.73745357891296,False
4,PTAU,110.17343603792199,False
4,MMSE,-46.18949640844406,False
4,HippocampusNorm,57.53946438618178,False
4,RAVLT_immediate,164.40328922639037,False
4,EntorhinalNorm,741.671145142001,False
4,MidTempNorm,98.77441211543956,False
5,VentricleNorm,-23.56614845573926,True
5,ADAS13,-117.28248110713727,True
5,FusiformNorm,-86.20358526774902,True
5,ABETA,-117.29654289354278,True
5,TAU,-166.2663698291551,True
5,WholeBrainNorm,10.027164323382294,True
5,PTAU,-20.20517745375261,True
5,MMSE,-63.948080146257695,True
5,HippocampusNorm,50.398488183750885,True
5,RAVLT_immediate,98.13919588505529,True
5,EntorhinalNorm,347.920712854718,True
5,MidTempNorm,-86.66253787464902,True
6,VentricleNorm,93.62390699642377,True
6,ADAS13,-263.21773421272184,True
6,FusiformNorm,174.02006962629514,True
6,ABETA,-428.2099399659131,True
6,TAU,-95.2363027799004,True
6,WholeBrainNorm,173.52536659775188,True
6,PTAU,-187.05179057887352,True
6,MMSE,-6.951333908856359,True
6,HippocampusNorm,-34.68971421654388,True
6,RAVLT_immediate,151.67720515616176,True
6,EntorhinalNorm,298.1936108425133,True
6,MidTempNorm,-76.73868690547731,True
7,VentricleNorm,-73.88655767630118,True
7,ADAS13,-335.9482500951213,True
7,FusiformNorm,237.71812199283212,True
7,ABETA,146.24349838245172,True
7,TAU,-56.00078723892494,True
7,WholeBrainNorm,83.58667627279863,True
7,PTAU,35.944894150176125,True
7,MMSE,-52.824090924623306,True
7,HippocampusNorm,62.231345369014505,True
7,RAVLT_immediate,77.35284709606248,True
7,EntorhinalNorm,363.8483753659858,True
7,MidTempNorm,-64.98378297678286,True
8,VentricleNorm,125.59347441902467,True
8,ADAS13,-299.5682091259988,True
8,FusiformNorm,7.469964274610305,True
8,ABETA,-419.0682001449954,True
8,TAU,-139.29124112138837,True
8,WholeBrainNorm,-19.985704549691633,True
8,PTAU,-344.36378810972667,True
8,MMSE,-42.241268881256175,True
8,HippocampusNorm,51.267512646987186,True
8,RAVLT_immediate,33.14935977564312,True
8,EntorhinalNorm,646.1004911920465,True
8,MidTempNorm,3.1263275841084237,True
9,VentricleNorm,-39.14008344799896,True
9,ADAS13,-164.953807844592,True
9,FusiformNorm,-133.39807563911486,True
9,ABETA,-124.19913844485569,True
9,TAU,-20.939906535289126,True
9,WholeBrainNorm,228.1518516172136,True
9,PTAU,128.0915839169531,True
9,MMSE,41.06858837621754,True
9,HippocampusNorm,43.092265888462244,True
9,RAVLT_immediate,100.63025192783522,True
9,EntorhinalNorm,597.0148312647526,True
9,MidTempNorm,-5.540460647675147,True
10,VentricleNorm,136.308918757627,True
10,ADAS13,-190.0183206286383,True
10,FusiformNorm,1.2293691947260044,True
10,ABETA,-385.45745017884855,True
10,TAU,-167.26216191335007,True
10,WholeBrainNorm,-51.844390582406476,True
10,PTAU,-177.47300815987165,True
10,MMSE,-75.09644174630135,True
10,HippocampusNorm,62.59211052140495,True
10,RAVLT_immediate,100.8160756654942,True
10,EntorhinalNorm,521.9359180689285,True
10,MidTempNorm,-149.37805233811144,True
11,VentricleNorm,112.07425790537218,False
11,ADAS13,-351.6923650263717,False
11,FusiformNorm,-26.060842253880402,False
11,ABETA,59.44816573740948,False
11,TAU,8.302239313606927,False
11,WholeBrainNorm,103.54552787838024,False
11,PTAU,-399.47054677685367,False
11,MMSE,-53.590208278782164,False
11,HippocampusNorm,53.66539971608061,False
11,RAVLT_immediate,-16.194321138107227,False
11,EntorhinalNorm,14.314669930492869,False
11,MidTempNorm,-192.92912541561662,False
12,VentricleNorm,84.67100757211162,False
12,ADAS13,-262.3516280095783,False
12,FusiformNorm,148.11302825967914,False
12,ABETA,-330.96747273961086,False
12,TAU,27.40464902338507,False
12,WholeBrainNorm,-26.03483696261243,False
12,PTAU,-431.71391678372663,False
12,MMSE,-65.48396523754766,False
12,HippocampusNorm,48.31360333088628,False
12,RAVLT_immediate,124.77316093382943,False
12,EntorhinalNorm,535.4187116904236,False
12,MidTempNorm,-150.91395819931216,False
13,VentricleNorm,-262.0744854504211,True
13,ADAS13,-314.3598942750353,True
13,FusiformNorm,99.67511486565024,True
13,ABETA,-237.07150296252385,True
13,TAU,-104.21104649320031,True
13,WholeBrainNorm,160.7416649965745,True
13,PTAU,187.80827048053453,True
13,MMSE,42.68430370566465,True
13,HippocampusNorm,-168.3470486258799,True
13,RAVLT_immediate,925.5913969517097,True
13,EntorhinalNorm,412.56345325579855,True
13,MidTempNorm,-171.63189281604872,True
14,VentricleNorm,184.57115727338726,False
14,ADAS13,-276.07623266570016,False
14,FusiformNorm,-240.15813869140618,False
14,ABETA,127.12515746461835,False
14,TAU,-12.74637064134832,False
14,WholeBrainNorm,202.89653912179753,False
14,PTAU,-229.6240040381973,False
14,MMSE,-9.898573669069222,False
14,HippocampusNorm,55.790742326454,False
14,RAVLT_immediate,130.06880184683806,False
14,EntorhinalNorm,385.81798240082145,False
14,MidTempNorm,-98.78750164189148,False
15,VentricleNorm,91.65480266420492,False
15,ADAS13,-251.29075373901276,False
15,FusiformNorm,-3.2833932309629112,False
15,ABETA,-470.7795056357468,False
15,TAU,-6.069797696357126,False
15,WholeBrainNorm,-21.43473191484371,False
15,PTAU,-496.53068803123693,False
15,MMSE,-59.557834801995064,False
15,HippocampusNorm,51.30220511275076,False
15,RAVLT_immediate,246.17726978628104,False
15,EntorhinalNorm,342.27622905958225,False
15,MidTempNorm,-66.13408912989391,False
16,VentricleNorm,59.83492944201129,False
16,ADAS13,-307.7670886582145,False
16,FusiformNorm,49.17171616990416,False
16,ABETA,183.1104178633859,False
16,TAU,-28.2137116355322,False
16,WholeBrainNorm,73.35455690261634,False
16,PTAU,-254.87470253626873,False
16,MMSE,-56.18934682316623,False
16,HippocampusNorm,58.62670441637671,False
16,RAVLT_immediate,82.51686613584994,False
16,EntorhinalNorm,211.14693900220823,False
16,MidTempNorm,-76.52183778962998,False
17,VentricleNorm,-85.84589948970637,True
17,ADAS13,-234.1819987022264,True
17,FusiformNorm,-83.1132700060312,True
17,ABETA,48.61250538821349,True
17,TAU,-68.6216419487298,True
17,WholeBrainNorm,95.36838645719482,True
17,PTAU,504.9688865085078,True
17,MMSE,-36.196420388374776,True
17,HippocampusNorm,51.62741419635436,True
17,RAVLT_immediate,32.84684630124772,True
17,EntorhinalNorm,105.69352653060656,True
17,MidTempNorm,-190.16528810255,True
18,VentricleNorm,120.00194769572904,True
18,ADAS13,-174.94104974103465,True
18,FusiformNorm,30.83088673973586,True
18,ABETA,-344.78351234107225,True
18,TAU,-45.89509828442928,True
18,WholeBrainNorm,142.2003657190457,True
18,PTAU,218.30199897176965,True
18,MMSE,41.8685889301488,True
18,HippocampusNorm,50.818412372060344,True
18,RAVLT_immediate,629.6808814379888,True
18,EntorhinalNorm,254.80028259446095,True
18,MidTempNorm,-122.93202043013493,True
19,VentricleNorm,258.09249525566463,False
19,ADAS13,-288.7404451459988,False
19,FusiformNorm,291.07031045082243,False
19,ABETA,-170.45730019482028,False
19,TAU,8.35810597447817,False
19,WholeBrainNorm,125.12948035011925,False
19,PTAU,-512.8071509399335,False
19,MMSE,-63.52873607866201,False
19,HippocampusNorm,47.893060920865494,False
19,RAVLT_immediate,108.34560688018465,False
19,EntorhinalNorm,327.46076494241584,False
19,MidTempNorm,14.627876390310533,False
20,VentricleNorm,40.84862243318287,True
20,ADAS13,-366.10101645264365,True
20,FusiformNorm,216.065831946879,True
20,ABETA,-414.7992699132136,True
20,TAU,-74.63914473627513,True
20,WholeBrainNorm,36.94319121072445,True
20,PTAU,-32.731784691026085,True
20,MMSE,25.556847312806426,True
20,HippocampusNorm,40.17554258625576,True
20,RAVLT_immediate,4.676591626828795,True
20,EntorhinalNorm,519.042048026853,True
20,MidTempNorm,-64.13629858844754,True
21,VentricleNorm,-41.89945796570353,True
21,ADAS13,-203.63226901845366,True
21,FusiformNorm,15.190912437926976,True
21,ABETA,-559.6935013871789,True
21,TAU,-39.16611597474267,True
21,WholeBrainNorm,-40.91685266539817,True
21,PTAU,-203.8973138839042,True
21,MMSE,-79.21067007818559,True
21,HippocampusNorm,51.00512171049492,True
21,RAVLT_immediate,143.84703628278157,True
21,EntorhinalNorm,659.5106268828872,True
21,MidTempNorm,-23.779933067593113,True
22,VentricleNorm,120.25998891851663,False
22,ADAS13,-256.3880089976188,False
22,FusiformNorm,88.45467408287608,False
22,ABETA,-669.842926915598,False
22,TAU,-3.719427346442612,False
22,WholeBrainNorm,30.37414654011451,False
22,PTAU,-251.66454463114852,False
22,MMSE,-65.95061983621939,False
22,HippocampusNorm,50.03957616508468,False
22,RAVLT_immediate,54.08629962613725,False
22,EntorhinalNorm,471.70327034247106,False
22,MidTempNorm,-89.41066474075866,False
23,VentricleNorm,-90.20687977960696,True
23,ADAS13,-272.5684021417417,True
23,FusiformNorm,97.69493486732347,True
23,ABETA,-287.74350185305923,True
23,TAU,-206.19439412422076,True
23,WholeBrainNorm,-98.59325198111144,True
23,PTAU,154.3757303175861,True
23,MMSE,30.950401263059913,True
23,HippocampusNorm,48.883427052094206,True
23,RAVLT_immediate,894.8541640753986,True
23,EntorhinalNorm,268.86726109971426,True
23,MidTempNorm,-129.7878923236422,True
24,VentricleNorm,65.1263010567115,False
24,ADAS13,-342.060298695354,False
24,FusiformNorm,121.10968482471426,False
24,ABETA,-151.58524138090624,False
24,TAU,2.2881247829685014,False
24,WholeBrainNorm,122.14887239159624,False
24,PTAU,-442.66276320810323,False
24,MMSE,-12.330967226666154,False
24,HippocampusNorm,38.77589543180653,False
24,RAVLT_immediate,103.66007866430631,False
24,EntorhinalNorm,535.5284376508207,False
24,MidTempNorm,3.2262077400843054,False
25,VentricleNorm,5.283831640210693,True
25,ADAS13,-240.5612832352794,True
25,FusiformNorm,168.97564490531397,True
25,ABETA,-626.601498092024,True
25,TAU,23.000703270049048,True
25,WholeBrainNorm,41.019050630824026,True
25,PTAU,-389.0627022443657,True
25,MMSE,-44.628937626740885,True
25,HippocampusNorm,37.22069068810523,True
25,RAVLT_immediate,184.10663876170824,True
25,EntorhinalNorm,216.28635205405112,True
25,MidTempNorm,-41.84682504178208,True
26,VentricleNorm,82.99697612145592,True
26,ADAS13,-209.15345214005438,True
26,FusiformNorm,231.97241148208576,True
26,ABETA,-249.74443825160387,True
26,TAU,-173.35364928846536,True
26,WholeBrainNorm,168.26138438906145,True
26,PTAU,-3.738461782559007,True
26,MMSE,43.84197361153984,True
26,HippocampusNorm,109.41462430569244,True
26,RAVLT_immediate,657.259940927756,True
26,EntorhinalNorm,885.5725426516392,True
26,MidTempNorm,-120.42440618467563,True
27,VentricleNorm,149.50433732621315,False
27,ADAS13,-290.5104427805941,False
27,FusiformNorm,15.674497194303228,False
27,ABETA,71.23767687480215,False
27,TAU,-12.68273029386474,False
27,WholeBrainNorm,-123.49687774609897,False
27,PTAU,-350.54766536061527,False
27,MMSE,-36.13974957380581,False
27,HippocampusNorm,50.99103598904125,False
27,RAVLT_immediate,208.41352044442635,False
27,EntorhinalNorm,400.69462954473636,False
27,MidTempNorm,-83.42537600588362,False
28,VentricleNorm,-28.053122568750616,True
28,ADAS13,-175.04251847892357,True
28,FusiformNorm,-3.4875064454108866,True
28,ABETA,-462.65982375763406,True
28,TAU,-65.29313275243784,True
28,WholeBrainNorm,-28.26877354487216,True
28,PTAU,140.74159070757972,True
28,MMSE,11.057158485429596,True
28,HippocampusNorm,-48.73610764769333,True
28,RAVLT_immediate,519.5919380347018,True
28,EntorhinalNorm,328.9195307731518,True
28,MidTempNorm,-67.87695312096054,True
29,VentricleNorm,294.6779778865133,False
29,ADAS13,-309.0317036193399,False
29,FusiformNorm,-131.63165798765584,False
29,ABETA,57.088109597835896,False
29,TAU,23.881718610625843,False
29,WholeBrainNorm,160.37553683257144,False
29,PTAU,-530.8530813810992,False
29,MMSE,-13.420941756547244,False
29,HippocampusNorm,54.51377626728098,False
29,RAVLT_immediate,61.3127941834926,False
29,EntorhinalNorm,562.7411573009741,False
29,MidTempNorm,-11.312553848003034,False
30,VentricleNorm,-16.092065587444978,True
30,ADAS13,-180.46561541884958,True
30,FusiformNorm,168.60245301151505,True
30,ABETA,-183.63813884941445,True
30,TAU,-58.78578726932682,True
30,WholeBrainNorm,14.30086579913975,True
30,PTAU,358.2416656326791,True
30,MMSE,30.20714645229536,True
30,HippocampusNorm,27.557605377074342,True
30,RAVLT_immediate,794.5529255728691,True
30,EntorhinalNorm,763.4795524047075,True
30,MidTempNorm,-33.378992924795476,True
31,VentricleNorm,-164.45946743950282,False
31,ADAS13,-290.6546436558534,False
31,FusiformNorm,-16.208656322163023,False
31,ABETA,189.19976178089502,False
31,TAU,22.076911252348506,False
31,WholeBrainNorm,-18.24959457135428,False
31,PTAU,-179.7780234436887,False
31,MMSE,-77.5623026603102,False
31,HippocampusNorm,54.59782755887711,False
31,RAVLT_immediate,147.5471196579252,False
31,EntorhinalNorm,686.4571522488382,False
31,MidTempNorm,-97.20051466615277,False
32,VentricleNorm,-326.2404323083189,False
32,ADAS13,-305.38200618707504,False
32,FusiformNorm,-50.30190707032639,False
32,ABETA,-618.0055996875948,False
32,TAU,-11.84519612974051,False
32,WholeBrainNorm,68.53418045401347,False
32,PTAU,-342.01636872517463,False
32,MMSE,-58.34794456969892,False
32,HippocampusNorm,50.959009693214995,False
32,RAVLT_immediate,76.05262356185973,False
32,EntorhinalNorm,404.60637041389685,False
32,MidTempNorm,-78.30415377747651,False
33,VentricleNorm,12.475253381062174,True
33,ADAS13,-195.41206160678456,True
33,FusiformNorm,135.69271183412144,True
33,ABETA,-375.306457672259,True
33,TAU,-135.64298778688817,True
33,WholeBrainNorm,-58.15329155638639,True
33,PTAU,-22.216995605733594,True
33,MMSE,23.69433520716592,True
33,HippocampusNorm,51.59692896897745,True
33,RAVLT_immediate,103.79128280101247,True
33,EntorhinalNorm,311.89617096037875,True
33,MidTempNorm,-176.70723184678786,True
34,VentricleNorm,-250.90997726161515,True
34,ADAS13,-216.62912181288252,True
34,FusiformNorm,196.45284613938128,True
34,ABETA,-441.7816506466469,True
34,TAU,6.4190758516917725,True
34,WholeBrainNorm,58.90969707024924,True
34,PTAU,37.68785055843951,True
34,MMSE,52.73739457296307,True
34,HippocampusNorm,-132.2122585284194,True
34,RAVLT_immediate,72.03655577692894,True
34,EntorhinalNorm,563.1588611019635,True
34,MidTempNorm,-134.79595127302184,True
35,VentricleNorm,-179.00979649574168,True
35,ADAS13,-281.4721514123328,True
35,FusiformNorm,-59.67822588216853,True
35,ABETA,-263.83255848206556,True
35,TAU,-141.06754193235162,True
35,WholeBrainNorm,66.50050686205938,True
35,PTAU,570.0482586189984,True
35,MMSE,23.491841068408455,True
35,HippocampusNorm,82.52097095441388,True
35,RAVLT_immediate,617.9322932314826,True
35,EntorhinalNorm,326.83247104340944,True
35,MidTempNorm,-166.70209569974577,True
36,VentricleNorm,-27.195979622620456,True
36,ADAS13,-225.33066732510966,True
36,FusiformNorm,-113.82222432704066,True
36,ABETA,-601.3998804934283,True
36,TAU,-51.106462063047445,True
36,WholeBrainNorm,-107.94556576349355,True
36,PTAU,435.0084695982118,True
36,MMSE,7.285891254830521,True
36,HippocampusNorm,27.251203790771587,True
36,RAVLT_immediate,747.6109564884442,True
36,EntorhinalNorm,415.5999707292001,True
36,MidTempNorm,-161.66029058550424,True
37,VentricleNorm,-12.711211999218293,True
37,ADAS13,-212.65767574897384,True
37,FusiformNorm,-20.988568718414484,True
37,ABETA,-404.97314406201764,True
37,TAU,-31.434658114275173,True
37,WholeBrainNorm,381.51259937932485,True
37,PTAU,25.20534333294676,True
37,MMSE,42.72322107630512,True
37,HippocampusNorm,27.685086223607083,True
37,RAVLT_immediate,998.8389053253111,True
37,EntorhinalNorm,352.5360003185682,True
37,MidTempNorm,-121.11026751450987,True
38,VentricleNorm,126.52550229956523,False
38,ADAS13,-261.0273866524004,False
38,FusiformNorm,188.43001950557414,False
38,ABETA,-255.91986344753906,False
38,TAU,22.59748419781725,False
38,WholeBrainNorm,95.02049229563033,False
38,PTAU,-303.2688032259214,False
38,MMSE,-52.62305392423549,False
38,HippocampusNorm,60.44988086862026,False
38,RAVLT_immediate,111.53926849673616,False
38,EntorhinalNorm,497.51987166465136,False
38,MidTempNorm,-62.19613117888181,False
39,VentricleNorm,171.05197696656984,False
39,ADAS13,-260.58873098301206,False
39,FusiformNorm,-6.239941795641602,False
39,ABETA,-1164.570512410023,False
39,TAU,31.313332450493053,False
39,WholeBrainNorm,43.941457067215794,False
39,PTAU,-417.61464326136945,False
39,MMSE,-44.989819355470395,False
39,HippocampusNorm,58.59431923693016,False
39,RAVLT_immediate,183.2318483585202,False
39,EntorhinalNorm,274.72133522136244,False
39,MidTempNorm,-85.37447825137009,False
40,VentricleNorm,-43.103767024103554,True
40,ADAS13,-262.9370307676074,True
40,FusiformNorm,195.74394533196153,True
40,ABETA,-297.51762140325854,True
40,TAU,-109.96532999748302,True
40,WholeBrainNorm,-113.5058376448214,True
40,PTAU,7.711892152785744,True
40,MMSE,67.73534667963847,True
40,HippocampusNorm,-22.581351878205794,True
40,RAVLT_immediate,1036.6405025215295,True
40,EntorhinalNorm,543.7724688965225,True
40,MidTempNorm,-84.32622575074555,True
41,VentricleNorm,-116.94484195244766,True
41,ADAS13,-191.93322953877083,True
41,FusiformNorm,104.35103466217475,True
41,ABETA,-662.3026579203538,True
41,TAU,-128.0453349338299,True
41,WholeBrainNorm,-46.95224437590798,True
41,PTAU,-141.63971174932448,True
41,MMSE,38.534921689436274,True
41,HippocampusNorm,55.230397754948996,True
41,RAVLT_immediate,236.06059043969276,True
41,EntorhinalNorm,640.1021754328317,True
41,MidTempNorm,-42.13465402246977,True
42,VentricleNorm,-66.40896080934658,True
42,ADAS13,-259.5231279171619,True
42,FusiformNorm,60.90050962231301,True
42,ABETA,-470.0336415105387,True
42,TAU,-136.4060379384658,True
42,WholeBrainNorm,53.21175412666709,True
42,PTAU,-163.91783537248563,True
42,MMSE,42.03588545487061,True
42,HippocampusNorm,52.060766887890374,True
42,RAVLT_immediate,176.73724987649712,True
42,EntorhinalNorm,598.4472374003723,True
42,MidTempNorm,-106.13439243084233,True
43,VentricleNorm,-96.5964936583333,True
43,ADAS13,-177.06052801158813,True
43,FusiformNorm,-115.4801117544782,True
43,ABETA,-284.46147415941203,True
43,TAU,-3.788931219453417,True
43,WholeBrainNorm,168.2755842778463,True
43,PTAU,-158.7626413733251,True
43,MMSE,-37.678231679875275,True
43,HippocampusNorm,56.7881536216928,True
43,RAVLT_immediate,150.24670710179956,True
43,EntorhinalNorm,213.5746141748932,True
43,MidTempNorm,-138.2475639116509,True
44,VentricleNorm,-12.919857090394217,False
44,ADAS13,-319.2456813754733,False
44,FusiformNorm,151.7347595664598,False
44,ABETA,203.39780779725612,False
44,TAU,4.126599431613631,False
44,WholeBrainNorm,101.27715441243295,False
44,PTAU,-195.79064762666283,False
44,MMSE,-50.849348191453004,False
44,HippocampusNorm,50.792482043513175,False
44,RAVLT_immediate,149.3798728806226,False
44,EntorhinalNorm,16.417297399494146,False
44,MidTempNorm,105.56474270817714,False
45,VentricleNorm,79.56620021090428,True
45,ADAS13,-251.96954906233785,True
45,FusiformNorm,55.28310823713233,True
45,ABETA,-683.554995901925,True
45,TAU,-54.729822684696146,True
45,WholeBrainNorm,334.02521712288905,True
45,PTAU,-177.58737922315768,True
45,MMSE,-1.111085002753331,True
45,HippocampusNorm,54.766600588038095,True
45,RAVLT_immediate,102.95614219793372,True
45,EntorhinalNorm,286.5783132695694,True
45,MidTempNorm,-47.29771361477013,True
46,VentricleNorm,-25.553294598735185,True
46,ADAS13,-261.34039161126145,True
46,FusiformNorm,-62.64054318728786,True
46,ABETA,-470.1171416943698,True
46,TAU,-55.35979867068764,True
46,WholeBrainNorm,-15.110178887016957,True
46,PTAU,-439.3938027025563,True
46,MMSE,37.801615779978974,True
46,HippocampusNorm,55.245875107672006,True
46,RAVLT_immediate,162.67626865285035,True
46,EntorhinalNorm,498.9791305837252,True
46,MidTempNorm,-32.99879314779735,True
47,VentricleNorm,52.50902902572075,True
47,ADAS13,-258.3392703230078,True
47,FusiformNorm,181.32992458551828,True
47,ABETA,-952.425809534662,True
47,TAU,-119.89085989525626,True
47,WholeBrainNorm,384.8114171804205,True
47,PTAU,-387.67812292838545,True
47,MMSE,-24.74197124503369,True
47,HippocampusNorm,49.47496639354912,True
47,RAVLT_immediate,124.06261963658739,True
47,EntorhinalNorm,339.0871985714524,True
47,MidTempNorm,24.13817134030198,True
48,VentricleNorm,62.75174665355705,False
48,ADAS13,-244.72906436834063,False
48,FusiformNorm,85.40386564771134,False
48,ABETA,-180.5595779794922,False
48,TAU,15.223749796160108,False
48,WholeBrainNorm,12.939693030458415,False
48,PTAU,-327.4415708891373,False
48,MMSE,-30.487041668790535,False
48,HippocampusNorm,59.752405703918896,False
48,RAVLT_immediate,-11.032899516508223,False
48,EntorhinalNorm,527.0982023239897,False
48,MidTempNorm,-142.2808493015194,False
49,VentricleNorm,-218.59134475030754,True
49,ADAS13,-222.4198222016276,True
49,FusiformNorm,143.77843644109805,True
49,ABETA,-371.6360309472671,True
49,TAU,-132.3968148791722,True
49,WholeBrainNorm,11.84797964757643,True
49,PTAU,215.6483362712866,True
49,MMSE,-31.254125667877545,True
49,HippocampusNorm,56.67027222133959,True
49,RAVLT_immediate,196.22792829168503,True
49,EntorhinalNorm,94.62152000576168,True
49,MidTempNorm,-167.39852277161174,True
50,VentricleNorm,-31.01494495398861,True
50,ADAS13,-304.82122425272985,True
50,FusiformNorm,284.3046516021975,True
50,ABETA,-378.554545257261,True
50,TAU,-136.922610858892,True
50,WholeBrainNorm,479.4107851409755,True
50,PTAU,69.35788647670759,True
50,MMSE,84.2060235459376,True
50,HippocampusNorm,-27.69304676580478,True
50,RAVLT_immediate,1151.2719178083141,True
50,EntorhinalNorm,434.5695699125173,True
50,MidTempNorm,-66.91052707920886,True
51,VentricleNorm,-106.39232235022314,True
51,ADAS13,-157.62926802974414,True
51,FusiformNorm,180.8553049085063,True
51,ABETA,-219.3226644192699,True
51,TAU,-107.6280914467321,True
51,WholeBrainNorm,-68.81749387268142,True
51,PTAU,477.717830440893,True
51,MMSE,-15.815749026384086,True
51,HippocampusNorm,59.25902781791265,True
51,RAVLT_immediate,100.39409987110324,True
51,EntorhinalNorm,512.0841212478468,True
51,MidTempNorm,-169.18200328931786,True
52,VentricleNorm,-70.3714823854715,True
52,ADAS13,-177.45794262048148,True
52,FusiformNorm,268.7639169921941,True
52,ABETA,-137.73062088846925,True
52,TAU,-181.10354904860003,True
52,WholeBrainNorm,-44.0566605332712,True
52,PTAU,-147.77074284959062,True
52,MMSE,-39.9687471615107,True
52,HippocampusNorm,47.599759337257886,True
52,RAVLT_immediate,205.63021637176988,True
52,EntorhinalNorm,333.2554457577111,True
52,MidTempNorm,-48.90696522144603,True
53,VentricleNorm,-47.56744115688099,True
53,ADAS13,-283.49005214951785,True
53,FusiformNorm,60.26517058413654,True
53,ABETA,-685.0162140969104,True
53,TAU,-25.904943462716112,True
53,WholeBrainNorm,-109.91671074639522,True
53,PTAU,-355.74527940930824,True
53,MMSE,59.11752634591863,True
53,HippocampusNorm,-18.94740407773604,True
53,RAVLT_immediate,785.3435324838533,True
53,EntorhinalNorm,-35.35690920367642,True
53,MidTempNorm,-77.89172739734249,True
54,VentricleNorm,239.53201591508366,False
54,ADAS13,-298.0538230382124,False
54,FusiformNorm,-79.72191681175175,False
54,ABETA,-280.71063627177796,False
54,TAU,1.8180554714793589,False
54,WholeBrainNorm,28.150795206838666,False
54,PTAU,-331.7654325778228,False
54,MMSE,-35.02178555517372,False
54,HippocampusNorm,44.668556463144604,False
54,RAVLT_immediate,160.67412969696736,False
54,EntorhinalNorm,583.5331133900648,False
54,MidTempNorm,-249.57021241130278,False
55,VentricleNorm,-68.80780651527643,True
55,ADAS13,-242.55907955971688,True
55,FusiformNorm,94.60028257274642,True
55,ABETA,-150.18147282577448,True
55,TAU,-114.22750286195105,True
55,WholeBrainNorm,51.64869942234208,True
55,PTAU,0.9970561484658091,True
55,MMSE,40.900622665519236,True
55,HippocampusNorm,54.21650989175018,True
55,RAVLT_immediate,92.54367894293009,True
55,EntorhinalNorm,650.9429964821245,True
55,MidTempNorm,-96.21162986435026,True
56,VentricleNorm,-217.44090031084238,True
56,ADAS13,-187.02861741545857,True
56,FusiformNorm,0.5275473639028121,True
56,ABETA,-550.1573704855582,True
56,TAU,-158.10564511120833,True
56,WholeBrainNorm,12.06547842885334,True
56,PTAU,-158.60314471944164,True
56,MMSE,-15.453432445342845,True
56,HippocampusNorm,62.47105858175878,True
56,RAVLT_immediate,733.7318606298793,True
56,EntorhinalNorm,401.89634211075145,True
56,MidTempNorm,-124.1770007706705,True
57,VentricleNorm,-7.995055761188567,True
57,ADAS13,-227.85424450116997,True
57,FusiformNorm,71.31645666304084,True
57,ABETA,-157.60119264641722,True
57,TAU,-107.76166730376447,True
57,WholeBrainNorm,-9.50629063344114,True
57,PTAU,-80.61154700923584,True
57,MMSE,-54.92829487064713,True
57,HippocampusNorm,37.07575434076399,True
57,RAVLT_immediate,107.2103202131323,True
57,EntorhinalNorm,627.2139904581334,True
57,MidTempNorm,-75.97304762551647,True
58,VentricleNorm,54.61156977178918,False
58,ADAS13,-284.9154699118555,False
58,FusiformNorm,-47.5711269094689,False
58,ABETA,188.67061060091075,False
58,TAU,28.59962329686648,False
58,WholeBrainNorm,91.91854908281285,False
58,PTAU,-354.3555686398429,False
58,MMSE,-33.77440096305406,False
58,HippocampusNorm,50.76011206598535,False
58,RAVLT_immediate,22.506097985691596,False
58,EntorhinalNorm,629.4593980070052,False
58,MidTempNorm,-25.291177092393028,False
59,VentricleNorm,-112.06797208226362,True
59,ADAS13,-234.9145968835337,True
59,FusiformNorm,112.53952787337926,True
59,ABETA,-285.2231523025384,True
59,TAU,12.167537337872478,True
59,WholeBrainNorm,132.04884216594806,True
59,PTAU,54.52253278674283,True
59,MMSE,-18.595575731473524,True
59,HippocampusNorm,47.28536904044684,True
59,RAVLT_immediate,224.9086566032309,True
59,EntorhinalNorm,567.4581377843684,True
59,MidTempNorm,-135.28310102483147,True
60,VentricleNorm,-221.6192004919003,True
60,ADAS13,-200.56621661491818,True
60,FusiformNorm,193.19841180263833,True
60,ABETA,-334.71823159158964,True
60,TAU,-110.29875675989418,True
60,WholeBrainNorm,143.77530471032156,True
60,PTAU,-101.11234645946882,True
60,MMSE,-69.31352197983259,True
60,HippocampusNorm,66.10718124380826,True
60,RAVLT_immediate,33.27200192787251,True
60,EntorhinalNorm,196.6840612121248,True
60,MidTempNorm,-38.493948193320385,True
61,VentricleNorm,6.827228979430615,False
61,ADAS13,-358.7443359627878,False
61,FusiformNorm,222.62008588771835,False
61,ABETA,-348.9507482839014,False
61,TAU,10.324531045350074,False
61,WholeBrainNorm,158.19551284118364,False
61,PTAU,-159.50063985465135,False
61,MMSE,-43.75506803963442,False
61,HippocampusNorm,49.39412599126117,False
61,RAVLT_immediate,84.14706316895371,False
61,EntorhinalNorm,474.9292186668158,False
61,MidTempNorm,116.00016887944494,False
62,VentricleNorm,-85.84645676180227,True
62,ADAS13,-338.78416303475154,True
62,FusiformNorm,-95.13541163556118,True
62,ABETA,-289.14756341498173,True
62,TAU,-60.08797957745195,True
62,WholeBrainNorm,97.28388329637127,True
62,PTAU,-96.63343501466852,True
62,MMSE,-82.26620537916914,True
62,HippocampusNorm,50.99337588306976,True
62,RAVLT_immediate,103.81564602537794,True
62,EntorhinalNorm,567.6059359990195,True
62,MidTempNorm,15.602580549368426,True
63,VentricleNorm,-26.617493963852354,True
63,ADAS13,-155.08771127840294,True
63,FusiformNorm,-85.424375389642,True
63,ABETA,-295.29872409480606,True
63,TAU,-53.522893155373744,True
63,WholeBrainNorm,99.68452188899482,True
63,PTAU,120.92805902776215,True
63,MMSE,31.05462114430308,True
63,HippocampusNorm,87.90365759487882,True
63,RAVLT_immediate,49.4216847668187,True
63,EntorhinalNorm,349.07481136331774,True
63,MidTempNorm,70.17466238796314,True
64,VentricleNorm,-165.9310032557376,True
64,ADAS13,-158.35557213138623,True
64,FusiformNorm,124.46334462400438,True
64,ABETA,-15.657424966399333,True
64,TAU,-127.82572449929455,True
64,WholeBrainNorm,253.42207910670845,True
64,PTAU,-489.9758823956335,True
64,MMSE,-34.94236198573292,True
64,HippocampusNorm,53.18632414608706,True
64,RAVLT_immediate,242.16399063278828,True
64,EntorhinalNorm,537.3478947101273,True
64,MidTempNorm,-47.52545592139826,True
65,VentricleNorm,-81.06590002569523,True
65,ADAS13,-110.65149450130137,True
65,FusiformNorm,-61.36318070395727,True
65,ABETA,-416.80492604819267,True
65,TAU,-114.79772249700135,True
65,WholeBrainNorm,328.27463598429034,True
65,PTAU,-53.97943957729243,True
65,MMSE,-28.566870145511952,True
65,HippocampusNorm,47.43815171954011,True
65,RAVLT_immediate,171.20759820533743,True
65,EntorhinalNorm,583.0384774531319,True
65,MidTempNorm,-57.37149650502965,True
66,VentricleNorm,42.309957131403976,True
66,ADAS13,-215.15972018795523,True
66,FusiformNorm,-30.354362030817327,True
66,ABETA,-951.8249336202948,True
66,TAU,-32.956337344261804,True
66,WholeBrainNorm,-92.68283754827867,True
66,PTAU,-126.40226359033144,True
66,MMSE,-54.82570376197067,True
66,HippocampusNorm,47.24422268183901,True
66,RAVLT_immediate,174.09224505162567,True
66,EntorhinalNorm,479.5972217859445,True
66,MidTempNorm,-185.97303564757243,True
67,VentricleNorm,-43.90336806833817,True
67,ADAS13,-202.89765615359218,True
67,FusiformNorm,31.964813621303332,True
67,ABETA,-315.497983273209,True
67,TAU,-65.51907005212709,True
67,WholeBrainNorm,-172.81374371618983,True
67,PTAU,-165.87556835576143,True
67,MMSE,16.787800207052825,True
67,HippocampusNorm,58.03613495290032,True
67,RAVLT_immediate,97.95612335093523,True
67,EntorhinalNorm,725.6187459424846,True
67,MidTempNorm,-171.47446557717564,True
68,VentricleNorm,115.42386287299563,True
68,ADAS13,-331.21850591351483,True
68,FusiformNorm,-61.5036273646288,True
68,ABETA,-996.895428741087,True
68,TAU,2.147117268253126,True
68,WholeBrainNorm,142.7852403086111,True
68,PTAU,-20.593964291538576,True
68,MMSE,19.093387419260083,True
68,HippocampusNorm,127.38151938350754,True
68,RAVLT_immediate,1016.9748672737519,True
68,EntorhinalNorm,512.6360759553284,True
68,MidTempNorm,-13.184712975106692,True
69,VentricleNorm,-36.505817990574265,True
69,ADAS13,-284.44445591711434,True
69,FusiformNorm,61.37483833855575,True
69,ABETA,-305.44114086449196,True
69,TAU,-75.84143644463589,True
69,WholeBrainNorm,-14.58258983884862,True
69,PTAU,440.1619703114418,True
69,MMSE,36.05708385250199,True
69,HippocampusNorm,17.93220681391071,True
69,RAVLT_immediate,187.25680372876317,True
69,EntorhinalNorm,582.7963690401031,True
69,MidTempNorm,-93.22321646880208,True
70,VentricleNorm,-168.74958700999034,True
70,ADAS13,-195.67413605796543,True
70,FusiformNorm,39.12757587607595,True
70,ABETA,-268.8987692706586,True
70,TAU,-126.74146201378761,True
70,WholeBrainNorm,136.31225033352314,True
70,PTAU,-226.12847607833905,True
70,MMSE,-50.949518758706155,True
70,HippocampusNorm,58.00076463164484,True
70,RAVLT_immediate,193.9111190629826,True
70,EntorhinalNorm,299.7614673939156,True
70,MidTempNorm,-19.708308113079696,True
71,VentricleNorm,-50.55013022601412,True
71,ADAS13,-164.678603274993,True
71,FusiformNorm,24.680687924902955,True
71,ABETA,-288.4201487388608,True
71,TAU,-174.1077892058786,True
71,WholeBrainNorm,-16.639850889103855,True
71,PTAU,7.487535681636814,True
71,MMSE,9.163030630187542,True
71,HippocampusNorm,34.76712707278068,True
71,RAVLT_immediate,153.20812933125416,True
71,EntorhinalNorm,502.371505611882,True
71,MidTempNorm,-93.282911448943,True
72,VentricleNorm,-37.929648242963964,True
72,ADAS13,-243.7037109594447,True
72,FusiformNorm,132.89945440061996,True
72,ABETA,-716.4964171503239,True
72,TAU,-129.83888773337924,True
72,WholeBrainNorm,123.57342585426596,True
72,PTAU,-309.9148882135651,True
72,MMSE,-54.915582299183285,True
72,HippocampusNorm,47.673024121856436,True
72,RAVLT_immediate,135.67596133502246,True
72,EntorhinalNorm,316.0352621445061,True
72,MidTempNorm,-105.43865466103244,True
73,VentricleNorm,81.92192289261517,True
73,ADAS13,-89.04008692052864,True
73,FusiformNorm,69.54769555485099,True
73,ABETA,-61.02356070052281,True
73,TAU,-43.82822471415898,True
73,WholeBrainNorm,319.49364930706486,True
73,PTAU,237.37912542240213,True
73,MMSE,3.1595157274415833,True
73,HippocampusNorm,55.716087976234974,True
73,RAVLT_immediate,79.63007261428692,True
73,EntorhinalNorm,574.3958771475694,True
73,MidTempNorm,-98.61908639403686,True
74,VentricleNorm,-102.25804036208038,True
74,ADAS13,-142.23793329710966,True
74,FusiformNorm,-175.94184222317065,True
74,ABETA,-245.94184853416596,True
74,TAU,-109.8629954832419,True
74,WholeBrainNorm,264.5344602680809,True
74,PTAU,-233.36854524853058,True
74,MMSE,-22.47262728544363,True
74,HippocampusNorm,70.56077915092001,True
74,RAVLT_immediate,281.70365931694187,True
74,EntorhinalNorm,556.7961592937254,True
74,MidTempNorm,-172.67444807978427,True
75,VentricleNorm,-134.99855923983299,True
75,ADAS13,-259.7838739503788,True
75,FusiformNorm,-185.53151431787296,True
75,ABETA,-549.4101434670172,True
75,TAU,-171.29711003665443,True
75,WholeBrainNorm,-30.738847381184527,True
75,PTAU,39.15712366260156,True
75,MMSE,34.99287690731114,True
75,HippocampusNorm,97.69580622555807,True
75,RAVLT_immediate,346.87850955941076,True
75,EntorhinalNorm,545.8035791780475,True
75,MidTempNorm,-169.85085947671547,True
76,VentricleNorm,141.081935969343,False
76,ADAS13,-368.2896788646707,False
76,FusiformNorm,-173.41023926911294,False
76,ABETA,73.97691883630593,False
76,TAU,18.333068417651788,False
76,WholeBrainNorm,145.31349528684598,False
76,PTAU,-427.78675379504796,False
76,MMSE,-78.52070621799771,False
76,HippocampusNorm,59.4622774635408,False
76,RAVLT_immediate,202.60923062838202,False
76,EntorhinalNorm,484.2113543753967,False
76,MidTempNorm,11.352873790030259,False
77,VentricleNorm,-153.76567625973502,True
77,ADAS13,-233.93133019762342,True
77,FusiformNorm,26.11998523435851,True
77,ABETA,-476.4751484055164,True
77,TAU,-130.49795254276142,True
77,WholeBrainNorm,177.52429038019977,True
77,PTAU,321.6122859855242,True
77,MMSE,67.43366188202077,True
77,HippocampusNorm,123.41778227832692,True
77,RAVLT_immediate,650.4095540401358,True
77,EntorhinalNorm,578.1699267803949,True
77,MidTempNorm,-146.91502398236088,True
78,VentricleNorm,102.56319678550675,True
78,ADAS13,-387.08914833283615,True
78,FusiformNorm,-55.462119753246924,True
78,ABETA,-212.08747852621633,True
78,TAU,-182.09269221607377,True
78,WholeBrainNorm,-16.95864990837424,True
78,PTAU,-115.20669669794523,True
78,MMSE,-14.94761913906046,True
78,HippocampusNorm,55.65330697374016,True
78,RAVLT_immediate,175.95077560037458,True
78,EntorhinalNorm,590.9449762591713,True
78,MidTempNorm,-55.32719426725558,True
79,VentricleNorm,-18.12472852680733,True
79,ADAS13,-62.98014674487544,True
79,FusiformNorm,188.56321711324873,True
79,ABETA,-631.1453431889047,True
79,TAU,-138.43610062715692,True
79,WholeBrainNorm,-41.031996422388076,True
79,PTAU,382.63786894480177,True
79,MMSE,-63.12804976156428,True
79,HippocampusNorm,53.2825508584504,True
79,RAVLT_immediate,242.6920841387259,True
79,EntorhinalNorm,646.6283523386684,True
79,MidTempNorm,19.706358192686267,True
80,VentricleNorm,-90.58134992965796,True
80,ADAS13,-188.99533271284474,True
80,FusiformNorm,31.264036219653473,True
80,ABETA,-217.7352216422905,True
80,TAU,-46.27595024832842,True
80,WholeBrainNorm,88.16593860028928,True
80,PTAU,-150.09532975171845,True
80,MMSE,66.5195440833552,True
80,HippocampusNorm,-30.926851357691888,True
80,RAVLT_immediate,17.295425375511954,True
80,EntorhinalNorm,121.62785008149524,True
80,MidTempNorm,-141.34187032853487,True
81,VentricleNorm,32.014919443381515,True
81,ADAS13,-159.8422375440855,True
81,FusiformNorm,8.178717089158262,True
81,ABETA,-297.3336082708208,True
81,TAU,-105.71666061515124,True
81,WholeBrainNorm,-257.507006623067,True
81,PTAU,100.01420250214106,True
81,MMSE,65.56731603580522,True
81,HippocampusNorm,173.10368362407462,True
81,RAVLT_immediate,207.30583252179997,True
81,EntorhinalNorm,710.3365759873798,True
81,MidTempNorm,-161.73233170921498,True
82,VentricleNorm,-88.14832102391998,True
82,ADAS13,-280.2312347809432,True
82,FusiformNorm,109.56820406447355,True
82,ABETA,-607.3079213006467,True
82,TAU,-95.89083394470198,True
82,WholeBrainNorm,48.03345147515201,True
82,PTAU,395.4476185893234,True
82,MMSE,28.154184235199278,True
82,HippocampusNorm,61.74275583434451,True
82,RAVLT_immediate,161.23989842947188,True
82,EntorhinalNorm,288.3966905451068,True
82,MidTempNorm,34.37515926863371,True
83,VentricleNorm,-269.8492446743834,True
83,ADAS13,-237.17507999676383,True
83,FusiformNorm,83.76994201110632,True
83,ABETA,-189.16603140672515,True
83,TAU,-68.80656125973223,True
83,WholeBrainNorm,-128.09193572246323,True
83,PTAU,28.801651793897925,True
83,MMSE,-59.61613091624965,True
83,HippocampusNorm,47.82594902920997,True
83,RAVLT_immediate,184.21962496688718,True
83,EntorhinalNorm,-146.427192324344,True
83,MidTempNorm,-94.81896692098545,True
84,VentricleNorm,-249.87719481233597,True
84,ADAS13,-365.1458109370492,True
84,FusiformNorm,239.9624871919606,True
84,ABETA,-539.1900513380131,True
84,TAU,-158.39988892916276,True
84,WholeBrainNorm,51.15800921163001,True
84,PTAU,-152.28771016334755,True
84,MMSE,-59.43357276351211,True
84,HippocampusNorm,52.54948663430159,True
84,RAVLT_immediate,105.39703745871952,True
84,EntorhinalNorm,63.94770854575921,True
84,MidTempNorm,-135.56166229749655,True
85,VentricleNorm,57.534916503067436,True
85,ADAS13,-162.47956831474042,True
85,FusiformNorm,113.58181072885105,True
85,ABETA,-368.75658912202147,True
85,TAU,-52.042525115563755,True
85,WholeBrainNorm,-121.1683088202886,True
85,PTAU,248.04617759419824,True
85,MMSE,-34.27790464737034,True
85,HippocampusNorm,57.31735027886586,True
85,RAVLT_immediate,163.21077020076564,True
85,EntorhinalNorm,646.1432854221048,True
85,MidTempNorm,-69.4945742635806,True
86,VentricleNorm,-122.0511184882653,True
86,ADAS13,-129.02232930105868,True
86,FusiformNorm,173.093362601442,True
86,ABETA,-144.29100418523618,True
86,TAU,-7.7803935092019145,True
86,WholeBrainNorm,211.01914182842654,True
86,PTAU,404.8213511156853,True
86,MMSE,55.46105353192924,True
86,HippocampusNorm,55.49139508661792,True
86,RAVLT_immediate,14.540000312517577,True
86,EntorhinalNorm,811.4596793917017,True
86,MidTempNorm,-131.40089783249292,True
87,VentricleNorm,-96.10870598386879,True
87,ADAS13,-195.0721134677463,True
87,FusiformNorm,199.94041609294007,True
87,ABETA,-269.68505378611076,True
87,TAU,-50.264320801996305,True
87,WholeBrainNorm,-209.29670767604756,True
87,PTAU,339.3269438046108,True
87,MMSE,50.14544160909292,True
87,HippocampusNorm,175.09942875925674,True
87,RAVLT_immediate,424.7472889323888,True
87,EntorhinalNorm,386.0542463465649,True
87,MidTempNorm,-193.96713043118922,True
88,VentricleNorm,-90.47056982732855,True
88,ADAS13,-202.50397217117884,True
88,FusiformNorm,153.82404355092206,True
88,ABETA,-292.73472921823895,True
88,TAU,-59.59989741519678,True
88,WholeBrainNorm,-63.13251949244426,True
88,PTAU,195.627188109923,True
88,MMSE,37.08763142210477,True
88,HippocampusNorm,-126.88015533547382,True
88,RAVLT_immediate,79.79012275414611,True
88,EntorhinalNorm,609.321809215771,True
88,MidTempNorm,-71.33981928214669,True
89,VentricleNorm,409.19516449664246,False
89,ADAS13,-349.18282095239374,False
89,FusiformNorm,125.05012709417623,False
89,ABETA,-78.60619130560106,False
89,TAU,5.374686060896668,False
89,WholeBrainNorm,178.62563045447808,False
89,PTAU,-387.27059520602194,False
89,MMSE,-45.48852404993895,False
89,HippocampusNorm,53.196319198262195,False
89,RAVLT_immediate,157.56871057412525,False
89,EntorhinalNorm,440.3019894469436,False
89,MidTempNorm,-15.482472911506996,False
90,VentricleNorm,-63.194958249920504,True
90,ADAS13,-236.37752985154117,True
90,FusiformNorm,71.25834505846629,True
90,ABETA,-149.2736449499157,True
90,TAU,-42.542727458468576,True
90,WholeBrainNorm,228.0320715169422,True
90,PTAU,95.78830246245724,True
90,MMSE,44.725754381393024,True
90,HippocampusNorm,-19.84936573882505,True
90,RAVLT_immediate,458.47230332783323,True
90,EntorhinalNorm,96.88307769532241,True
90,MidTempNorm,-23.22145768208258,True
91,VentricleNorm,-40.00172347114289,True
91,ADAS13,-105.74383318538334,True
91,FusiformNorm,206.62569637177575,True
91,ABETA,146.52075461796863,True
91,TAU,-74.22664025802936,True
91,WholeBrainNorm,200.66066919431665,True
91,PTAU,168.8359056500115,True
91,MMSE,16.056680297504872,True
91,HippocampusNorm,139.90017739143042,True
91,RAVLT_immediate,872.0237265017842,True
91,EntorhinalNorm,346.08187671967505,True
91,MidTempNorm,-55.46876249025854,True
92,VentricleNorm,-150.71687963394336,True
92,ADAS13,-273.7689594787338,True
92,FusiformNorm,80.76940517538213,True
92,ABETA,-492.2849565748397,True
92,TAU,-166.2421052365824,True
92,WholeBrainNorm,14.667688698155082,True
92,PTAU,517.8424197023035,True
92,MMSE,15.406915978996096,True
92,HippocampusNorm,5.398330627956941,True
92,RAVLT_immediate,242.8449106789617,True
92,EntorhinalNorm,296.625432898035,True
92,MidTempNorm,-93.00302658712633,True
93,VentricleNorm,61.56029473473335,True
93,ADAS13,-285.5621884657763,True
93,FusiformNorm,-170.39143323156947,True
93,ABETA,-358.7694036239684,True
93,TAU,-50.362425241749506,True
93,WholeBrainNorm,-91.64213733881489,True
93,PTAU,209.00211560102423,True
93,MMSE,57.482169184115776,True
93,HippocampusNorm,47.608527750598434,True
93,RAVLT_immediate,118.62026923646654,True
93,EntorhinalNorm,664.8164181566449,True
93,MidTempNorm,78.10065872108541,True
94,VentricleNorm,-117.04853010577268,True
94,ADAS13,-152.68813004067636,True
94,FusiformNorm,-39.622763282075866,True
94,ABETA,25.350775067446023,True
94,TAU,-147.10123624653926,True
94,WholeBrainNorm,51.21829019106566,True
94,PTAU,-190.13178519122795,True
94,MMSE,-58.7725068134544,True
94,HippocampusNorm,52.36577197212713,True
94,RAVLT_immediate,86.98042696230283,True
94,EntorhinalNorm,801.076499173839,True
94,MidTempNorm,-118.69307933115152,True
95,VentricleNorm,-103.23076275734721,True
95,ADAS13,-282.01347450079936,True
95,FusiformNorm,-9.978036491371597,True
95,ABETA,-400.2081796893132,True
95,TAU,-72.84061514310625,True
95,WholeBrainNorm,-207.32797634281866,True
95,PTAU,-169.75952762441278,True
95,MMSE,-25.256332446816955,True
95,HippocampusNorm,59.078306199819124,True
95,RAVLT_immediate,81.95572050919658,True
95,EntorhinalNorm,630.229422311,True
95,MidTempNorm,-167.91776556695237,True
96,VentricleNorm,-67.52376771935558,True
96,ADAS13,-278.686842832333,True
96,FusiformNorm,-43.05233918098402,True
96,ABETA,-434.91661626417505,True
96,TAU,-153.62039959759937,True
96,WholeBrainNorm,-16.978306714223564,True
96,PTAU,-49.89580913427309,True
96,MMSE,-50.09779632938641,True
96,HippocampusNorm,46.15332577796254,True
96,RAVLT_immediate,43.81229221822407,True
96,EntorhinalNorm,458.90621622054766,True
96,MidTempNorm,3.992962720235397,True
97,VentricleNorm,-102.86476561788031,True
97,ADAS13,-257.12302571337324,True
97,FusiformNorm,69.89461541160384,True
97,ABETA,-197.6323553193413,True
97,TAU,-99.1193096926484,True
97,WholeBrainNorm,13.485416243760568,True
97,PTAU,-224.858812287467,True
97,MMSE,23.86238133323292,True
97,HippocampusNorm,51.76703137843293,True
97,RAVLT_immediate,98.95093297404864,True
97,EntorhinalNorm,445.09638235446397,True
97,MidTempNorm,-18.031236682311274,True
98,VentricleNorm,454.2450203716453,False
98,ADAS13,-293.6418382504443,False
98,FusiformNorm,102.8278467612126,False
98,ABETA,644.837693199564,False
98,TAU,20.718635363270447,False
98,WholeBrainNorm,119.90283808797928,False
98,PTAU,-238.61562657422505,False
98,MMSE,-58.71499878296442,False
98,HippocampusNorm,50.54975854120613,False
98,RAVLT_immediate,91.28500212629247,False
98,EntorhinalNorm,599.7340884123109,False
98,MidTempNorm,-78.9845516268523,False
99,VentricleNorm,-177.25410047632312,True
99,ADAS13,-287.6840950733978,True
99,FusiformNorm,64.27453424510846,True
99,ABETA,-180.42705657184177,True
99,TAU,-103.78586654344014,True
99,WholeBrainNorm,-25.810225651805823,True
99,PTAU,-162.78757025412648,True
99,MMSE,-60.87532875209411,True
99,HippocampusNorm,56.112255313966145,True
99,RAVLT_immediate,85.1935425000602,True
99,EntorhinalNorm,881.6333083250311,True
99,MidTempNorm,-51.26061464916373,True
100,VentricleNorm,-25.809027547016008,True
100,ADAS13,-286.0027452383306,True
100,FusiformNorm,-90.14279737846411,True
100,ABETA,-501.3903201991443,True
100,TAU,-34.61362153652908,True
100,WholeBrainNorm,69.23125887747283,True
100,PTAU,52.14792265165847,True
100,MMSE,37.111591759633065,True
100,HippocampusNorm,40.899658285137264,True
100,RAVLT_immediate,32.03013841999568,True
100,EntorhinalNorm,545.3572121949531,True
100,MidTempNorm,-9.436272567217216,True
101,VentricleNorm,-216.03299872710545,False
101,ADAS13,-281.3666405541322,False
101,FusiformNorm,-210.7470814454527,False
101,ABETA,-233.9098926983486,False
101,TAU,-14.696835422532317,False
101,WholeBrainNorm,121.60060920655678,False
101,PTAU,-89.61379352542644,False
101,MMSE,-34.144319510950204,False
101,HippocampusNorm,54.02461127857874,False
101,RAVLT_immediate,118.72819030534325,False
101,EntorhinalNorm,740.2532590680196,False
101,MidTempNorm,-64.77989274978418,False
102,VentricleNorm,71.92281537663838,True
102,ADAS13,-156.538069732159,True
102,FusiformNorm,98.30146920414165,True
102,ABETA,-455.62875777324746,True
102,TAU,-161.91805019742492,True
102,WholeBrainNorm,-24.587580954085055,True
102,PTAU,-114.13365990575662,True
102,MMSE,38.43619812009676,True
102,HippocampusNorm,45.50514771733035,True
102,RAVLT_immediate,115.874598889053,True
102,EntorhinalNorm,632.9408946615831,True
102,MidTempNorm,-20.906424977961862,True
103,VentricleNorm,-29.1403642664443,True
103,ADAS13,-246.00127290427093,True
103,FusiformNorm,-56.83456760013995,True
103,ABETA,-270.3465190025852,True
103,TAU,-80.11588682097131,True
103,WholeBrainNorm,190.99308854589015,True
103,PTAU,29.15429536269687,True
103,MMSE,21.95229094208056,True
103,HippocampusNorm,2.9365721597449834,True
103,RAVLT_immediate,797.9388785780748,True
103,EntorhinalNorm,364.18753748440025,True
103,MidTempNorm,22.913811176750656,True
104,VentricleNorm,-97.70350694870395,True
104,ADAS13,-299.0591761828787,True
104,FusiformNorm,-96.84105373989254,True
104,ABETA,-40.06745179022806,True
104,TAU,-92.04311488610668,True
104,WholeBrainNorm,66.39235423396876,True
104,PTAU,234.49204455791312,True
104,MMSE,42.718615784123486,True
104,HippocampusNorm,55.95682642517261,True
104,RAVLT_immediate,109.56396098049296,True
104,EntorhinalNorm,668.972183932075,True
104,MidTempNorm,1.3575656226416015,True
105,VentricleNorm,-18.64311263816856,True
105,ADAS13,-283.15272132580117,True
105,FusiformNorm,82.855519500748,True
105,ABETA,-180.6405427462417,True
105,TAU,-150.25455618797668,True
105,WholeBrainNorm,33.82860253136833,True
105,PTAU,-15.26544689374439,True
105,MMSE,42.839739785203136,True
105,HippocampusNorm,56.32488697141367,True
105,RAVLT_immediate,154.1991888491397,True
105,EntorhinalNorm,442.10906592357156,True
105,MidTempNorm,-178.1318637367815,True
106,VentricleNorm,-54.17527769263567,True
106,ADAS13,-255.3197917392667,True
106,FusiformNorm,91.46707946133263,True
106,ABETA,-343.5068781482374,True
106,TAU,-91.29120486872081,True
106,WholeBrainNorm,-89.5779541292268,True
106,PTAU,23.462554380657267,True
106,MMSE,40.161433134108435,True
106,HippocampusNorm,29.429489380251074,True
106,RAVLT_immediate,947.5670389173404,True
106,EntorhinalNorm,649.197900281024,True
106,MidTempNorm,-77.44794890272803,True
107,VentricleNorm,34.02124253835807,False
107,ADAS13,-308.5306521438267,False
107,FusiformNorm,78.45123347298988,False
107,ABETA,-625.9435253667577,False
107,TAU,3.9765198600565177,False
107,WholeBrainNorm,-30.01613901571791,False
107,PTAU,-207.5176196506136,False
107,MMSE,-47.026797174768795,False
107,HippocampusNorm,47.62240546724788,False
107,RAVLT_immediate,64.87989706005406,False
107,EntorhinalNorm,658.8657549054504,False
107,MidTempNorm,69.45432521204188,False
108,VentricleNorm,94.18703575642017,True
108,ADAS13,-215.1162421508071,True
108,FusiformNorm,296.83754816541216,True
108,ABETA,-420.7362454450706,True
108,TAU,-148.77532051629223,True
108,WholeBrainNorm,-281.14528799778503,True
108,PTAU,60.94324813896619,True
108,MMSE,26.52659599408401,True
108,HippocampusNorm,62.39713009202312,True
108,RAVLT_immediate,778.1397579446049,True
108,EntorhinalNorm,441.7560946655023,True
108,MidTempNorm,-144.16779297586046,True
109,VentricleNorm,-103.67176516902803,True
109,ADAS13,-210.07816243075877,True
109,FusiformNorm,72.56820857196435,True
109,ABETA,-28.404990165130926,True
109,TAU,-90.54362166431228,True
109,WholeBrainNorm,162.3560283697609,True
109,PTAU,294.57826584129634,True
109,MMSE,37.801833697077114,True
109,HippocampusNorm,54.5484309847369,True
109,RAVLT_immediate,80.97376030661869,True
109,EntorhinalNorm,818.7717112723274,True
109,MidTempNorm,-2.147859169132815,True
110,VentricleNorm,-228.2124116430224,True
110,ADAS13,-344.4736261925553,True
110,FusiformNorm,97.33075550785692,True
110,ABETA,-452.351046776726,True
110,TAU,-189.74719775407416,True
110,WholeBrainNorm,79.6433833690021,True
110,PTAU,54.392550634305096,True
110,MMSE,41.43470815776573,True
110,HippocampusNorm,65.41359138217669,True
110,RAVLT_immediate,130.85531896894764,True
110,EntorhinalNorm,203.31950813138724,True
110,MidTempNorm,-30.701217028385948,True
111,VentricleNorm,-53.52730838322326,True
111,ADAS13,-110.36805699975329,True
111,FusiformNorm,42.96816928579449,True
111,ABETA,-678.898979616051,True
111,TAU,-135.0849941094305,True
111,WholeBrainNorm,-179.4811684948213,True
111,PTAU,446.98592876579875,True
111,MMSE,85.59019820480611,True
111,HippocampusNorm,-17.88924773282038,True
111,RAVLT_immediate,979.2935511280955,True
111,EntorhinalNorm,424.3404651950945,True
111,MidTempNorm,-206.07356697476772,True
112,VentricleNorm,114.14135113920857,False
112,ADAS13,-323.1680521272487,False
112,FusiformNorm,85.83542976602399,False
112,ABETA,-93.95985497298695,False
112,TAU,18.98606633838528,False
112,WholeBrainNorm,217.43169216901643,False
112,PTAU,-212.25237910084746,False
112,MMSE,-26.648894339692593,False
112,HippocampusNorm,49.20437942340104,False
112,RAVLT_immediate,124.85535270925439,False
112,EntorhinalNorm,706.4956005906492,False
112,MidTempNorm,-56.58573796703478,False
113,VentricleNorm,-104.48448028905759,True
113,ADAS13,-305.32979427825325,True
113,FusiformNorm,101.29558230125792,True
113,ABETA,-19.179894158824368,True
113,TAU,-56.191575413255045,True
113,WholeBrainNorm,141.02476140863638,True
113,PTAU,278.4038396288189,True
113,MMSE,9.044766139490207,True
113,HippocampusNorm,56.88504517762516,True
113,RAVLT_immediate,148.287790564115,True
113,EntorhinalNorm,361.4742156807629,True
113,MidTempNorm,-46.566838330693955,True
114,VentricleNorm,-153.32263820198074,True
114,ADAS13,-325.21137660416093,True
114,FusiformNorm,167.89660990914143,True
114,ABETA,-364.1469284908638,True
114,TAU,2.1363263369234886,True
114,WholeBrainNorm,-121.47412874677157,True
114,PTAU,240.1267235208384,True
114,MMSE,27.927826898495233,True
114,HippocampusNorm,48.92342375083573,True
114,RAVLT_immediate,164.8437687071676,True
114,EntorhinalNorm,776.2517308141473,True
114,MidTempNorm,-191.86406225263192,True
115,VentricleNorm,-97.09849879746079,True
115,ADAS13,-233.35558511009359,True
115,FusiformNorm,-24.816005979597236,True
115,ABETA,-180.83240293902668,True
115,TAU,-127.79269828423949,True
115,WholeBrainNorm,185.13598172679355,True
115,PTAU,174.4173090539932,True
115,MMSE,17.077128352849204,True
115,HippocampusNorm,129.77829738224943,True
115,RAVLT_immediate,832.4306641765771,True
115,EntorhinalNorm,402.6575354260567,True
115,MidTempNorm,-137.7101552470238,True
116,VentricleNorm,-34.36590829745771,True
116,ADAS13,-250.9654322960049,True
116,FusiformNorm,232.0735991111084,True
116,ABETA,-383.86300408161867,True
116,TAU,-74.58441108802505,True
116,WholeBrainNorm,149.19132525312614,True
116,PTAU,116.02549408762302,True
116,MMSE,15.191330047291324,True
116,HippocampusNorm,18.168497568628005,True
116,RAVLT_immediate,995.7260309340347,True
116,EntorhinalNorm,274.9328530579782,True
116,MidTempNorm,151.83904988925977,True
117,VentricleNorm,-160.59823055798216,True
117,ADAS13,-196.7392758212389,True
117,FusiformNorm,192.96602160885624,True
117,ABETA,-69.74039228166964,True
117,TAU,-119.06634709264898,True
117,WholeBrainNorm,96.21418046024041,True
117,PTAU,213.86169601558868,True
117,MMSE,28.390251561057195,True
117,HippocampusNorm,44.371789512988606,True
117,RAVLT_immediate,87.8368599931361,True
117,EntorhinalNorm,909.5192659125678,True
117,MidTempNorm,-7.867351243955881,True
118,VentricleNorm,-121.35270725590621,True
118,ADAS13,-227.15424397351168,True
118,FusiformNorm,-18.474793474028957,True
118,ABETA,-624.7175665855577,True
118,TAU,-138.55664759646922,True
118,WholeBrainNorm,142.11035404613932,True
118,PTAU,77.80844347094516,True
118,MMSE,2.671991883813341,True
118,HippocampusNorm,55.03557670851482,True
118,RAVLT_immediate,153.39217053760032,True
118,EntorhinalNorm,505.67579051896047,True
118,MidTempNorm,4.62751991632102,True
119,VentricleNorm,-212.19205008849144,True
119,ADAS13,-180.29364100720215,True
119,FusiformNorm,171.82820712931812,True
119,ABETA,-181.4394647825359,True
119,TAU,-185.0391776989386,True
119,WholeBrainNorm,206.46447836791032,True
119,PTAU,85.53843700928627,True
119,MMSE,-57.758501529728456,True
119,HippocampusNorm,56.35051086730889,True
119,RAVLT_immediate,153.94193662746184,True
119,EntorhinalNorm,699.9015964115385,True
119,MidTempNorm,-141.38804019368064,True
120,VentricleNorm,69.50538605236319,True
120,ADAS13,-273.975052034758,True
120,FusiformNorm,141.03792572817156,True
120,ABETA,-219.7788889890495,True
120,TAU,-168.02380391296234,True
120,WholeBrainNorm,447.0806916917901,True
120,PTAU,296.77640651160357,True
120,MMSE,10.91232494109645,True
120,HippocampusNorm,-6.938776102634549,True
120,RAVLT_immediate,657.9775365707061,True
120,EntorhinalNorm,786.9470766532297,True
120,MidTempNorm,43.17523243135372,True
121,VentricleNorm,-164.3179887339195,True
121,ADAS13,-342.3098195162263,True
121,FusiformNorm,292.34073223906563,True
121,ABETA,-220.5770935353373,True
121,TAU,-58.51778919097668,True
121,WholeBrainNorm,211.3426813496812,True
121,PTAU,-192.98097080326832,True
121,MMSE,38.80338685007008,True
121,HippocampusNorm,17.922522462139213,True
121,RAVLT_immediate,886.577068953424,True
121,EntorhinalNorm,585.7644844027159,True
121,MidTempNorm,-119.05806869670212,True
122,VentricleNorm,-146.46604903083386,False
122,ADAS13,-353.9374821390611,False
122,FusiformNorm,-62.761411685157285,False
122,ABETA,-77.00906751511506,False
122,TAU,-0.15175809037536148,False
122,WholeBrainNorm,41.632462200510375,False
122,PTAU,-431.3608982844016,False
122,MMSE,-71.16929720075579,False
122,HippocampusNorm,49.40669734255645,False
122,RAVLT_immediate,41.004314641481415,False
122,EntorhinalNorm,774.7673321864816,False
122,MidTempNorm,-81.14242338476663,False
123,VentricleNorm,-129.30915251675705,True
123,ADAS13,-160.21360999438292,True
123,FusiformNorm,-93.40185567057799,True
123,ABETA,-568.3756815685484,True
123,TAU,-57.52212943768793,True
123,WholeBrainNorm,109.27745692550086,True
123,PTAU,188.37081972739023,True
123,MMSE,-54.118455331501785,True
123,HippocampusNorm,50.53366736231762,True
123,RAVLT_immediate,123.74709444776265,True
123,EntorhinalNorm,458.67191261118325,True
123,MidTempNorm,-65.11917285447974,True
124,VentricleNorm,-150.1635140345527,True
124,ADAS13,-217.88541494696852,True
124,FusiformNorm,150.00752481204714,True
124,ABETA,-555.731984534931,True
124,TAU,-80.05073271003577,True
124,WholeBrainNorm,-47.00735674296631,True
124,PTAU,138.5034347871327,True
124,MMSE,42.02907040765382,True
124,HippocampusNorm,39.891704887459845,True
124,RAVLT_immediate,-67.29755355691654,True
124,EntorhinalNorm,921.8109160481763,True
124,MidTempNorm,-66.74211056343465,True
125,VentricleNorm,314.91905211107775,False
125,ADAS13,-233.79579223336827,False
125,FusiformNorm,56.055748239903465,False
125,ABETA,403.65137783926264,False
125,TAU,11.27141022760768,False
125,WholeBrainNorm,145.58608912847595,False
125,PTAU,-306.8281426708147,False
125,MMSE,-46.68235607026473,False
125,HippocampusNorm,58.08106148835792,False
125,RAVLT_immediate,158.35352157288335,False
125,EntorhinalNorm,375.52986147954016,False
125,MidTempNorm,-17.0673350450599,False
126,VentricleNorm,6.066188017707333,False
126,ADAS13,-317.3066078187192,False
126,FusiformNorm,27.17177705825496,False
126,ABETA,572.0641853722371,False
126,TAU,13.436804982809623,False
126,WholeBrainNorm,101.47540480756845,False
126,PTAU,-357.0162159953274,False
126,MMSE,-50.191314276190866,False
126,HippocampusNorm,41.800560683585786,False
126,RAVLT_immediate,204.24597366158517,False
126,EntorhinalNorm,299.3536376609481,False
126,MidTempNorm,86.84125545797869,False
127,VentricleNorm,-20.356199644312717,True
127,ADAS13,-308.2098814751675,True
127,FusiformNorm,-59.89712808473543,True
127,ABETA,-428.19787305034134,True
127,TAU,-18.05600299035477,True
127,WholeBrainNorm,80.48725107338298,True
127,PTAU,29.778090431234318,True
127,MMSE,-66.1966755411736,True
127,HippocampusNorm,54.284909641620594,True
127,RAVLT_immediate,139.68683823766145,True
127,EntorhinalNorm,373.34378267079643,True
127,MidTempNorm,-164.25832707651392,True
128,VentricleNorm,-76.8012112167215,True
128,ADAS13,-162.64217841355293,True
128,FusiformNorm,33.402787368869255,True
128,ABETA,-395.1326221412616,True
128,TAU,-63.34267861334517,True
128,WholeBrainNorm,188.2888559902417,True
128,PTAU,-56.81480855512451,True
128,MMSE,53.09147068470226,True
128,HippocampusNorm,104.15503001778863,True
128,RAVLT_immediate,131.48868005146963,True
128,EntorhinalNorm,379.00761538904925,True
128,MidTempNorm,-132.3118769863499,True
129,VentricleNorm,-158.16928693961034,True
129,ADAS13,-183.40333340305676,True
129,FusiformNorm,75.65829110469417,True
129,ABETA,-278.15916520868916,True
129,TAU,-131.54316467445418,True
129,WholeBrainNorm,-139.8468875609537,True
129,PTAU,-111.25128486498483,True
129,MMSE,53.81551030863804,True
129,HippocampusNorm,55.50105606056485,True
129,RAVLT_immediate,566.1398353268283,True
129,EntorhinalNorm,159.8161030740747,True
129,MidTempNorm,-180.94656556953674,True
130,VentricleNorm,-45.93828942357247,True
130,ADAS13,-171.57321379269774,True
130,FusiformNorm,99.90167847762277,True
130,ABETA,-378.98433614964955,True
130,TAU,-179.52061714904556,True
130,WholeBrainNorm,250.92141544521797,True
130,PTAU,-37.46700486209216,True
130,MMSE,38.214780286234635,True
130,HippocampusNorm,-44.64719675019862,True
130,RAVLT_immediate,750.808134631854,True
130,EntorhinalNorm,86.36253875931618,True
130,MidTempNorm,-168.02027610250965,True
131,VentricleNorm,-147.78323992740127,True
131,ADAS13,-158.6032840702851,True
131,FusiformNorm,134.84411601005468,True
131,ABETA,-133.47875793142433,True
131,TAU,-100.54049824217198,True
131,WholeBrainNorm,160.73960786609769,True
131,PTAU,-223.12080132061874,True
131,MMSE,-58.39090813142076,True
131,HippocampusNorm,51.01738644163005,True
131,RAVLT_immediate,143.7802490785707,True
131,EntorhinalNorm,466.1770010604689,True
131,MidTempNorm,-129.77017200836588,True
132,VentricleNorm,459.02674333027846,False
132,ADAS13,-291.51781341119437,False
132,FusiformNorm,32.48528211865356,False
132,ABETA,-174.79515141746452,False
132,TAU,20.25506217558424,False
132,WholeBrainNorm,35.52285762999803,False
132,PTAU,-704.0365604191143,False
132,MMSE,-55.332248156184434,False
132,HippocampusNorm,43.63805344084919,False
132,RAVLT_immediate,138.2551665875463,False
132,EntorhinalNorm,218.2892180636171,False
132,MidTempNorm,-79.19485673719826,False
133,VentricleNorm,-152.0336179574106,True
133,ADAS13,-252.99909756008554,True
133,FusiformNorm,11.120177205348966,True
133,ABETA,-371.5608427890921,True
133,TAU,-115.97477824784684,True
133,WholeBrainNorm,-176.08488969423092,True
133,PTAU,340.40779236321254,True
133,MMSE,-3.3400946382109034,True
133,HippocampusNorm,0.945188956484305,True
133,RAVLT_immediate,122.98883266270765,True
133,EntorhinalNorm,819.9105494274386,True
133,MidTempNorm,18.59102667758053,True
134,VentricleNorm,-88.2371364074711,True
134,ADAS13,-406.4731193237451,True
134,FusiformNorm,120.18097195341839,True
134,ABETA,-206.21418314659786,True
134,TAU,-18.913946854838215,True
134,WholeBrainNorm,32.33842561075318,True
134,PTAU,-32.23205054161789,True
134,MMSE,10.211345214056838,True
134,HippocampusNorm,123.21849990123354,True
134,RAVLT_immediate,768.5805792864838,True
134,EntorhinalNorm,-82.5303432433239,True
134,MidTempNorm,49.86467194776456,True
135,VentricleNorm,357.5773272013894,False
135,ADAS13,-305.47631755021723,False
135,FusiformNorm,23.99066597949463,False
135,ABETA,-292.8542610409341,False
135,TAU,-2.362000047091109,False
135,WholeBrainNorm,157.87167106559093,False
135,PTAU,-280.98262519755934,False
135,MMSE,-75.53742688940133,False
135,HippocampusNorm,56.351733379572636,False
135,RAVLT_immediate,77.01872124989484,False
135,EntorhinalNorm,591.8872166033169,False
135,MidTempNorm,-79.06018328798994,False
136,VentricleNorm,-20.632784292895828,True
136,ADAS13,-210.12234889772031,True
136,FusiformNorm,53.48855422099934,True
136,ABETA,-106.0882047543144,True
136,TAU,-70.16760790617269,True
136,WholeBrainNorm,22.407538567681073,True
136,PTAU,-322.6400484691865,True
136,MMSE,-27.859008516163556,True
136,HippocampusNorm,53.033049427402894,True
136,RAVLT_immediate,151.13538694764782,True
136,EntorhinalNorm,580.2723809805046,True
136,MidTempNorm,-216.90134685901756,True
137,VentricleNorm,49.89905896991668,True
137,ADAS13,-334.1213295057132,True
137,FusiformNorm,126.73277554625638,True
137,ABETA,46.221579179415244,True
137,TAU,-149.4014609557865,True
137,WholeBrainNorm,153.86865958055336,True
137,PTAU,75.00719639999086,True
137,MMSE,75.43983188744663,True
137,HippocampusNorm,-26.13518545907359,True
137,RAVLT_immediate,88.47920722181969,True
137,EntorhinalNorm,377.26238839886173,True
137,MidTempNorm,14.21865757343059,True
138,VentricleNorm,-56.80869425119251,True
138,ADAS13,-172.01561304389898,True
138,FusiformNorm,-74.71484552471844,True
138,ABETA,-293.4875663636423,True
138,TAU,43.54723696400738,True
138,WholeBrainNorm,279.11752780041337,True
138,PTAU,-135.27301779727392,True
138,MMSE,30.283012793678296,True
138,HippocampusNorm,54.29040768881567,True
138,RAVLT_immediate,38.23658015728978,True
138,EntorhinalNorm,616.6392334416929,True
138,MidTempNorm,-97.3385441837991,True
139,VentricleNorm,-87.22221396243509,True
139,ADAS13,-278.1214001031249,True
139,FusiformNorm,54.96244364446404,True
139,ABETA,-43.223215282620686,True
139,TAU,-124.77556821981283,True
139,WholeBrainNorm,18.20886417798146,True
139,PTAU,-34.22107892376483,True
139,MMSE,38.699566893808814,True
139,HippocampusNorm,-10.47594510359761,True
139,RAVLT_immediate,99.34548788255583,True
139,EntorhinalNorm,534.8537813481278,True
139,MidTempNorm,-5.932274881080886,True
140,VentricleNorm,-354.94848303914773,True
140,ADAS13,-161.61958031169635,True
140,FusiformNorm,126.9787321581578,True
140,ABETA,-104.40853149048729,True
140,TAU,-119.8898184033788,True
140,WholeBrainNorm,-133.77581863280164,True
140,PTAU,465.94764993726164,True
140,MMSE,28.582873809571286,True
140,HippocampusNorm,-11.823249410458516,True
140,RAVLT_immediate,194.81463077735958,True
140,EntorhinalNorm,433.23281677634634,True
140,MidTempNorm,-23.61977534298211,True
141,VentricleNorm,298.1591134642303,False
141,ADAS13,-259.5147301483811,False
141,FusiformNorm,-26.348315696252158,False
141,ABETA,547.4493545906627,False
141,TAU,9.18613587488007,False
141,WholeBrainNorm,294.35648776417696,False
141,PTAU,69.72773776513759,False
141,MMSE,-26.209220081582043,False
141,HippocampusNorm,52.75658020068471,False
141,RAVLT_immediate,78.85273768352482,False
141,EntorhinalNorm,512.4656119812723,False
141,MidTempNorm,-48.40738146640928,False
142,VentricleNorm,109.57653331573572,True
142,ADAS13,-173.19947281183263,True
142,FusiformNorm,70.62494951964091,True
142,ABETA,-327.59280787041195,True
142,TAU,-219.6682026821657,True
142,WholeBrainNorm,38.890847315774366,True
142,PTAU,-80.65496586468294,True
142,MMSE,38.378482272391494,True
142,HippocampusNorm,-6.303033438046647,True
142,RAVLT_immediate,21.553103070570288,True
142,EntorhinalNorm,529.1722086191019,True
142,MidTempNorm,22.996729877636668,True
143,VentricleNorm,-35.35590653462367,True
143,ADAS13,-219.1843584006291,True
143,FusiformNorm,141.01556521005216,True
143,ABETA,-600.044736173368,True
143,TAU,-176.07914249594455,True
143,WholeBrainNorm,180.41409587794993,True
143,PTAU,128.5535713369698,True
143,MMSE,57.849334670439745,True
143,HippocampusNorm,46.10113723893043,True
143,RAVLT_immediate,284.10976367632935,True
143,EntorhinalNorm,513.9020234140947,True
143,MidTempNorm,142.86951785865008,True
144,VentricleNorm,221.91076260107263,False
144,ADAS13,-261.96079930131043,False
144,FusiformNorm,52.110469486076816,False
144,ABETA,-396.95224370106774,False
144,TAU,2.1666164290628958,False
144,WholeBrainNorm,32.84189050198543,False
144,PTAU,-555.4991581341965,False
144,MMSE,-43.26546329249462,False
144,HippocampusNorm,49.69077371042465,False
144,RAVLT_immediate,-21.976194433836866,False
144,EntorhinalNorm,351.40656030183425,False
144,MidTempNorm,-56.83679634467319,False
145,VentricleNorm,-74.54658436777419,True
145,ADAS13,-209.5371568243327,True
145,FusiformNorm,64.85234597775695,True
145,ABETA,-1119.3198013629399,True
145,TAU,-29.753882187456405,True
145,WholeBrainNorm,-89.19310247858057,True
145,PTAU,-235.49178004253363,True
145,MMSE,-4.466830458485859,True
145,HippocampusNorm,51.13259121165714,True
145,RAVLT_immediate,99.87469221548209,True
145,EntorhinalNorm,318.3081353921799,True
145,MidTempNorm,-124.49326057863117,True
146,VentricleNorm,-103.54558430878126,True
146,ADAS13,-208.62361873794154,True
146,FusiformNorm,-63.426940658571766,True
146,ABETA,-335.9132302645415,True
146,TAU,-140.21573409746853,True
146,WholeBrainNorm,10.154353590372239,True
146,PTAU,185.9448560810264,True
146,MMSE,-63.141549568461556,True
146,HippocampusNorm,59.955079654761,True
146,RAVLT_immediate,55.71041870636574,True
146,EntorhinalNorm,261.70663265246895,True
146,MidTempNorm,-110.55305839472351,True
147,VentricleNorm,-189.07680567745615,True
147,ADAS13,-264.76040074027816,True
147,FusiformNorm,59.88543443625836,True
147,ABETA,-544.7511367154902,True
147,TAU,1.480446816657988,True
147,WholeBrainNorm,122.86754361443724,True
147,PTAU,210.0425775363636,True
147,MMSE,30.963638671690454,True
147,HippocampusNorm,55.887376357436324,True
147,RAVLT_immediate,170.69475071863218,True
147,EntorhinalNorm,685.2987390070789,True
147,MidTempNorm,-33.186229741772756,True
148,VentricleNorm,104.64844442736374,True
148,ADAS13,-180.66046548551694,True
148,FusiformNorm,144.69662088248555,True
148,ABETA,-77.28093450254414,True
148,TAU,-74.35547099921067,True
148,WholeBrainNorm,28.647800109745592,True
148,PTAU,-175.38403896773232,True
148,MMSE,49.42845049660249,True
148,HippocampusNorm,123.89039750725051,True
148,RAVLT_immediate,102.9813459642967,True
148,EntorhinalNorm,428.9476540455387,True
148,MidTempNorm,-8.70097016473482,True
149,VentricleNorm,17.423688555219186,True
149,ADAS13,-252.81285193870414,True
149,FusiformNorm,69.21884473801248,True
149,ABETA,-320.5127068469255,True
149,TAU,-61.85062658647034,True
149,WholeBrainNorm,340.1664948464764,True
149,PTAU,-274.95679739693725,True
149,MMSE,29.19626659859454,True
149,HippocampusNorm,100.32128198782029,True
149,RAVLT_immediate,376.1811682036387,True
149,EntorhinalNorm,359.24868909703207,True
149,MidTempNorm,-6.672753632789011,True
150,VentricleNorm,-93.28945593024392,True
150,ADAS13,-172.7855444535338,True
150,FusiformNorm,108.39352631157018,True
150,ABETA,-386.91966662843856,True
150,TAU,-37.22676792862688,True
150,WholeBrainNorm,-40.65560008018964,True
150,PTAU,492.68368615707533,True
150,MMSE,46.03263311478586,True
150,HippocampusNorm,79.91599502084,True
150,RAVLT_immediate,832.8326100134657,True
150,EntorhinalNorm,477.9891589487522,True
150,MidTempNorm,-25.556836325826673,True
151,VentricleNorm,-91.14700665493615,True
151,ADAS13,-256.9634161372986,True
151,FusiformNorm,64.73640029888902,True
151,ABETA,-318.13552407293287,True
151,TAU,-77.59390769910361,True
151,WholeBrainNorm,12.014928123332133,True
151,PTAU,24.077335520050298,True
151,MMSE,23.38566202445084,True
151,HippocampusNorm,-90.11161118020695,True
151,RAVLT_immediate,154.235461747185,True
151,EntorhinalNorm,830.8413394288021,True
151,MidTempNorm,-33.075313524929115,True
152,VentricleNorm,-223.1124181260106,True
152,ADAS13,-183.066799097089,True
152,FusiformNorm,71.49686840123836,True
152,ABETA,-616.4726887080842,True
152,TAU,-78.36811331986412,True
152,WholeBrainNorm,-7.7419095773385465,True
152,PTAU,-392.9044205611322,True
152,MMSE,7.029778332843108,True
152,HippocampusNorm,51.724845089560695,True
152,RAVLT_immediate,167.44270970894524,True
152,EntorhinalNorm,640.519972479034,True
152,MidTempNorm,-143.2047474438414,True
153,VentricleNorm,376.89908057302034,False
153,ADAS13,-239.02938899339367,False
153,FusiformNorm,-61.74039675713601,False
153,ABETA,56.6800277769138,False
153,TAU,1.9253641490489994,False
153,WholeBrainNorm,49.599460473371664,False
153,PTAU,-75.33188626571149,False
153,MMSE,-42.134621838181125,False
153,HippocampusNorm,53.546263565114344,False
153,RAVLT_immediate,48.41684895051442,False
153,EntorhinalNorm,533.1923252665133,False
153,MidTempNorm,-57.637048989390536,False
154,VentricleNorm,-23.814670631218533,True
154,ADAS13,-231.43552552805124,True
154,FusiformNorm,259.92206929032454,True
154,ABETA,-22.754665162326205,True
154,TAU,-77.86001466758704,True
154,WholeBrainNorm,125.87690492978172,True
154,PTAU,-439.1214228057321,True
154,MMSE,-51.99561683423829,True
154,HippocampusNorm,52.88157605562192,True
154,RAVLT_immediate,255.39825034018185,True
154,EntorhinalNorm,565.698072950389,True
154,MidTempNorm,-41.405157010466056,True
155,VentricleNorm,428.2720434823401,False
155,ADAS13,-381.6122399852731,False
155,FusiformNorm,-77.04001861799874,False
155,ABETA,-291.84620321693046,False
155,TAU,8.34128066125687,False
155,WholeBrainNorm,133.55604421816017,False
155,PTAU,-268.93938105748106,False
155,MMSE,-57.73451156202782,False
155,HippocampusNorm,52.1182969726834,False
155,RAVLT_immediate,126.06385422998198,False
155,EntorhinalNorm,88.3115685663247,False
155,MidTempNorm,104.2021358134846,False
156,VentricleNorm,-16.542454838237333,True
156,ADAS13,-362.92368767937324,True
156,FusiformNorm,194.19761297921374,True
156,ABETA,-210.2628528325918,True
156,TAU,-119.6969540051239,True
156,WholeBrainNorm,298.9456696344246,True
156,PTAU,141.30472276471647,True
156,MMSE,49.93784155502999,True
156,HippocampusNorm,-77.44732283464859,True
156,RAVLT_immediate,71.23117441572134,True
156,EntorhinalNorm,236.69518305723162,True
156,MidTempNorm,-105.99804425016124,True
157,VentricleNorm,-150.1540085950422,True
157,ADAS13,-322.41467729313666,True
157,FusiformNorm,-48.19249190889252,True
157,ABETA,-355.4870080726799,True
157,TAU,-128.5502933192384,True
157,WholeBrainNorm,98.90824893863211,True
157,PTAU,138.52604053338442,True
157,MMSE,29.344862067155415,True
157,HippocampusNorm,113.9801895773967,True
157,RAVLT_immediate,1083.4210774305152,True
157,EntorhinalNorm,509.8963313105813,True
157,MidTempNorm,18.139541596562097,True
158,VentricleNorm,105.4323330690355,False
158,ADAS13,-301.61479051490437,False
158,FusiformNorm,147.51301435139203,False
158,ABETA,417.7490123879803,False
158,TAU,8.91671542819698,False
158,WholeBrainNorm,68.5808861625201,False
158,PTAU,-308.93175760218605,False
158,MMSE,-64.3174862023829,False
158,HippocampusNorm,53.54637240004872,False
158,RAVLT_immediate,292.00275638848916,False
158,EntorhinalNorm,389.0219031595351,False
158,MidTempNorm,-103.92070817262169,False
159,VentricleNorm,175.04997306920234,True
159,ADAS13,-115.3345881025593,True
159,FusiformNorm,1.445188387781677,True
159,ABETA,-655.4441096565581,True
159,TAU,-115.40734190727147,True
159,WholeBrainNorm,307.5126526439472,True
159,PTAU,221.04656828713962,True
159,MMSE,11.379024486519167,True
159,HippocampusNorm,58.41265910235393,True
159,RAVLT_immediate,172.03248730333644,True
159,EntorhinalNorm,172.31139747488515,True
159,MidTempNorm,-217.10562677841423,True
160,VentricleNorm,-144.11559055320265,True
160,ADAS13,-190.53619857236947,True
160,FusiformNorm,-33.074415900454014,True
160,ABETA,-672.9348221458233,True
160,TAU,-44.844490971591135,True
160,WholeBrainNorm,41.66880109355617,True
160,PTAU,-276.00659901136254,True
160,MMSE,-65.12316789125006,True
160,HippocampusNorm,56.10683057511594,True
160,RAVLT_immediate,157.19404641063213,True
160,EntorhinalNorm,525.791398213913,True
160,MidTempNorm,-152.15343578453889,True
161,VentricleNorm,-121.92700083333276,True
161,ADAS13,-256.8481588270515,True
161,FusiformNorm,88.37184610072418,True
161,ABETA,-50.53420703332819,True
161,TAU,-42.1738344338577,True
161,WholeBrainNorm,89.33250819214953,True
161,PTAU,13.12253415969851,True
161,MMSE,37.93375883135437,True
161,HippocampusNorm,51.31142418620256,True
161,RAVLT_immediate,156.2071325101263,True
161,EntorhinalNorm,384.1985317395104,True
161,MidTempNorm,-175.37929612632587,True
162,VentricleNorm,-235.9630010554419,True
162,ADAS13,-375.66001626089854,True
162,FusiformNorm,277.2949300901636,True
162,ABETA,-435.66403764659356,True
162,TAU,5.45766794047351,True
162,WholeBrainNorm,141.76602247416713,True
162,PTAU,-264.472349151866,True
162,MMSE,-43.30817342957491,True
162,HippocampusNorm,50.0363353204719,True
162,RAVLT_immediate,112.75906538629319,True
162,EntorhinalNorm,478.07228229908236,True
162,MidTempNorm,-47.60816086256348,True
163,VentricleNorm,17.1698887038134,True
163,ADAS13,-171.37786678173828,True
163,FusiformNorm,-115.40732313312799,True
163,ABETA,-196.32639910057947,True
163,TAU,-163.27794567680712,True
163,WholeBrainNorm,-57.69380187577234,True
163,PTAU,-184.14814814252617,True
163,MMSE,48.359337593694605,True
163,HippocampusNorm,55.46631304281599,True
163,RAVLT_immediate,142.0039462158275,True
163,EntorhinalNorm,334.11342444217576,True
163,MidTempNorm,-72.889352972023,True
164,VentricleNorm,22.28499281802702,True
164,ADAS13,-193.33871649746513,True
164,FusiformNorm,190.3886773158776,True
164,ABETA,-593.5842305073681,True
164,TAU,-28.49325092213934,True
164,WholeBrainNorm,228.31382420979156,True
164,PTAU,3.3578911865184438,True
164,MMSE,48.08286755117898,True
164,HippocampusNorm,108.41989937648783,True
164,RAVLT_immediate,934.1914988298878,True
164,EntorhinalNorm,565.9984269354878,True
164,MidTempNorm,-106.51275611093185,True
165,VentricleNorm,-49.254807829497686,True
165,ADAS13,-129.39443501383448,True
165,FusiformNorm,16.770643355551698,True
165,ABETA,-433.71642545526214,True
165,TAU,-115.56091196584035,True
165,WholeBrainNorm,52.54139820752937,True
165,PTAU,-219.5585127373854,True
165,MMSE,35.365467227522785,True
165,HippocampusNorm,-84.49294933052279,True
165,RAVLT_immediate,481.29750201679326,True
165,EntorhinalNorm,727.8745574456476,True
165,MidTempNorm,-109.16653090339084,True
166,VentricleNorm,-97.38997898060119,True
166,ADAS13,-217.7529916745859,True
166,FusiformNorm,-0.812216878696681,True
166,ABETA,-558.5064877115539,True
166,TAU,-120.05742468375732,True
166,WholeBrainNorm,293.1812345094287,True
166,PTAU,109.66292073530917,True
166,MMSE,2.502670261555508,True
166,HippocampusNorm,-58.06978561877274,True
166,RAVLT_immediate,192.50550062815995,True
166,EntorhinalNorm,557.2377092415613,True
166,MidTempNorm,-35.917476857256325,True
167,VentricleNorm,-137.48939684199348,True
167,ADAS13,-399.43847026936606,True
167,FusiformNorm,183.36131470941405,True
167,ABETA,-106.21654108103598,True
167,TAU,-96.01690181742237,True
167,WholeBrainNorm,29.616993644624365,True
167,PTAU,460.1000823894117,True
167,MMSE,48.46884170759128,True
167,HippocampusNorm,151.5856402495289,True
167,RAVLT_immediate,243.563108293558,True
167,EntorhinalNorm,843.3348001449606,True
167,MidTempNorm,-120.38040625070263,True
168,VentricleNorm,8.28483341090589,True
168,ADAS13,-236.18046973482762,True
168,FusiformNorm,46.819858930529136,True
168,ABETA,-460.4845401468825,True
168,TAU,-123.59764851265854,True
168,WholeBrainNorm,55.24760545856681,True
168,PTAU,466.4717590049457,True
168,MMSE,39.19224922562304,True
168,HippocampusNorm,-69.3491025245367,True
168,RAVLT_immediate,392.32709621248154,True
168,EntorhinalNorm,554.9806136796734,True
168,MidTempNorm,-126.36417651171672,True
169,VentricleNorm,-61.76234705360433,False
169,ADAS13,-317.3042458834918,False
169,FusiformNorm,345.11090247950216,False
169,ABETA,292.74864549239123,False
169,TAU,16.848286137804344,False
169,WholeBrainNorm,127.85452655859947,False
169,PTAU,-448.49250184665493,False
169,MMSE,-15.78816409951314,False
169,HippocampusNorm,56.58990366231646,False
169,RAVLT_immediate,104.7958344869422,False
169,EntorhinalNorm,191.33898084057262,False
169,MidTempNorm,-80.46150717423457,False
170,VentricleNorm,-209.27489826264133,True
170,ADAS13,-371.556921898877,True
170,FusiformNorm,-34.51265143083771,True
170,ABETA,-579.5914617865835,True
170,TAU,-75.16536308013185,True
170,WholeBrainNorm,-35.15730993925533,True
170,PTAU,191.9426823279628,True
170,MMSE,49.29388078398368,True
170,HippocampusNorm,49.555626079337465,True
170,RAVLT_immediate,133.22835100388713,True
170,EntorhinalNorm,664.4524219728579,True
170,MidTempNorm,13.427313835602092,True
171,VentricleNorm,93.04431387130175,True
171,ADAS13,-277.085379841242,True
171,FusiformNorm,136.154815466049,True
171,ABETA,-432.93313143335695,True
171,TAU,-74.0168296695366,True
171,WholeBrainNorm,225.66163116905437,True
171,PTAU,159.17773735533845,True
171,MMSE,-27.004620151568158,True
171,HippocampusNorm,100.85271605103307,True
171,RAVLT_immediate,692.376650116566,True
171,EntorhinalNorm,717.7711435921021,True
171,MidTempNorm,2.255273070707972,True
172,VentricleNorm,-109.16172776802152,True
172,ADAS13,-245.44881184003205,True
172,FusiformNorm,-41.57080528806455,True
172,ABETA,-56.41918246726124,True
172,TAU,-170.77396535133448,True
172,WholeBrainNorm,-82.94538358457994,True
172,PTAU,502.358606729534,True
172,MMSE,46.36979008076433,True
172,HippocampusNorm,125.0573091961465,True
172,RAVLT_immediate,78.51131220347033,True
172,EntorhinalNorm,227.83290943208846,True
172,MidTempNorm,-123.9843956134919,True
173,VentricleNorm,-195.47083709127912,True
173,ADAS13,-237.57102082653105,True
173,FusiformNorm,161.11624768367741,True
173,ABETA,-146.77005642388593,True
173,TAU,-134.0401677294733,True
173,WholeBrainNorm,21.605839893276368,True
173,PTAU,-551.9218974202561,True
173,MMSE,-68.448269200804,True
173,HippocampusNorm,55.78588908306206,True
173,RAVLT_immediate,152.09374533674628,True
173,EntorhinalNorm,199.9271578868716,True
173,MidTempNorm,14.921315625497542,True
174,VentricleNorm,-0.785494894514855,True
174,ADAS13,-199.95629093012855,True
174,FusiformNorm,118.10770176450077,True
174,ABETA,-190.79367893634094,True
174,TAU,-61.53045349723129,True
174,WholeBrainNorm,139.64011493178947,True
174,PTAU,-520.0000493598437,True
174,MMSE,-47.47147660907662,True
174,HippocampusNorm,58.8203224016643,True
174,RAVLT_immediate,222.55624042979477,True
174,EntorhinalNorm,593.9748864317967,True
174,MidTempNorm,98.44166445350098,True
175,VentricleNorm,-243.147782250798,True
175,ADAS13,-150.61896133846545,True
175,FusiformNorm,29.137998406063645,True
175,ABETA,-175.10011004481717,True
175,TAU,-55.13849553711941,True
175,WholeBrainNorm,-50.05510931025975,True
175,PTAU,230.08173879504255,True
175,MMSE,-2.835230885403117,True
175,HippocampusNorm,125.67999331342202,True
175,RAVLT_immediate,463.02966549385,True
175,EntorhinalNorm,756.3016577333415,True
175,MidTempNorm,-164.1982105322557,True
176,VentricleNorm,-99.05501472012158,True
176,ADAS13,-322.88303511853013,True
176,FusiformNorm,-149.55180019066145,True
176,ABETA,-458.60534453356365,True
176,TAU,-197.27930358309288,True
176,WholeBrainNorm,171.75062591855811,True
176,PTAU,-13.981236061579729,True
176,MMSE,44.00852963854191,True
176,HippocampusNorm,-21.093320966583512,True
176,RAVLT_immediate,537.3855456004471,True
176,EntorhinalNorm,682.6351090405583,True
176,MidTempNorm,-87.17468175031277,True
177,VentricleNorm,-109.15616537521204,True
177,ADAS13,-313.3011083728324,True
177,FusiformNorm,51.34964913905305,True
177,ABETA,-419.3532931212335,True
177,TAU,30.296767660504315,True
177,WholeBrainNorm,103.08734771736587,True
177,PTAU,-177.50737090907813,True
177,MMSE,-72.2811780347713,True
177,HippocampusNorm,53.97184403823042,True
177,RAVLT_immediate,102.51638612014023,True
177,EntorhinalNorm,624.0551877750422,True
177,MidTempNorm,-41.981954936263705,True
178,VentricleNorm,-113.19720440560052,False
178,ADAS13,-385.13773221393274,False
178,FusiformNorm,15.964959563228174,False
178,ABETA,750.4300171154875,False
178,TAU,-5.568828310152803,False
178,WholeBrainNorm,260.34954008557395,False
178,PTAU,-277.8836792129512,False
178,MMSE,-61.999665576427724,False
178,HippocampusNorm,57.979387807276005,False
178,RAVLT_immediate,76.23960648191459,False
178,EntorhinalNorm,695.0219707359768,False
178,MidTempNorm,-73.57613281840888,False
179,VentricleNorm,-143.28811099080446,True
179,ADAS13,-253.12739585415758,True
179,FusiformNorm,211.7091861387961,True
179,ABETA,-705.301042821483,True
179,TAU,-39.22380010459133,True
179,WholeBrainNorm,60.39467049178977,True
179,PTAU,47.19172812664806,True
179,MMSE,26.778429943028385,True
179,HippocampusNorm,53.31459537859553,True
179,RAVLT_immediate,159.54701132501896,True
179,EntorhinalNorm,478.72417803974156,True
179,MidTempNorm,-25.164067756487356,True
180,VentricleNorm,97.13007322068158,True
180,ADAS13,-295.00443400607946,True
180,FusiformNorm,-230.6582468564567,True
180,ABETA,-228.85640870127503,True
180,TAU,-104.61767139076207,True
180,WholeBrainNorm,18.296853533673506,True
180,PTAU,-37.78372539856783,True
180,MMSE,36.25874073748959,True
180,HippocampusNorm,46.96493128498772,True
180,RAVLT_immediate,126.70826604823255,True
180,EntorhinalNorm,369.95108440655576,True
180,MidTempNorm,-88.49649453317409,True
181,VentricleNorm,-132.86076138701858,True
181,ADAS13,-185.57838195157035,True
181,FusiformNorm,-58.80313659622654,True
181,ABETA,-467.2578259040687,True
181,TAU,-120.77133753938827,True
181,WholeBrainNorm,-122.13934146806157,True
181,PTAU,300.5902367333024,True
181,MMSE,38.14870565810993,True
181,HippocampusNorm,-75.6150782098772,True
181,RAVLT_immediate,547.9604728129403,True
181,EntorhinalNorm,399.7064202240818,True
181,MidTempNorm,-114.3783106059648,True
182,VentricleNorm,-171.76474177794415,True
182,ADAS13,-185.56118457927653,True
182,FusiformNorm,-147.41619747203478,True
182,ABETA,-608.9994359028735,True
182,TAU,-97.84265261198597,True
182,WholeBrainNorm,-30.294017342037293,True
182,PTAU,124.66220520800496,True
182,MMSE,9.988322209376467,True
182,HippocampusNorm,40.12947055177107,True
182,RAVLT_immediate,816.8627180640126,True
182,EntorhinalNorm,200.7536411148538,True
182,MidTempNorm,18.165306900541736,True
183,VentricleNorm,-31.95329068542801,True
183,ADAS13,-268.5531208101163,True
183,FusiformNorm,-76.30667258807975,True
183,ABETA,-115.55593890105501,True
183,TAU,-191.76789753609896,True
183,WholeBrainNorm,113.4900497005458,True
183,PTAU,-259.8458843404164,True
183,MMSE,19.600062772637358,True
183,HippocampusNorm,-60.36197313687207,True
183,RAVLT_immediate,776.4341062864424,True
183,EntorhinalNorm,149.93677030637576,True
183,MidTempNorm,-64.45933027611466,True
184,VentricleNorm,-155.44853861400944,True
184,ADAS13,-309.08915055493355,True
184,FusiformNorm,-64.64674252541836,True
184,ABETA,-394.4610338741764,True
184,TAU,-97.10906726007141,True
184,WholeBrainNorm,64.99431687949522,True
184,PTAU,472.7906836217085,True
184,MMSE,26.56106698784589,True
184,HippocampusNorm,173.37731457203768,True
184,RAVLT_immediate,161.1802229511494,True
184,EntorhinalNorm,143.04769303185333,True
184,MidTempNorm,-229.37132771098013,True
185,VentricleNorm,15.235393591094962,True
185,ADAS13,-291.5959764385207,True
185,FusiformNorm,46.48149131548542,True
185,ABETA,-728.5784548745369,True
185,TAU,-69.32195089552985,True
185,WholeBrainNorm,64.31845839067199,True
185,PTAU,-216.16605207557953,True
185,MMSE,-15.46156248158239,True
185,HippocampusNorm,53.84077885170148,True
185,RAVLT_immediate,171.7754302368932,True
185,EntorhinalNorm,611.0185733430253,True
185,MidTempNorm,-168.61996667638215,True
186,VentricleNorm,147.67210450759833,False
186,ADAS13,-228.5693265880633,False
186,FusiformNorm,-41.4249183793121,False
186,ABETA,-202.93860734939884,False
186,TAU,-16.295911015235983,False
186,WholeBrainNorm,195.99607168616404,False
186,PTAU,-230.68870853784236,False
186,MMSE,-38.1772875552165,False
186,HippocampusNorm,49.34952983541985,False
186,RAVLT_immediate,145.45597779859057,False
186,EntorhinalNorm,706.837747421851,False
186,MidTempNorm,26.293978336695858,False
187,VentricleNorm,208.64870119588022,False
187,ADAS13,-302.9962562327675,False
187,FusiformNorm,37.61550665145275,False
187,ABETA,703.2728483556172,False
187,TAU,-22.019814181530723,False
187,WholeBrainNorm,-54.47496159224282,False
187,PTAU,-331.3503007055722,False
187,MMSE,-82.29704123474065,False
187,HippocampusNorm,43.86702915602078,False
187,RAVLT_immediate,86.59294016724567,False
187,EntorhinalNorm,489.6416446634724,False
187,MidTempNorm,-207.58547711156226,False
188,VentricleNorm,-72.54807776795384,False
188,ADAS13,-331.96937139253635,False
188,FusiformNorm,7.625632716236511,False
188,ABETA,-867.8216710999259,False
188,TAU,-8.229382804456607,False
188,WholeBrainNorm,172.13474901981974,False
188,PTAU,-132.88524631337998,False
188,MMSE,-57.05391113244821,False
188,HippocampusNorm,49.2377883300291,False
188,RAVLT_immediate,104.64527233492359,False
188,EntorhinalNorm,540.3322368538103,False
188,MidTempNorm,-127.79522815364278,False
189,VentricleNorm,-337.70468007521623,True
189,ADAS13,-208.83894689322887,True
189,FusiformNorm,112.87954070413302,True
189,ABETA,-21.94613963856648,True
189,TAU,-112.17438330195083,True
189,WholeBrainNorm,250.69126218075627,True
189,PTAU,-96.89382629893004,True
189,MMSE,-80.78367418941465,True
189,HippocampusNorm,49.11257048487405,True
189,RAVLT_immediate,155.67662373884156,True
189,EntorhinalNorm,485.38101128222274,True
189,MidTempNorm,-33.3907639271953,True
190,VentricleNorm,16.14865176777451,True
190,ADAS13,-321.66491189210296,True
190,FusiformNorm,186.89698643413897,True
190,ABETA,-14.388445041360114,True
190,TAU,-103.90768601747482,True
190,WholeBrainNorm,197.46129971512215,True
190,PTAU,148.18555004756487,True
190,MMSE,45.95482130656901,True
190,HippocampusNorm,55.99436124423995,True
190,RAVLT_immediate,147.2728156601308,True
190,EntorhinalNorm,643.8838997359321,True
190,MidTempNorm,2.5514857457707336,True
191,VentricleNorm,-35.03019704634823,True
191,ADAS13,-259.8127984871013,True
191,FusiformNorm,123.69624717784139,True
191,ABETA,-407.578238051099,True
191,TAU,-126.72461645727574,True
191,WholeBrainNorm,-47.955227219977715,True
191,PTAU,-97.18147411815326,True
191,MMSE,-65.51282720805017,True
191,HippocampusNorm,64.52451925168398,True
191,RAVLT_immediate,68.03348268083559,True
191,EntorhinalNorm,771.3675413243483,True
191,MidTempNorm,-149.68207394403197,True
192,VentricleNorm,-236.0037306615472,True
192,ADAS13,-188.22265668043343,True
192,FusiformNorm,166.73537085321777,True
192,ABETA,106.23273580206228,True
192,TAU,-47.28618638755867,True
192,WholeBrainNorm,345.3350588119911,True
192,PTAU,173.89515810784465,True
192,MMSE,4.599047852106398,True
192,HippocampusNorm,-84.58971931678941,True
192,RAVLT_immediate,639.1501086815147,True
192,EntorhinalNorm,399.9031725265631,True
192,MidTempNorm,-64.67941621759616,True
193,VentricleNorm,-203.0214846498979,False
193,ADAS13,-323.6283527535629,False
193,FusiformNorm,39.45125876923385,False
193,ABETA,-189.47865585795216,False
193,TAU,1.750462813406183,False
193,WholeBrainNorm,-11.018238184518793,False
193,PTAU,-216.9381140673226,False
193,MMSE,-22.37403460173041,False
193,HippocampusNorm,61.490380207407824,False
193,RAVLT_immediate,134.7877874178631,False
193,EntorhinalNorm,390.19754662015197,False
193,MidTempNorm,-60.95166148271838,False
194,VentricleNorm,-63.58064890410542,True
194,ADAS13,-225.23053217845018,True
194,FusiformNorm,156.51678349510718,True
194,ABETA,54.236445970014756,True
194,TAU,-61.226229151827155,True
194,WholeBrainNorm,92.84406227971205,True
194,PTAU,116.91956908038699,True
194,MMSE,51.55742072103048,True
194,HippocampusNorm,216.24560708963241,True
194,RAVLT_immediate,578.558976008703,True
194,EntorhinalNorm,698.7164119616742,True
194,MidTempNorm,-9.954785668845993,True
195,VentricleNorm,-175.6148008839623,True
195,ADAS13,-137.01221276260821,True
195,FusiformNorm,327.7762030781853,True
195,ABETA,-491.8295086857538,True
195,TAU,-100.84757941472077,True
195,WholeBrainNorm,228.8760306078483,True
195,PTAU,-345.22635330934907,True
195,MMSE,50.61586206146545,True
195,HippocampusNorm,43.344404005882694,True
195,RAVLT_immediate,-26.222174519365268,True
195,EntorhinalNorm,731.6398649716231,True
195,MidTempNorm,-209.18772298069874,True
196,VentricleNorm,-35.56119719147834,True
196,ADAS13,-191.7940252788571,True
196,FusiformNorm,-0.8327414233082848,True
196,ABETA,-421.38136549222133,True
196,TAU,-65.07377844376029,True
196,WholeBrainNorm,-332.61066587247643,True
196,PTAU,422.2646994905794,True
196,MMSE,27.084530266724883,True
196,HippocampusNorm,105.06478816356122,True
196,RAVLT_immediate,654.8498594460101,True
196,EntorhinalNorm,435.08504082517464,True
196,MidTempNorm,-98.00393125907823,True
197,VentricleNorm,74.21523936997077,True
197,ADAS13,-130.3858269159681,True
197,FusiformNorm,63.190648525525205,True
197,ABETA,-160.48510471300034,True
197,TAU,-218.07224210647001,True
197,WholeBrainNorm,71.62843177489458,True
197,PTAU,-401.81507994066993,True
197,MMSE,42.27471595178173,True
197,HippocampusNorm,50.29259772639869,True
197,RAVLT_immediate,175.9376665767428,True
197,EntorhinalNorm,415.2234412963652,True
197,MidTempNorm,-165.19164010665656,True
198,VentricleNorm,-26.058928907697556,True
198,ADAS13,-221.74517737591117,True
198,FusiformNorm,96.6656482677584,True
198,ABETA,-133.92645313103364,True
198,TAU,-159.54723174218736,True
198,WholeBrainNorm,108.51918781391615,True
198,PTAU,224.63860302022738,True
198,MMSE,-38.54752689623015,True
198,HippocampusNorm,57.46293071941761,True
198,RAVLT_immediate,236.28864620342677,True
198,EntorhinalNorm,578.8093655684345,True
198,MidTempNorm,0.3026022858325206,True
199,VentricleNorm,-122.45557291459014,True
199,ADAS13,-304.98329213703806,True
199,FusiformNorm,129.82495547473368,True
199,ABETA,-384.5236614810386,True
199,TAU,-26.991616794757114,True
199,WholeBrainNorm,-66.77880775684557,True
199,PTAU,-24.78232989914961,True
199,MMSE,19.706124033317145,True
199,HippocampusNorm,-15.080534027930078,True
199,RAVLT_immediate,204.4222021800092,True
199,EntorhinalNorm,576.779025632299,True
199,MidTempNorm,-81.59168506499245,True
200,VentricleNorm,-235.44211105938484,True
200,ADAS13,-235.65232466056068,True
200,FusiformNorm,126.95459736128514,True
200,ABETA,-652.8417757303725,True
200,TAU,-22.135385922595027,True
200,WholeBrainNorm,81.58624051859609,True
200,PTAU,184.27753241486613,True
200,MMSE,47.62803438924308,True
200,HippocampusNorm,171.3662576886636,True
200,RAVLT_immediate,207.12680195165728,True
200,EntorhinalNorm,274.6764856518191,True
200,MidTempNorm,-172.11987203705843,True
201,VentricleNorm,48.448233223757036,False
201,ADAS13,-264.74560696205333,False
201,FusiformNorm,179.3827009992806,False
201,ABETA,-105.63384113375568,False
201,TAU,3.8144230660057206,False
201,WholeBrainNorm,-21.58987403413225,False
201,PTAU,-123.24936981023404,False
201,MMSE,35.46180296808214,False
201,HippocampusNorm,51.95659164500235,False
201,RAVLT_immediate,214.02071722029575,False
201,EntorhinalNorm,356.58450087284325,False
201,MidTempNorm,-111.42064978955418,False
202,VentricleNorm,-90.72258433023424,True
202,ADAS13,-252.77833624287155,True
202,FusiformNorm,25.217627889294718,True
202,ABETA,-443.46471996110364,True
202,TAU,-45.329985421335884,True
202,WholeBrainNorm,-61.17503422548691,True
202,PTAU,177.68869106166363,True
202,MMSE,-35.14901676575449,True
202,HippocampusNorm,48.03300558146947,True
202,RAVLT_immediate,78.05794076582652,True
202,EntorhinalNorm,567.7584535132685,True
202,MidTempNorm,48.862024209757706,True
203,VentricleNorm,5.423971991613641,True
203,ADAS13,-135.46816439863716,True
203,FusiformNorm,-9.356514115359161,True
203,ABETA,-255.86338404334606,True
203,TAU,-74.96597432879875,True
203,WholeBrainNorm,198.73343153978493,True
203,PTAU,-446.14533437286843,True
203,MMSE,16.79792373383293,True
203,HippocampusNorm,52.70085483500746,True
203,RAVLT_immediate,151.86622286621278,True
203,EntorhinalNorm,551.4368718388521,True
203,MidTempNorm,18.79570619381822,True
204,VentricleNorm,9.904977619021125,False
204,ADAS13,-266.12542658143275,False
204,FusiformNorm,137.7982135137214,False
204,ABETA,-183.52251758312602,False
204,TAU,14.254392539282925,False
204,WholeBrainNorm,23.113249040646608,False
204,PTAU,48.17020226421238,False
204,MMSE,-38.524086287353725,False
204,HippocampusNorm,45.851148999790965,False
204,RAVLT_immediate,148.4470747484506,False
204,EntorhinalNorm,543.6119508992314,False
204,MidTempNorm,-38.53938334219294,False
205,VentricleNorm,-218.29292225500382,True
205,ADAS13,-149.48297393353826,True
205,FusiformNorm,31.72398541313568,True
205,ABETA,-346.8308883805609,True
205,TAU,-16.74858774452798,True
205,WholeBrainNorm,52.32909403569994,True
205,PTAU,97.83225021016109,True
205,MMSE,42.0533894143786,True
205,HippocampusNorm,59.15868184659445,True
205,RAVLT_immediate,25.67463096905766,True
205,EntorhinalNorm,539.7781594460289,True
205,MidTempNorm,-108.33638152352232,True
206,VentricleNorm,-9.254576918189215,True
206,ADAS13,-100.87845542109389,True
206,FusiformNorm,-125.80547070375005,True
206,ABETA,-305.1271049224054,True
206,TAU,-96.67706664990357,True
206,WholeBrainNorm,96.30471687282804,True
206,PTAU,427.82112870396446,True
206,MMSE,20.842364185311606,True
206,HippocampusNorm,-86.91516963401958,True
206,RAVLT_immediate,528.9939559678712,True
206,EntorhinalNorm,634.4774216029101,True
206,MidTempNorm,43.384082211794194,True
207,VentricleNorm,402.81622867999175,False
207,ADAS13,-310.02197025267196,False
207,FusiformNorm,190.11770973589955,False
207,ABETA,253.33261662591622,False
207,TAU,1.8659473132827742,False
207,WholeBrainNorm,114.79959241867341,False
207,PTAU,38.12048544660041,False
207,MMSE,-42.671580718504394,False
207,HippocampusNorm,39.436390406508366,False
207,RAVLT_immediate,102.75039033615198,False
207,EntorhinalNorm,571.4448547747145,False
207,MidTempNorm,-56.51254267909564,False
208,VentricleNorm,-24.08255086204135,True
208,ADAS13,-232.26856334451432,True
208,FusiformNorm,83.15780502158641,True
208,ABETA,-236.57360349664927,True
208,TAU,-94.34750237330931,True
208,WholeBrainNorm,152.94340097324562,True
208,PTAU,99.46092600488748,True
208,MMSE,27.89146975716757,True
208,HippocampusNorm,47.935112943161286,True
208,RAVLT_immediate,1107.6850096352462,True
208,EntorhinalNorm,541.2861030223887,True
208,MidTempNorm,-217.1856024442451,True
209,VentricleNorm,135.64365648873277,False
209,ADAS13,-278.8329256040713,False
209,FusiformNorm,47.11278102232335,False
209,ABETA,271.59194751069305,False
209,TAU,-18.089677119702255,False
209,WholeBrainNorm,-155.37476628622784,False
209,PTAU,-108.06768123204213,False
209,MMSE,-56.884126887531465,False
209,HippocampusNorm,47.93845651806029,False
209,RAVLT_immediate,75.83761347526936,False
209,EntorhinalNorm,235.78078160815485,False
209,MidTempNorm,-20.30440733878848,False
210,VentricleNorm,-78.4759365638858,True
210,ADAS13,-261.04684309672,True
210,FusiformNorm,63.57339440628522,True
210,ABETA,153.96589339259043,True
210,TAU,-133.0951862023766,True
210,WholeBrainNorm,318.3711231101154,True
210,PTAU,-305.8159911167389,True
210,MMSE,-21.84602197067354,True
210,HippocampusNorm,56.362790816040274,True
210,RAVLT_immediate,114.24736372935863,True
210,EntorhinalNorm,535.542193066057,True
210,MidTempNorm,-237.1972943306514,True
211,VentricleNorm,212.11971719072756,True
211,ADAS13,-354.3183798306435,True
211,FusiformNorm,-152.0386799072611,True
211,ABETA,-181.64211132963473,True
211,TAU,-29.51593137868457,True
211,WholeBrainNorm,80.34699919002706,True
211,PTAU,-10.370979415748899,True
211,MMSE,7.1911311595688865,True
211,HippocampusNorm,54.333907118384325,True
211,RAVLT_immediate,110.24084846939678,True
211,EntorhinalNorm,150.6553726656046,True
211,MidTempNorm,-163.5742569784561,True
212,VentricleNorm,-36.99781059569608,True
212,ADAS13,-209.4851772325713,True
212,FusiformNorm,87.70854638647774,True
212,ABETA,50.79453809680086,True
212,TAU,-117.52933540396874,True
212,WholeBrainNorm,163.13648765897506,True
212,PTAU,300.9122428634093,True
212,MMSE,48.71637013330962,True
212,HippocampusNorm,-4.602795751748872,True
212,RAVLT_immediate,995.9961847579618,True
212,EntorhinalNorm,307.3394748538025,True
212,MidTempNorm,-2.7898252831189723,True
213,VentricleNorm,-96.5988383358694,True
213,ADAS13,-201.9288322833169,True
213,FusiformNorm,72.26259172641345,True
213,ABETA,-694.6578485360217,True
213,TAU,-138.35312848234298,True
213,WholeBrainNorm,-39.70042713800433,True
213,PTAU,38.9284573475841,True
213,MMSE,29.09815587895849,True
213,HippocampusNorm,-89.41695907799846,True
213,RAVLT_immediate,139.07912633337585,True
213,EntorhinalNorm,359.0547457955638,True
213,MidTempNorm,-147.26582347110616,True
214,VentricleNorm,-152.49827993035228,True
214,ADAS13,-213.56045079614492,True
214,FusiformNorm,-57.886649056945416,True
214,ABETA,-354.6704107051887,True
214,TAU,-75.04684366726603,True
214,WholeBrainNorm,200.50407133985453,True
214,PTAU,171.78416120163308,True
214,MMSE,23.53572297420006,True
214,HippocampusNorm,162.75700654539986,True
214,RAVLT_immediate,98.27387887879074,True
214,EntorhinalNorm,407.6852392917474,True
214,MidTempNorm,-56.515015279988525,True
215,VentricleNorm,-197.72627867269094,True
215,ADAS13,-326.14197140485834,True
215,FusiformNorm,210.049388408001,True
215,ABETA,-355.15060232092185,True
215,TAU,-119.52170671578864,True
215,WholeBrainNorm,125.68039799694768,True
215,PTAU,-12.137715294926387,True
215,MMSE,47.58592929873968,True
215,HippocampusNorm,22.83204545788157,True
215,RAVLT_immediate,96.14423745601147,True
215,EntorhinalNorm,302.21612715722176,True
215,MidTempNorm,-148.8290353063217,True
216,VentricleNorm,-74.94146154407797,True
216,ADAS13,-286.48967835268996,True
216,FusiformNorm,61.1932240629817,True
216,ABETA,-664.4177961009045,True
216,TAU,-49.87393214769075,True
216,WholeBrainNorm,11.232728732492767,True
216,PTAU,530.5780197524441,True
216,MMSE,-2.61037785217432,True
216,HippocampusNorm,-160.26010535019992,True
216,RAVLT_immediate,384.7248081244869,True
216,EntorhinalNorm,506.47349112337895,True
216,MidTempNorm,-180.1751388554842,True
217,VentricleNorm,48.849410837648364,True
217,ADAS13,-209.94606708427256,True
217,FusiformNorm,-15.56473188246062,True
217,ABETA,182.066714488699,True
217,TAU,-88.0037910985939,True
217,WholeBrainNorm,59.904503641634356,True
217,PTAU,-160.09828335688317,True
217,MMSE,-46.50133311838386,True
217,HippocampusNorm,55.36935974622371,True
217,RAVLT_immediate,241.39676096766945,True
217,EntorhinalNorm,775.4754869682678,True
217,MidTempNorm,-108.44326221133649,True
218,VentricleNorm,-1.3909891210443845,True
218,ADAS13,-103.37743011477548,True
218,FusiformNorm,2.0498162806011493,True
218,ABETA,-548.5842487934297,True
218,TAU,-28.284547490997646,True
218,WholeBrainNorm,52.59190677252469,True
218,PTAU,160.80914065592688,True
218,MMSE,35.861669482441336,True
218,HippocampusNorm,-7.538595585146602,True
218,RAVLT_immediate,439.34469582259425,True
218,EntorhinalNorm,403.9015567895595,True
218,MidTempNorm,-15.632494295595833,True
219,VentricleNorm,-64.0541587905717,True
219,ADAS13,-283.8844821170572,True
219,FusiformNorm,142.89287214251607,True
219,ABETA,39.045944049950606,True
219,TAU,-89.18977361193541,True
219,WholeBrainNorm,28.150803168655948,True
219,PTAU,424.13218874157855,True
219,MMSE,13.687116952393964,True
219,HippocampusNorm,51.91971884770651,True
219,RAVLT_immediate,49.040625513826114,True
219,EntorhinalNorm,404.64408121963265,True
219,MidTempNorm,15.931642464796852,True
220,VentricleNorm,-81.61369072416838,True
220,ADAS13,-173.69131801610212,True
220,FusiformNorm,137.2540369562508,True
220,ABETA,-682.6200941915079,True
220,TAU,-143.05467126691093,True
220,WholeBrainNorm,-215.61733404279477,True
220,PTAU,-292.5255762782722,True
220,MMSE,40.53971444660299,True
220,HippocampusNorm,41.04467368823536,True
220,RAVLT_immediate,27.288145106454195,True
220,EntorhinalNorm,683.1917872700351,True
220,MidTempNorm,-12.891671601166777,True
221,VentricleNorm,-110.09124580781686,True
221,ADAS13,-179.38232873975397,True
221,FusiformNorm,-92.46304558357204,True
221,ABETA,-564.0264200232086,True
221,TAU,-101.21198202513175,True
221,WholeBrainNorm,-59.34999241202958,True
221,PTAU,270.8230093729994,True
221,MMSE,4.205269023339589,True
221,HippocampusNorm,59.20094494364016,True
221,RAVLT_immediate,259.7480624193297,True
221,EntorhinalNorm,318.08953722278306,True
221,MidTempNorm,-98.60045846722056,True
222,VentricleNorm,67.29814499025083,True
222,ADAS13,-276.66237020520134,True
222,FusiformNorm,24.269597213506692,True
222,ABETA,-320.3408860495118,True
222,TAU,-23.214201946451198,True
222,WholeBrainNorm,42.78987155183228,True
222,PTAU,-645.620212953299,True
222,MMSE,-85.48330271584754,True
222,HippocampusNorm,50.73727016290489,True
222,RAVLT_immediate,219.98879951618906,True
222,EntorhinalNorm,-149.9216814454603,True
222,MidTempNorm,46.57368368370898,True
223,VentricleNorm,29.861727893083653,True
223,ADAS13,-221.81205478369446,True
223,FusiformNorm,128.5730289130413,True
223,ABETA,-326.5764186957735,True
223,TAU,-43.459578420320234,True
223,WholeBrainNorm,-36.25906897754693,True
223,PTAU,-143.76455988538052,True
223,MMSE,53.588448169885254,True
223,HippocampusNorm,125.42453846867083,True
223,RAVLT_immediate,41.48931798168064,True
223,EntorhinalNorm,567.6540796399335,True
223,MidTempNorm,-119.47020477366961,True
224,VentricleNorm,-93.65799093739864,True
224,ADAS13,-271.63300460462386,True
224,FusiformNorm,149.15191194845931,True
224,ABETA,-149.4916255761233,True
224,TAU,-113.61586214581695,True
224,WholeBrainNorm,-51.62308347577682,True
224,PTAU,-304.8711374777903,True
224,MMSE,28.556777207841638,True
224,HippocampusNorm,108.64173112696241,True
224,RAVLT_immediate,215.0136880399224,True
224,EntorhinalNorm,597.741878270801,True
224,MidTempNorm,-4.60773292002321,True
225,VentricleNorm,114.34229702983298,True
225,ADAS13,-293.058458099025,True
225,FusiformNorm,13.595543865825128,True
225,ABETA,-343.8562578947858,True
225,TAU,-72.20735058796309,True
225,WholeBrainNorm,-37.03850855370439,True
225,PTAU,-302.1061408022158,True
225,MMSE,-14.805392945493455,True
225,HippocampusNorm,53.35693194498174,True
225,RAVLT_immediate,119.42577249188186,True
225,EntorhinalNorm,669.5770678158149,True
225,MidTempNorm,-139.34663450246035,True
226,VentricleNorm,-35.63772837470206,True
226,ADAS13,-145.59022929342404,True
226,FusiformNorm,40.655547977694695,True
226,ABETA,-507.47598961516076,True
226,TAU,-118.44100098669107,True
226,WholeBrainNorm,331.75676709251667,True
226,PTAU,-25.041447812903577,True
226,MMSE,41.24640770309354,True
226,HippocampusNorm,288.4700795714536,True
226,RAVLT_immediate,48.26359174031661,True
226,EntorhinalNorm,496.75072437484545,True
226,MidTempNorm,-178.53105483616162,True
227,VentricleNorm,-72.42689982191928,True
227,ADAS13,-331.3764951805648,True
227,FusiformNorm,62.29271933931953,True
227,ABETA,-458.2938976173632,True
227,TAU,-90.97277739811214,True
227,WholeBrainNorm,-64.83938834072995,True
227,PTAU,-182.3339631482996,True
227,MMSE,56.94768546749245,True
227,HippocampusNorm,164.52320365558307,True
227,RAVLT_immediate,356.53554308409775,True
227,EntorhinalNorm,9.934940907788757,True
227,MidTempNorm,-153.16904521402415,True
228,VentricleNorm,-220.33309255093485,True
228,ADAS13,-245.90409524090842,True
228,FusiformNorm,38.15089781933393,True
228,ABETA,-963.3431533701919,True
228,TAU,-66.36001444511524,True
228,WholeBrainNorm,-90.66303626438749,True
228,PTAU,385.8266850772332,True
228,MMSE,69.14331566990896,True
228,HippocampusNorm,19.11838175528375,True
228,RAVLT_immediate,102.00705432224694,True
228,EntorhinalNorm,750.2813280178184,True
228,MidTempNorm,-50.782492315732284,True
229,VentricleNorm,230.55280087566945,False
229,ADAS13,-286.5021515713919,False
229,FusiformNorm,227.38314762695495,False
229,ABETA,-466.7675752348326,False
229,TAU,-16.53410396123468,False
229,WholeBrainNorm,147.9663725436041,False
229,PTAU,14.595427361505926,False
229,MMSE,-48.41892392225965,False
229,HippocampusNorm,59.23740324202246,False
229,RAVLT_immediate,68.70255335854952,False
229,EntorhinalNorm,326.814417385967,False
229,MidTempNorm,-48.27240495747088,False
230,VentricleNorm,-128.06953179959123,True
230,ADAS13,-247.06464654904548,True
230,FusiformNorm,-68.00577972815064,True
230,ABETA,-32.365147230136074,True
230,TAU,-49.72855069034456,True
230,WholeBrainNorm,151.52488019492256,True
230,PTAU,54.139344491135546,True
230,MMSE,-25.688387978854916,True
230,HippocampusNorm,61.09960761025005,True
230,RAVLT_immediate,126.03530961259612,True
230,EntorhinalNorm,-1.081976114398401,True
230,MidTempNorm,-78.60868158299172,True
231,VentricleNorm,-145.88940788433007,True
231,ADAS13,-174.39698231366455,True
231,FusiformNorm,203.3677149769723,True
231,ABETA,-242.89641469452945,True
231,TAU,-179.39500418772883,True
231,WholeBrainNorm,46.64951066644292,True
231,PTAU,-9.167007030320299,True
231,MMSE,-51.24016122455059,True
231,HippocampusNorm,46.80205857512723,True
231,RAVLT_immediate,124.91031833760564,True
231,EntorhinalNorm,427.4886763611631,True
231,MidTempNorm,84.07630014509553,True
232,VentricleNorm,469.6270551361011,False
232,ADAS13,-208.13981480903402,False
232,FusiformNorm,80.83697863744305,False
232,ABETA,165.03434998131166,False
232,TAU,18.871525831309025,False
232,WholeBrainNorm,127.82660405663582,False
232,PTAU,-190.72148322762177,False
232,MMSE,-34.890074819584534,False
232,HippocampusNorm,54.110570465681086,False
232,RAVLT_immediate,73.73331085093781,False
232,EntorhinalNorm,843.4562508205978,False
232,MidTempNorm,-31.354590109494396,False
233,VentricleNorm,-261.78220839510425,True
233,ADAS13,-243.7466402723336,True
233,FusiformNorm,268.67138447871775,True
233,ABETA,-573.2161144692142,True
233,TAU,-189.1052141608152,True
233,WholeBrainNorm,5.6132773181143705,True
233,PTAU,25.042098479588926,True
233,MMSE,27.078815973284623,True
233,HippocampusNorm,202.6011246907259,True
233,RAVLT_immediate,92.61988084284917,True
233,EntorhinalNorm,319.2658404850851,True
233,MidTempNorm,-42.83659089893584,True
234,VentricleNorm,83.3163339514838,False
234,ADAS13,-236.16911705813047,False
234,FusiformNorm,116.13879830853878,False
234,ABETA,-305.57924805470174,False
234,TAU,12.824476062627934,False
234,WholeBrainNorm,170.4068059411917,False
234,PTAU,-369.27500762041444,False
234,MMSE,-26.351137896411473,False
234,HippocampusNorm,52.48159545887358,False
234,RAVLT_immediate,120.71270752855176,False
234,EntorhinalNorm,834.242851747963,False
234,MidTempNorm,-62.45841529523649,False
235,VentricleNorm,-18.913225746936085,True
235,ADAS13,-253.74313698415335,True
235,FusiformNorm,114.24248302409369,True
235,ABETA,-465.5857127813133,True
235,TAU,-81.63743534105704,True
235,WholeBrainNorm,233.64646686784704,True
235,PTAU,55.3385846362587,True
235,MMSE,-8.352061753062369,True
235,HippocampusNorm,57.261531353210266,True
235,RAVLT_immediate,84.00791491281035,True
235,EntorhinalNorm,411.56753020177655,True
235,MidTempNorm,21.615307176552548,True
236,VentricleNorm,-94.47366716959677,True
236,ADAS13,-285.80505396161385,True
236,FusiformNorm,50.20937081192243,True
236,ABETA,-184.8714726369313,True
236,TAU,-44.623093421955154,True
236,WholeBrainNorm,6.214901584463533,True
236,PTAU,-49.54073846323609,True
236,MMSE,-29.212048035993096,True
236,HippocampusNorm,42.543447030986336,True
236,RAVLT_immediate,-3.3052325885812763,True
236,EntorhinalNorm,155.90733899264632,True
236,MidTempNorm,-56.717804710321005,True
237,VentricleNorm,-218.18398847127963,True
237,ADAS13,-234.4957799888755,True
237,FusiformNorm,-18.293413601474114,True
237,ABETA,-537.1782821163787,True
237,TAU,-125.23590805301774,True
237,WholeBrainNorm,85.6680262461201,True
237,PTAU,138.32632547195578,True
237,MMSE,1.0520304663287163,True
237,HippocampusNorm,85.35661079037061,True
237,RAVLT_immediate,611.4784403589631,True
237,EntorhinalNorm,682.0666164572899,True
237,MidTempNorm,-62.5920232200708,True
238,VentricleNorm,-158.1672448881347,False
238,ADAS13,-299.6562709762721,False
238,FusiformNorm,-215.9253485445417,False
238,ABETA,104.13721429446467,False
238,TAU,24.493928164403684,False
238,WholeBrainNorm,53.22220112552946,False
238,PTAU,34.67443191851902,False
238,MMSE,-97.88145619436247,False
238,HippocampusNorm,47.85332275631925,False
238,RAVLT_immediate,98.90497092023045,False
238,EntorhinalNorm,658.2070240386965,False
238,MidTempNorm,-21.79711485216467,False
239,VentricleNorm,479.38909771174247,False
239,ADAS13,-309.75637189832116,False
239,FusiformNorm,-102.65467449306267,False
239,ABETA,-794.6936708782005,False
239,TAU,-15.717342146666489,False
239,WholeBrainNorm,191.29217869442118,False
239,PTAU,-92.67028342155393,False
239,MMSE,-65.16643792294666,False
239,HippocampusNorm,52.64105117637486,False
239,RAVLT_immediate,11.91924456525605,False
239,EntorhinalNorm,174.2669691414215,False
239,MidTempNorm,-185.83201220033828,False
240,VentricleNorm,-139.00958492454902,True
240,ADAS13,-154.1542496191458,True
240,FusiformNorm,89.53088077452934,True
240,ABETA,-175.4247022560559,True
240,TAU,-87.25690807381712,True
240,WholeBrainNorm,10.935867660713058,True
240,PTAU,-274.132663220919,True
240,MMSE,-70.23869642670627,True
240,HippocampusNorm,51.73001019170328,True
240,RAVLT_immediate,100.25425564470603,True
240,EntorhinalNorm,621.6351605334769,True
240,MidTempNorm,-165.03626350768738,True
241,VentricleNorm,65.08756875420015,True
241,ADAS13,-299.32075369612375,True
241,FusiformNorm,-26.171541248373202,True
241,ABETA,-204.9594214355377,True
241,TAU,-120.50235659798565,True
241,WholeBrainNorm,-67.2909366120973,True
241,PTAU,-7.544595701540821,True
241,MMSE,50.38668827845798,True
241,HippocampusNorm,-6.036370729468757,True
241,RAVLT_immediate,99.11633494680908,True
241,EntorhinalNorm,339.28222324910405,True
241,MidTempNorm,-17.760905257315763,True
242,VentricleNorm,101.43853401579433,True
242,ADAS13,-108.75449773487566,True
242,FusiformNorm,-137.15260204354914,True
242,ABETA,-271.1791492037745,True
242,TAU,-49.89016325607908,True
242,WholeBrainNorm,-22.323326624288782,True
242,PTAU,185.19847562409424,True
242,MMSE,9.652142647524627,True
242,HippocampusNorm,161.5350880680307,True
242,RAVLT_immediate,297.7024281608224,True
242,EntorhinalNorm,133.60160500964943,True
242,MidTempNorm,-56.933780974745126,True
243,VentricleNorm,-134.96580196704485,True
243,ADAS13,-166.62614794852783,True
243,FusiformNorm,-115.65864116135722,True
243,ABETA,-368.44451453702754,True
243,TAU,-126.77438089123393,True
243,WholeBrainNorm,163.8842740250655,True
243,PTAU,-309.33439385400817,True
243,MMSE,-79.68617596494428,True
243,HippocampusNorm,56.70869762892033,True
243,RAVLT_immediate,141.9230289163413,True
243,EntorhinalNorm,623.9733686192639,True
243,MidTempNorm,-99.64335736958878,True
244,VentricleNorm,-165.39522607964795,True
244,ADAS13,-260.59083818895726,True
244,FusiformNorm,327.05549040154824,True
244,ABETA,-1019.4489749271972,True
244,TAU,-132.30666649488126,True
244,WholeBrainNorm,258.99018975898156,True
244,PTAU,493.0431499510129,True
244,MMSE,-89.41720035164498,True
244,HippocampusNorm,45.75891772489462,True
244,RAVLT_immediate,185.5781428752021,True
244,EntorhinalNorm,384.4121014614266,True
244,MidTempNorm,-11.44021271685277,True
245,VentricleNorm,83.99032345426902,True
245,ADAS13,-253.45617528640997,True
245,FusiformNorm,74.9180310266105,True
245,ABETA,-196.94862485497785,True
245,TAU,64.20848499188442,True
245,WholeBrainNorm,-38.274931186640416,True
245,PTAU,86.47556126662384,True
245,MMSE,47.30590521207609,True
245,HippocampusNorm,68.19907441067728,True
245,RAVLT_immediate,775.9017779730989,True
245,EntorhinalNorm,174.81676810146917,True
245,MidTempNorm,-68.77285169299846,True
246,VentricleNorm,24.71433601066994,True
246,ADAS13,-220.0534576514131,True
246,FusiformNorm,-157.78342324120754,True
246,ABETA,-338.42534482025064,True
246,TAU,-52.42778697596162,True
246,WholeBrainNorm,289.0860351607888,True
246,PTAU,-251.7093087295081,True
246,MMSE,44.737894445175755,True
246,HippocampusNorm,59.48974753665869,True
246,RAVLT_immediate,213.10417960473686,True
246,EntorhinalNorm,729.1386219013922,True
246,MidTempNorm,0.6903470403846796,True
247,VentricleNorm,-48.529622794827326,True
247,ADAS13,-225.0042179416173,True
247,FusiformNorm,-54.3691609491146,True
247,ABETA,-585.1462790543483,True
247,TAU,-14.849834065701991,True
247,WholeBrainNorm,113.17028481696556,True
247,PTAU,-178.90478459450316,True
247,MMSE,-16.95682383446048,True
247,HippocampusNorm,56.980985901084765,True
247,RAVLT_immediate,350.4875338298807,True
247,EntorhinalNorm,463.5938882036419,True
247,MidTempNorm,-177.3485345022914,True
248,VentricleNorm,-214.17472925900262,True
248,ADAS13,-248.36937786209018,True
248,FusiformNorm,279.89849351877115,True
248,ABETA,-230.25346722412996,True
248,TAU,-97.19258618458568,True
248,WholeBrainNorm,-66.09496733250836,True
248,PTAU,-171.0243063786793,True
248,MMSE,36.33292204084428,True
248,HippocampusNorm,52.55546191268518,True
248,RAVLT_immediate,126.84104269108265,True
248,EntorhinalNorm,45.9102193701321,True
248,MidTempNorm,-29.56511045968515,True
249,VentricleNorm,-28.24886659055626,False
249,ADAS13,-354.26317011428756,False
249,FusiformNorm,302.0176164858428,False
249,ABETA,-660.2421850062533,False
249,TAU,28.615396706156837,False
249,WholeBrainNorm,192.23637414040604,False
249,PTAU,32.69584618082956,False
249,MMSE,-36.521029335909724,False
249,HippocampusNorm,50.470450953756725,False
249,RAVLT_immediate,222.03122166287022,False
249,EntorhinalNorm,209.30303897205846,False
249,MidTempNorm,-71.0100460470516,False
250,VentricleNorm,-51.17768763771373,True
250,ADAS13,-186.71009766599659,True
250,FusiformNorm,107.37693431076221,True
250,ABETA,-626.057164906505,True
250,TAU,-47.16951043200445,True
250,WholeBrainNorm,14.097135025888534,True
250,PTAU,-38.084794117541115,True
250,MMSE,34.12419146854245,True
250,HippocampusNorm,-140.60471009966312,True
250,RAVLT_immediate,1264.3895101884173,True
250,EntorhinalNorm,206.68229030680226,True
250,MidTempNorm,-43.95550182724149,True
251,VentricleNorm,72.2166378605094,False
251,ADAS13,-244.2208647741594,False
251,FusiformNorm,152.5430191359555,False
251,ABETA,-602.7589675403833,False
251,TAU,14.43906368981549,False
251,WholeBrainNorm,46.42194832085587,False
251,PTAU,-438.1470855813993,False
251,MMSE,-66.44941317325147,False
251,HippocampusNorm,46.085458946619646,False
251,RAVLT_immediate,158.59485460754763,False
251,EntorhinalNorm,584.1425109728588,False
251,MidTempNorm,-124.55487134996605,False
252,VentricleNorm,-40.1203176808218,True
252,ADAS13,-126.5671932355267,True
252,FusiformNorm,204.48520186677655,True
252,ABETA,-98.14691489674289,True
252,TAU,-112.03096518004084,True
252,WholeBrainNorm,13.568273013913277,True
252,PTAU,443.9051706325639,True
252,MMSE,-63.53674703958886,True
252,HippocampusNorm,46.19691426147484,True
252,RAVLT_immediate,79.40973556062343,True
252,EntorhinalNorm,558.9100741166961,True
252,MidTempNorm,-120.9793084924118,True
253,VentricleNorm,64.89609712404838,False
253,ADAS13,-271.08289156316835,False
253,FusiformNorm,115.01937980167082,False
253,ABETA,717.7021047500291,False
253,TAU,4.069393544728522,False
253,WholeBrainNorm,-146.789319869697,False
253,PTAU,-265.3096219150349,False
253,MMSE,-52.999107845331125,False
253,HippocampusNorm,56.558180060976056,False
253,RAVLT_immediate,161.10521482132307,False
253,EntorhinalNorm,501.0400414151111,False
253,MidTempNorm,-101.46180036559655,False
254,VentricleNorm,-13.857290224288995,True
254,ADAS13,-265.6838994282871,True
254,FusiformNorm,62.231687544343835,True
254,ABETA,-299.5891576181303,True
254,TAU,-70.41441218026364,True
254,WholeBrainNorm,-76.99761903653756,True
254,PTAU,181.10212859410703,True
254,MMSE,-6.950015713131592,True
254,HippocampusNorm,51.78204410212671,True
254,RAVLT_immediate,99.67943562178353,True
254,EntorhinalNorm,436.0041992864559,True
254,MidTempNorm,-118.37745077934765,True
255,VentricleNorm,372.446626874313,False
255,ADAS13,-317.8728618240032,False
255,FusiformNorm,54.057501569848625,False
255,ABETA,105.82598720036447,False
255,TAU,19.087546492962055,False
255,WholeBrainNorm,52.60493373145756,False
255,PTAU,-216.34831369901215,False
255,MMSE,14.421247783572824,False
255,HippocampusNorm,56.13540169106139,False
255,RAVLT_immediate,78.60825999091183,False
255,EntorhinalNorm,772.1227135053382,False
255,MidTempNorm,30.955193267838695,False
256,VentricleNorm,83.66418859211915,True
256,ADAS13,-65.28233620830878,True
256,FusiformNorm,70.26447344600798,True
256,ABETA,-153.65486923014745,True
256,TAU,-84.46819134183521,True
256,WholeBrainNorm,250.12035113851374,True
256,PTAU,-200.02842476073366,True
256,MMSE,-71.97276942039002,True
256,HippocampusNorm,50.19227972507349,True
256,RAVLT_immediate,54.093110179639964,True
256,EntorhinalNorm,419.119559418416,True
256,MidTempNorm,-57.948340073127255,True
257,VentricleNorm,-161.5638598458251,True
257,ADAS13,-125.06846173095842,True
257,FusiformNorm,-151.33217535403648,True
257,ABETA,-393.3888124471066,True
257,TAU,-52.74091529503436,True
257,WholeBrainNorm,70.4512639762087,True
257,PTAU,-639.9701187510703,True
257,MMSE,-65.13190107607203,True
257,HippocampusNorm,57.9539165466282,True
257,RAVLT_immediate,143.9255833935777,True
257,EntorhinalNorm,428.02665208458484,True
257,MidTempNorm,-65.27988820891872,True
258,VentricleNorm,-157.40008399556518,True
258,ADAS13,-296.42830437620887,True
258,FusiformNorm,62.493838739437,True
258,ABETA,165.77354244094917,True
258,TAU,1.6551939870541648,True
258,WholeBrainNorm,-28.375304148327032,True
258,PTAU,-143.2831984302358,True
258,MMSE,-28.360399713582993,True
258,HippocampusNorm,60.573398122044864,True
258,RAVLT_immediate,3.4481347049442945,True
258,EntorhinalNorm,308.1603742886188,True
258,MidTempNorm,-134.15079973772208,True
259,VentricleNorm,-109.13193602381817,True
259,ADAS13,-156.88604352367713,True
259,FusiformNorm,168.8936703699852,True
259,ABETA,-754.1734929408756,True
259,TAU,-60.33397054421309,True
259,WholeBrainNorm,6.510950433654287,True
259,PTAU,117.37530821515799,True
259,MMSE,22.8610691287357,True
259,HippocampusNorm,55.24655281087131,True
259,RAVLT_immediate,80.10865546312215,True
259,EntorhinalNorm,303.69779747310554,True
259,MidTempNorm,19.31144734449626,True
260,VentricleNorm,-56.13569261567242,True
260,ADAS13,-247.75563204220333,True
260,FusiformNorm,202.28962767252526,True
260,ABETA,-268.6279304731062,True
260,TAU,-49.766374296239604,True
260,WholeBrainNorm,52.31639046632606,True
260,PTAU,-274.1189741138715,True
260,MMSE,-39.51587133195461,True
260,HippocampusNorm,61.86707142282075,True
260,RAVLT_immediate,245.93825557529175,True
260,EntorhinalNorm,551.1750132856546,True
260,MidTempNorm,-127.30518198533306,True
261,VentricleNorm,-123.7427272484456,True
261,ADAS13,-356.28793203364455,True
261,FusiformNorm,123.04344355481021,True
261,ABETA,-279.8548704972204,True
261,TAU,-125.44624217230361,True
261,WholeBrainNorm,197.28952598364071,True
261,PTAU,-86.43865064523843,True
261,MMSE,-2.7489023992574992,True
261,HippocampusNorm,-142.64556934260622,True
261,RAVLT_immediate,167.33239403202504,True
261,EntorhinalNorm,351.25145049828876,True
261,MidTempNorm,-153.04920755634254,True
262,VentricleNorm,94.5192343265554,True
262,ADAS13,-279.1085687463016,True
262,FusiformNorm,263.7472358670519,True
262,ABETA,-121.72782983620365,True
262,TAU,-83.40948564813183,True
262,WholeBrainNorm,57.84160537347379,True
262,PTAU,82.15234546778362,True
262,MMSE,36.44149166180361,True
262,HippocampusNorm,160.5222016793628,True
262,RAVLT_immediate,242.48673231826,True
262,EntorhinalNorm,690.9674308252457,True
262,MidTempNorm,-183.16793106007913,True
263,VentricleNorm,20.6508403436263,True
263,ADAS13,-355.6510288123479,True
263,FusiformNorm,11.034466026061565,True
263,ABETA,-270.4192078451568,True
263,TAU,6.615876379203144,True
263,WholeBrainNorm,102.54898080140437,True
263,PTAU,-126.56124134818938,True
263,MMSE,-50.84269326297286,True
263,HippocampusNorm,45.657640873442276,True
263,RAVLT_immediate,214.5489283285197,True
263,EntorhinalNorm,612.1059427254053,True
263,MidTempNorm,39.938624002839404,True
264,VentricleNorm,-278.25108300146104,True
264,ADAS13,-293.74859591178523,True
264,FusiformNorm,53.068249334069485,True
264,ABETA,-218.802767542596,True
264,TAU,-10.746634021049942,True
264,WholeBrainNorm,88.1413712830546,True
264,PTAU,-35.49794655016017,True
264,MMSE,-51.14741452624377,True
264,HippocampusNorm,55.889897645067194,True
264,RAVLT_immediate,229.33148627065205,True
264,EntorhinalNorm,520.1889635231961,True
264,MidTempNorm,-40.718885435661875,True
265,VentricleNorm,-224.34783186536015,True
265,ADAS13,-232.96087689810105,True
265,FusiformNorm,-9.439096616404981,True
265,ABETA,-328.58693280174083,True
265,TAU,-76.38177996858971,True
265,WholeBrainNorm,-96.68866196906619,True
265,PTAU,321.5170895411666,True
265,MMSE,-39.13657733586895,True
265,HippocampusNorm,42.03929476509899,True
265,RAVLT_immediate,153.67690158018794,True
265,EntorhinalNorm,350.2004586223548,True
265,MidTempNorm,-19.55138602961179,True
266,VentricleNorm,-85.88229898830171,True
266,ADAS13,-115.07932292560442,True
266,FusiformNorm,85.7549468456188,True
266,ABETA,-809.9699835638748,True
266,TAU,-180.35334420270476,True
266,WholeBrainNorm,51.106058707514116,True
266,PTAU,525.7957930731231,True
266,MMSE,80.99518256814423,True
266,HippocampusNorm,67.76075053235242,True
266,RAVLT_immediate,176.91122730482195,True
266,EntorhinalNorm,586.5209258069456,True
266,MidTempNorm,26.525804761303235,True
267,VentricleNorm,157.91356489014223,False
267,ADAS13,-317.1241750993565,False
267,FusiformNorm,118.50034038606648,False
267,ABETA,-112.40846432570669,False
267,TAU,-15.382286242453247,False
267,WholeBrainNorm,-20.815389717643583,False
267,PTAU,-331.5944372012023,False
267,MMSE,-43.7193783906376,False
267,HippocampusNorm,57.86977213063777,False
267,RAVLT_immediate,57.204540701224104,False
267,EntorhinalNorm,461.32792517023796,False
267,MidTempNorm,-84.58161980837725,False
268,VentricleNorm,24.93771823387489,True
268,ADAS13,-232.7263716796586,True
268,FusiformNorm,-59.658300287679594,True
268,ABETA,136.69947185910632,True
268,TAU,22.347899751225356,True
268,WholeBrainNorm,-89.96593231877465,True
268,PTAU,-237.44912030685873,True
268,MMSE,-68.69086257554284,True
268,HippocampusNorm,58.52366774254413,True
268,RAVLT_immediate,74.25685620831936,True
268,EntorhinalNorm,414.19239674911677,True
268,MidTempNorm,-136.67979620752538,True
269,VentricleNorm,67.48419240739663,True
269,ADAS13,-289.6730566973698,True
269,FusiformNorm,95.94963922265666,True
269,ABETA,228.23875702618426,True
269,TAU,-104.48040581367515,True
269,WholeBrainNorm,155.14957474261305,True
269,PTAU,232.19317269856649,True
269,MMSE,42.15263714052182,True
269,HippocampusNorm,45.70177154684614,True
269,RAVLT_immediate,1020.4544711959072,True
269,EntorhinalNorm,663.869538736576,True
269,MidTempNorm,-70.42929216971217,True
270,VentricleNorm,-204.47341429150867,True
270,ADAS13,-200.0193394608858,True
270,FusiformNorm,127.5960374777698,True
270,ABETA,-856.9318527493899,True
270,TAU,-56.37256676797304,True
270,WholeBrainNorm,-17.36771821169401,True
270,PTAU,-403.83287492062414,True
270,MMSE,-42.555569797842445,True
270,HippocampusNorm,57.43769606493615,True
270,RAVLT_immediate,-35.82242665335161,True
270,EntorhinalNorm,599.1210743013047,True
270,MidTempNorm,-32.3951877765598,True
271,VentricleNorm,-14.787908789891617,True
271,ADAS13,-179.46343898786705,True
271,FusiformNorm,-76.34754812788682,True
271,ABETA,-492.2893244692475,True
271,TAU,-69.28890828756573,True
271,WholeBrainNorm,213.58392772393705,True
271,PTAU,71.8826046635601,True
271,MMSE,27.924464195119402,True
271,HippocampusNorm,3.5945863282492745,True
271,RAVLT_immediate,392.31109209946743,True
271,EntorhinalNorm,359.12994762025437,True
271,MidTempNorm,-97.96654207428492,True
272,VentricleNorm,-22.664465436585246,True
272,ADAS13,-213.1174624599541,True
272,FusiformNorm,-208.45962615836706,True
272,ABETA,-629.1948174126794,True
272,TAU,-77.61312448867704,True
272,WholeBrainNorm,273.0773570217903,True
272,PTAU,296.79826477886024,True
272,MMSE,76.2759136981182,True
272,HippocampusNorm,-90.31196683290972,True
272,RAVLT_immediate,1053.771936507615,True
272,EntorhinalNorm,9.004059910337702,True
272,MidTempNorm,-161.90086567123808,True
273,VentricleNorm,-22.587497772201573,True
273,ADAS13,-293.3319470715093,True
273,FusiformNorm,15.520065918443443,True
273,ABETA,-544.1713157654727,True
273,TAU,-20.808534409231726,True
273,WholeBrainNorm,287.0688505321649,True
273,PTAU,69.08724361613902,True
273,MMSE,16.985168788033896,True
273,HippocampusNorm,51.54287709589089,True
273,RAVLT_immediate,18.634375747504805,True
273,EntorhinalNorm,445.3087262463479,True
273,MidTempNorm,-93.16215322999429,True
274,VentricleNorm,195.4639253298195,False
274,ADAS13,-262.58917339217857,False
274,FusiformNorm,-24.42042996355581,False
274,ABETA,117.60569133083541,False
274,TAU,32.1010652262694,False
274,WholeBrainNorm,218.55949337403132,False
274,PTAU,-388.8641370480235,False
274,MMSE,-50.99402747857053,False
274,HippocampusNorm,62.44518789658745,False
274,RAVLT_immediate,184.98258144976197,False
274,EntorhinalNorm,533.8676742519513,False
274,MidTempNorm,39.35604439621723,False
275,VentricleNorm,-159.58980522827818,True
275,ADAS13,-301.53990893270577,True
275,FusiformNorm,194.0988118488597,True
275,ABETA,-481.8891085870555,True
275,TAU,-125.98850193029544,True
275,WholeBrainNorm,174.4478061114901,True
275,PTAU,21.84235224616993,True
275,MMSE,60.569003688520255,True
275,HippocampusNorm,51.46169159810736,True
275,RAVLT_immediate,174.14069745572286,True
275,EntorhinalNorm,547.5763042644628,True
275,MidTempNorm,-116.41418706104167,True
276,VentricleNorm,-104.72418907398652,True
276,ADAS13,-380.5767943991219,True
276,FusiformNorm,102.68117666282049,True
276,ABETA,-626.2083009799312,True
276,TAU,-102.43972588486207,True
276,WholeBrainNorm,61.38700997515407,True
276,PTAU,113.57280057193222,True
276,MMSE,5.470706363011388,True
276,HippocampusNorm,58.129263495165176,True
276,RAVLT_immediate,154.410499068019,True
276,EntorhinalNorm,700.0003414379386,True
276,MidTempNorm,-201.29219044868387,True
277,VentricleNorm,-77.40305482364464,True
277,ADAS13,-205.6773811468581,True
277,FusiformNorm,153.81600688540448,True
277,ABETA,-566.8085338014579,True
277,TAU,-132.5525149896512,True
277,WholeBrainNorm,140.26901362926318,True
277,PTAU,-196.1926941118229,True
277,MMSE,-74.64325309353602,True
277,HippocampusNorm,52.64481592636932,True
277,RAVLT_immediate,65.79471023649393,True
277,EntorhinalNorm,358.26939055540424,True
277,MidTempNorm,-261.26801898860367,True
278,VentricleNorm,-82.84609836271908,True
278,ADAS13,-146.1059777011468,True
278,FusiformNorm,-23.895960410460674,True
278,ABETA,-762.8564463475568,True
278,TAU,-61.791259914748885,True
278,WholeBrainNorm,73.52289720667397,True
278,PTAU,-21.411657148764938,True
278,MMSE,10.171218982947742,True
278,HippocampusNorm,50.43682519235192,True
278,RAVLT_immediate,119.39406329561555,True
278,EntorhinalNorm,604.2559237218264,True
278,MidTempNorm,-98.36453062450457,True
279,VentricleNorm,-174.37168687312118,True
279,ADAS13,-271.8038466842334,True
279,FusiformNorm,96.16229864871329,True
279,ABETA,-457.2465983773146,True
279,TAU,-105.18563850841156,True
279,WholeBrainNorm,-35.67541451877159,True
279,PTAU,-75.216400271943,True
279,MMSE,-19.74043372536806,True
279,HippocampusNorm,27.67708520673861,True
279,RAVLT_immediate,162.09692139602438,True
279,EntorhinalNorm,632.1864358427231,True
279,MidTempNorm,-15.885649333526601,True
280,VentricleNorm,393.8954254380113,False
280,ADAS13,-366.9524948578704,False
280,FusiformNorm,-194.69397068646248,False
280,ABETA,-295.17874852391964,False
280,TAU,10.108086853411008,False
280,WholeBrainNorm,43.42508213354242,False
280,PTAU,44.479916142109744,False
280,MMSE,-53.68796124281873,False
280,HippocampusNorm,56.21088838580458,False
280,RAVLT_immediate,185.1441857708891,False
280,EntorhinalNorm,463.32386335995767,False
280,MidTempNorm,-78.90386744261397,False
281,VentricleNorm,-150.23683302198265,True
281,ADAS13,-221.2047270604014,True
281,FusiformNorm,67.70568591637962,True
281,ABETA,-457.12086952578375,True
281,TAU,-133.97877654823014,True
281,WholeBrainNorm,-84.87893167663928,True
281,PTAU,114.39937302384546,True
281,MMSE,34.80042723363343,True
281,HippocampusNorm,56.80690772022775,True
281,RAVLT_immediate,27.690185565931515,True
281,EntorhinalNorm,780.3377333240855,True
281,MidTempNorm,-34.538843949620755,True
282,VentricleNorm,65.97516645685714,True
282,ADAS13,-268.6544257519082,True
282,FusiformNorm,-2.718470541384548,True
282,ABETA,-173.5788287987225,True
282,TAU,-82.01894373638441,True
282,WholeBrainNorm,-8.928599338371953,True
282,PTAU,-211.77242244000672,True
282,MMSE,56.143630066370065,True
282,HippocampusNorm,136.80779050838967,True
282,RAVLT_immediate,152.99613651620055,True
282,EntorhinalNorm,575.9583233019198,True
282,MidTempNorm,-25.70886825683057,True
283,VentricleNorm,-21.377332897881217,False
283,ADAS13,-310.1291264237874,False
283,FusiformNorm,110.0928637642816,False
283,ABETA,77.31602901971563,False
283,TAU,-11.946911123069349,False
283,WholeBrainNorm,-85.47658246863186,False
283,PTAU,-183.6432599999751,False
283,MMSE,-45.80271491561152,False
283,HippocampusNorm,53.57400938589113,False
283,RAVLT_immediate,171.86499068194905,False
283,EntorhinalNorm,200.8149477832942,False
283,MidTempNorm,70.20338223230732,False
284,VentricleNorm,-19.400298376809424,True
284,ADAS13,-242.54738579235584,True
284,FusiformNorm,156.1382932477516,True
284,ABETA,-267.0956940633746,True
284,TAU,-151.12714760070963,True
284,WholeBrainNorm,-111.72534405960873,True
284,PTAU,-36.84730217832466,True
284,MMSE,47.69144269850561,True
284,HippocampusNorm,48.82954369865711,True
284,RAVLT_immediate,506.6696439359803,True
284,EntorhinalNorm,-298.0090506837903,True
284,MidTempNorm,-144.97916626430984,True
285,VentricleNorm,63.57074434793803,True
285,ADAS13,-266.8411191842955,True
285,FusiformNorm,419.4356862361941,True
285,ABETA,-314.6025821931372,True
285,TAU,-69.06532374128768,True
285,WholeBrainNorm,-94.68613168811056,True
285,PTAU,196.05016604790836,True
285,MMSE,59.93159895558836,True
285,HippocampusNorm,54.20489144329361,True
285,RAVLT_immediate,-34.34329963575675,True
285,EntorhinalNorm,364.67472791628865,True
285,MidTempNorm,25.76450080864886,True
286,VentricleNorm,-73.38244324975992,True
286,ADAS13,-166.2074913783839,True
286,FusiformNorm,103.45552471347904,True
286,ABETA,-528.4121732203762,True
286,TAU,-155.58664718287446,True
286,WholeBrainNorm,148.81909040555388,True
286,PTAU,30.23425285018226,True
286,MMSE,-82.97665813052384,True
286,HippocampusNorm,67.39595009024984,True
286,RAVLT_immediate,116.77626968960803,True
286,EntorhinalNorm,417.55272156560477,True
286,MidTempNorm,-152.49101862104192,True
287,VentricleNorm,50.15392786291969,True
287,ADAS13,-241.6956896781458,True
287,FusiformNorm,95.79051506792092,True
287,ABETA,-564.2208752578712,True
287,TAU,-137.14648455737762,True
287,WholeBrainNorm,142.5885794953012,True
287,PTAU,77.51317751510864,True
287,MMSE,30.665894559661375,True
287,HippocampusNorm,46.265829460158045,True
287,RAVLT_immediate,92.93399726993059,True
287,EntorhinalNorm,82.13511404279433,True
287,MidTempNorm,-74.75123079056834,True
288,VentricleNorm,-102.40085004818394,True
288,ADAS13,-263.56718836267095,True
288,FusiformNorm,230.7838854929983,True
288,ABETA,-147.53796953236215,True
288,TAU,-145.76089994926625,True
288,WholeBrainNorm,-31.187892654202244,True
288,PTAU,629.8689654764964,True
288,MMSE,42.211110894187975,True
288,HippocampusNorm,64.99107384445007,True
288,RAVLT_immediate,96.43879617686585,True
288,EntorhinalNorm,670.7715000937053,True
288,MidTempNorm,-2.7756202455351087,True
289,VentricleNorm,-261.7603428939153,True
289,ADAS13,-101.86020956080668,True
289,FusiformNorm,158.654385658681,True
289,ABETA,-554.7547688927616,True
289,TAU,-38.570540778122975,True
289,WholeBrainNorm,-49.058824405158745,True
289,PTAU,243.49369730985856,True
289,MMSE,27.691638783336828,True
289,HippocampusNorm,187.5772243897503,True
289,RAVLT_immediate,232.60791828466057,True
289,EntorhinalNorm,236.98451114361686,True
289,MidTempNorm,-115.54707091797567,True
290,VentricleNorm,-98.05658693693694,True
290,ADAS13,-224.38360183652986,True
290,FusiformNorm,-47.116867037125786,True
290,ABETA,-1014.844152410742,True
290,TAU,-5.166899581986513,True
290,WholeBrainNorm,31.241905694794184,True
290,PTAU,-198.2263218499943,True
290,MMSE,-7.313431736794577,True
290,HippocampusNorm,51.54158062156513,True
290,RAVLT_immediate,251.14791095663043,True
290,EntorhinalNorm,494.1730641733669,True
290,MidTempNorm,17.5883273922865,True
291,VentricleNorm,-175.10151104142173,True
291,ADAS13,-212.6464349724359,True
291,FusiformNorm,243.8079749970335,True
291,ABETA,-308.409746615461,True
291,TAU,-43.739245044099206,True
291,WholeBrainNorm,350.3157427540778,True
291,PTAU,29.00229837417311,True
291,MMSE,3.0985468120496336,True
291,HippocampusNorm,50.94201955565976,True
291,RAVLT_immediate,34.65487106195667,True
291,EntorhinalNorm,283.42797878630205,True
291,MidTempNorm,-62.10617161215565,True
292,VentricleNorm,-93.10586713161811,True
292,ADAS13,-350.9137548924315,True
292,FusiformNorm,64.42164615970147,True
292,ABETA,-124.13169656013613,True
292,TAU,-13.997575378390422,True
292,WholeBrainNorm,269.9560728551947,True
292,PTAU,-44.051861721956264,True
292,MMSE,49.35060558491537,True
292,HippocampusNorm,53.95711407157514,True
292,RAVLT_immediate,189.06385833474542,True
292,EntorhinalNorm,721.9831181441691,True
292,MidTempNorm,-92.22267572473973,True
293,VentricleNorm,106.94377332130956,True
293,ADAS13,-254.4955744017439,True
293,FusiformNorm,-82.40540071453944,True
293,ABETA,128.28032301412622,True
293,TAU,-155.2547540186735,True
293,WholeBrainNorm,-66.11545038129063,True
293,PTAU,420.782308181268,True
293,MMSE,34.317465025830906,True
293,HippocampusNorm,-159.90823774108094,True
293,RAVLT_immediate,255.78919184800145,True
293,EntorhinalNorm,677.4499864912982,True
293,MidTempNorm,-176.17922248926658,True
294,VentricleNorm,-32.64972880373956,True
294,ADAS13,-147.12221448343928,True
294,FusiformNorm,181.11976890427206,True
294,ABETA,-436.2074373166455,True
294,TAU,-45.122595956793944,True
294,WholeBrainNorm,14.833511757212392,True
294,PTAU,-237.52594760324797,True
294,MMSE,-1.230933987377444,True
294,HippocampusNorm,-38.65707402116162,True
294,RAVLT_immediate,90.33652835270593,True
294,EntorhinalNorm,861.8744398854935,True
294,MidTempNorm,-114.59177364159211,True
295,VentricleNorm,-11.087331881344355,True
295,ADAS13,-168.95605321923148,True
295,FusiformNorm,209.0320271756958,True
295,ABETA,-109.12616499875537,True
295,TAU,-67.79623490576509,True
295,WholeBrainNorm,-142.45664517437518,True
295,PTAU,114.0297702167127,True
295,MMSE,-41.64616167268048,True
295,HippocampusNorm,58.94389847963232,True
295,RAVLT_immediate,5.515672317237602,True
295,EntorhinalNorm,491.04635605477716,True
295,MidTempNorm,-73.01550001838083,True
296,VentricleNorm,-167.23318156546247,True
296,ADAS13,-124.79331910727663,True
296,FusiformNorm,268.70770404368807,True
296,ABETA,-113.02125076914183,True
296,TAU,-118.27184657439454,True
296,WholeBrainNorm,73.83782555266515,True
296,PTAU,82.46459495756665,True
296,MMSE,6.400969943831356,True
296,HippocampusNorm,-56.35172552729075,True
296,RAVLT_immediate,986.2509415809311,True
296,EntorhinalNorm,417.5660601011006,True
296,MidTempNorm,-71.48790461079199,True
297,VentricleNorm,-107.12432011435226,True
297,ADAS13,-165.52409977185243,True
297,FusiformNorm,172.2894042367317,True
297,ABETA,-699.4753040191374,True
297,TAU,-15.337931057444923,True
297,WholeBrainNorm,258.5707451779159,True
297,PTAU,-261.8701915106097,True
297,MMSE,-49.259003957617736,True
297,HippocampusNorm,55.45837569381052,True
297,RAVLT_immediate,145.4011061250244,True
297,EntorhinalNorm,583.8370561370178,True
297,MidTempNorm,-89.76117744093965,True
298,VentricleNorm,136.991223937428,False
298,ADAS13,-237.4932631513609,False
298,FusiformNorm,-57.99042742636563,False
298,ABETA,35.041173467082174,False
298,TAU,-23.12667016232727,False
298,WholeBrainNorm,241.44260553305685,False
298,PTAU,-427.13534010573983,False
298,MMSE,-72.38430523377197,False
298,HippocampusNorm,46.32078771871513,False
298,RAVLT_immediate,159.34770352764662,False
298,EntorhinalNorm,544.6268423597116,False
298,MidTempNorm,-79.05102730856837,False
299,VentricleNorm,-87.15341296259709,True
299,ADAS13,-223.39469193542755,True
299,FusiformNorm,82.47991465876007,True
299,ABETA,-70.36937995806215,True
299,TAU,-195.94766879864488,True
299,WholeBrainNorm,-67.76391350484464,True
299,PTAU,-53.01835799398609,True
299,MMSE,40.28223360808427,True
299,HippocampusNorm,61.23160808617436,True
299,RAVLT_immediate,176.19150132534577,True
299,EntorhinalNorm,466.475887619581,True
299,MidTempNorm,-44.15094335863754,True
300,VentricleNorm,-87.32008939519024,False
300,ADAS13,-321.772541404805,False
300,FusiformNorm,-173.20464451662474,False
300,ABETA,-410.5052726723909,False
300,TAU,20.45226009310154,False
300,WholeBrainNorm,201.4460664246598,False
300,PTAU,-403.8922799670395,False
300,MMSE,-14.32577255314687,False
300,HippocampusNorm,50.019450498918346,False
300,RAVLT_immediate,143.39436759074653,False
300,EntorhinalNorm,879.013850594454,False
300,MidTempNorm,5.4551362846313225,False
301,VentricleNorm,-125.56510194499205,True
301,ADAS13,-213.006784260578,True
301,FusiformNorm,266.08529860455997,True
301,ABETA,-504.856974877736,True
301,TAU,-95.34923312616738,True
301,WholeBrainNorm,34.14710645163241,True
301,PTAU,-212.0192000741465,True
301,MMSE,46.94916980870733,True
301,HippocampusNorm,52.360727484431855,True
301,RAVLT_immediate,-7.619585916770774,True
301,EntorhinalNorm,661.1505692687045,True
301,MidTempNorm,29.20444478541269,True
302,VentricleNorm,-204.54701495022346,True
302,ADAS13,-148.35043347113384,True
302,FusiformNorm,63.21725820428169,True
302,ABETA,-316.18561675971193,True
302,TAU,-9.087286074095687,True
302,WholeBrainNorm,219.5221423580116,True
302,PTAU,263.2903962687932,True
302,MMSE,11.629483408997636,True
302,HippocampusNorm,241.02181698458918,True
302,RAVLT_immediate,702.6323990058783,True
302,EntorhinalNorm,456.93420345892685,True
302,MidTempNorm,-73.29026724813438,True
303,VentricleNorm,116.74179095938585,False
303,ADAS13,-255.27446507794218,False
303,FusiformNorm,-194.84661007870898,False
303,ABETA,-374.6582843211272,False
303,TAU,5.465585993085071,False
303,WholeBrainNorm,166.42091437991337,False
303,PTAU,-304.4071432240732,False
303,MMSE,-40.72196056745777,False
303,HippocampusNorm,61.88146396225071,False
303,RAVLT_immediate,128.92833118179612,False
303,EntorhinalNorm,221.29644648239255,False
303,MidTempNorm,-149.991337881557,False
304,VentricleNorm,17.629253537730506,True
304,ADAS13,-228.09004854378347,True
304,FusiformNorm,15.348029705644713,True
304,ABETA,-481.5859675425377,True
304,TAU,-63.01306321055809,True
304,WholeBrainNorm,25.734536797551534,True
304,PTAU,211.98019843367658,True
304,MMSE,48.95458945428223,True
304,HippocampusNorm,-14.371071867212002,True
304,RAVLT_immediate,36.9151300830256,True
304,EntorhinalNorm,698.9382349411501,True
304,MidTempNorm,-117.75808841806044,True
305,VentricleNorm,-139.43205026153746,True
305,ADAS13,-247.53082835550413,True
305,FusiformNorm,47.947258915328575,True
305,ABETA,-692.1260688537636,True
305,TAU,-95.85882223977467,True
305,WholeBrainNorm,28.33007244405615,True
305,PTAU,209.15093889236027,True
305,MMSE,25.16307289803698,True
305,HippocampusNorm,7.468092141205567,True
305,RAVLT_immediate,594.6866824559901,True
305,EntorhinalNorm,318.1804488640782,True
305,MidTempNorm,77.53860360302073,True
306,VentricleNorm,-167.89972803484528,True
306,ADAS13,-221.896255799082,True
306,FusiformNorm,106.43670320712317,True
306,ABETA,-353.21919746990733,True
306,TAU,-138.14967877063228,True
306,WholeBrainNorm,78.05400985579865,True
306,PTAU,326.29243731454875,True
306,MMSE,25.667121062432994,True
306,HippocampusNorm,26.944982990391313,True
306,RAVLT_immediate,1054.4850417275793,True
306,EntorhinalNorm,693.4704485804914,True
306,MidTempNorm,-93.99823655655011,True
307,VentricleNorm,34.790048398225125,True
307,ADAS13,-101.78628013179468,True
307,FusiformNorm,-56.445627433518965,True
307,ABETA,-903.4564462921412,True
307,TAU,-75.3848437150739,True
307,WholeBrainNorm,-79.3334308826664,True
307,PTAU,14.784263955030134,True
307,MMSE,27.188030097107788,True
307,HippocampusNorm,93.66704411126295,True
307,RAVLT_immediate,168.25112121041957,True
307,EntorhinalNorm,284.6001801881101,True
307,MidTempNorm,-133.028540122869,True
308,VentricleNorm,-39.84190045827852,True
308,ADAS13,-292.33449263769114,True
308,FusiformNorm,5.218504370736376,True
308,ABETA,-272.3529389812897,True
308,TAU,-176.71277711034767,True
308,WholeBrainNorm,11.82596846799985,True
308,PTAU,32.794214065521444,True
308,MMSE,38.57930595397833,True
308,HippocampusNorm,222.64912469957733,True
308,RAVLT_immediate,111.73114073973255,True
308,EntorhinalNorm,502.99549658455345,True
308,MidTempNorm,-113.14638794659464,True
309,VentricleNorm,-149.26421450596212,True
309,ADAS13,-222.79165610924392,True
309,FusiformNorm,132.6885439480219,True
309,ABETA,-69.3572794541243,True
309,TAU,-116.45959789122179,True
309,WholeBrainNorm,-46.23909233739032,True
309,PTAU,314.8553246378388,True
309,MMSE,44.3816540391245,True
309,HippocampusNorm,-23.737920287422952,True
309,RAVLT_immediate,1177.9214392372799,True
309,EntorhinalNorm,245.94475006246026,True
309,MidTempNorm,-203.78277625325615,True
310,VentricleNorm,-63.70522248103369,False
310,ADAS13,-317.72969381150955,False
310,FusiformNorm,27.33289063560308,False
310,ABETA,279.8491179900586,False
310,TAU,-23.709584246822065,False
310,WholeBrainNorm,90.41267361869764,False
310,PTAU,-191.71460365038024,False
310,MMSE,-55.68017216555014,False
310,HippocampusNorm,51.63045543057431,False
310,RAVLT_immediate,120.31422935364138,False
310,EntorhinalNorm,480.628982013724,False
310,MidTempNorm,-59.97076253368405,False
311,VentricleNorm,-106.17984505199156,True
311,ADAS13,-286.34103584639286,True
311,FusiformNorm,50.640218273331584,True
311,ABETA,-314.55973358013443,True
311,TAU,-1.3491514159533011,True
311,WholeBrainNorm,-164.80367765363496,True
311,PTAU,-128.11993279757553,True
311,MMSE,17.55431895165181,True
311,HippocampusNorm,-54.06162510839688,True
311,RAVLT_immediate,84.82117457797852,True
311,EntorhinalNorm,501.0647307740689,True
311,MidTempNorm,-64.89928970658262,True
312,VentricleNorm,0.4273123165917383,True
312,ADAS13,-239.83371974512883,True
312,FusiformNorm,119.1860750322875,True
312,ABETA,-176.38236147513277,True
312,TAU,-162.39159049875053,True
312,WholeBrainNorm,-42.24713841860627,True
312,PTAU,24.44970979359173,True
312,MMSE,48.71498875905855,True
312,HippocampusNorm,41.91009852232088,True
312,RAVLT_immediate,45.97341167827527,True
312,EntorhinalNorm,675.5305956472075,True
312,MidTempNorm,-103.34649586206483,True
313,VentricleNorm,-379.01379685539126,True
313,ADAS13,-270.7190636619313,True
313,FusiformNorm,-14.39353712082864,True
313,ABETA,-210.86098831500578,True
313,TAU,-52.8387973325629,True
313,WholeBrainNorm,52.21197422939259,True
313,PTAU,73.34733016893382,True
313,MMSE,71.09789115170653,True
313,HippocampusNorm,46.184514350502866,True
313,RAVLT_immediate,190.56035581731842,True
313,EntorhinalNorm,570.1667414724074,True
313,MidTempNorm,-99.44576612110535,True
314,VentricleNorm,114.03135647687564,True
314,ADAS13,-108.89414016499032,True
314,FusiformNorm,107.63635430324177,True
314,ABETA,-368.6347646784394,True
314,TAU,-126.89918711184869,True
314,WholeBrainNorm,-3.622846960810861,True
314,PTAU,306.82584041087284,True
314,MMSE,55.8043614477171,True
314,HippocampusNorm,57.353291932007735,True
314,RAVLT_immediate,-26.978701115607834,True
314,EntorhinalNorm,500.59612749707105,True
314,MidTempNorm,-97.70703189255849,True
315,VentricleNorm,51.80976802121343,True
315,ADAS13,-208.18066358593953,True
315,FusiformNorm,-98.68519636067651,True
315,ABETA,-827.1802522331574,True
315,TAU,-68.9824647739292,True
315,WholeBrainNorm,17.8324037659996,True
315,PTAU,-73.69141530591966,True
315,MMSE,80.10480943667038,True
315,HippocampusNorm,55.209591931547834,True
315,RAVLT_immediate,143.55179626860297,True
315,EntorhinalNorm,566.6783202433193,True
315,MidTempNorm,10.434503494953105,True
316,VentricleNorm,598.7490064849151,False
316,ADAS13,-386.8370737578323,False
316,FusiformNorm,105.78505635521198,False
316,ABETA,-45.4411011412741,False
316,TAU,12.312461786186768,False
316,WholeBrainNorm,128.5378524986374,False
316,PTAU,14.455973751196154,False
316,MMSE,-27.628145069391877,False
316,HippocampusNorm,61.13130046868602,False
316,RAVLT_immediate,212.31705246199198,False
316,EntorhinalNorm,504.56476411202436,False
316,MidTempNorm,-60.16642023517599,False
317,VentricleNorm,-126.63254030707954,False
317,ADAS13,-321.1883484708222,False
317,FusiformNorm,-223.0088337828862,False
317,ABETA,-146.13717935601554,False
317,TAU,17.1495522732585,False
317,WholeBrainNorm,78.58874082140237,False
317,PTAU,-68.12156275531126,False
317,MMSE,-53.96751879821957,False
317,HippocampusNorm,51.671755487881114,False
317,RAVLT_immediate,60.917435432351354,False
317,EntorhinalNorm,277.9781545071279,False
317,MidTempNorm,-131.29136503594907,False
318,VentricleNorm,57.67093581069069,True
318,ADAS13,-262.01751056409273,True
318,FusiformNorm,-35.34620720042149,True
318,ABETA,-158.56467645523315,True
318,TAU,-188.89403609108143,True
318,WholeBrainNorm,-63.13572805997113,True
318,PTAU,-554.8836670283397,True
318,MMSE,-65.04903135789814,True
318,HippocampusNorm,51.25143594838548,True
318,RAVLT_immediate,132.6257344831116,True
318,EntorhinalNorm,294.19922226898643,True
318,MidTempNorm,-191.71938539601575,True
319,VentricleNorm,-138.19386079948126,True
319,ADAS13,-269.68804271730886,True
319,FusiformNorm,-47.20922656253488,True
319,ABETA,-239.56141905143195,True
319,TAU,-123.20803276617482,True
319,WholeBrainNorm,-113.23625683734615,True
319,PTAU,-150.80670458443575,True
319,MMSE,-56.55714337405322,True
319,HippocampusNorm,55.130492609439244,True
319,RAVLT_immediate,38.93825325234121,True
319,EntorhinalNorm,470.861626837628,True
319,MidTempNorm,-65.22692995337559,True
320,VentricleNorm,12.854207506446471,True
320,ADAS13,-208.73876911232873,True
320,FusiformNorm,-151.38607397874563,True
320,ABETA,-569.1411321984668,True
320,TAU,-19.253987789582666,True
320,WholeBrainNorm,173.10078175783508,True
320,PTAU,-34.66812270816404,True
320,MMSE,-28.661954211187442,True
320,HippocampusNorm,55.17949902641787,True
320,RAVLT_immediate,312.3075105665995,True
320,EntorhinalNorm,487.3476307946973,True
320,MidTempNorm,-43.30501475934908,True
321,VentricleNorm,-38.333318908748964,True
321,ADAS13,-230.10549914568364,True
321,FusiformNorm,75.1496824372351,True
321,ABETA,-349.90939921820285,True
321,TAU,-39.22455496698794,True
321,WholeBrainNorm,14.693887041930829,True
321,PTAU,-318.72022787185927,True
321,MMSE,3.9335411381945597,True
321,HippocampusNorm,-128.43678933302772,True
321,RAVLT_immediate,193.79766944166286,True
321,EntorhinalNorm,702.8996910918537,True
321,MidTempNorm,-155.95654303761341,True
322,VentricleNorm,-103.26814046590488,True
322,ADAS13,-170.89759949137562,True
322,FusiformNorm,279.4873856072955,True
322,ABETA,-139.47921191292303,True
322,TAU,-67.48767603179395,True
322,WholeBrainNorm,2.3659730283642517,True
322,PTAU,-122.70080745122098,True
322,MMSE,-1.8607808014088754,True
322,HippocampusNorm,4.013014168968006,True
322,RAVLT_immediate,82.66656766968609,True
322,EntorhinalNorm,201.63357915750657,True
322,MidTempNorm,-75.99192214196778,True
323,VentricleNorm,101.61549778450554,False
323,ADAS13,-283.95603171527404,False
323,FusiformNorm,34.4637854960434,False
323,ABETA,-309.4977356146712,False
323,TAU,-8.334480742267724,False
323,WholeBrainNorm,121.55395213134392,False
323,PTAU,-46.08777068182388,False
323,MMSE,-47.396769984115146,False
323,HippocampusNorm,53.18535055613646,False
323,RAVLT_immediate,231.6524334707533,False
323,EntorhinalNorm,351.3135233970018,False
323,MidTempNorm,-63.48534288253968,False
324,VentricleNorm,-174.26645059547835,True
324,ADAS13,-102.29180842160343,True
324,FusiformNorm,113.04325769864545,True
324,ABETA,-329.86048073635556,True
324,TAU,-176.3343338218313,True
324,WholeBrainNorm,85.25161636876315,True
324,PTAU,350.8454734256253,True
324,MMSE,28.132568350417348,True
324,HippocampusNorm,-20.473878683342996,True
324,RAVLT_immediate,1022.7999878512352,True
324,EntorhinalNorm,738.6999515569025,True
324,MidTempNorm,-82.76491024637491,True
325,VentricleNorm,30.579021725916164,False
325,ADAS13,-319.16379814532877,False
325,FusiformNorm,-135.03021798688877,False
325,ABETA,278.33158394889904,False
325,TAU,12.548107150193957,False
325,WholeBrainNorm,109.98452041527203,False
325,PTAU,-629.4016710846158,False
325,MMSE,-48.78216953851018,False
325,HippocampusNorm,46.68111716176646,False
325,RAVLT_immediate,252.62092375244606,False
325,EntorhinalNorm,375.54168453896216,False
325,MidTempNorm,-189.81932799623013,False
326,VentricleNorm,-84.1686655051039,True
326,ADAS13,-88.34702237700915,True
326,FusiformNorm,217.1017925215398,True
326,ABETA,-136.83819432310494,True
326,TAU,-13.05364337090215,True
326,WholeBrainNorm,45.03480281466847,True
326,PTAU,74.0555321255693,True
326,MMSE,-62.81615296322564,True
326,HippocampusNorm,50.77636150846746,True
326,RAVLT_immediate,134.78101449510126,True
326,EntorhinalNorm,367.62048517560515,True
326,MidTempNorm,-9.910406399174029,True
327,VentricleNorm,19.980522570124265,True
327,ADAS13,-240.35311093579315,True
327,FusiformNorm,-50.07602842264795,True
327,ABETA,-250.85567239219037,True
327,TAU,-73.46800336438687,True
327,WholeBrainNorm,-135.03266150978817,True
327,PTAU,404.57543150838507,True
327,MMSE,59.21444273215056,True
327,HippocampusNorm,143.6457440184908,True
327,RAVLT_immediate,164.60374535351383,True
327,EntorhinalNorm,335.814603021838,True
327,MidTempNorm,-152.89267495361952,True
328,VentricleNorm,-16.30170991950736,False
328,ADAS13,-320.94017892161287,False
328,FusiformNorm,-116.86867445618675,False
328,ABETA,-363.2858458615986,False
328,TAU,21.260128146881073,False
328,WholeBrainNorm,160.0341358689169,False
328,PTAU,-560.6196623198755,False
328,MMSE,-18.415858007008215,False
328,HippocampusNorm,51.65424958515823,False
328,RAVLT_immediate,150.77958508018932,False
328,EntorhinalNorm,30.05786871699678,False
328,MidTempNorm,78.97110067450416,False
329,VentricleNorm,-32.02951385923737,False
329,ADAS13,-299.99703794655034,False
329,FusiformNorm,328.19942032883193,False
329,ABETA,84.0307261494881,False
329,TAU,31.922113614442505,False
329,WholeBrainNorm,197.2801046879827,False
329,PTAU,-258.30544766121494,False
329,MMSE,-46.18329645308467,False
329,HippocampusNorm,58.10085608027424,False
329,RAVLT_immediate,164.08114495354786,False
329,EntorhinalNorm,695.7108456918103,False
329,MidTempNorm,-73.86074772089474,False
330,VentricleNorm,-171.87184975643913,False
330,ADAS13,-256.76369623747667,False
330,FusiformNorm,-156.56057099864233,False
330,ABETA,-144.63789428283206,False
330,TAU,19.38824743296228,False
330,WholeBrainNorm,167.87306794215922,False
330,PTAU,-120.25231637423016,False
330,MMSE,-23.42946023494291,False
330,HippocampusNorm,59.70281533602628,False
330,RAVLT_immediate,51.86196265352608,False
330,EntorhinalNorm,428.5340699527907,False
330,MidTempNorm,-40.527583772052516,False
331,VentricleNorm,61.92323963487665,True
331,ADAS13,-252.3124757953189,True
331,FusiformNorm,30.89334122140564,True
331,ABETA,-273.7960579643113,True
331,TAU,-113.36885420881453,True
331,WholeBrainNorm,131.88749385823192,True
331,PTAU,536.7325818585585,True
331,MMSE,-45.22691065336036,True
331,HippocampusNorm,54.323494836952456,True
331,RAVLT_immediate,83.3815614998405,True
331,EntorhinalNorm,404.3408539224238,True
331,MidTempNorm,-0.5094829243258516,True
332,VentricleNorm,-214.63013561404773,True
332,ADAS13,-301.35724935894086,True
332,FusiformNorm,-72.21557906248105,True
332,ABETA,-398.9226648324525,True
332,TAU,-84.01738932284742,True
332,WholeBrainNorm,25.464493423706386,True
332,PTAU,-171.72547906623691,True
332,MMSE,-46.25259128906248,True
332,HippocampusNorm,49.48768784214598,True
332,RAVLT_immediate,190.43427115304772,True
332,EntorhinalNorm,276.69851668384877,True
332,MidTempNorm,23.57681472495254,True
333,VentricleNorm,67.68985378877066,True
333,ADAS13,-255.94885515964384,True
333,FusiformNorm,-3.1967143992879414,True
333,ABETA,-715.8040061150351,True
333,TAU,-86.72547645248817,True
333,WholeBrainNorm,206.8249388267098,True
333,PTAU,-40.159505397844185,True
333,MMSE,-21.602987068271563,True
333,HippocampusNorm,56.91227068463126,True
333,RAVLT_immediate,107.00837464908889,True
333,EntorhinalNorm,518.6542419599336,True
333,MidTempNorm,-127.40464900285377,True
334,VentricleNorm,105.17195974020929,True
334,ADAS13,-218.95858871881964,True
334,FusiformNorm,-14.703222798099773,True
334,ABETA,34.49825271619153,True
334,TAU,-32.65767582412013,True
334,WholeBrainNorm,-40.47674639789693,True
334,PTAU,513.4844215739707,True
334,MMSE,63.04515514209186,True
334,HippocampusNorm,-115.91611503831281,True
334,RAVLT_immediate,110.97713227382695,True
334,EntorhinalNorm,232.6235422793639,True
334,MidTempNorm,-35.846704984114275,True
335,VentricleNorm,-246.5912637164517,True
335,ADAS13,-126.52237806374735,True
335,FusiformNorm,254.84092927166654,True
335,ABETA,-241.16681567233866,True
335,TAU,-79.3159607972519,True
335,WholeBrainNorm,34.068070804712505,True
335,PTAU,351.54449198720533,True
335,MMSE,-42.41045805564492,True
335,HippocampusNorm,46.97203409232768,True
335,RAVLT_immediate,135.66033357459585,True
335,EntorhinalNorm,581.5871858390086,True
335,MidTempNorm,-23.126145174886844,True
336,VentricleNorm,-14.254620398229036,True
336,ADAS13,-283.3482207492988,True
336,FusiformNorm,251.18364447512042,True
336,ABETA,-368.67992514943757,True
336,TAU,-226.72009988137592,True
336,WholeBrainNorm,-236.3021119307881,True
336,PTAU,-151.96675906692823,True
336,MMSE,26.703232767897028,True
336,HippocampusNorm,-43.93362425701815,True
336,RAVLT_immediate,782.2138144571941,True
336,EntorhinalNorm,343.1355587260378,True
336,MidTempNorm,35.8502220531587,True
337,VentricleNorm,283.1951112387255,False
337,ADAS13,-311.92063618789115,False
337,FusiformNorm,-100.74338155447549,False
337,ABETA,-806.6077716706127,False
337,TAU,-26.186696666829867,False
337,WholeBrainNorm,244.41416321868905,False
337,PTAU,308.1884422404152,False
337,MMSE,-62.07657405542459,False
337,HippocampusNorm,51.403700417313644,False
337,RAVLT_immediate,191.34369655843602,False
337,EntorhinalNorm,371.54465185142567,False
337,MidTempNorm,-37.38245877460112,False
338,VentricleNorm,-15.523954599008952,True
338,ADAS13,-226.61188713203913,True
338,FusiformNorm,145.88467918193635,True
338,ABETA,-455.96957254048965,True
338,TAU,-24.995306508505642,True
338,WholeBrainNorm,225.7931171636124,True
338,PTAU,-141.39420572518637,True
338,MMSE,50.97841624369711,True
338,HippocampusNorm,176.58254963591872,True
338,RAVLT_immediate,204.8275758351777,True
338,EntorhinalNorm,542.9631976677184,True
338,MidTempNorm,4.636241355141323,True
339,VentricleNorm,-10.793491721571527,True
339,ADAS13,-294.40697279234064,True
339,FusiformNorm,320.6810235963264,True
339,ABETA,23.442991744714657,True
339,TAU,15.271645001835697,True
339,WholeBrainNorm,240.70488049349586,True
339,PTAU,-40.69462314230597,True
339,MMSE,-63.81201446814579,True
339,HippocampusNorm,57.34103848223301,True
339,RAVLT_immediate,135.93290622927006,True
339,EntorhinalNorm,921.1517673643059,True
339,MidTempNorm,9.97679543652184,True
340,VentricleNorm,-109.39828502734062,True
340,ADAS13,-260.50527042361915,True
340,FusiformNorm,155.84420832263322,True
340,ABETA,-284.21041646975505,True
340,TAU,-120.19160001184702,True
340,WholeBrainNorm,-108.66780697472977,True
340,PTAU,-41.29299081554736,True
340,MMSE,42.58864006201518,True
340,HippocampusNorm,135.95712375281562,True
340,RAVLT_immediate,547.4971694754872,True
340,EntorhinalNorm,521.2935337098327,True
340,MidTempNorm,-117.52636391800922,True
341,VentricleNorm,-232.64094255207613,True
341,ADAS13,-395.12162997321764,True
341,FusiformNorm,9.460161511306204,True
341,ABETA,-245.0111878151488,True
341,TAU,-63.096423764411426,True
341,WholeBrainNorm,246.28612831278264,True
341,PTAU,-363.49514407701406,True
341,MMSE,-94.23140924314737,True
341,HippocampusNorm,52.466015116731796,True
341,RAVLT_immediate,199.12728144798297,True
341,EntorhinalNorm,519.043730753861,True
341,MidTempNorm,-94.69147337700483,True
342,VentricleNorm,-92.8195667062982,True
342,ADAS13,-238.7243357317721,True
342,FusiformNorm,35.89501149247526,True
342,ABETA,-363.81773234480556,True
342,TAU,-73.704422730376,True
342,WholeBrainNorm,256.1421155904958,True
342,PTAU,9.087482579958056,True
342,MMSE,18.776382070934588,True
342,HippocampusNorm,166.6879247853317,True
342,RAVLT_immediate,776.1921656534431,True
342,EntorhinalNorm,614.4026718262251,True
342,MidTempNorm,108.53104430299379,True
343,VentricleNorm,-241.24591070472616,True
343,ADAS13,-184.6591645591256,True
343,FusiformNorm,-144.8084037490213,True
343,ABETA,-229.74956294712334,True
343,TAU,-109.92469768328435,True
343,WholeBrainNorm,-46.46725270751121,True
343,PTAU,-128.07009270133804,True
343,MMSE,65.91054277446298,True
343,HippocampusNorm,72.39015306720745,True
343,RAVLT_immediate,1123.9151616016284,True
343,EntorhinalNorm,652.1096233153415,True
343,MidTempNorm,-24.42470341090008,True
344,VentricleNorm,35.93652313572943,True
344,ADAS13,-168.70549206667826,True
344,FusiformNorm,-23.373568003399697,True
344,ABETA,-563.8239447925303,True
344,TAU,-114.46174442052103,True
344,WholeBrainNorm,37.79009830467538,True
344,PTAU,177.46884407319962,True
344,MMSE,4.721324539448734,True
344,HippocampusNorm,-22.704516875487165,True
344,RAVLT_immediate,96.97934808254533,True
344,EntorhinalNorm,371.04510335963954,True
344,MidTempNorm,69.10145997435541,True
345,VentricleNorm,-21.707500373858835,True
345,ADAS13,-192.4751678077149,True
345,FusiformNorm,-216.88361100795262,True
345,ABETA,-544.330175949648,True
345,TAU,-61.12470655791866,True
345,WholeBrainNorm,88.548680716278,True
345,PTAU,78.65545622588434,True
345,MMSE,52.67259718188173,True
345,HippocampusNorm,46.64131972110069,True
345,RAVLT_immediate,51.67999935420059,True
345,EntorhinalNorm,372.25681064355945,True
345,MidTempNorm,33.633920586653076,True
346,VentricleNorm,26.82252811653568,True
346,ADAS13,-146.53750703782976,True
346,FusiformNorm,162.92129320591079,True
346,ABETA,-247.02411261293105,True
346,TAU,-14.785388467624841,True
346,WholeBrainNorm,223.10268307629383,True
346,PTAU,-149.55398390455284,True
346,MMSE,-53.80538984411558,True
346,HippocampusNorm,57.152876693409965,True
346,RAVLT_immediate,279.8228709583768,True
346,EntorhinalNorm,248.73840834392257,True
346,MidTempNorm,-88.28379778422635,True
347,VentricleNorm,-288.9591373699555,True
347,ADAS13,-302.53635756330726,True
347,FusiformNorm,182.87931136244995,True
347,ABETA,-205.17236701144566,True
347,TAU,-82.68786069713941,True
347,WholeBrainNorm,22.84191226694778,True
347,PTAU,66.87701556642833,True
347,MMSE,44.050930831484905,True
347,HippocampusNorm,57.96116372627827,True
347,RAVLT_immediate,163.75229253145625,True
347,EntorhinalNorm,34.45139657751764,True
347,MidTempNorm,-10.775071358363533,True
348,VentricleNorm,-44.507765634521625,True
348,ADAS13,-225.2116146190245,True
348,FusiformNorm,-55.16774036083008,True
348,ABETA,-803.4968854860847,True
348,TAU,-9.644934599833775,True
348,WholeBrainNorm,112.421645737881,True
348,PTAU,246.88790211748764,True
348,MMSE,51.930974219785114,True
348,HippocampusNorm,47.55698402135656,True
348,RAVLT_immediate,628.0186776512306,True
348,EntorhinalNorm,776.3444427354736,True
348,MidTempNorm,-179.61041013863274,True
349,VentricleNorm,39.30924345681633,True
349,ADAS13,-264.51824999550706,True
349,FusiformNorm,182.1499391179579,True
349,ABETA,-767.162283912347,True
349,TAU,8.486741765593607,True
349,WholeBrainNorm,185.8279259665151,True
349,PTAU,-89.13857933707689,True
349,MMSE,-30.347710094334705,True
349,HippocampusNorm,52.462919914744695,True
349,RAVLT_immediate,28.209263380487286,True
349,EntorhinalNorm,309.05584850147625,True
349,MidTempNorm,-34.44693201845095,True
350,VentricleNorm,-92.63505301338456,True
350,ADAS13,-199.09223712259913,True
350,FusiformNorm,44.800321699137086,True
350,ABETA,-282.0963081772318,True
350,TAU,-113.3906097291116,True
350,WholeBrainNorm,112.7814066776579,True
350,PTAU,-85.07104510296881,True
350,MMSE,33.37496023704032,True
350,HippocampusNorm,59.548106780827126,True
350,RAVLT_immediate,295.70223074156445,True
350,EntorhinalNorm,440.181808469737,True
350,MidTempNorm,-205.89906110891746,True
351,VentricleNorm,-229.48632679757134,True
351,ADAS13,-204.93455659185756,True
351,FusiformNorm,-36.70286787294137,True
351,ABETA,-395.5065879745269,True
351,TAU,-15.984073340610422,True
351,WholeBrainNorm,224.07618562190976,True
351,PTAU,62.73035645004861,True
351,MMSE,-66.3899512154126,True
351,HippocampusNorm,60.247090034252565,True
351,RAVLT_immediate,100.54672683650925,True
351,EntorhinalNorm,531.2830727192285,True
351,MidTempNorm,-107.9250055278436,True
352,VentricleNorm,149.77806596522356,False
352,ADAS13,-257.7676369679496,False
352,FusiformNorm,-13.536135704077935,False
352,ABETA,46.11706034564557,False
352,TAU,-9.259358639033495,False
352,WholeBrainNorm,-8.606867167010307,False
352,PTAU,-301.070043302772,False
352,MMSE,-58.761594890358936,False
352,HippocampusNorm,48.54806323085255,False
352,RAVLT_immediate,65.52005145816426,False
352,EntorhinalNorm,347.6974590118307,False
352,MidTempNorm,-96.9326680021733,False
353,VentricleNorm,-38.082505316005154,True
353,ADAS13,-152.49242363620692,True
353,FusiformNorm,-303.8214357312967,True
353,ABETA,8.001450779374466,True
353,TAU,-59.18591029435616,True
353,WholeBrainNorm,-78.17064966304612,True
353,PTAU,-74.11785677446957,True
353,MMSE,-3.2751495069354597,True
353,HippocampusNorm,15.903646915703753,True
353,RAVLT_immediate,60.6833480868539,True
353,EntorhinalNorm,365.05578237438567,True
353,MidTempNorm,-97.86579545908003,True
354,VentricleNorm,105.81902250805099,True
354,ADAS13,-216.6563251880758,True
354,FusiformNorm,-35.4797517529276,True
354,ABETA,-556.2775533927811,True
354,TAU,-1.445424368563784,True
354,WholeBrainNorm,170.60150480449335,True
354,PTAU,-313.35536593660004,True
354,MMSE,-29.373660767585083,True
354,HippocampusNorm,56.63765354728169,True
354,RAVLT_immediate,170.56475411804774,True
354,EntorhinalNorm,619.0914463665836,True
354,MidTempNorm,-99.98965232237882,True
355,VentricleNorm,-201.30349901376044,True
355,ADAS13,-187.7547318765812,True
355,FusiformNorm,-82.76036999230186,True
355,ABETA,-295.0899453430906,True
355,TAU,-82.88830027066,True
355,WholeBrainNorm,44.279885732359936,True
355,PTAU,-18.94940024942722,True
355,MMSE,15.750897621356184,True
355,HippocampusNorm,43.17995693354195,True
355,RAVLT_immediate,693.5754543996707,True
355,EntorhinalNorm,545.7226514920873,True
355,MidTempNorm,-86.43961470372193,True
356,VentricleNorm,25.560632230829953,True
356,ADAS13,-204.2858242637127,True
356,FusiformNorm,50.14959734966533,True
356,ABETA,-814.4740437857193,True
356,TAU,-167.35115472093813,True
356,WholeBrainNorm,-5.316605326240634,True
356,PTAU,219.2118560919316,True
356,MMSE,39.08002477599129,True
356,HippocampusNorm,47.601193234854335,True
356,RAVLT_immediate,71.68169010718627,True
356,EntorhinalNorm,576.2924234120891,True
356,MidTempNorm,-184.07879028270077,True
357,VentricleNorm,9.50849675941987,True
357,ADAS13,-227.69486428840105,True
357,FusiformNorm,162.7919555212771,True
357,ABETA,-150.65600273906017,True
357,TAU,-73.02548557378245,True
357,WholeBrainNorm,431.16239959025256,True
357,PTAU,-611.8041831198601,True
357,MMSE,57.8783332615579,True
357,HippocampusNorm,168.85233761539456,True
357,RAVLT_immediate,612.6762036636624,True
357,EntorhinalNorm,640.0618377709501,True
357,MidTempNorm,-150.13708576020855,True
358,VentricleNorm,-147.72589674214365,True
358,ADAS13,-220.6276433280557,True
358,FusiformNorm,21.14461056708074,True
358,ABETA,-169.39548968463495,True
358,TAU,-28.205921044106326,True
358,WholeBrainNorm,35.73083978757224,True
358,PTAU,-408.3497807678392,True
358,MMSE,-21.580892009746446,True
358,HippocampusNorm,51.532976377559514,True
358,RAVLT_immediate,96.34670059343057,True
358,EntorhinalNorm,368.78446228158435,True
358,MidTempNorm,-52.68095302645273,True
359,VentricleNorm,128.5177495574352,False
359,ADAS13,-277.65726433695744,False
359,FusiformNorm,-46.02754603793308,False
359,ABETA,33.916887013067495,False
359,TAU,3.9693780985508758,False
359,WholeBrainNorm,199.8990457297029,False
359,PTAU,-422.40032182346806,False
359,MMSE,-71.21375627990435,False
359,HippocampusNorm,51.195395325013365,False
359,RAVLT_immediate,69.44948977854659,False
359,EntorhinalNorm,856.0828047850478,False
359,MidTempNorm,13.42483391299524,False
360,VentricleNorm,-45.3630710018794,True
360,ADAS13,-263.20343701946945,True
360,FusiformNorm,119.35717721172983,True
360,ABETA,-336.6051150373878,True
360,TAU,-138.42322228205148,True
360,WholeBrainNorm,-116.09447363731898,True
360,PTAU,-58.18153567129591,True
360,MMSE,19.90595104949618,True
360,HippocampusNorm,42.613045899207656,True
360,RAVLT_immediate,173.55585917914436,True
360,EntorhinalNorm,199.20234106885385,True
360,MidTempNorm,-167.20843878876576,True
361,VentricleNorm,-53.54919156154099,True
361,ADAS13,-232.0980811225649,True
361,FusiformNorm,23.228372805201317,True
361,ABETA,-596.2633277810506,True
361,TAU,-88.97056469469766,True
361,WholeBrainNorm,-256.42317149058385,True
361,PTAU,241.10081197286124,True
361,MMSE,75.71264256645556,True
361,HippocampusNorm,-59.30782249755241,True
361,RAVLT_immediate,142.32016759713295,True
361,EntorhinalNorm,425.35206895215526,True
361,MidTempNorm,19.215335849351447,True
362,VentricleNorm,-91.72822042685871,True
362,ADAS13,-276.2653388726114,True
362,FusiformNorm,50.07614198499242,True
362,ABETA,2.127120633568211,True
362,TAU,-72.36118652515212,True
362,WholeBrainNorm,-79.59524242965553,True
362,PTAU,354.81092439375726,True
362,MMSE,18.058789812338283,True
362,HippocampusNorm,12.135362014523782,True
362,RAVLT_immediate,72.14116521004024,True
362,EntorhinalNorm,338.4653750192598,True
362,MidTempNorm,-90.38548715080184,True
363,VentricleNorm,-17.263312321044523,True
363,ADAS13,-227.17344713931618,True
363,FusiformNorm,-92.61590606149952,True
363,ABETA,-268.0713095594799,True
363,TAU,-42.55229952916745,True
363,WholeBrainNorm,69.46300957620304,True
363,PTAU,-269.8140324094172,True
363,MMSE,28.62682438810236,True
363,HippocampusNorm,124.27254550923601,True
363,RAVLT_immediate,762.4644934610268,True
363,EntorhinalNorm,419.4858879584576,True
363,MidTempNorm,-33.17549552821743,True
364,VentricleNorm,-276.0566273748897,True
364,ADAS13,-297.1926447988163,True
364,FusiformNorm,-106.4245330938852,True
364,ABETA,-330.3792823273257,True
364,TAU,-145.64819678377762,True
364,WholeBrainNorm,-5.185439838187904,True
364,PTAU,396.76954704195043,True
364,MMSE,74.57215807640605,True
364,HippocampusNorm,85.7368061134344,True
364,RAVLT_immediate,141.41677173825673,True
364,EntorhinalNorm,660.0413896884252,True
364,MidTempNorm,-81.3425476198925,True
365,VentricleNorm,68.70706987370728,True
365,ADAS13,-301.7180776992584,True
365,FusiformNorm,125.45187691874948,True
365,ABETA,-158.25905070769582,True
365,TAU,8.065402151858597,True
365,WholeBrainNorm,69.35296336827543,True
365,PTAU,-411.67631250327133,True
365,MMSE,-4.895496119727525,True
365,HippocampusNorm,56.41564695509404,True
365,RAVLT_immediate,38.79941501715459,True
365,EntorhinalNorm,152.4279618392348,True
365,MidTempNorm,-147.3606950210022,True
366,VentricleNorm,454.9400569030234,False
366,ADAS13,-274.88872893685834,False
366,FusiformNorm,78.46096409114324,False
366,ABETA,367.27254298792695,False
366,TAU,2.681853621491256,False
366,WholeBrainNorm,166.19918137077485,False
366,PTAU,-272.6607875579474,False
366,MMSE,-51.71210937082723,False
366,HippocampusNorm,55.994022769469424,False
366,RAVLT_immediate,112.80105127398217,False
366,EntorhinalNorm,499.2291761685301,False
366,MidTempNorm,-108.65704270097305,False
367,VentricleNorm,-334.14261282262504,True
367,ADAS13,-255.01937270119603,True
367,FusiformNorm,295.1097417027017,True
367,ABETA,121.96423556731054,True
367,TAU,-110.87552057121061,True
367,WholeBrainNorm,0.24389963229223355,True
367,PTAU,-103.05525851235856,True
367,MMSE,15.844223595865834,True
367,HippocampusNorm,139.69213596510326,True
367,RAVLT_immediate,618.6465085838043,True
367,EntorhinalNorm,414.9373686401309,True
367,MidTempNorm,-149.96499426696664,True
368,VentricleNorm,37.75610506701781,False
368,ADAS13,-263.19222541702453,False
368,FusiformNorm,182.64386192483596,False
368,ABETA,144.58884059329958,False
368,TAU,-0.8779535693583416,False
368,WholeBrainNorm,44.238860298842766,False
368,PTAU,-440.9939837204072,False
368,MMSE,-51.714934838011835,False
368,HippocampusNorm,48.610122870087,False
368,RAVLT_immediate,106.77944935149074,False
368,EntorhinalNorm,431.96426491263566,False
368,MidTempNorm,-87.50971518371831,False
369,VentricleNorm,-187.3332438055275,True
369,ADAS13,-192.31201916084115,True
369,FusiformNorm,-67.69809012165729,True
369,ABETA,-217.37234948887107,True
369,TAU,-120.40781113346075,True
369,WholeBrainNorm,46.40056842302821,True
369,PTAU,85.88696888202944,True
369,MMSE,51.74759933549395,True
369,HippocampusNorm,-50.15451255281313,True
369,RAVLT_immediate,1067.0207718529507,True
369,EntorhinalNorm,-93.57140090559903,True
369,MidTempNorm,-36.19566808713932,True
370,VentricleNorm,-166.70876364040868,True
370,ADAS13,-390.00199680041766,True
370,FusiformNorm,-83.30781289661053,True
370,ABETA,-106.28574667651174,True
370,TAU,-117.60116142568705,True
370,WholeBrainNorm,-43.92640405465326,True
370,PTAU,-1.525430919955852,True
370,MMSE,26.285995357194786,True
370,HippocampusNorm,-4.95386274510971,True
370,RAVLT_immediate,870.1894216434114,True
370,EntorhinalNorm,282.6013606289764,True
370,MidTempNorm,-137.29822267246132,True
371,VentricleNorm,-317.9140108758911,True
371,ADAS13,-186.83506177393576,True
371,FusiformNorm,-63.73050448954932,True
371,ABETA,-477.1080827807902,True
371,TAU,-181.58870256578177,True
371,WholeBrainNorm,-45.425501522825485,True
371,PTAU,-50.57097783420429,True
371,MMSE,48.622095023742375,True
371,HippocampusNorm,70.87565465061634,True
371,RAVLT_immediate,912.228801651888,True
371,EntorhinalNorm,349.42677560864615,True
371,MidTempNorm,62.022089944092016,True
372,VentricleNorm,-46.68290372527656,True
372,ADAS13,-149.49804943495343,True
372,FusiformNorm,33.65260877348525,True
372,ABETA,-431.4927133451665,True
372,TAU,-26.73406109664481,True
372,WholeBrainNorm,46.954995735798775,True
372,PTAU,-293.78527100540543,True
372,MMSE,-2.0716220613193173,True
372,HippocampusNorm,56.67586715214233,True
372,RAVLT_immediate,185.2565613302496,True
372,EntorhinalNorm,474.8535621191175,True
372,MidTempNorm,-62.39663698363053,True
373,VentricleNorm,26.10574745019629,True
373,ADAS13,-419.56276000911794,True
373,FusiformNorm,181.80293648843562,True
373,ABETA,-582.3399621946846,True
373,TAU,-103.96188813928396,True
373,WholeBrainNorm,126.8268700697541,True
373,PTAU,412.15090621920353,True
373,MMSE,36.06029444429906,True
373,HippocampusNorm,55.49623043454888,True
373,RAVLT_immediate,266.0681260219079,True
373,EntorhinalNorm,625.0850895872891,True
373,MidTempNorm,-0.31881244427312083,True
374,VentricleNorm,-219.86814601890035,True
374,ADAS13,-250.05575596705665,True
374,FusiformNorm,21.259530856070747,True
374,ABETA,206.3441742820507,True
374,TAU,-17.087929473062047,True
374,WholeBrainNorm,122.72575463446327,True
374,PTAU,-46.95662319618514,True
374,MMSE,-35.3668872161613,True
374,HippocampusNorm,58.33072087045262,True
374,RAVLT_immediate,226.17236861919662,True
374,EntorhinalNorm,419.67851963511265,True
374,MidTempNorm,-127.75088221022366,True
375,VentricleNorm,-223.89105122894813,True
375,ADAS13,-242.24832864324605,True
375,FusiformNorm,212.59482092727933,True
375,ABETA,-93.41065864294973,True
375,TAU,-48.5544150878427,True
375,WholeBrainNorm,29.431047706546263,True
375,PTAU,287.20845940080886,True
375,MMSE,60.88043550957646,True
375,HippocampusNorm,52.676739421344365,True
375,RAVLT_immediate,17.751325556281415,True
375,EntorhinalNorm,466.1891427754257,True
375,MidTempNorm,-169.20688554860013,True
376,VentricleNorm,-142.8254023747071,True
376,ADAS13,-266.223178309254,True
376,FusiformNorm,45.982943518559644,True
376,ABETA,-812.8791036000396,True
376,TAU,-72.28953803760066,True
376,WholeBrainNorm,136.1865100792491,True
376,PTAU,-25.25317400750324,True
376,MMSE,57.679298753336134,True
376,HippocampusNorm,4.417972214198862,True
376,RAVLT_immediate,460.27866165590854,True
376,EntorhinalNorm,353.79879971001833,True
376,MidTempNorm,-74.84873148408187,True
377,VentricleNorm,-80.81216873524524,False
377,ADAS13,-268.27718652997845,False
377,FusiformNorm,-150.20038907673614,False
377,ABETA,21.196188444193655,False
377,TAU,7.3209511475504065,False
377,WholeBrainNorm,38.40831648418474,False
377,PTAU,-406.70033517240785,False
377,MMSE,-59.759839619401774,False
377,HippocampusNorm,55.9720353954289,False
377,RAVLT_immediate,121.74400577014607,False
377,EntorhinalNorm,502.79318691345003,False
377,MidTempNorm,-10.43467888856658,False
378,VentricleNorm,-4.750342826859864,True
378,ADAS13,-150.85892526073894,True
378,FusiformNorm,-187.923210044297,True
378,ABETA,-464.923386152843,True
378,TAU,-108.09944720472362,True
378,WholeBrainNorm,53.498855473007914,True
378,PTAU,-36.38013094463516,True
378,MMSE,37.75294500759887,True
378,HippocampusNorm,-110.64415810957742,True
378,RAVLT_immediate,278.2333632409993,True
378,EntorhinalNorm,542.873975008337,True
378,MidTempNorm,-130.23619011375237,True
379,VentricleNorm,-100.34448603522301,True
379,ADAS13,-219.53939973096888,True
379,FusiformNorm,-62.53480384353165,True
379,ABETA,-353.0958594909981,True
379,TAU,-115.88460483082963,True
379,WholeBrainNorm,91.32436309537611,True
379,PTAU,-554.968255634584,True
379,MMSE,-34.12304443960891,True
379,HippocampusNorm,45.40957755359776,True
379,RAVLT_immediate,143.81947268208265,True
379,EntorhinalNorm,381.4003016927387,True
379,MidTempNorm,-86.5836137859009,True
380,VentricleNorm,-67.1564637658591,True
380,ADAS13,-171.20672896955745,True
380,FusiformNorm,170.59499875997653,True
380,ABETA,-351.2477260659985,True
380,TAU,-8.218960326619808,True
380,WholeBrainNorm,74.96669757297703,True
380,PTAU,511.1260812043652,True
380,MMSE,-16.27813798014562,True
380,HippocampusNorm,52.620752770717004,True
380,RAVLT_immediate,107.94396779221573,True
380,EntorhinalNorm,-21.598484931016742,True
380,MidTempNorm,-208.5121195895256,True
381,VentricleNorm,266.88879544263875,False
381,ADAS13,-336.3771679589952,False
381,FusiformNorm,24.928086824026387,False
381,ABETA,425.0235886574303,False
381,TAU,39.667385254397736,False
381,WholeBrainNorm,44.9381926383941,False
381,PTAU,-103.85709174272725,False
381,MMSE,-70.73968153971663,False
381,HippocampusNorm,62.50498132479953,False
381,RAVLT_immediate,135.91259168517342,False
381,EntorhinalNorm,369.7138422956504,False
381,MidTempNorm,-97.46094734381239,False
382,VentricleNorm,-201.3250760287764,True
382,ADAS13,-248.70408341335235,True
382,FusiformNorm,82.5302492495364,True
382,ABETA,-95.9973441375181,True
382,TAU,-144.78785152649843,True
382,WholeBrainNorm,-89.81214907573265,True
382,PTAU,189.7114260951646,True
382,MMSE,6.2208497122227655,True
382,HippocampusNorm,195.4880825796276,True
382,RAVLT_immediate,917.9721578213931,True
382,EntorhinalNorm,335.9223733046526,True
382,MidTempNorm,-54.130736523514244,True
383,VentricleNorm,-55.133229925011264,True
383,ADAS13,-283.32226516117817,True
383,FusiformNorm,182.64744578329334,True
383,ABETA,-850.8053335577132,True
383,TAU,-121.14920978001877,True
383,WholeBrainNorm,132.14798522028383,True
383,PTAU,-447.33612000232944,True
383,MMSE,-49.672798500521715,True
383,HippocampusNorm,58.09289057699945,True
383,RAVLT_immediate,111.7329794533688,True
383,EntorhinalNorm,254.76760435011587,True
383,MidTempNorm,-54.71552625317086,True
384,VentricleNorm,-99.70895054827652,True
384,ADAS13,-361.9516238777926,True
384,FusiformNorm,-11.736154004591924,True
384,ABETA,-281.5172987204205,True
384,TAU,-39.85199312231511,True
384,WholeBrainNorm,289.0696075370244,True
384,PTAU,-226.46013053397672,True
384,MMSE,-57.99424685045784,True
384,HippocampusNorm,54.6679298293306,True
384,RAVLT_immediate,55.262556255360664,True
384,EntorhinalNorm,418.988955892007,True
384,MidTempNorm,-106.72355184927721,True
385,VentricleNorm,-138.51242788036285,True
385,ADAS13,-223.52569260358052,True
385,FusiformNorm,49.02493091018068,True
385,ABETA,-383.8579076780188,True
385,TAU,-87.97789262223772,True
385,WholeBrainNorm,-106.82297490797215,True
385,PTAU,166.5833612373827,True
385,MMSE,-27.44160429965805,True
385,HippocampusNorm,55.1001914735386,True
385,RAVLT_immediate,61.36063761566521,True
385,EntorhinalNorm,314.2528720697384,True
385,MidTempNorm,-52.557016150653446,True
386,VentricleNorm,-54.62195379031023,True
386,ADAS13,-161.36717547053928,True
386,FusiformNorm,-111.13894720750793,True
386,ABETA,-58.77931741784556,True
386,TAU,-130.4450068360937,True
386,WholeBrainNorm,141.94577155533355,True
386,PTAU,234.05158767472386,True
386,MMSE,16.169277086323596,True
386,HippocampusNorm,140.8305104206143,True
386,RAVLT_immediate,682.1824510358398,True
386,EntorhinalNorm,119.14009462443829,True
386,MidTempNorm,-112.00824651101539,True
387,VentricleNorm,23.450259051120042,True
387,ADAS13,-296.44194274061306,True
387,FusiformNorm,167.59794035852764,True
387,ABETA,-316.49919411370854,True
387,TAU,-73.54512419108322,True
387,WholeBrainNorm,161.18017754331197,True
387,PTAU,60.32088064200434,True
387,MMSE,-62.215282721987975,True
387,HippocampusNorm,63.567730753129965,True
387,RAVLT_immediate,123.27258408538178,True
387,EntorhinalNorm,289.1272675117869,True
387,MidTempNorm,-104.66514109195066,True
388,VentricleNorm,-88.35543677095767,False
388,ADAS13,-329.8955653912177,False
388,FusiformNorm,-26.14152245839834,False
388,ABETA,-143.04658727198907,False
388,TAU,-7.28564617905349,False
388,WholeBrainNorm,138.4461486094741,False
388,PTAU,-164.6687505999996,False
388,MMSE,-71.65758638922946,False
388,HippocampusNorm,59.879935025255904,False
388,RAVLT_immediate,86.32320243687633,False
388,EntorhinalNorm,592.9224575596289,False
388,MidTempNorm,-127.18816281071298,False
389,VentricleNorm,-91.85694153025374,True
389,ADAS13,-187.96474413922823,True
389,FusiformNorm,-58.78899514414071,True
389,ABETA,-45.218804709140784,True
389,TAU,-94.95354490558852,True
389,WholeBrainNorm,-197.3086822675553,True
389,PTAU,-490.8530690777062,True
389,MMSE,24.047363304923557,True
389,HippocampusNorm,11.280194130947248,True
389,RAVLT_immediate,603.8272721960992,True
389,EntorhinalNorm,658.7994084691088,True
389,MidTempNorm,-46.009747667610235,True
390,VentricleNorm,-40.466544091014676,True
390,ADAS13,-216.9862940533501,True
390,FusiformNorm,225.03429931946812,True
390,ABETA,-173.70975582182683,True
390,TAU,-114.06995306276248,True
390,WholeBrainNorm,178.06458025734534,True
390,PTAU,58.5375123246213,True
390,MMSE,34.905748413354054,True
390,HippocampusNorm,47.46221236015638,True
390,RAVLT_immediate,173.12165132214074,True
390,EntorhinalNorm,333.3321756547648,True
390,MidTempNorm,-84.50903462761396,True
391,VentricleNorm,-130.58686985448554,True
391,ADAS13,-172.56373043658814,True
391,FusiformNorm,75.36606092562712,True
391,ABETA,-593.5425805517915,True
391,TAU,-121.09097192838684,True
391,WholeBrainNorm,-0.1320691696750771,True
391,PTAU,-524.2114014755422,True
391,MMSE,-50.825241412445564,True
391,HippocampusNorm,59.6407835175882,True
391,RAVLT_immediate,134.98873611355202,True
391,EntorhinalNorm,342.9036574693773,True
391,MidTempNorm,-174.25061127753503,True
392,VentricleNorm,-174.5887784748896,True
392,ADAS13,-230.3169983229053,True
392,FusiformNorm,115.63102776650155,True
392,ABETA,-269.71791188044983,True
392,TAU,-43.1876767462936,True
392,WholeBrainNorm,-75.10559175796199,True
392,PTAU,328.29450824508916,True
392,MMSE,18.902576787571817,True
392,HippocampusNorm,68.5606005398763,True
392,RAVLT_immediate,170.81830730042037,True
392,EntorhinalNorm,628.7685844316583,True
392,MidTempNorm,-168.8354688331865,True
393,VentricleNorm,42.43588487887478,False
393,ADAS13,-275.3732381817614,False
393,FusiformNorm,-188.26285540731612,False
393,ABETA,370.6826828196045,False
393,TAU,-5.232350774469904,False
393,WholeBrainNorm,131.5284208346113,False
393,PTAU,-527.3309101397338,False
393,MMSE,-20.379052698328962,False
393,HippocampusNorm,50.52934819652144,False
393,RAVLT_immediate,8.809775412030419,False
393,EntorhinalNorm,163.78011868164316,False
393,MidTempNorm,-148.26844964452926,False
394,VentricleNorm,-144.97350458139942,False
394,ADAS13,-264.11788878383385,False
394,FusiformNorm,36.720935599560235,False
394,ABETA,-250.4983452317129,False
394,TAU,-8.889456473540495,False
394,WholeBrainNorm,21.29682908968634,False
394,PTAU,-277.47802247003494,False
394,MMSE,-71.89768504026475,False
394,HippocampusNorm,45.72923103670409,False
394,RAVLT_immediate,101.69459047235009,False
394,EntorhinalNorm,418.89207403836326,False
394,MidTempNorm,-31.439268200823577,False
395,VentricleNorm,181.4158561959552,False
395,ADAS13,-249.66884716095274,False
395,FusiformNorm,174.3177320049789,False
395,ABETA,-92.4334197731858,False
395,TAU,18.008569202267335,False
395,WholeBrainNorm,66.32447722889219,False
395,PTAU,-258.99816741837765,False
395,MMSE,-59.63289012376799,False
395,HippocampusNorm,46.41587894529144,False
395,RAVLT_immediate,11.295313499844823,False
395,EntorhinalNorm,42.04868527315472,False
395,MidTempNorm,4.9472974368373315,False
396,VentricleNorm,-80.73998655996894,True
396,ADAS13,-217.30377344722234,True
396,FusiformNorm,187.594882631028,True
396,ABETA,-697.8968441373586,True
396,TAU,-186.15226815120894,True
396,WholeBrainNorm,-43.37389385150978,True
396,PTAU,332.5604554537892,True
396,MMSE,31.0489153517411,True
396,HippocampusNorm,207.79360482441336,True
396,RAVLT_immediate,-42.562915701126855,True
396,EntorhinalNorm,465.6537869056362,True
396,MidTempNorm,-113.49277918447818,True
397,VentricleNorm,-44.35069896054192,True
397,ADAS13,-224.5093922151031,True
397,FusiformNorm,103.92571115753614,True
397,ABETA,-889.2910057674674,True
397,TAU,-131.75273468879777,True
397,WholeBrainNorm,-82.88500323091928,True
397,PTAU,-103.32435689590082,True
397,MMSE,10.41489773805872,True
397,HippocampusNorm,59.527350428468324,True
397,RAVLT_immediate,185.5959806517162,True
397,EntorhinalNorm,369.82896957448384,True
397,MidTempNorm,-139.66151725638684,True
398,VentricleNorm,-56.36651284244404,False
398,ADAS13,-244.8188809807046,False
398,FusiformNorm,-72.56176463948604,False
398,ABETA,-465.6449880389332,False
398,TAU,-53.174808055888455,False
398,WholeBrainNorm,-57.15863970654699,False
398,PTAU,-184.18790528652704,False
398,MMSE,-44.87966912497786,False
398,HippocampusNorm,55.13582283887673,False
398,RAVLT_immediate,160.22520220986874,False
398,EntorhinalNorm,494.9690907795858,False
398,MidTempNorm,-57.905150616108024,False
399,VentricleNorm,230.36716616243888,False
399,ADAS13,-287.37724980250334,False
399,FusiformNorm,-242.8718486142484,False
399,ABETA,366.1720264302783,False
399,TAU,30.004836720952273,False
399,WholeBrainNorm,139.9065797595427,False
399,PTAU,-388.2431960719572,False
399,MMSE,-26.508665780574376,False
399,HippocampusNorm,57.86033909427494,False
399,RAVLT_immediate,126.64701920795024,False
399,EntorhinalNorm,404.9294218812067,False
399,MidTempNorm,-36.83713861509798,False
400,VentricleNorm,3.318103084947211,True
400,ADAS13,-224.49106294756118,True
400,FusiformNorm,114.59184883377912,True
400,ABETA,-96.01538945308812,True
400,TAU,0.0853543710286715,True
400,WholeBrainNorm,377.1115306205447,True
400,PTAU,149.28924032984534,True
400,MMSE,63.77205068290979,True
400,HippocampusNorm,61.55049101932801,True
400,RAVLT_immediate,197.16840506483373,True
400,EntorhinalNorm,491.9102443968535,True
400,MidTempNorm,-11.95297631382865,True
401,VentricleNorm,-220.24525243177607,True
401,ADAS13,-250.2183509558185,True
401,FusiformNorm,251.4912955533754,True
401,ABETA,-397.6314046744389,True
401,TAU,-75.35604047846911,True
401,WholeBrainNorm,142.2773954941166,True
401,PTAU,-256.3170136007582,True
401,MMSE,69.76685392186945,True
401,HippocampusNorm,105.89440184431339,True
401,RAVLT_immediate,26.108589427375264,True
401,EntorhinalNorm,624.115053912886,True
401,MidTempNorm,-35.736285338997156,True
402,VentricleNorm,-180.16733465247114,True
402,ADAS13,-105.51744101898893,True
402,FusiformNorm,172.48889494399572,True
402,ABETA,-498.6114048015031,True
402,TAU,-111.42284551919512,True
402,WholeBrainNorm,-89.69099473101726,True
402,PTAU,-29.814517927074057,True
402,MMSE,29.510907225834725,True
402,HippocampusNorm,47.17355802809793,True
402,RAVLT_immediate,148.33076330726416,True
402,EntorhinalNorm,328.87160242151185,True
402,MidTempNorm,-74.85503203956924,True
403,VentricleNorm,-84.28997517398392,True
403,ADAS13,-240.16485570079513,True
403,FusiformNorm,56.91031576029162,True
403,ABETA,-290.0853393583598,True
403,TAU,-14.011032115665728,True
403,WholeBrainNorm,-197.74658870623853,True
403,PTAU,575.3971431815189,True
403,MMSE,39.93188145543064,True
403,HippocampusNorm,-63.68034691922601,True
403,RAVLT_immediate,333.36529637067696,True
403,EntorhinalNorm,-58.332874584566866,True
403,MidTempNorm,-90.96257926689742,True
404,VentricleNorm,-83.29112235323134,True
404,ADAS13,-229.526904621088,True
404,FusiformNorm,79.6844996132451,True
404,ABETA,-141.01778219128744,True
404,TAU,-116.25424528084184,True
404,WholeBrainNorm,168.45394693673768,True
404,PTAU,-5.539539788756471,True
404,MMSE,18.967705629180095,True
404,HippocampusNorm,-209.15749346298026,True
404,RAVLT_immediate,972.811220819306,True
404,EntorhinalNorm,153.73275455422572,True
404,MidTempNorm,-91.95437735537432,True
405,VentricleNorm,-70.13342830704035,True
405,ADAS13,-279.238682443853,True
405,FusiformNorm,61.76603194927554,True
405,ABETA,-615.9087825287202,True
405,TAU,-67.8224344248002,True
405,WholeBrainNorm,75.62445525057247,True
405,PTAU,-164.40306577934166,True
405,MMSE,-6.302527737270363,True
405,HippocampusNorm,-27.922083583597434,True
405,RAVLT_immediate,696.1937274688594,True
405,EntorhinalNorm,442.1495990508086,True
405,MidTempNorm,-35.24874220413647,True
406,VentricleNorm,-115.68894997963139,True
406,ADAS13,-204.39352834671146,True
406,FusiformNorm,32.70972410467865,True
406,ABETA,-251.64892224364962,True
406,TAU,-162.5831410174129,True
406,WholeBrainNorm,28.03402865657646,True
406,PTAU,25.240963894034845,True
406,MMSE,20.685732940152405,True
406,HippocampusNorm,61.65964812855634,True
406,RAVLT_immediate,953.0507864613403,True
406,EntorhinalNorm,651.6287358214732,True
406,MidTempNorm,-102.39960523000322,True
407,VentricleNorm,10.260428534675171,True
407,ADAS13,-185.15834750071565,True
407,FusiformNorm,11.939588067651613,True
407,ABETA,-141.27062501383458,True
407,TAU,-67.34117496672391,True
407,WholeBrainNorm,132.20100327597672,True
407,PTAU,167.06693181481904,True
407,MMSE,56.349156518363124,True
407,HippocampusNorm,56.41290333072571,True
407,RAVLT_immediate,672.254448077726,True
407,EntorhinalNorm,363.8020327613315,True
407,MidTempNorm,-90.16962362620322,True
408,VentricleNorm,-216.1769068357304,True
408,ADAS13,-191.0009216030921,True
408,FusiformNorm,223.17735348614528,True
408,ABETA,-219.87175335731675,True
408,TAU,-19.80871539725719,True
408,WholeBrainNorm,173.18319751566952,True
408,PTAU,273.1837992410507,True
408,MMSE,79.01826882364604,True
408,HippocampusNorm,96.30118708833352,True
408,RAVLT_immediate,136.265356727343,True
408,EntorhinalNorm,565.5159757277204,True
408,MidTempNorm,-94.29636010336377,True
409,VentricleNorm,-80.19693036395448,True
409,ADAS13,-228.99297385317806,True
409,FusiformNorm,107.85741347773677,True
409,ABETA,-747.2358693329822,True
409,TAU,-58.141292435072074,True
409,WholeBrainNorm,31.769191205918784,True
409,PTAU,78.9935723572304,True
409,MMSE,-64.9619299263761,True
409,HippocampusNorm,55.76633663213168,True
409,RAVLT_immediate,146.9110119376491,True
409,EntorhinalNorm,426.96106799430123,True
409,MidTempNorm,26.517981350597182,True
410,VentricleNorm,-35.627288323875234,True
410,ADAS13,-259.314689802524,True
410,FusiformNorm,38.21306350600633,True
410,ABETA,-125.33815067898922,True
410,TAU,-19.343618634909802,True
410,WholeBrainNorm,-109.4948134316436,True
410,PTAU,-123.78934665007938,True
410,MMSE,-55.10993333495904,True
410,HippocampusNorm,39.15159185755545,True
410,RAVLT_immediate,137.0497750368101,True
410,EntorhinalNorm,117.02201163653842,True
410,MidTempNorm,-114.87993103857826,True
411,VentricleNorm,78.30591958247643,False
411,ADAS13,-301.1747571883106,False
411,FusiformNorm,330.3005836464535,False
411,ABETA,-17.338593645923872,False
411,TAU,-4.112972740244567,False
411,WholeBrainNorm,206.3104131744735,False
411,PTAU,-249.97742000897404,False
411,MMSE,-59.772429913934616,False
411,HippocampusNorm,54.342086846482786,False
411,RAVLT_immediate,125.53129819061475,False
411,EntorhinalNorm,422.45830897657976,False
411,MidTempNorm,61.73247600154269,False
412,VentricleNorm,-151.25296168795086,True
412,ADAS13,-268.6634146186406,True
412,FusiformNorm,176.12658910958163,True
412,ABETA,-585.0926181654959,True
412,TAU,-103.87217695733105,True
412,WholeBrainNorm,69.77345418123657,True
412,PTAU,-138.31525163359603,True
412,MMSE,-75.31539684980525,True
412,HippocampusNorm,48.11817964734151,True
412,RAVLT_immediate,192.0676915323342,True
412,EntorhinalNorm,111.58695592766418,True
412,MidTempNorm,-30.678104159982993,True
413,VentricleNorm,-176.20219015940637,True
413,ADAS13,-174.5703213786535,True
413,FusiformNorm,-84.31591652445357,True
413,ABETA,-377.6159270552958,True
413,TAU,-59.84406360463167,True
413,WholeBrainNorm,124.5386520900613,True
413,PTAU,-76.20516579963478,True
413,MMSE,59.4164114223061,True
413,HippocampusNorm,-63.17163245566212,True
413,RAVLT_immediate,495.3970667658981,True
413,EntorhinalNorm,393.5432466475853,True
413,MidTempNorm,26.803792042749492,True
414,VentricleNorm,-144.44690387056926,False
414,ADAS13,-299.0674003515286,False
414,FusiformNorm,72.30061420994727,False
414,ABETA,-21.64598793179093,False
414,TAU,21.364470116507178,False
414,WholeBrainNorm,60.133005847077,False
414,PTAU,-312.24415572383754,False
414,MMSE,-2.400284748867854,False
414,HippocampusNorm,49.48354004511742,False
414,RAVLT_immediate,111.5257232445457,False
414,EntorhinalNorm,632.519140708055,False
414,MidTempNorm,9.167021118072356,False
415,VentricleNorm,-45.98713810656234,True
415,ADAS13,-210.05313311438837,True
415,FusiformNorm,185.80750923429468,True
415,ABETA,-476.7347166111261,True
415,TAU,-122.91393369984877,True
415,WholeBrainNorm,288.82840123817243,True
415,PTAU,-20.844025184068265,True
415,MMSE,10.191186145177852,True
415,HippocampusNorm,73.74577045917312,True
415,RAVLT_immediate,803.2959999270868,True
415,EntorhinalNorm,-111.10559118568654,True
415,MidTempNorm,-58.958839223762176,True
416,VentricleNorm,160.37904743666667,False
416,ADAS13,-238.3071721380138,False
416,FusiformNorm,-77.30687096430366,False
416,ABETA,118.90137559525917,False
416,TAU,-2.201311085760203,False
416,WholeBrainNorm,116.42355622877952,False
416,PTAU,-536.0387273068003,False
416,MMSE,-25.846960446317468,False
416,HippocampusNorm,47.13144718393642,False
416,RAVLT_immediate,189.42250576659382,False
416,EntorhinalNorm,559.5580785651991,False
416,MidTempNorm,-85.01218141371889,False
417,VentricleNorm,-7.974011113450942,True
417,ADAS13,-205.6759003312269,True
417,FusiformNorm,-14.653753171711003,True
417,ABETA,-961.5801848824112,True
417,TAU,-124.07427224103887,True
417,WholeBrainNorm,-265.7646348808547,True
417,PTAU,371.54906408105313,True
417,MMSE,29.42477717679322,True
417,HippocampusNorm,13.35707733482823,True
417,RAVLT_immediate,126.31555566578425,True
417,EntorhinalNorm,401.3909116510143,True
417,MidTempNorm,8.574428422467179,True
418,VentricleNorm,-174.22468592866534,True
418,ADAS13,-239.37892256316164,True
418,FusiformNorm,69.54093771739893,True
418,ABETA,-632.701851757222,True
418,TAU,-69.64885037775356,True
418,WholeBrainNorm,136.2085613816526,True
418,PTAU,110.9734704908536,True
418,MMSE,0.8266870615115067,True
418,HippocampusNorm,43.943788120260706,True
418,RAVLT_immediate,141.7416310685639,True
418,EntorhinalNorm,484.81185889205176,True
418,MidTempNorm,-25.971219046159547,True
419,VentricleNorm,-237.4029180087682,False
419,ADAS13,-267.1433606839006,False
419,FusiformNorm,-122.05657034813557,False
419,ABETA,-159.2497847283444,False
419,TAU,2.1211378572725805,False
419,WholeBrainNorm,86.55808667027303,False
419,PTAU,-386.27911810910996,False
419,MMSE,-6.182366728779627,False
419,HippocampusNorm,66.52439200054451,False
419,RAVLT_immediate,116.0679098925081,False
419,EntorhinalNorm,246.26507901298808,False
419,MidTempNorm,-170.25698633781673,False
420,VentricleNorm,-61.70584075514011,True
420,ADAS13,-122.00238061183363,True
420,FusiformNorm,-17.214971324039197,True
420,ABETA,23.14399313325623,True
420,TAU,-104.13035066143738,True
420,WholeBrainNorm,210.35192198040414,True
420,PTAU,-419.7982987373548,True
420,MMSE,-62.25469314222086,True
420,HippocampusNorm,56.47003340174152,True
420,RAVLT_immediate,82.6740502107559,True
420,EntorhinalNorm,404.5801272608869,True
420,MidTempNorm,-119.19867305909177,True
421,VentricleNorm,198.3374609139124,False
421,ADAS13,-309.24571065365063,False
421,FusiformNorm,-21.275664436860097,False
421,ABETA,276.5102041724442,False
421,TAU,8.14484570435329,False
421,WholeBrainNorm,184.46558436162633,False
421,PTAU,-288.11358401682054,False
421,MMSE,-26.235754362890642,False
421,HippocampusNorm,51.145452024347776,False
421,RAVLT_immediate,233.9933465091243,False
421,EntorhinalNorm,399.3162174670167,False
421,MidTempNorm,-117.86746845516095,False
422,VentricleNorm,69.26786977266833,True
422,ADAS13,-221.46690682973642,True
422,FusiformNorm,52.11020360533565,True
422,ABETA,-544.590426707017,True
422,TAU,-116.59900957126204,True
422,WholeBrainNorm,177.4946440434127,True
422,PTAU,31.39974042036096,True
422,MMSE,12.146801717310254,True
422,HippocampusNorm,31.517918455964853,True
422,RAVLT_immediate,122.94216818251385,True
422,EntorhinalNorm,740.6320314616856,True
422,MidTempNorm,-123.62089260415362,True
423,VentricleNorm,-126.07144478522832,True
423,ADAS13,-288.5036090814316,True
423,FusiformNorm,-3.8663803676806623,True
423,ABETA,-516.5353351618613,True
423,TAU,-157.7998151842865,True
423,WholeBrainNorm,205.5393996381066,True
423,PTAU,715.5809155576399,True
423,MMSE,26.335194457024627,True
423,HippocampusNorm,55.074154074259546,True
423,RAVLT_immediate,111.82466483948403,True
423,EntorhinalNorm,430.1013422318642,True
423,MidTempNorm,-114.1112321795535,True
424,VentricleNorm,484.45118915737555,False
424,ADAS13,-332.60874157173055,False
424,FusiformNorm,-22.735292490802117,False
424,ABETA,299.2050144062796,False
424,TAU,-11.65993602807205,False
424,WholeBrainNorm,194.76299483293627,False
424,PTAU,-185.977400071096,False
424,MMSE,-24.8919145420456,False
424,HippocampusNorm,50.72871906706944,False
424,RAVLT_immediate,192.84394819726603,False
424,EntorhinalNorm,648.3222889560083,False
424,MidTempNorm,-115.14896636729421,False
425,VentricleNorm,-68.18759221717106,True
425,ADAS13,-329.4435801287828,True
425,FusiformNorm,177.0163770962052,True
425,ABETA,-163.7686831266888,True
425,TAU,-78.55517157561678,True
425,WholeBrainNorm,119.5155605614017,True
425,PTAU,-136.4307214379591,True
425,MMSE,-33.51911665693005,True
425,HippocampusNorm,59.257485999473964,True
425,RAVLT_immediate,77.77479874568667,True
425,EntorhinalNorm,561.9378247549171,True
425,MidTempNorm,-85.757881043627,True
426,VentricleNorm,-12.687895804101046,True
426,ADAS13,-223.62834366832334,True
426,FusiformNorm,6.458409790519752,True
426,ABETA,-292.81477835910266,True
426,TAU,-112.89738730000431,True
426,WholeBrainNorm,76.45270497711678,True
426,PTAU,125.2191497116973,True
426,MMSE,45.18761057223841,True
426,HippocampusNorm,99.33121746719088,True
426,RAVLT_immediate,721.7308750822949,True
426,EntorhinalNorm,-182.96742714546252,True
426,MidTempNorm,-129.24711649853924,True
427,VentricleNorm,6.9947812165121945,True
427,ADAS13,-301.5856397648818,True
427,FusiformNorm,144.0789218412811,True
427,ABETA,-784.8254532202078,True
427,TAU,-171.62923820510673,True
427,WholeBrainNorm,90.53160385616579,True
427,PTAU,505.0962921294506,True
427,MMSE,-66.38857914163738,True
427,HippocampusNorm,47.732024728226456,True
427,RAVLT_immediate,164.03358986090262,True
427,EntorhinalNorm,509.6566287366347,True
427,MidTempNorm,81.33047936139829,True
428,VentricleNorm,131.65153653961153,False
428,ADAS13,-317.5295844089155,False
428,FusiformNorm,-16.652818574303602,False
428,ABETA,-24.580067507996453,False
428,TAU,42.50008619757836,False
428,WholeBrainNorm,-1.1605794645193726,False
428,PTAU,-197.70704151870177,False
428,MMSE,-37.86656466107112,False
428,HippocampusNorm,49.03085294703002,False
428,RAVLT_immediate,319.88609579017185,False
428,EntorhinalNorm,379.98377297611046,False
428,MidTempNorm,-203.57693090167714,False
429,VentricleNorm,38.95147278048404,True
429,ADAS13,-180.75968132535522,True
429,FusiformNorm,156.10789529452632,True
429,ABETA,-433.17743902834354,True
429,TAU,-109.29439937748678,True
429,WholeBrainNorm,92.2547608869851,True
429,PTAU,-274.1321654395355,True
429,MMSE,18.862857801836995,True
429,HippocampusNorm,48.70036550999842,True
429,RAVLT_immediate,255.94367019401614,True
429,EntorhinalNorm,365.46535664892673,True
429,MidTempNorm,-106.47110671472527,True
430,VentricleNorm,-165.0749766567553,True
430,ADAS13,-186.25553202234866,True
430,FusiformNorm,101.07137525858661,True
430,ABETA,-663.7107714641504,True
430,TAU,-101.38464073216296,True
430,WholeBrainNorm,250.4267130022247,True
430,PTAU,-191.16782477995332,True
430,MMSE,36.251349016324106,True
430,HippocampusNorm,57.95776790276072,True
430,RAVLT_immediate,820.4278142750754,True
430,EntorhinalNorm,517.1406840865743,True
430,MidTempNorm,-33.52122709138873,True
431,VentricleNorm,-122.85516669390464,True
431,ADAS13,-368.3760514621248,True
431,FusiformNorm,213.59223599216187,True
431,ABETA,-384.5004354457087,True
431,TAU,-132.76915946498104,True
431,WholeBrainNorm,259.38800034694606,True
431,PTAU,20.697834744836932,True
431,MMSE,42.55356319482905,True
431,HippocampusNorm,-49.009324750488844,True
431,RAVLT_immediate,566.0468933150004,True
431,EntorhinalNorm,435.5558770041278,True
431,MidTempNorm,-100.76667800408659,True
432,VentricleNorm,-153.51929224685892,True
432,ADAS13,-265.25454455154807,True
432,FusiformNorm,6.580571118115486,True
432,ABETA,-620.7379101899734,True
432,TAU,-154.89350887412547,True
432,WholeBrainNorm,223.0565017160091,True
432,PTAU,-479.875622856488,True
432,MMSE,37.90889231273068,True
432,HippocampusNorm,-46.099247639800595,True
432,RAVLT_immediate,800.1408283776508,True
432,EntorhinalNorm,270.46330952189777,True
432,MidTempNorm,-189.7517407393803,True
433,VentricleNorm,97.34023125463067,False
433,ADAS13,-310.15562520006114,False
433,FusiformNorm,218.80657482997782,False
433,ABETA,288.706601532669,False
433,TAU,22.23426044591461,False
433,WholeBrainNorm,-8.682657849517042,False
433,PTAU,-82.94562224202176,False
433,MMSE,-76.87299369932649,False
433,HippocampusNorm,55.24769142252246,False
433,RAVLT_immediate,167.8848535195416,False
433,EntorhinalNorm,392.8812294108002,False
433,MidTempNorm,-17.53133691380399,False
434,VentricleNorm,-196.16189338934518,True
434,ADAS13,-389.53022072343407,True
434,FusiformNorm,43.6507527612797,True
434,ABETA,-323.02858686644095,True
434,TAU,-20.184906413090616,True
434,WholeBrainNorm,153.64522026198557,True
434,PTAU,-154.9705808771708,True
434,MMSE,11.314847487939481,True
434,HippocampusNorm,62.72410022831482,True
434,RAVLT_immediate,115.18384188122636,True
434,EntorhinalNorm,416.2399604179935,True
434,MidTempNorm,-52.13008507146846,True
435,VentricleNorm,11.114132292417409,True
435,ADAS13,-215.21938397231276,True
435,FusiformNorm,-101.0386107519177,True
435,ABETA,-534.1078574415887,True
435,TAU,-28.300351163422704,True
435,WholeBrainNorm,41.47408308985489,True
435,PTAU,72.75188860155242,True
435,MMSE,-75.27680779440092,True
435,HippocampusNorm,57.18919150442686,True
435,RAVLT_immediate,163.22097843687578,True
435,EntorhinalNorm,702.0389995990076,True
435,MidTempNorm,-41.719560160878146,True
436,VentricleNorm,460.55927150878085,False
436,ADAS13,-266.3945533369112,False
436,FusiformNorm,-58.48450656922458,False
436,ABETA,84.64266796106045,False
436,TAU,38.93843326897764,False
436,WholeBrainNorm,53.125339314866196,False
436,PTAU,-352.0278065806121,False
436,MMSE,-54.72983569014444,False
436,HippocampusNorm,46.282847283736004,False
436,RAVLT_immediate,87.67566487438684,False
436,EntorhinalNorm,675.5898069655877,False
436,MidTempNorm,-108.48032669356601,False
437,VentricleNorm,-30.246627532661783,True
437,ADAS13,-183.30404036162767,True
437,FusiformNorm,24.897662245370086,True
437,ABETA,-481.82665261781193,True
437,TAU,-94.88114461971035,True
437,WholeBrainNorm,21.703575640887728,True
437,PTAU,-54.006603247330595,True
437,MMSE,38.653148986777964,True
437,HippocampusNorm,251.9494557770173,True
437,RAVLT_immediate,789.4898391700569,True
437,EntorhinalNorm,212.8152794002978,True
437,MidTempNorm,-30.276319695830097,True
438,VentricleNorm,22.26641180422783,True
438,ADAS13,-214.0671163098853,True
438,FusiformNorm,58.30166686098249,True
438,ABETA,-544.2395123334923,True
438,TAU,44.28687366551053,True
438,WholeBrainNorm,314.26920930206063,True
438,PTAU,380.5393159076021,True
438,MMSE,28.368136848930764,True
438,HippocampusNorm,125.53725656554207,True
438,RAVLT_immediate,129.05304896443852,True
438,EntorhinalNorm,376.7128138194946,True
438,MidTempNorm,-79.57511086189896,True
439,VentricleNorm,177.17553162567032,True
439,ADAS13,-190.5361709061442,True
439,FusiformNorm,-6.770693514736905,True
439,ABETA,-584.2058630507161,True
439,TAU,-76.22070024731349,True
439,WholeBrainNorm,157.45294598139378,True
439,PTAU,414.44667060671327,True
439,MMSE,26.683679360782087,True
439,HippocampusNorm,-52.53882987866395,True
439,RAVLT_immediate,890.886089477889,True
439,EntorhinalNorm,602.714591361181,True
439,MidTempNorm,-217.6090370944043,True
440,VentricleNorm,34.206870977295196,True
440,ADAS13,-201.13138539513156,True
440,FusiformNorm,266.4329646961752,True
440,ABETA,-383.3679307196926,True
440,TAU,-84.83170461442096,True
440,WholeBrainNorm,451.43361266998176,True
440,PTAU,421.72814017774124,True
440,MMSE,5.708283954511046,True
440,HippocampusNorm,64.28908461427746,True
440,RAVLT_immediate,826.6669624341773,True
440,EntorhinalNorm,238.27297694985162,True
440,MidTempNorm,-185.06112683276902,True
441,VentricleNorm,91.66763750934153,True
441,ADAS13,-228.1078863707299,True
441,FusiformNorm,-71.6821276268162,True
441,ABETA,-493.9075569205896,True
441,TAU,-90.39487614502707,True
441,WholeBrainNorm,109.54806221238695,True
441,PTAU,-52.80040620622555,True
441,MMSE,-7.613969523276456,True
441,HippocampusNorm,46.03690926763209,True
441,RAVLT_immediate,1028.4228164257083,True
441,EntorhinalNorm,744.8365109141027,True
441,MidTempNorm,-83.8774791455181,True
442,VentricleNorm,21.9268374274002,True
442,ADAS13,-213.55355533985178,True
442,FusiformNorm,-32.927832779294874,True
442,ABETA,-650.1283729274895,True
442,TAU,-139.26118347414575,True
442,WholeBrainNorm,-107.5179634206146,True
442,PTAU,-104.07591738657396,True
442,MMSE,-88.98085124667107,True
442,HippocampusNorm,49.29836222697075,True
442,RAVLT_immediate,24.687683674126816,True
442,EntorhinalNorm,554.9403718450997,True
442,MidTempNorm,-100.3546584833916,True
443,VentricleNorm,65.52068173718904,False
443,ADAS13,-318.77855881712276,False
443,FusiformNorm,194.58432146345132,False
443,ABETA,335.07874873955785,False
443,TAU,17.829265103130208,False
443,WholeBrainNorm,202.00579820492675,False
443,PTAU,-303.6102031324027,False
443,MMSE,-15.76212209041688,False
443,HippocampusNorm,59.202439876809436,False
443,RAVLT_immediate,216.23948987835882,False
443,EntorhinalNorm,836.2993664334767,False
443,MidTempNorm,-54.900976014861065,False
444,VentricleNorm,0.5479700889768964,False
444,ADAS13,-281.1421422434763,False
444,FusiformNorm,-66.08485963840005,False
444,ABETA,-553.3613745550603,False
444,TAU,-0.11504763053633926,False
444,WholeBrainNorm,81.07024898692487,False
444,PTAU,-36.39331538409854,False
444,MMSE,-41.53692843862627,False
444,HippocampusNorm,46.44331730897373,False
444,RAVLT_immediate,156.72348489830858,False
444,EntorhinalNorm,502.6769165098086,False
444,MidTempNorm,-16.878217267280498,False
445,VentricleNorm,-25.515672238763948,True
445,ADAS13,-171.48204658253485,True
445,FusiformNorm,103.43017562511106,True
445,ABETA,-262.2964782599458,True
445,TAU,-109.07782233014834,True
445,WholeBrainNorm,329.3521872855539,True
445,PTAU,-58.9494761097637,True
445,MMSE,85.70806654406901,True
445,HippocampusNorm,107.00089759456007,True
445,RAVLT_immediate,165.8054533998701,True
445,EntorhinalNorm,303.67895587135274,True
445,MidTempNorm,-68.01388838599085,True
446,VentricleNorm,-132.97553729069466,True
446,ADAS13,-334.36466825530005,True
446,FusiformNorm,102.86379209792565,True
446,ABETA,-283.64195244277903,True
446,TAU,-59.87484232244978,True
446,WholeBrainNorm,234.46649783943423,True
446,PTAU,18.541065073405022,True
446,MMSE,23.825898940664537,True
446,HippocampusNorm,49.34592956871008,True
446,RAVLT_immediate,145.96654002777007,True
446,EntorhinalNorm,517.4935925669863,True
446,MidTempNorm,7.520310253482009,True
447,VentricleNorm,-24.341545819525848,True
447,ADAS13,-195.61430860001025,True
447,FusiformNorm,31.150838889621735,True
447,ABETA,-543.5328589912732,True
447,TAU,-37.16021546269814,True
447,WholeBrainNorm,90.90894939283388,True
447,PTAU,135.31324654227717,True
447,MMSE,79.95381326902465,True
447,HippocampusNorm,60.383079521865824,True
447,RAVLT_immediate,190.1061971760139,True
447,EntorhinalNorm,717.8546941826178,True
447,MidTempNorm,-216.00273158202873,True
448,VentricleNorm,-59.11339781219705,True
448,ADAS13,-188.3607017933378,True
448,FusiformNorm,47.40508467829372,True
448,ABETA,-270.9075592320896,True
448,TAU,-61.13306571585931,True
448,WholeBrainNorm,111.8298383438073,True
448,PTAU,40.990305293946705,True
448,MMSE,13.615702920756856,True
448,HippocampusNorm,-70.4231661858656,True
448,RAVLT_immediate,217.43119594435896,True
448,EntorhinalNorm,666.4219320945665,True
448,MidTempNorm,-48.02899228408624,True
449,VentricleNorm,-312.3973071418093,True
449,ADAS13,-190.18675910073887,True
449,FusiformNorm,111.0402356901266,True
449,ABETA,-89.92740297420289,True
449,TAU,-93.6052322523913,True
449,WholeBrainNorm,122.21219782763217,True
449,PTAU,-73.0295599440054,True
449,MMSE,42.586333899082476,True
449,HippocampusNorm,59.870502115808264,True
449,RAVLT_immediate,-69.72037317093941,True
449,EntorhinalNorm,661.0577306317973,True
449,MidTempNorm,-0.4258452517674698,True
450,VentricleNorm,-67.82955105431115,True
450,ADAS13,-152.3180087130736,True
450,FusiformNorm,-65.615650246024,True
450,ABETA,-650.4864374704509,True
450,TAU,-111.50616678134837,True
450,WholeBrainNorm,287.484063717898,True
450,PTAU,101.18417486083898,True
450,MMSE,26.49700053481634,True
450,HippocampusNorm,5.49178906406118,True
450,RAVLT_immediate,881.7085349432244,True
450,EntorhinalNorm,452.29622763834925,True
450,MidTempNorm,-73.6979269856996,True
451,VentricleNorm,-101.2146303153702,True
451,ADAS13,-121.78983806679187,True
451,FusiformNorm,111.8641744124196,True
451,ABETA,-268.4185887718723,True
451,TAU,-44.305527386318616,True
451,WholeBrainNorm,-19.974074289114327,True
451,PTAU,140.0527643795643,True
451,MMSE,26.58909217998705,True
451,HippocampusNorm,20.238988527838938,True
451,RAVLT_immediate,548.3955340932798,True
451,EntorhinalNorm,394.8819094368651,True
451,MidTempNorm,-115.5527770891349,True
452,VentricleNorm,-81.7339400989113,True
452,ADAS13,-227.74148985142767,True
452,FusiformNorm,207.12131442394974,True
452,ABETA,-242.46351500379322,True
452,TAU,38.54593350379021,True
452,WholeBrainNorm,-43.01028694213129,True
452,PTAU,-329.5937273751694,True
452,MMSE,-16.546429526532734,True
452,HippocampusNorm,51.28585022597273,True
452,RAVLT_immediate,135.21501923650493,True
452,EntorhinalNorm,653.101477407338,True
452,MidTempNorm,-86.63069429390339,True
453,VentricleNorm,-74.86451286283422,True
453,ADAS13,-181.25016658440086,True
453,FusiformNorm,-101.95290198132713,True
453,ABETA,-113.8379249511479,True
453,TAU,-70.9693888960858,True
453,WholeBrainNorm,39.322587922341526,True
453,PTAU,-140.7905246900824,True
453,MMSE,10.057015688206725,True
453,HippocampusNorm,-117.98446423956996,True
453,RAVLT_immediate,672.0939179736416,True
453,EntorhinalNorm,654.5934727437256,True
453,MidTempNorm,-94.5895171472429,True
454,VentricleNorm,112.5986759852246,True
454,ADAS13,-230.958106602628,True
454,FusiformNorm,71.31611312580596,True
454,ABETA,-696.8142872838644,True
454,TAU,-86.89328455453683,True
454,WholeBrainNorm,243.2616853211104,True
454,PTAU,85.77146186488852,True
454,MMSE,40.06960825900451,True
454,HippocampusNorm,5.517458870437093,True
454,RAVLT_immediate,25.36609508119284,True
454,EntorhinalNorm,306.48118584584677,True
454,MidTempNorm,-29.214298257889595,True
455,VentricleNorm,-206.54608052473094,True
455,ADAS13,-429.4235206542865,True
455,FusiformNorm,157.84274104211303,True
455,ABETA,-247.08317923764912,True
455,TAU,-54.19263742419861,True
455,WholeBrainNorm,30.34934208454863,True
455,PTAU,101.92251323269696,True
455,MMSE,4.629395615183768,True
455,HippocampusNorm,82.99568835945746,True
455,RAVLT_immediate,56.16640572889588,True
455,EntorhinalNorm,466.743230883886,True
455,MidTempNorm,-224.4993673838533,True
456,VentricleNorm,207.01101021349064,False
456,ADAS13,-355.9579900460192,False
456,FusiformNorm,21.166550883077953,False
456,ABETA,411.84649859777545,False
456,TAU,-5.975495876936712,False
456,WholeBrainNorm,73.49200990256281,False
456,PTAU,-338.78564295217944,False
456,MMSE,-40.25279549467955,False
456,HippocampusNorm,45.559824912424126,False
456,RAVLT_immediate,165.19638828623525,False
456,EntorhinalNorm,491.31815704264807,False
456,MidTempNorm,-68.34679590144381,False
457,VentricleNorm,-224.98055898168582,True
457,ADAS13,-334.58712430067374,True
457,FusiformNorm,237.37368311011153,True
457,ABETA,-325.826950673748,True
457,TAU,4.013158730281731,True
457,WholeBrainNorm,156.34935924463423,True
457,PTAU,157.44553980501217,True
457,MMSE,24.209164859950764,True
457,HippocampusNorm,-11.755192015740228,True
457,RAVLT_immediate,122.54179122602659,True
457,EntorhinalNorm,183.36703684502208,True
457,MidTempNorm,-173.8203076361586,True
458,VentricleNorm,-15.907660980243051,True
458,ADAS13,-132.46815190208912,True
458,FusiformNorm,41.799106193972754,True
458,ABETA,-90.28815006519909,True
458,TAU,-76.23535501124579,True
458,WholeBrainNorm,70.9682761154521,True
458,PTAU,-95.93433239049105,True
458,MMSE,-58.026183204287584,True
458,HippocampusNorm,53.188084229644964,True
458,RAVLT_immediate,79.05170326352031,True
458,EntorhinalNorm,497.33820835180495,True
458,MidTempNorm,-21.397321798920558,True
459,VentricleNorm,19.602113263007276,False
459,ADAS13,-263.2701158745811,False
459,FusiformNorm,18.491338910866457,False
459,ABETA,-182.08950327730716,False
459,TAU,13.192621841981289,False
459,WholeBrainNorm,86.07625750598727,False
459,PTAU,-443.2724857116651,False
459,MMSE,-18.383929334605003,False
459,HippocampusNorm,50.68399027662723,False
459,RAVLT_immediate,184.49993318881943,False
459,EntorhinalNorm,610.8704846763216,False
459,MidTempNorm,83.57286933261426,False
460,VentricleNorm,-129.94254418625945,True
460,ADAS13,-150.82988291621518,True
460,FusiformNorm,-89.76850462937824,True
460,ABETA,-448.55981576676106,True
460,TAU,-28.772079358763577,True
460,WholeBrainNorm,231.20129597405605,True
460,PTAU,-29.791708038734306,True
460,MMSE,-22.954882201699814,True
460,HippocampusNorm,41.28086870616265,True
460,RAVLT_immediate,150.0238614787953,True
460,EntorhinalNorm,651.3562884343329,True
460,MidTempNorm,-20.06143726905455,True
461,VentricleNorm,-64.75257604825552,True
461,ADAS13,-292.72931260394864,True
461,FusiformNorm,-84.18515375173075,True
461,ABETA,13.949907570159894,True
461,TAU,-83.77384566226401,True
461,WholeBrainNorm,-179.8369850785673,True
461,PTAU,144.34547406165922,True
461,MMSE,-31.974527543779068,True
461,HippocampusNorm,46.85915646597578,True
461,RAVLT_immediate,12.269125777569315,True
461,EntorhinalNorm,738.6873255185841,True
461,MidTempNorm,-41.75520988662885,True
462,VentricleNorm,-130.53462022790734,True
462,ADAS13,-275.4279820280099,True
462,FusiformNorm,253.0632347863323,True
462,ABETA,-565.3565999196594,True
462,TAU,-134.6363064620041,True
462,WholeBrainNorm,110.45466940133298,True
462,PTAU,361.55208897698424,True
462,MMSE,-8.066340878971623,True
462,HippocampusNorm,45.30749211418199,True
462,RAVLT_immediate,74.31454597381946,True
462,EntorhinalNorm,232.83290921112183,True
462,MidTempNorm,-46.63807903470014,True
463,VentricleNorm,-94.22325686845006,True
463,ADAS13,-261.2506883457513,True
463,FusiformNorm,319.7393326741959,True
463,ABETA,-614.3099324277161,True
463,TAU,-133.31681645288808,True
463,WholeBrainNorm,18.32145704767276,True
463,PTAU,315.6018864495095,True
463,MMSE,45.6556252468463,True
463,HippocampusNorm,55.48165907490432,True
463,RAVLT_immediate,-5.897201134239083,True
463,EntorhinalNorm,605.7498835595712,True
463,MidTempNorm,50.60701215468062,True
464,VentricleNorm,-123.68704242108457,True
464,ADAS13,-132.4272935399931,True
464,FusiformNorm,149.9531649497984,True
464,ABETA,-348.7938617887169,True
464,TAU,-98.1608482339076,True
464,WholeBrainNorm,-65.17212105228198,True
464,PTAU,-77.01779975185599,True
464,MMSE,-19.028694726120342,True
464,HippocampusNorm,46.52902590329563,True
464,RAVLT_immediate,174.2438520985055,True
464,EntorhinalNorm,313.4404139736206,True
464,MidTempNorm,-103.58155841384166,True
465,VentricleNorm,-255.24352706261067,True
465,ADAS13,-249.04295797365393,True
465,FusiformNorm,-73.5073347300995,True
465,ABETA,-232.18063316032485,True
465,TAU,-30.551431893118533,True
465,WholeBrainNorm,226.4619772016647,True
465,PTAU,25.02992518987547,True
465,MMSE,26.742646305645383,True
465,HippocampusNorm,10.053754985442211,True
465,RAVLT_immediate,663.0305506809832,True
465,EntorhinalNorm,433.2804695610067,True
465,MidTempNorm,-64.46108392872117,True
466,VentricleNorm,-23.420672447207778,True
466,ADAS13,-186.98277052058214,True
466,FusiformNorm,-35.73911512116197,True
466,ABETA,-147.79922283863257,True
466,TAU,-69.30678164589766,True
466,WholeBrainNorm,141.52573077194117,True
466,PTAU,-10.149178552337368,True
466,MMSE,30.232699573665204,True
466,HippocampusNorm,-70.08265378309518,True
466,RAVLT_immediate,27.000837583703486,True
466,EntorhinalNorm,560.440222065314,True
466,MidTempNorm,-116.29887640968481,True
467,VentricleNorm,-177.6557519933919,True
467,ADAS13,-267.71003093669384,True
467,FusiformNorm,163.04576203872622,True
467,ABETA,-555.661141088902,True
467,TAU,-53.970352465013,True
467,WholeBrainNorm,-158.80051227617037,True
467,PTAU,-11.291634842134265,True
467,MMSE,32.71558507871312,True
467,HippocampusNorm,53.51124792151581,True
467,RAVLT_immediate,103.64181928158776,True
467,EntorhinalNorm,259.4283634804059,True
467,MidTempNorm,-9.1432079649122,True
468,VentricleNorm,165.41747049098802,True
468,ADAS13,-228.59285965220462,True
468,FusiformNorm,19.152936538471998,True
468,ABETA,130.9975823228682,True
468,TAU,-39.0711562140712,True
468,WholeBrainNorm,-139.91637748545054,True
468,PTAU,-647.260690605699,True
468,MMSE,1.1404489113799698,True
468,HippocampusNorm,51.75958310708592,True
468,RAVLT_immediate,108.3979493294153,True
468,EntorhinalNorm,245.3478839921306,True
468,MidTempNorm,-68.53604930019719,True
469,VentricleNorm,-177.52218405093288,True
469,ADAS13,-252.87182710992434,True
469,FusiformNorm,253.0478621297511,True
469,ABETA,-281.68984611723863,True
469,TAU,-26.464992475438557,True
469,WholeBrainNorm,50.99350580516004,True
469,PTAU,-411.67375318057714,True
469,MMSE,-102.51443251148973,True
469,HippocampusNorm,56.90740499528252,True
469,RAVLT_immediate,158.78966397197905,True
469,EntorhinalNorm,712.4121521107263,True
469,MidTempNorm,20.1971526439051,True
470,VentricleNorm,176.64178302656006,False
470,ADAS13,-292.9631043357588,False
470,FusiformNorm,-145.45648471107336,False
470,ABETA,359.48816760527217,False
470,TAU,-5.009087203496277,False
470,WholeBrainNorm,-28.462531127078066,False
470,PTAU,-118.82426933803109,False
470,MMSE,-53.03884627686931,False
470,HippocampusNorm,54.64337736982886,False
470,RAVLT_immediate,196.7833366232794,False
470,EntorhinalNorm,422.7503356275098,False
470,MidTempNorm,-139.1768579981668,False
471,VentricleNorm,-86.63273730117419,True
471,ADAS13,-238.90063569051912,True
471,FusiformNorm,144.06335194814665,True
471,ABETA,-81.32872960300807,True
471,TAU,-23.034962433211938,True
471,WholeBrainNorm,99.63138508787404,True
471,PTAU,271.23102193399114,True
471,MMSE,-73.3580784911662,True
471,HippocampusNorm,57.51921020394633,True
471,RAVLT_immediate,102.44181868508628,True
471,EntorhinalNorm,589.952659971656,True
471,MidTempNorm,-84.79470496531872,True
472,VentricleNorm,-72.58233481807468,True
472,ADAS13,-118.17882619269032,True
472,FusiformNorm,-17.446939574346175,True
472,ABETA,-205.36157565632118,True
472,TAU,-84.33814645831875,True
472,WholeBrainNorm,218.10600898228432,True
472,PTAU,-70.69463443061622,True
472,MMSE,-52.73877912059526,True
472,HippocampusNorm,59.094411814288094,True
472,RAVLT_immediate,85.75902187494223,True
472,EntorhinalNorm,159.33046678918691,True
472,MidTempNorm,-121.31787468876738,True
473,VentricleNorm,-75.52126191724115,True
473,ADAS13,-68.08816595207588,True
473,FusiformNorm,-146.0850125166325,True
473,ABETA,-168.58773478995002,True
473,TAU,-94.44511811045615,True
473,WholeBrainNorm,10.522294421658529,True
473,PTAU,131.51102713055892,True
473,MMSE,45.69261719500122,True
473,HippocampusNorm,76.96842820466517,True
473,RAVLT_immediate,120.95922536479482,True
473,EntorhinalNorm,349.4721545105334,True
473,MidTempNorm,-4.723263972969889,True
474,VentricleNorm,127.80263132025728,True
474,ADAS13,-246.8156864198866,True
474,FusiformNorm,22.640509635602406,True
474,ABETA,-696.6281275297915,True
474,TAU,-125.03661639541532,True
474,WholeBrainNorm,5.335636748141837,True
474,PTAU,-274.651002380177,True
474,MMSE,-57.99675411237593,True
474,HippocampusNorm,40.32952362062511,True
474,RAVLT_immediate,119.80606383252203,True
474,EntorhinalNorm,18.42653668739939,True
474,MidTempNorm,-63.738617874374185,True
475,VentricleNorm,135.2657939292306,True
475,ADAS13,-296.69840064866383,True
475,FusiformNorm,-324.78809958563454,True
475,ABETA,-756.8968867896199,True
475,TAU,19.117102948047815,True
475,WholeBrainNorm,28.00265851622337,True
475,PTAU,-13.281710224724058,True
475,MMSE,-39.38343191787494,True
475,HippocampusNorm,44.56489887465029,True
475,RAVLT_immediate,11.164251942161641,True
475,EntorhinalNorm,317.71644581334857,True
475,MidTempNorm,-148.82551993418278,True
476,VentricleNorm,-181.30487856267985,True
476,ADAS13,-244.53915505175482,True
476,FusiformNorm,-24.26906050365905,True
476,ABETA,-341.2739150320219,True
476,TAU,-61.156028861789125,True
476,WholeBrainNorm,145.940474788075,True
476,PTAU,303.3375609603661,True
476,MMSE,-0.1474231907308905,True
476,HippocampusNorm,-85.59717963431984,True
476,RAVLT_immediate,854.3476200523114,True
476,EntorhinalNorm,199.92257550656439,True
476,MidTempNorm,26.672064354931166,True
477,VentricleNorm,-140.3197717315993,True
477,ADAS13,-237.45150453387066,True
477,FusiformNorm,-127.13997460267913,True
477,ABETA,-255.82444547220766,True
477,TAU,-116.34444826033122,True
477,WholeBrainNorm,-216.62732239311168,True
477,PTAU,-187.31294224031967,True
477,MMSE,37.0400606661829,True
477,HippocampusNorm,49.45230351454834,True
477,RAVLT_immediate,47.01362924558428,True
477,EntorhinalNorm,283.7447877900597,True
477,MidTempNorm,-100.10489285231765,True
478,VentricleNorm,-60.647834460249086,True
478,ADAS13,-356.2035264188128,True
478,FusiformNorm,-10.310008650262816,True
478,ABETA,-617.2519741285287,True
478,TAU,-47.149253683411104,True
478,WholeBrainNorm,140.78059309422412,True
478,PTAU,-73.69559161285494,True
478,MMSE,36.81719465874976,True
478,HippocampusNorm,51.276695402544405,True
478,RAVLT_immediate,20.94081869457014,True
478,EntorhinalNorm,686.9032943581603,True
478,MidTempNorm,62.55234171060988,True
479,VentricleNorm,-106.24824522222528,True
479,ADAS13,-312.5058269641952,True
479,FusiformNorm,173.57226333201453,True
479,ABETA,-829.3037661827772,True
479,TAU,-25.194257595198778,True
479,WholeBrainNorm,-148.4709785928576,True
479,PTAU,159.24572027191005,True
479,MMSE,-66.50770188890624,True
479,HippocampusNorm,51.4597535476573,True
479,RAVLT_immediate,215.48077947353357,True
479,EntorhinalNorm,-6.392423684207984,True
479,MidTempNorm,-130.51394831532767,True
480,VentricleNorm,-57.60311192965787,True
480,ADAS13,-195.98359053619328,True
480,FusiformNorm,66.4818254379355,True
480,ABETA,-553.3320924620684,True
480,TAU,-87.75055745789079,True
480,WholeBrainNorm,65.02744662073783,True
480,PTAU,-30.49719404519849,True
480,MMSE,74.81933035837068,True
480,HippocampusNorm,59.992689046781535,True
480,RAVLT_immediate,134.17331165738483,True
480,EntorhinalNorm,554.7477777797968,True
480,MidTempNorm,-55.98837089813198,True
481,VentricleNorm,231.44947916785787,False
481,ADAS13,-317.73702816595346,False
481,FusiformNorm,-133.26761495560913,False
481,ABETA,-73.37061033520571,False
481,TAU,14.941322922168009,False
481,WholeBrainNorm,57.60962518469533,False
481,PTAU,-406.997320798153,False
481,MMSE,-46.3122539743426,False
481,HippocampusNorm,51.67654827795363,False
481,RAVLT_immediate,58.78774132059084,False
481,EntorhinalNorm,659.3408486100024,False
481,MidTempNorm,-1.0744865836058892,False
482,VentricleNorm,-185.9568927803066,True
482,ADAS13,-408.4693896184897,True
482,FusiformNorm,91.32270783336409,True
482,ABETA,-571.1529787425243,True
482,TAU,-107.62313246324685,True
482,WholeBrainNorm,54.55042501036784,True
482,PTAU,23.359216129242498,True
482,MMSE,22.021541282084726,True
482,HippocampusNorm,55.80503943986187,True
482,RAVLT_immediate,147.70784042340253,True
482,EntorhinalNorm,454.8695247697536,True
482,MidTempNorm,-167.900683557671,True
483,VentricleNorm,151.67127452664425,True
483,ADAS13,-154.62992246390078,True
483,FusiformNorm,5.6738188834921885,True
483,ABETA,-631.3919940151854,True
483,TAU,-93.77414633155001,True
483,WholeBrainNorm,-168.94452297432542,True
483,PTAU,-267.4739278788294,True
483,MMSE,-37.449011994485176,True
483,HippocampusNorm,42.00129673159681,True
483,RAVLT_immediate,118.96575844864569,True
483,EntorhinalNorm,479.89588961311955,True
483,MidTempNorm,10.489157699482377,True
484,VentricleNorm,-25.74565107140875,True
484,ADAS13,-217.71551147021438,True
484,FusiformNorm,15.281128232167305,True
484,ABETA,-396.7234199115828,True
484,TAU,-140.8487621725609,True
484,WholeBrainNorm,175.8251313939536,True
484,PTAU,-13.983553417282103,True
484,MMSE,-58.77004532039343,True
484,HippocampusNorm,58.60647649139856,True
484,RAVLT_immediate,130.34507423717352,True
484,EntorhinalNorm,-62.977078152490776,True
484,MidTempNorm,-27.61655726313692,True
485,VentricleNorm,-33.01211980303622,True
485,ADAS13,-173.7553263057897,True
485,FusiformNorm,103.92066276960682,True
485,ABETA,-188.29845074907277,True
485,TAU,-91.41518909843589,True
485,WholeBrainNorm,-262.6247480444049,True
485,PTAU,310.0522878428692,True
485,MMSE,57.67149946722228,True
485,HippocampusNorm,27.190982920366146,True
485,RAVLT_immediate,975.0539399772799,True
485,EntorhinalNorm,44.050753006207884,True
485,MidTempNorm,-3.739107701241167,True
486,VentricleNorm,113.42486449561525,False
486,ADAS13,-275.2547627142312,False
486,FusiformNorm,8.586455371733546,False
486,ABETA,-114.84820482384205,False
486,TAU,-36.47262921316773,False
486,WholeBrainNorm,141.91360559285934,False
486,PTAU,-54.601184020343425,False
486,MMSE,-44.41556291770292,False
486,HippocampusNorm,47.93554967567913,False
486,RAVLT_immediate,172.11358165239784,False
486,EntorhinalNorm,348.2214008561467,False
486,MidTempNorm,29.731007512563124,False
487,VentricleNorm,416.9162903749986,False
487,ADAS13,-285.1410906063862,False
487,FusiformNorm,160.0788029000439,False
487,ABETA,78.29272921868791,False
487,TAU,-28.53086901198639,False
487,WholeBrainNorm,232.45008972891367,False
487,PTAU,-524.8830951997496,False
487,MMSE,-21.982824312142675,False
487,HippocampusNorm,51.80796609996399,False
487,RAVLT_immediate,143.85794717519158,False
487,EntorhinalNorm,530.5829018392091,False
487,MidTempNorm,-184.36202487265376,False
488,VentricleNorm,-177.84969438372624,True
488,ADAS13,-215.1916170245162,True
488,FusiformNorm,112.79995550007476,True
488,ABETA,-499.882580232977,True
488,TAU,4.672514496590608,True
488,WholeBrainNorm,144.8851581689999,True
488,PTAU,-106.68704856604853,True
488,MMSE,33.34377233696138,True
488,HippocampusNorm,47.378602620765086,True
488,RAVLT_immediate,192.47682211187623,True
488,EntorhinalNorm,587.9402445868383,True
488,MidTempNorm,-140.3093104056132,True
489,VentricleNorm,-27.630232228087813,True
489,ADAS13,-190.6361090790971,True
489,FusiformNorm,241.0363306121352,True
489,ABETA,-165.58741306954167,True
489,TAU,-50.5973033740418,True
489,WholeBrainNorm,45.05517302467781,True
489,PTAU,28.73661525739243,True
489,MMSE,-35.69921506426428,True
489,HippocampusNorm,55.495662945957,True
489,RAVLT_immediate,207.65633658621667,True
489,EntorhinalNorm,655.1190124706204,True
489,MidTempNorm,-89.34970927376986,True
490,VentricleNorm,70.07862273926638,False
490,ADAS13,-269.1355873882569,False
490,FusiformNorm,-152.79580752158597,False
490,ABETA,-150.35625960110235,False
490,TAU,24.19553058039305,False
490,WholeBrainNorm,28.71044235213631,False
490,PTAU,-360.59196876488375,False
490,MMSE,-56.36199176746299,False
490,HippocampusNorm,42.67289981429831,False
490,RAVLT_immediate,111.46640195823181,False
490,EntorhinalNorm,77.1033953853676,False
490,MidTempNorm,-89.1850052181147,False
491,VentricleNorm,-209.03583321881047,True
491,ADAS13,-283.7975728030246,True
491,FusiformNorm,97.8681277251675,True
491,ABETA,-604.7886022904427,True
491,TAU,-69.91721793773623,True
491,WholeBrainNorm,-239.06607918374556,True
491,PTAU,458.7073242352691,True
491,MMSE,30.224958212250584,True
491,HippocampusNorm,48.511264309303854,True
491,RAVLT_immediate,61.88860936435509,True
491,EntorhinalNorm,399.46144410942884,True
491,MidTempNorm,-55.02186750808619,True
492,VentricleNorm,283.39679477829196,False
492,ADAS13,-288.96563505454264,False
492,FusiformNorm,57.26566248459043,False
492,ABETA,-142.9879398468359,False
492,TAU,12.776496064070226,False
492,WholeBrainNorm,107.00074352158514,False
492,PTAU,-86.8383971246125,False
492,MMSE,-58.74519352820312,False
492,HippocampusNorm,43.79428903569846,False
492,RAVLT_immediate,267.2325045702771,False
492,EntorhinalNorm,302.99846539515863,False
492,MidTempNorm,-139.24944480616386,False
493,VentricleNorm,-215.69810999481638,True
493,ADAS13,-205.64618059640713,True
493,FusiformNorm,68.47323784756786,True
493,ABETA,-430.0306392707607,True
493,TAU,-126.43138981469835,True
493,WholeBrainNorm,75.52023152242724,True
493,PTAU,226.92256023125577,True
493,MMSE,28.889171247515296,True
493,HippocampusNorm,50.95890499945485,True
493,RAVLT_immediate,145.75396570428833,True
493,EntorhinalNorm,604.7327871000373,True
493,MidTempNorm,-114.10492532363546,True
494,VentricleNorm,455.89742979038635,False
494,ADAS13,-274.60293796543414,False
494,FusiformNorm,225.21991890045615,False
494,ABETA,522.4312081656946,False
494,TAU,-27.279072059743324,False
494,WholeBrainNorm,230.7671512979699,False
494,PTAU,-170.42898194905297,False
494,MMSE,-71.41036333580993,False
494,HippocampusNorm,52.67469443725529,False
494,RAVLT_immediate,142.07333677005872,False
494,EntorhinalNorm,564.4839846910429,False
494,MidTempNorm,-63.439276007441826,False
495,VentricleNorm,54.63977146947376,True
495,ADAS13,-251.9550678229198,True
495,FusiformNorm,279.6480880827347,True
495,ABETA,-239.94957296623318,True
495,TAU,-41.88735187092025,True
495,WholeBrainNorm,211.55899231991202,True
495,PTAU,-360.3696843246518,True
495,MMSE,64.58384823686849,True
495,HippocampusNorm,45.527139361210914,True
495,RAVLT_immediate,140.5583281995642,True
495,EntorhinalNorm,652.8464836125647,True
495,MidTempNorm,-251.99984223360468,True
496,VentricleNorm,30.373385555900605,False
496,ADAS13,-252.67511564660575,False
496,FusiformNorm,60.94293532829511,False
496,ABETA,212.2675622386364,False
496,TAU,23.4274397750064,False
496,WholeBrainNorm,23.43556172020348,False
496,PTAU,-301.87822012966524,False
496,MMSE,-108.08276112102237,False
496,HippocampusNorm,56.59463781039348,False
496,RAVLT_immediate,121.7936319827429,False
496,EntorhinalNorm,256.86427153582594,False
496,MidTempNorm,-93.82476273583316,False
497,VentricleNorm,-100.91072698884933,False
497,ADAS13,-338.91644296508645,False
497,FusiformNorm,-32.30625056207312,False
497,ABETA,-644.1350955854004,False
497,TAU,-2.534255296386612,False
497,WholeBrainNorm,81.4497024913533,False
497,PTAU,34.52359944800685,False
497,MMSE,-25.38299637508389,False
497,HippocampusNorm,43.17439785468701,False
497,RAVLT_immediate,204.84572971110208,False
497,EntorhinalNorm,696.795575693906,False
497,MidTempNorm,109.26935138671703,False
498,VentricleNorm,-21.19482667682776,True
498,ADAS13,-206.9895777245542,True
498,FusiformNorm,-28.38433720866057,True
498,ABETA,-999.7564005929355,True
498,TAU,-45.787032910283735,True
498,WholeBrainNorm,-31.94467161160719,True
498,PTAU,-256.58890804048434,True
498,MMSE,39.968470860597904,True
498,HippocampusNorm,-35.099984375499304,True
498,RAVLT_immediate,861.2222609569415,True
498,EntorhinalNorm,420.49620756507204,True
498,MidTempNorm,-59.261025957226124,True
499,VentricleNorm,-22.792549770413757,True
499,ADAS13,-219.43289061624697,True
499,FusiformNorm,-248.68983706955922,True
499,ABETA,-372.4294165257673,True
499,TAU,-166.39723114555088,True
499,WholeBrainNorm,59.39756225193209,True
499,PTAU,-3.1615636097345075,True
499,MMSE,-13.531569621178424,True
499,HippocampusNorm,238.95438338633534,True
499,RAVLT_immediate,101.68042507108893,True
499,EntorhinalNorm,326.05483332977724,True
499,MidTempNorm,-155.871008199173,True
500,VentricleNorm,172.35810805586704,True
500,ADAS13,-208.70053832071912,True
500,FusiformNorm,91.31603503416952,True
500,ABETA,-53.1710437156832,True
500,TAU,-9.944249421635533,True
500,WholeBrainNorm,262.18030127145477,True
500,PTAU,56.63435851886141,True
500,MMSE,35.5522789327728,True
500,HippocampusNorm,6.928438213754092,True
500,RAVLT_immediate,93.13641530574668,True
500,EntorhinalNorm,702.4217776610786,True
500,MidTempNorm,-134.14292191408825,True
501,VentricleNorm,-95.87361417216158,True
501,ADAS13,-203.9120819489231,True
501,FusiformNorm,140.0021730784737,True
501,ABETA,-196.25982405421536,True
501,TAU,-40.73800531508738,True
501,WholeBrainNorm,181.53220309212145,True
501,PTAU,-12.727491365829486,True
501,MMSE,-7.843756346174825,True
501,HippocampusNorm,54.06386595510014,True
501,RAVLT_immediate,159.1107142661565,True
501,EntorhinalNorm,541.9988806291059,True
501,MidTempNorm,-126.14242947381939,True
502,VentricleNorm,217.45815197943728,False
502,ADAS13,-273.8422027566922,False
502,FusiformNorm,-36.194466163800385,False
502,ABETA,-308.742813560101,False
502,TAU,-6.776556612236012,False
502,WholeBrainNorm,111.18857404352592,False
502,PTAU,122.84917348542984,False
502,MMSE,-45.17071156583949,False
502,HippocampusNorm,57.07696014839665,False
502,RAVLT_immediate,130.37656140952836,False
502,EntorhinalNorm,296.207208166781,False
502,MidTempNorm,-124.61106082087576,False
503,VentricleNorm,-191.3695997508055,True
503,ADAS13,-299.14228223466665,True
503,FusiformNorm,97.26431133482107,True
503,ABETA,-370.57765927305934,True
503,TAU,-93.51024985309684,True
503,WholeBrainNorm,-0.9187805498866695,True
503,PTAU,323.9664354862919,True
503,MMSE,26.16087880893133,True
503,HippocampusNorm,-0.2639614786295468,True
503,RAVLT_immediate,1361.0164238850418,True
503,EntorhinalNorm,827.8625709227993,True
503,MidTempNorm,104.9091427969071,True
504,VentricleNorm,8.261862669814334,True
504,ADAS13,-161.02872676512828,True
504,FusiformNorm,151.7191669330058,True
504,ABETA,-443.5320697676497,True
504,TAU,-24.68526603406552,True
504,WholeBrainNorm,65.78162436645239,True
504,PTAU,93.78664940229498,True
504,MMSE,-18.768028987143662,True
504,HippocampusNorm,13.504721821814595,True
504,RAVLT_immediate,104.89461430985206,True
504,EntorhinalNorm,55.45123544259161,True
504,MidTempNorm,-61.29184394608624,True
505,VentricleNorm,-8.74377192168923,True
505,ADAS13,-204.12290191004172,True
505,FusiformNorm,207.32031279598053,True
505,ABETA,-130.10122240054272,True
505,TAU,-35.94024624048812,True
505,WholeBrainNorm,51.62141881829029,True
505,PTAU,-338.9728994329629,True
505,MMSE,-58.76442306265277,True
505,HippocampusNorm,61.19714161987078,True
505,RAVLT_immediate,135.96431032998623,True
505,EntorhinalNorm,391.30531102129237,True
505,MidTempNorm,34.81691499759381,True
506,VentricleNorm,-141.12343289085797,True
506,ADAS13,-228.3245066446038,True
506,FusiformNorm,-32.83644420085342,True
506,ABETA,-395.6829404638034,True
506,TAU,-95.8471502182303,True
506,WholeBrainNorm,1.8095177497189638,True
506,PTAU,295.66013770342425,True
506,MMSE,18.240364353266663,True
506,HippocampusNorm,76.53005036855222,True
506,RAVLT_immediate,509.0814816813328,True
506,EntorhinalNorm,617.9607754489185,True
506,MidTempNorm,-158.1500485247288,True
507,VentricleNorm,68.6921556361634,True
507,ADAS13,-198.2916284337037,True
507,FusiformNorm,48.52307053242663,True
507,ABETA,-152.36632980716948,True
507,TAU,-162.61797943729437,True
507,WholeBrainNorm,255.7451006543343,True
507,PTAU,423.7815697773477,True
507,MMSE,38.68411366663478,True
507,HippocampusNorm,16.03510857211236,True
507,RAVLT_immediate,197.9431105689824,True
507,EntorhinalNorm,507.76979971670426,True
507,MidTempNorm,-146.09289717308275,True
508,VentricleNorm,-72.74138137488706,True
508,ADAS13,-244.4601901197778,True
508,FusiformNorm,71.95631119937973,True
508,ABETA,-279.7838807703736,True
508,TAU,-71.1955161682915,True
508,WholeBrainNorm,-110.97151891337133,True
508,PTAU,340.25207686223735,True
508,MMSE,45.85465995738641,True
508,HippocampusNorm,55.48293271906672,True
508,RAVLT_immediate,570.5538112772285,True
508,EntorhinalNorm,566.5109699716512,True
508,MidTempNorm,32.91273283506234,True
509,VentricleNorm,-160.4135926681276,True
509,ADAS13,-144.07744845320678,True
509,FusiformNorm,20.466415849223665,True
509,ABETA,-782.7229935030946,True
509,TAU,-121.32583545671585,True
509,WholeBrainNorm,-2.0751831797090077,True
509,PTAU,287.24368391504714,True
509,MMSE,26.032721968695473,True
509,HippocampusNorm,-0.8819494702877293,True
509,RAVLT_immediate,83.60247115919535,True
509,EntorhinalNorm,522.0718785396616,True
509,MidTempNorm,-22.319993054480754,True
510,VentricleNorm,-294.51349459172036,True
510,ADAS13,-319.9849829953366,True
510,FusiformNorm,28.150140521218066,True
510,ABETA,-292.0479843979598,True
510,TAU,-34.36954729425981,True
510,WholeBrainNorm,18.122467115734366,True
510,PTAU,364.3020885305583,True
510,MMSE,31.195397640976523,True
510,HippocampusNorm,49.064496751196835,True
510,RAVLT_immediate,133.61429497830255,True
510,EntorhinalNorm,173.81633038788084,True
510,MidTempNorm,7.453781229063978,True
511,VentricleNorm,47.618535926667676,True
511,ADAS13,-208.5823858092889,True
511,FusiformNorm,-59.877776802,True
511,ABETA,-555.82112195519,True
511,TAU,-57.57951087720198,True
511,WholeBrainNorm,301.8355899947042,True
511,PTAU,-283.88098877816344,True
511,MMSE,-71.83177027944774,True
511,HippocampusNorm,55.96495753847475,True
511,RAVLT_immediate,174.04366710564855,True
511,EntorhinalNorm,648.536719068849,True
511,MidTempNorm,19.390296881471485,True
512,VentricleNorm,-101.79872169514861,True
512,ADAS13,-239.6762559932864,True
512,FusiformNorm,-8.513969602905973,True
512,ABETA,-719.9124993839084,True
512,TAU,-59.414235886013316,True
512,WholeBrainNorm,35.52260543417668,True
512,PTAU,96.64333836517095,True
512,MMSE,4.050218910986118,True
512,HippocampusNorm,-24.596054497075173,True
512,RAVLT_immediate,780.0321584998978,True
512,EntorhinalNorm,343.7978937853211,True
512,MidTempNorm,-16.112389488529743,True
513,VentricleNorm,-32.933974278771665,True
513,ADAS13,-199.32391596089477,True
513,FusiformNorm,-17.556599987543436,True
513,ABETA,-439.5814976093434,True
513,TAU,-127.06556789962895,True
513,WholeBrainNorm,141.97958547923616,True
513,PTAU,10.888622092286475,True
513,MMSE,3.742712167827019,True
513,HippocampusNorm,195.03437757053035,True
513,RAVLT_immediate,230.39872850447694,True
513,EntorhinalNorm,477.68284930119836,True
513,MidTempNorm,45.56110011744319,True
514,VentricleNorm,-25.98175291782988,True
514,ADAS13,-265.7533276629397,True
514,FusiformNorm,62.08723030084418,True
514,ABETA,-181.4081064716891,True
514,TAU,-61.68625915627668,True
514,WholeBrainNorm,-56.916515021104146,True
514,PTAU,77.21030488470035,True
514,MMSE,-52.52862395880992,True
514,HippocampusNorm,50.42824482995152,True
514,RAVLT_immediate,197.20735180333222,True
514,EntorhinalNorm,816.1749998299135,True
514,MidTempNorm,4.697077986404992,True
515,VentricleNorm,-187.42410226720148,True
515,ADAS13,-283.1904670156152,True
515,FusiformNorm,172.91312810370985,True
515,ABETA,-175.62640211205817,True
515,TAU,-78.00109161003243,True
515,WholeBrainNorm,87.34030989713767,True
515,PTAU,-257.61781205771905,True
515,MMSE,47.38829864963696,True
515,HippocampusNorm,55.963564474999984,True
515,RAVLT_immediate,133.14079494587813,True
515,EntorhinalNorm,565.9559267425793,True
515,MidTempNorm,-215.7042560635874,True
516,VentricleNorm,-76.59765727947119,True
516,ADAS13,-205.91042344710323,True
516,FusiformNorm,-28.392239866983957,True
516,ABETA,-524.0923988886194,True
516,TAU,-11.114279575281614,True
516,WholeBrainNorm,116.96158986173126,True
516,PTAU,76.69350160809287,True
516,MMSE,12.360761002080778,True
516,HippocampusNorm,90.34517537665786,True
516,RAVLT_immediate,149.7366795708237,True
516,EntorhinalNorm,358.7996310687922,True
516,MidTempNorm,-78.69813325682074,True
517,VentricleNorm,-282.83224434839724,True
517,ADAS13,-240.01221813102836,True
517,FusiformNorm,209.87734907407332,True
517,ABETA,-882.9615587285753,True
517,TAU,-111.00138770709158,True
517,WholeBrainNorm,276.315587142993,True
517,PTAU,-280.8180472699301,True
517,MMSE,-65.2085955356252,True
517,HippocampusNorm,45.45639323008812,True
517,RAVLT_immediate,155.21439620234958,True
517,EntorhinalNorm,340.87028882529,True
517,MidTempNorm,-167.41092308250492,True
518,VentricleNorm,-155.4183636597954,True
518,ADAS13,-245.63899752135268,True
518,FusiformNorm,135.9762026442733,True
518,ABETA,-634.1633212001107,True
518,TAU,-23.98738505881801,True
518,WholeBrainNorm,55.08393477426402,True
518,PTAU,-338.1074118115706,True
518,MMSE,-37.13930574674445,True
518,HippocampusNorm,50.41530921459863,True
518,RAVLT_immediate,90.7315295917036,True
518,EntorhinalNorm,571.7400138265269,True
518,MidTempNorm,82.54453550737747,True
519,VentricleNorm,-231.29799619423153,True
519,ADAS13,-281.33832026207983,True
519,FusiformNorm,-18.883296283280956,True
519,ABETA,-282.50508664016905,True
519,TAU,-161.75370357646295,True
519,WholeBrainNorm,137.07113821070843,True
519,PTAU,-282.8644551545266,True
519,MMSE,25.042392149091597,True
519,HippocampusNorm,154.76727320952287,True
519,RAVLT_immediate,78.72861312148758,True
519,EntorhinalNorm,337.8011487227742,True
519,MidTempNorm,-9.655218862309923,True
520,VentricleNorm,-407.7235552681813,True
520,ADAS13,-212.39399868616624,True
520,FusiformNorm,-30.624479692030505,True
520,ABETA,-476.2101051728273,True
520,TAU,-41.25226296493457,True
520,WholeBrainNorm,370.59820460658864,True
520,PTAU,400.3460249592493,True
520,MMSE,38.0777652400639,True
520,HippocampusNorm,92.72019086703875,True
520,RAVLT_immediate,1003.4841493977867,True
520,EntorhinalNorm,309.8976894293995,True
520,MidTempNorm,-89.37983245437121,True
521,VentricleNorm,45.07167329444961,True
521,ADAS13,-157.17451252354772,True
521,FusiformNorm,-146.84214434928674,True
521,ABETA,-472.047898991789,True
521,TAU,-55.428114190827586,True
521,WholeBrainNorm,81.73689289846652,True
521,PTAU,51.7711970320467,True
521,MMSE,-17.302192394121153,True
521,HippocampusNorm,35.88891611281233,True
521,RAVLT_immediate,199.87935517633184,True
521,EntorhinalNorm,595.8167543905568,True
521,MidTempNorm,-118.08102198955358,True
522,VentricleNorm,-55.37114969781695,True
522,ADAS13,-183.36424219948805,True
522,FusiformNorm,-3.498879335804098,True
522,ABETA,-663.5176108955718,True
522,TAU,-205.20776365893056,True
522,WholeBrainNorm,-83.06543246893897,True
522,PTAU,139.33368447998015,True
522,MMSE,12.89454019989099,True
522,HippocampusNorm,80.06739148182336,True
522,RAVLT_immediate,50.86514032719644,True
522,EntorhinalNorm,275.9939007332515,True
522,MidTempNorm,-73.98038648966072,True
523,VentricleNorm,72.34424760992536,False
523,ADAS13,-281.62405881862617,False
523,FusiformNorm,208.75772419469752,False
523,ABETA,394.6466187252001,False
523,TAU,9.168658219292016,False
523,WholeBrainNorm,116.85935186626047,False
523,PTAU,-79.567538859856,False
523,MMSE,-87.06665588660562,False
523,HippocampusNorm,52.33135256245288,False
523,RAVLT_immediate,141.1553355465696,False
523,EntorhinalNorm,292.8887272082068,False
523,MidTempNorm,-48.928715928471235,False
524,VentricleNorm,-192.4236646380831,True
524,ADAS13,-192.0257034385626,True
524,FusiformNorm,-44.219991415860775,True
524,ABETA,-632.7175575208663,True
524,TAU,-71.60510908348122,True
524,WholeBrainNorm,-79.11018761048233,True
524,PTAU,56.42368518478255,True
524,MMSE,29.922814231416446,True
524,HippocampusNorm,-23.765850903891007,True
524,RAVLT_immediate,504.04706196224276,True
524,EntorhinalNorm,263.02101313529374,True
524,MidTempNorm,-21.213417128655124,True
525,VentricleNorm,9.28292124864312,False
525,ADAS13,-309.78930986154074,False
525,FusiformNorm,-189.1589454809552,False
525,ABETA,1259.8263496664686,False
525,TAU,16.497099440383206,False
525,WholeBrainNorm,124.6613020087839,False
525,PTAU,-281.27120254797427,False
525,MMSE,-18.446953954260074,False
525,HippocampusNorm,42.860725264012174,False
525,RAVLT_immediate,92.02134640645487,False
525,EntorhinalNorm,650.565232017289,False
525,MidTempNorm,130.43180777789573,False
526,VentricleNorm,168.92419707991098,True
526,ADAS13,-245.98174750083587,True
526,FusiformNorm,278.3843921967631,True
526,ABETA,-693.2754923362356,True
526,TAU,-116.92824153324865,True
526,WholeBrainNorm,256.6573832427841,True
526,PTAU,379.405754636699,True
526,MMSE,-64.70717661760828,True
526,HippocampusNorm,58.82348248175897,True
526,RAVLT_immediate,2.868823953264908,True
526,EntorhinalNorm,479.667214107841,True
526,MidTempNorm,-81.49513707989476,True
527,VentricleNorm,-38.00786780087801,True
527,ADAS13,-171.00287707539331,True
527,FusiformNorm,-6.2926032499064775,True
527,ABETA,-267.17473942753486,True
527,TAU,-37.33917898409359,True
527,WholeBrainNorm,-74.30634411014078,True
527,PTAU,290.8839447216997,True
527,MMSE,9.665432403465235,True
527,HippocampusNorm,-75.82213067103957,True
527,RAVLT_immediate,409.16612137423556,True
527,EntorhinalNorm,471.1033738711725,True
527,MidTempNorm,-119.64388953012126,True
528,VentricleNorm,-124.32888319439546,False
528,ADAS13,-285.0498312407754,False
528,FusiformNorm,259.22645365080234,False
528,ABETA,140.5692207676792,False
528,TAU,38.758788400159396,False
528,WholeBrainNorm,-34.29914185247013,False
528,PTAU,52.10800837591984,False
528,MMSE,-16.786455414880216,False
528,HippocampusNorm,39.4684607593322,False
528,RAVLT_immediate,180.0214030710731,False
528,EntorhinalNorm,254.0433560693334,False
528,MidTempNorm,-35.12918700681447,False
529,VentricleNorm,18.214477703865285,True
529,ADAS13,-301.5452313434243,True
529,FusiformNorm,136.6746852855392,True
529,ABETA,-215.0124398041988,True
529,TAU,-198.6697878204683,True
529,WholeBrainNorm,172.67734551008616,True
529,PTAU,176.12773007750656,True
529,MMSE,67.8746063408134,True
529,HippocampusNorm,39.478956037043346,True
529,RAVLT_immediate,511.0493104511451,True
529,EntorhinalNorm,671.419124677181,True
529,MidTempNorm,-5.242918825693707,True
530,VentricleNorm,-27.551219163978978,True
530,ADAS13,-307.46183913099077,True
530,FusiformNorm,135.97975966195628,True
530,ABETA,-238.21191131912815,True
530,TAU,-76.72576215272235,True
530,WholeBrainNorm,38.09447332314309,True
530,PTAU,540.9407323583657,True
530,MMSE,-13.33498891908614,True
530,HippocampusNorm,58.06845273228418,True
530,RAVLT_immediate,436.9237525076421,True
530,EntorhinalNorm,413.17825347051337,True
530,MidTempNorm,-77.58504781679069,True
531,VentricleNorm,-180.08368380966743,True
531,ADAS13,-283.56963607806904,True
531,FusiformNorm,99.61743387355577,True
531,ABETA,-589.746669521443,True
531,TAU,-36.1698247492971,True
531,WholeBrainNorm,-190.64593711988567,True
531,PTAU,375.10102053433184,True
531,MMSE,62.94601677450013,True
531,HippocampusNorm,109.89010130254238,True
531,RAVLT_immediate,851.3640969586203,True
531,EntorhinalNorm,-47.44683090737203,True
531,MidTempNorm,-67.46620996031075,True
532,VentricleNorm,-95.10905875989123,True
532,ADAS13,-184.9586200681406,True
532,FusiformNorm,59.90661164619403,True
532,ABETA,-414.2160086460711,True
532,TAU,-64.67223225923983,True
532,WholeBrainNorm,366.67555529446713,True
532,PTAU,32.03167108467301,True
532,MMSE,-53.46668921145434,True
532,HippocampusNorm,46.98639545185654,True
532,RAVLT_immediate,94.57348084925334,True
532,EntorhinalNorm,407.51394453134503,True
532,MidTempNorm,42.77967258692938,True
533,VentricleNorm,117.92857103381608,True
533,ADAS13,-168.53693212275596,True
533,FusiformNorm,-36.902134356618475,True
533,ABETA,-302.29014075237416,True
533,TAU,1.9724842806447485,True
533,WholeBrainNorm,-35.463686641633515,True
533,PTAU,-133.33371503844432,True
533,MMSE,-40.387581030863494,True
533,HippocampusNorm,51.309769194991375,True
533,RAVLT_immediate,75.5648526713698,True
533,EntorhinalNorm,780.3198519224193,True
533,MidTempNorm,-123.6989123532264,True
534,VentricleNorm,65.70909231532659,False
534,ADAS13,-321.2260957293157,False
534,FusiformNorm,-139.89916509908585,False
534,ABETA,-483.16579931138057,False
534,TAU,3.6152178026860877,False
534,WholeBrainNorm,95.37890430111557,False
534,PTAU,-370.31704416828984,False
534,MMSE,-45.17461308020797,False
534,HippocampusNorm,44.99829517605813,False
534,RAVLT_immediate,194.59178408592174,False
534,EntorhinalNorm,757.8818628787245,False
534,MidTempNorm,-56.93657134336914,False
535,VentricleNorm,-27.457558230955946,True
535,ADAS13,-218.1976034331044,True
535,FusiformNorm,16.611952685150023,True
535,ABETA,-172.256108560765,True
535,TAU,-10.524255078941087,True
535,WholeBrainNorm,245.95670366803643,True
535,PTAU,-245.01866512330884,True
535,MMSE,-64.83318891546008,True
535,HippocampusNorm,49.81495497777136,True
535,RAVLT_immediate,106.97427611464947,True
535,EntorhinalNorm,559.4180600179632,True
535,MidTempNorm,45.08702303081586,True
536,VentricleNorm,-77.38889515210315,True
536,ADAS13,-211.78581429144793,True
536,FusiformNorm,-30.280419445836785,True
536,ABETA,-288.8637685939993,True
536,TAU,-163.8263411544284,True
536,WholeBrainNorm,-43.08618267974536,True
536,PTAU,65.39128482622222,True
536,MMSE,-8.58527832417214,True
536,HippocampusNorm,146.26985053506473,True
536,RAVLT_immediate,183.64020418476423,True
536,EntorhinalNorm,854.1042590957189,True
536,MidTempNorm,-123.64976579837138,True
537,VentricleNorm,-120.37672989245425,True
537,ADAS13,-263.59554918805054,True
537,FusiformNorm,164.52028743603375,True
537,ABETA,-366.82144502405384,True
537,TAU,-179.5671596521983,True
537,WholeBrainNorm,17.623075958305634,True
537,PTAU,-347.2571568596363,True
537,MMSE,-33.41252461218438,True
537,HippocampusNorm,53.87032530246348,True
537,RAVLT_immediate,85.27344191857736,True
537,EntorhinalNorm,761.3583322780775,True
537,MidTempNorm,-56.24575742891984,True
538,VentricleNorm,39.61502963336227,True
538,ADAS13,-189.72553105014902,True
538,FusiformNorm,216.1818871531831,True
538,ABETA,-256.3491054888921,True
538,TAU,-82.82545106438552,True
538,WholeBrainNorm,97.31973408497026,True
538,PTAU,281.37860794324723,True
538,MMSE,56.87021893416158,True
538,HippocampusNorm,54.77679035428528,True
538,RAVLT_immediate,200.4923577711516,True
538,EntorhinalNorm,778.3399645863008,True
538,MidTempNorm,-55.03540954748753,True
539,VentricleNorm,-130.9064217141894,True
539,ADAS13,-183.41910698640237,True
539,FusiformNorm,-4.9875532030804095,True
539,ABETA,-279.17783032592575,True
539,TAU,-9.324309208100289,True
539,WholeBrainNorm,-125.7338914763783,True
539,PTAU,-411.59679690066383,True
539,MMSE,-85.41941332895794,True
539,HippocampusNorm,36.6016169912382,True
539,RAVLT_immediate,86.3677981951927,True
539,EntorhinalNorm,862.4840487230204,True
539,MidTempNorm,-20.145274467845468,True
540,VentricleNorm,-182.25821259730395,True
540,ADAS13,-187.88323310617278,True
540,FusiformNorm,68.42387969026183,True
540,ABETA,-127.70169806256109,True
540,TAU,-158.7877271357624,True
540,WholeBrainNorm,-81.54932002505787,True
540,PTAU,-271.2435706192476,True
540,MMSE,35.994207563984276,True
540,HippocampusNorm,184.1427871289734,True
540,RAVLT_immediate,1094.5971931936665,True
540,EntorhinalNorm,82.32441751649597,True
540,MidTempNorm,-10.753966550314075,True
541,VentricleNorm,-157.2479860650153,True
541,ADAS13,-295.40221433805635,True
541,FusiformNorm,132.27620927514255,True
541,ABETA,-789.4494825077031,True
541,TAU,-42.27153397405246,True
541,WholeBrainNorm,40.81173399748043,True
541,PTAU,-372.1736833815045,True
541,MMSE,-35.28973122675092,True
541,HippocampusNorm,44.47482170455194,True
541,RAVLT_immediate,-8.404183598214132,True
541,EntorhinalNorm,404.7249282793788,True
541,MidTempNorm,-76.55238108655541,True
542,VentricleNorm,-93.3726203918857,True
542,ADAS13,-167.5172476734264,True
542,FusiformNorm,-14.961571435102016,True
542,ABETA,-469.1656881647064,True
542,TAU,-14.270270834251079,True
542,WholeBrainNorm,123.446398027709,True
542,PTAU,612.9591320112501,True
542,MMSE,18.00165559133223,True
542,HippocampusNorm,44.920905490090284,True
542,RAVLT_immediate,238.66646450761652,True
542,EntorhinalNorm,-84.30634005789204,True
542,MidTempNorm,-60.52437908876867,True
543,VentricleNorm,-210.95304909019814,True
543,ADAS13,-313.1988489800498,True
543,FusiformNorm,292.6903117501371,True
543,ABETA,-506.7234061203571,True
543,TAU,-48.65256443423289,True
543,WholeBrainNorm,132.44133073554377,True
543,PTAU,32.90438644714037,True
543,MMSE,8.245232676483255,True
543,HippocampusNorm,54.610631661515555,True
543,RAVLT_immediate,122.42698903583927,True
543,EntorhinalNorm,618.1940471976021,True
543,MidTempNorm,-42.44117696511904,True
544,VentricleNorm,370.58955652316007,False
544,ADAS13,-366.7988216543079,False
544,FusiformNorm,-5.343931226099901,False
544,ABETA,-891.0291288999738,False
544,TAU,-12.256349185018,False
544,WholeBrainNorm,177.79459383435847,False
544,PTAU,-421.7069112160366,False
544,MMSE,5.559784385820244,False
544,HippocampusNorm,50.94174615812858,False
544,RAVLT_immediate,194.54834488654728,False
544,EntorhinalNorm,535.5990989993751,False
544,MidTempNorm,-265.24384642681355,False
545,VentricleNorm,332.4972992433899,False
545,ADAS13,-367.74441820452483,False
545,FusiformNorm,304.6390785337862,False
545,ABETA,35.37862621250717,False
545,TAU,-23.668185599925195,False
545,WholeBrainNorm,253.54751572355468,False
545,PTAU,-171.83096546421427,False
545,MMSE,-36.73049993120919,False
545,HippocampusNorm,51.77807319537292,False
545,RAVLT_immediate,56.494826832344586,False
545,EntorhinalNorm,652.169683204052,False
545,MidTempNorm,-34.49648103371505,False
546,VentricleNorm,63.050975888941466,True
546,ADAS13,-154.38404158925653,True
546,FusiformNorm,-9.770215167686075,True
546,ABETA,-264.53317154357325,True
546,TAU,-82.29689521020872,True
546,WholeBrainNorm,-51.24855759984746,True
546,PTAU,176.8452061009464,True
546,MMSE,35.782525507839566,True
546,HippocampusNorm,-41.405098854569076,True
546,RAVLT_immediate,492.56821752445626,True
546,EntorhinalNorm,400.33211579885204,True
546,MidTempNorm,-75.31335717894484,True
547,VentricleNorm,137.78760221480422,False
547,ADAS13,-315.60713818567706,False
547,FusiformNorm,124.67077840985984,False
547,ABETA,109.21162126996033,False
547,TAU,-3.5212889525635136,False
547,WholeBrainNorm,327.47076113927506,False
547,PTAU,-113.57286419208671,False
547,MMSE,-88.02029975923287,False
547,HippocampusNorm,55.787183591037014,False
547,RAVLT_immediate,187.84205888540652,False
547,EntorhinalNorm,641.8064345604542,False
547,MidTempNorm,-22.662034048369684,False
548,VentricleNorm,-197.181700243379,True
548,ADAS13,-226.80253002293608,True
548,FusiformNorm,127.18420896931144,True
548,ABETA,-548.436146459099,True
548,TAU,10.150898397714698,True
548,WholeBrainNorm,169.69533193494908,True
548,PTAU,92.5418071753395,True
548,MMSE,17.50740576406551,True
548,HippocampusNorm,45.43839910729755,True
548,RAVLT_immediate,116.23415801738848,True
548,EntorhinalNorm,269.702202703034,True
548,MidTempNorm,-169.3410473738195,True
549,VentricleNorm,-40.708873784115255,True
549,ADAS13,-298.5812330016591,True
549,FusiformNorm,-3.1727017697018383,True
549,ABETA,-387.50182503125683,True
549,TAU,-69.95696852131165,True
549,WholeBrainNorm,-80.36305624554721,True
549,PTAU,-212.1105060000611,True
549,MMSE,38.907433410967954,True
549,HippocampusNorm,43.29612469830031,True
549,RAVLT_immediate,355.8537763689549,True
549,EntorhinalNorm,-74.87326308673784,True
549,MidTempNorm,-115.28854285986418,True
550,VentricleNorm,-103.10612763884886,False
550,ADAS13,-254.95684195296334,False
550,FusiformNorm,-78.5018542256398,False
550,ABETA,-400.60894937839396,False
550,TAU,12.705531063418533,False
550,WholeBrainNorm,194.78441928617133,False
550,PTAU,-875.7297699578871,False
550,MMSE,-34.440473855426646,False
550,HippocampusNorm,52.91756805772733,False
550,RAVLT_immediate,32.020042343586454,False
550,EntorhinalNorm,194.38876665925716,False
550,MidTempNorm,-26.30127230323744,False
551,VentricleNorm,33.893849133985825,True
551,ADAS13,-178.13842130833257,True
551,FusiformNorm,94.66233231218487,True
551,ABETA,-207.4504971632158,True
551,TAU,-187.8370925689561,True
551,WholeBrainNorm,-111.47583229490938,True
551,PTAU,-151.14417355543986,True
551,MMSE,3.814774107646901,True
551,HippocampusNorm,210.2940516623686,True
551,RAVLT_immediate,881.2596476755707,True
551,EntorhinalNorm,437.35690487441275,True
551,MidTempNorm,-141.20271855910306,True
552,VentricleNorm,-113.27814607055387,True
552,ADAS13,-209.16786629757573,True
552,FusiformNorm,52.80915712586731,True
552,ABETA,-728.525799284329,True
552,TAU,-160.7533954055317,True
552,WholeBrainNorm,60.27858272537793,True
552,PTAU,164.73925115128503,True
552,MMSE,-22.02724469826255,True
552,HippocampusNorm,54.00593022363969,True
552,RAVLT_immediate,207.44240907313795,True
552,EntorhinalNorm,433.61591257232897,True
552,MidTempNorm,-63.112672863715595,True
553,VentricleNorm,46.559554163082794,True
553,ADAS13,-265.94796443664194,True
553,FusiformNorm,7.523459272671431,True
553,ABETA,-161.92393177844033,True
553,TAU,-108.626141312252,True
553,WholeBrainNorm,193.88310179879892,True
553,PTAU,99.29503941762195,True
553,MMSE,-28.43645142731798,True
553,HippocampusNorm,57.539905316070026,True
553,RAVLT_immediate,57.51939605603863,True
553,EntorhinalNorm,705.8508376600631,True
553,MidTempNorm,-110.567850468205,True
554,VentricleNorm,-6.638970608294571,False
554,ADAS13,-396.8699200614549,False
554,FusiformNorm,106.15182859394007,False
554,ABETA,-519.1216883934545,False
554,TAU,36.93883750780838,False
554,WholeBrainNorm,215.62327046691973,False
554,PTAU,61.44914962697078,False
554,MMSE,-14.284747346122671,False
554,HippocampusNorm,56.027090555614485,False
554,RAVLT_immediate,289.6303048026582,False
554,EntorhinalNorm,588.9102739489599,False
554,MidTempNorm,-174.24944057235547,False
555,VentricleNorm,386.1878075212793,False
555,ADAS13,-306.38568471500497,False
555,FusiformNorm,94.17663243279337,False
555,ABETA,352.84791031195516,False
555,TAU,17.562010530608156,False
555,WholeBrainNorm,241.20122338308363,False
555,PTAU,-168.169370277435,False
555,MMSE,-74.66284633466148,False
555,HippocampusNorm,44.330052735018405,False
555,RAVLT_immediate,134.50865676596413,False
555,EntorhinalNorm,664.9206024208894,False
555,MidTempNorm,-156.1621061397146,False
556,VentricleNorm,-74.56347940750591,True
556,ADAS13,-179.24314304493197,True
556,FusiformNorm,122.1888483907221,True
556,ABETA,-415.62782951910697,True
556,TAU,-198.5546133328967,True
556,WholeBrainNorm,94.94189180994589,True
556,PTAU,170.2698479183448,True
556,MMSE,40.885603445559106,True
556,HippocampusNorm,14.691471722276116,True
556,RAVLT_immediate,128.71095651614678,True
556,EntorhinalNorm,691.3996213932909,True
556,MidTempNorm,-88.19086856139866,True
557,VentricleNorm,-135.37585055352582,True
557,ADAS13,-161.94641662819456,True
557,FusiformNorm,-48.319056801701336,True
557,ABETA,-583.4375955786518,True
557,TAU,-112.55581835097607,True
557,WholeBrainNorm,164.0879065294089,True
557,PTAU,-328.1365090768889,True
557,MMSE,-3.8805376764981077,True
557,HippocampusNorm,52.61064656565491,True
557,RAVLT_immediate,84.37876159251667,True
557,EntorhinalNorm,457.75758317501334,True
557,MidTempNorm,-25.764383530800657,True
558,VentricleNorm,20.300885056597707,True
558,ADAS13,-120.70339374270797,True
558,FusiformNorm,-88.66249417076617,True
558,ABETA,-699.2001788384276,True
558,TAU,-123.49702464072139,True
558,WholeBrainNorm,22.348328100698524,True
558,PTAU,-243.76278643546476,True
558,MMSE,29.208175073216943,True
558,HippocampusNorm,55.15735349345327,True
558,RAVLT_immediate,197.90885228933826,True
558,EntorhinalNorm,584.8401622442934,True
558,MidTempNorm,11.00067064814725,True
559,VentricleNorm,162.09844615286676,False
559,ADAS13,-276.0534171240938,False
559,FusiformNorm,7.977945685765249,False
559,ABETA,151.92308528213437,False
559,TAU,-20.525927205198222,False
559,WholeBrainNorm,126.15482776031465,False
559,PTAU,-222.23597321641853,False
559,MMSE,-54.91590558336864,False
559,HippocampusNorm,62.21007512314017,False
559,RAVLT_immediate,89.66081774104119,False
559,EntorhinalNorm,433.43766196182304,False
559,MidTempNorm,-144.81098569815575,False
560,VentricleNorm,95.66259507085725,True
560,ADAS13,-137.1905733550725,True
560,FusiformNorm,150.86422462585375,True
560,ABETA,-614.4713211536763,True
560,TAU,-45.14951363050301,True
560,WholeBrainNorm,-89.9910563919144,True
560,PTAU,-4.555471184896817,True
560,MMSE,44.64311353503361,True
560,HippocampusNorm,55.28727533379685,True
560,RAVLT_immediate,72.87782440819066,True
560,EntorhinalNorm,542.9014579448166,True
560,MidTempNorm,-156.83014604622178,True
561,VentricleNorm,192.5382436553631,False
561,ADAS13,-261.76169466587976,False
561,FusiformNorm,-253.09651721345762,False
561,ABETA,-472.06228384448934,False
561,TAU,33.382567288997286,False
561,WholeBrainNorm,196.67149554114633,False
561,PTAU,-358.6309993779735,False
561,MMSE,-48.86086278492025,False
561,HippocampusNorm,42.71747030848513,False
561,RAVLT_immediate,93.8349382532022,False
561,EntorhinalNorm,629.8762671930003,False
561,MidTempNorm,74.164383606104,False
562,VentricleNorm,-186.75049033364834,True
562,ADAS13,-209.1464428048924,True
562,FusiformNorm,235.60867395022896,True
562,ABETA,-151.91003632183745,True
562,TAU,-38.754197923203066,True
562,WholeBrainNorm,140.4464666732546,True
562,PTAU,-12.80352565115276,True
562,MMSE,21.553085345893134,True
562,HippocampusNorm,48.62963030174434,True
562,RAVLT_immediate,52.571181099599954,True
562,EntorhinalNorm,653.6181311779885,True
562,MidTempNorm,108.2818413196328,True
563,VentricleNorm,-54.25699086701247,True
563,ADAS13,-220.29437297009437,True
563,FusiformNorm,-73.71076439650207,True
563,ABETA,54.45013178519423,True
563,TAU,-37.752851257506876,True
563,WholeBrainNorm,25.38071419132659,True
563,PTAU,207.32056262347837,True
563,MMSE,26.143819624455883,True
563,HippocampusNorm,43.00427994274455,True
563,RAVLT_immediate,140.5065716891134,True
563,EntorhinalNorm,203.5067932030829,True
563,MidTempNorm,-67.53311295949912,True
564,VentricleNorm,-128.09106085266276,True
564,ADAS13,-207.2094237869421,True
564,FusiformNorm,-7.487872016100681,True
564,ABETA,-431.4876459642586,True
564,TAU,-115.41246571714977,True
564,WholeBrainNorm,-339.5306300290282,True
564,PTAU,28.736417615681148,True
564,MMSE,-31.637643694866433,True
564,HippocampusNorm,52.371762305187715,True
564,RAVLT_immediate,147.96669781402275,True
564,EntorhinalNorm,385.22524164278167,True
564,MidTempNorm,-137.6857318119076,True
565,VentricleNorm,-18.489712106707003,True
565,ADAS13,-223.09048436199143,True
565,FusiformNorm,148.6782333351988,True
565,ABETA,-151.41779142029586,True
565,TAU,-71.328679301491,True
565,WholeBrainNorm,104.26167057643806,True
565,PTAU,49.59726854367453,True
565,MMSE,102.64039823780838,True
565,HippocampusNorm,64.87588031915436,True
565,RAVLT_immediate,48.824410944798316,True
565,EntorhinalNorm,294.29865834515175,True
565,MidTempNorm,-50.15096419103958,True
566,VentricleNorm,-131.5306050945963,True
566,ADAS13,-217.16962922662563,True
566,FusiformNorm,117.9747105417263,True
566,ABETA,-642.9429922585316,True
566,TAU,-149.60076611344863,True
566,WholeBrainNorm,-162.45077357236812,True
566,PTAU,-38.92131399034675,True
566,MMSE,45.7333571032432,True
566,HippocampusNorm,148.77196756503554,True
566,RAVLT_immediate,734.8771112202163,True
566,EntorhinalNorm,129.12933977044378,True
566,MidTempNorm,3.7006493545859627,True
567,VentricleNorm,-131.3219514909145,True
567,ADAS13,-319.3399759897628,True
567,FusiformNorm,-60.79000300141837,True
567,ABETA,-296.6135417850478,True
567,TAU,-36.864813530772516,True
567,WholeBrainNorm,67.70374122737076,True
567,PTAU,-149.42463668053406,True
567,MMSE,-13.197300032925568,True
567,HippocampusNorm,50.25509549361455,True
567,RAVLT_immediate,14.23005193834446,True
567,EntorhinalNorm,689.6101643022696,True
567,MidTempNorm,-62.793589335201865,True
568,VentricleNorm,-297.8120548380324,True
568,ADAS13,-349.4623323125184,True
568,FusiformNorm,230.95879615731673,True
568,ABETA,-250.1480058290598,True
568,TAU,-195.43565146198353,True
568,WholeBrainNorm,161.3035664029917,True
568,PTAU,-48.2504940671676,True
568,MMSE,51.3082885684021,True
568,HippocampusNorm,-125.06445963436333,True
568,RAVLT_immediate,813.9732782971953,True
568,EntorhinalNorm,435.6710353653971,True
568,MidTempNorm,-76.7871483980449,True
569,VentricleNorm,-3.5968115090943087,True
569,ADAS13,-262.6397987979658,True
569,FusiformNorm,147.0393996977098,True
569,ABETA,-462.10668057451534,True
569,TAU,-207.96400565833994,True
569,WholeBrainNorm,181.6431085258812,True
569,PTAU,-26.349756874211515,True
569,MMSE,47.60453448513812,True
569,HippocampusNorm,95.57646316309189,True
569,RAVLT_immediate,217.87461478524108,True
569,EntorhinalNorm,513.3341937379478,True
569,MidTempNorm,-104.16472745233965,True
570,VentricleNorm,-75.13064316349615,True
570,ADAS13,-313.7241313153365,True
570,FusiformNorm,80.63963830196742,True
570,ABETA,-200.6210964356758,True
570,TAU,-44.61556943718218,True
570,WholeBrainNorm,41.603662819049944,True
570,PTAU,-109.3062133973691,True
570,MMSE,37.23233074526261,True
570,HippocampusNorm,-166.90852691664804,True
570,RAVLT_immediate,605.6156670427682,True
570,EntorhinalNorm,770.4238373748319,True
570,MidTempNorm,-176.02562474530419,True
571,VentricleNorm,-223.71256006014812,True
571,ADAS13,-230.9936645290303,True
571,FusiformNorm,150.71019579951016,True
571,ABETA,-426.771638769165,True
571,TAU,23.098923752288457,True
571,WholeBrainNorm,-46.70473571546893,True
571,PTAU,282.79907866003435,True
571,MMSE,27.73813945229103,True
571,HippocampusNorm,51.78611649615756,True
571,RAVLT_immediate,166.63530777962177,True
571,EntorhinalNorm,602.7684405830681,True
571,MidTempNorm,-40.67576776613065,True
572,VentricleNorm,-59.61016649332286,True
572,ADAS13,-265.6870159095321,True
572,FusiformNorm,238.83303158400827,True
572,ABETA,-547.8398010011408,True
572,TAU,-17.638732825457197,True
572,WholeBrainNorm,-77.8689728377238,True
572,PTAU,53.94788862615742,True
572,MMSE,51.306365639371066,True
572,HippocampusNorm,-42.18480878441284,True
572,RAVLT_immediate,1141.149628823339,True
572,EntorhinalNorm,748.2278595964253,True
572,MidTempNorm,-53.670227302746014,True
573,VentricleNorm,280.09842460129744,False
573,ADAS13,-292.17414266786227,False
573,FusiformNorm,-40.18968007624605,False
573,ABETA,-415.5906363800399,False
573,TAU,-3.0498568760202156,False
573,WholeBrainNorm,192.43995613207886,False
573,PTAU,-398.04977037793583,False
573,MMSE,-45.264047587952774,False
573,HippocampusNorm,51.68438170066379,False
573,RAVLT_immediate,39.989995571228334,False
573,EntorhinalNorm,653.3320324473416,False
573,MidTempNorm,-81.03154315829032,False
574,VentricleNorm,-65.95153854346492,True
574,ADAS13,-288.55164651174005,True
574,FusiformNorm,211.2843959112155,True
574,ABETA,-376.32354184377016,True
574,TAU,-102.7933548507834,True
574,WholeBrainNorm,49.371648090501985,True
574,PTAU,-73.09534603548269,True
574,MMSE,10.207317896169126,True
574,HippocampusNorm,45.215104894853354,True
574,RAVLT_immediate,92.79187005716587,True
574,EntorhinalNorm,264.7340775504342,True
574,MidTempNorm,-88.51503032058112,True
575,VentricleNorm,-96.61155215413994,False
575,ADAS13,-218.63835966377147,False
575,FusiformNorm,91.66642073580427,False
575,ABETA,409.7382573998816,False
575,TAU,1.4975581479512274,False
575,WholeBrainNorm,190.0399603019939,False
575,PTAU,-235.4584605699265,False
575,MMSE,-48.05697975395648,False
575,HippocampusNorm,55.988895505808934,False
575,RAVLT_immediate,191.61172890236156,False
575,EntorhinalNorm,195.0581650059852,False
575,MidTempNorm,-42.060558612990256,False
576,VentricleNorm,-92.23075483345386,True
576,ADAS13,-199.52838513137354,True
576,FusiformNorm,309.24539576344733,True
576,ABETA,-220.66955588826397,True
576,TAU,-110.63214845489206,True
576,WholeBrainNorm,-67.69226156531722,True
576,PTAU,28.20175368278849,True
576,MMSE,-7.178552348507996,True
576,HippocampusNorm,44.329193817376535,True
576,RAVLT_immediate,123.02175821553526,True
576,EntorhinalNorm,453.8769907976891,True
576,MidTempNorm,-99.32688038283212,True
577,VentricleNorm,-40.02085819216718,True
577,ADAS13,-117.53483236946843,True
577,FusiformNorm,114.06720617898272,True
577,ABETA,-779.1488480716876,True
577,TAU,-103.75028254019777,True
577,WholeBrainNorm,296.00373768003493,True
577,PTAU,-124.27537929304452,True
577,MMSE,69.71747071559238,True
577,HippocampusNorm,37.926011716833585,True
577,RAVLT_immediate,137.9949490047992,True
577,EntorhinalNorm,680.4117142502301,True
577,MidTempNorm,-81.47533777673777,True
578,VentricleNorm,-75.12252044502583,True
578,ADAS13,-298.2069698689931,True
578,FusiformNorm,188.11202142270014,True
578,ABETA,-478.9518705347142,True
578,TAU,-34.01573617750014,True
578,WholeBrainNorm,83.29699702365137,True
578,PTAU,-118.02391763257796,True
578,MMSE,-65.08234551104056,True
578,HippocampusNorm,52.04821041020363,True
578,RAVLT_immediate,88.06905118108074,True
578,EntorhinalNorm,715.7241823380863,True
578,MidTempNorm,-96.72678362977102,True
579,VentricleNorm,67.62735767289804,True
579,ADAS13,-125.32919337109306,True
579,FusiformNorm,-123.3553121408028,True
579,ABETA,-302.18248184831805,True
579,TAU,-77.16462836072813,True
579,WholeBrainNorm,179.7208277238674,True
579,PTAU,-388.056386481465,True
579,MMSE,-69.89994112255692,True
579,HippocampusNorm,43.84289307643348,True
579,RAVLT_immediate,154.55559451598052,True
579,EntorhinalNorm,908.6559710453189,True
579,MidTempNorm,-47.500787560356,True
580,VentricleNorm,-3.776031633236329,True
580,ADAS13,-253.3990730359721,True
580,FusiformNorm,-73.30849548548389,True
580,ABETA,-135.78754176096345,True
580,TAU,-31.448427138434525,True
580,WholeBrainNorm,155.29065446192448,True
580,PTAU,-52.45388826179445,True
580,MMSE,-65.40123345471865,True
580,HippocampusNorm,54.03290372401027,True
580,RAVLT_immediate,21.25480893967898,True
580,EntorhinalNorm,332.46896837275733,True
580,MidTempNorm,-79.26714254598943,True
581,VentricleNorm,-92.56838662154084,True
581,ADAS13,-142.11185360690374,True
581,FusiformNorm,172.8169504108252,True
581,ABETA,-319.6301657526473,True
581,TAU,-95.73581053164403,True
581,WholeBrainNorm,182.75583995518554,True
581,PTAU,167.7188349784765,True
581,MMSE,10.419388534418108,True
581,HippocampusNorm,124.65983631823684,True
581,RAVLT_immediate,1022.722264637042,True
581,EntorhinalNorm,0.6081703890256449,True
581,MidTempNorm,-11.579094137438865,True
582,VentricleNorm,-146.14241681013817,True
582,ADAS13,-290.8459746621412,True
582,FusiformNorm,212.38059950634602,True
582,ABETA,-31.00412138510353,True
582,TAU,-41.148424231287194,True
582,WholeBrainNorm,-69.522854298153,True
582,PTAU,77.07483374928736,True
582,MMSE,23.539962936367225,True
582,HippocampusNorm,55.00612154154625,True
582,RAVLT_immediate,72.85539736175579,True
582,EntorhinalNorm,424.1307351917727,True
582,MidTempNorm,-191.80875833643256,True
583,VentricleNorm,-17.82902609457325,False
583,ADAS13,-273.6596532971843,False
583,FusiformNorm,85.12914322622804,False
583,ABETA,-381.82430192044626,False
583,TAU,-28.649779242546764,False
583,WholeBrainNorm,266.55215605652546,False
583,PTAU,-222.29424815145765,False
583,MMSE,-56.822804647292756,False
583,HippocampusNorm,53.35440989552295,False
583,RAVLT_immediate,101.70790577867774,False
583,EntorhinalNorm,659.0220064863897,False
583,MidTempNorm,-146.4581016757866,False
584,VentricleNorm,-34.88720247889144,True
584,ADAS13,-165.26768150909078,True
584,FusiformNorm,181.3586820489545,True
584,ABETA,-172.64826598294877,True
584,TAU,-157.66520055316346,True
584,WholeBrainNorm,0.8871233301120256,True
584,PTAU,-182.4269455510922,True
584,MMSE,60.66319122287247,True
584,HippocampusNorm,175.86432360417592,True
584,RAVLT_immediate,199.53639034804374,True
584,EntorhinalNorm,774.2984901961979,True
584,MidTempNorm,-126.82725995511726,True
585,VentricleNorm,-19.590684131450317,False
585,ADAS13,-265.45175481022795,False
585,FusiformNorm,-95.91917614225038,False
585,ABETA,-346.27068277054127,False
585,TAU,-15.369362558325623,False
585,WholeBrainNorm,135.97804879864793,False
585,PTAU,44.91496433436731,False
585,MMSE,-21.778640851383813,False
585,HippocampusNorm,53.13534180239864,False
585,RAVLT_immediate,174.6851340148965,False
585,EntorhinalNorm,560.857327680666,False
585,MidTempNorm,86.8031958575136,False
586,VentricleNorm,-126.96187458949035,True
586,ADAS13,-234.60721882264951,True
586,FusiformNorm,96.39538254262304,True
586,ABETA,-151.13201035016772,True
586,TAU,-59.95537283165433,True
586,WholeBrainNorm,180.51606464228328,True
586,PTAU,-122.35704727998197,True
586,MMSE,-44.75038465054119,True
586,HippocampusNorm,45.45582258509726,True
586,RAVLT_immediate,111.33142362999308,True
586,EntorhinalNorm,332.3892574654684,True
586,MidTempNorm,-150.23931126071076,True
587,VentricleNorm,-48.7399781281608,True
587,ADAS13,-224.1615356714064,True
587,FusiformNorm,36.75173901856448,True
587,ABETA,-153.92657425573177,True
587,TAU,-162.60776100042983,True
587,WholeBrainNorm,-94.39740104529561,True
587,PTAU,-68.40583643644743,True
587,MMSE,1.5763733709315204,True
587,HippocampusNorm,55.50184643409552,True
587,RAVLT_immediate,195.34186468691394,True
587,EntorhinalNorm,721.5863957699057,True
587,MidTempNorm,-3.8636655875005204,True
588,VentricleNorm,-146.60781402937013,True
588,ADAS13,-210.69872200404401,True
588,FusiformNorm,55.842903660841856,True
588,ABETA,38.80389784973414,True
588,TAU,-84.51684796387114,True
588,WholeBrainNorm,-3.7475175237587592,True
588,PTAU,189.90572016178297,True
588,MMSE,44.03978199535807,True
588,HippocampusNorm,118.40289508806408,True
588,RAVLT_immediate,26.90140228675388,True
588,EntorhinalNorm,545.029668416309,True
588,MidTempNorm,79.94242049604102,True
589,VentricleNorm,-243.44906951234213,True
589,ADAS13,-240.34150155928427,True
589,FusiformNorm,-118.74727667847927,True
589,ABETA,-735.4550089446673,True
589,TAU,-91.06811401666386,True
589,WholeBrainNorm,-115.74793185055007,True
589,PTAU,-117.43445543931585,True
589,MMSE,-46.68351422874853,True
589,HippocampusNorm,57.81977277605705,True
589,RAVLT_immediate,207.37555601185994,True
589,EntorhinalNorm,719.3933625675547,True
589,MidTempNorm,-46.4817286511456,True
590,VentricleNorm,-327.7779330561997,True
590,ADAS13,-158.4425081138381,True
590,FusiformNorm,249.97353833134193,True
590,ABETA,-781.9218634596916,True
590,TAU,-72.41122804101208,True
590,WholeBrainNorm,68.94886987146263,True
590,PTAU,-172.60072614830358,True
590,MMSE,56.860121756277216,True
590,HippocampusNorm,49.21842803022032,True
590,RAVLT_immediate,125.20441177796381,True
590,EntorhinalNorm,694.1643733142093,True
590,MidTempNorm,-39.24345298068973,True
591,VentricleNorm,-182.2451818735973,True
591,ADAS13,-189.88720896510898,True
591,FusiformNorm,117.8933642687453,True
591,ABETA,-776.736845860928,True
591,TAU,-162.80240141585398,True
591,WholeBrainNorm,33.88572010356033,True
591,PTAU,-154.00777079286522,True
591,MMSE,-50.055785640073275,True
591,HippocampusNorm,45.371382237473405,True
591,RAVLT_immediate,127.78767556228335,True
591,EntorhinalNorm,425.92413599395513,True
591,MidTempNorm,-106.83454711320007,True
592,VentricleNorm,-351.7129149239832,True
592,ADAS13,-211.14061659911675,True
592,FusiformNorm,92.88157487868222,True
592,ABETA,-400.0631646722376,True
592,TAU,-33.45511053431783,True
592,WholeBrainNorm,175.558745299334,True
592,PTAU,-432.7429531720121,True
592,MMSE,48.05856960561955,True
592,HippocampusNorm,58.076982299730204,True
592,RAVLT_immediate,157.97516052348868,True
592,EntorhinalNorm,398.2737320900478,True
592,MidTempNorm,-118.87815409295472,True
593,VentricleNorm,-160.11577214922863,True
593,ADAS13,-175.8845634819307,True
593,FusiformNorm,47.37080252652544,True
593,ABETA,-442.07255303974944,True
593,TAU,-70.28068359010285,True
593,WholeBrainNorm,260.59728055042524,True
593,PTAU,-374.5549818549901,True
593,MMSE,27.270886306791766,True
593,HippocampusNorm,71.25524265338635,True
593,RAVLT_immediate,94.56038407030101,True
593,EntorhinalNorm,763.693295081368,True
593,MidTempNorm,-95.77272447674166,True
594,VentricleNorm,-98.40750846761496,True
594,ADAS13,-206.54147090169096,True
594,FusiformNorm,118.31995868304392,True
594,ABETA,-332.7589647845524,True
594,TAU,4.0066141218487985,True
594,WholeBrainNorm,69.57732405415133,True
594,PTAU,-2.2223014754166996,True
594,MMSE,3.486912225179836,True
594,HippocampusNorm,53.0665457293087,True
594,RAVLT_immediate,5.977162621528919,True
594,EntorhinalNorm,259.8378718465055,True
594,MidTempNorm,0.9087696175110267,True
595,VentricleNorm,-93.33736613115974,True
595,ADAS13,-240.5644069616244,True
595,FusiformNorm,219.1207549456364,True
595,ABETA,-519.8691982672506,True
595,TAU,-156.7323491485871,True
595,WholeBrainNorm,-106.96300715519293,True
595,PTAU,-265.1303151522247,True
595,MMSE,43.89311085799588,True
595,HippocampusNorm,153.59766662738127,True
595,RAVLT_immediate,18.627942251372076,True
595,EntorhinalNorm,351.6236122175916,True
595,MidTempNorm,-44.39646628596602,True
596,VentricleNorm,-201.71377063192872,True
596,ADAS13,-404.47526423722337,True
596,FusiformNorm,45.61036786869492,True
596,ABETA,-309.052954928793,True
596,TAU,-150.13926326286816,True
596,WholeBrainNorm,-112.14913053330046,True
596,PTAU,-35.520260660639536,True
596,MMSE,-50.906939783589465,True
596,HippocampusNorm,43.44215564887037,True
596,RAVLT_immediate,204.87328331150712,True
596,EntorhinalNorm,223.26355322272755,True
596,MidTempNorm,-23.40081444168264,True
597,VentricleNorm,14.797533193208949,True
597,ADAS13,-256.52639908300034,True
597,FusiformNorm,-46.51092512405717,True
597,ABETA,-133.49518440400473,True
597,TAU,-98.16360336584202,True
597,WholeBrainNorm,66.9698894745244,True
597,PTAU,-252.03494911920313,True
597,MMSE,68.2547577175734,True
597,HippocampusNorm,193.21192012351048,True
597,RAVLT_immediate,822.427251734208,True
597,EntorhinalNorm,266.63551232186524,True
597,MidTempNorm,-173.76804528696573,True
598,VentricleNorm,-411.0035248637564,True
598,ADAS13,-257.19067068804316,True
598,FusiformNorm,56.19732512152345,True
598,ABETA,-597.5457105782582,True
598,TAU,-36.98030930480799,True
598,WholeBrainNorm,110.43966692252194,True
598,PTAU,246.6071435641476,True
598,MMSE,3.5727253093700746,True
598,HippocampusNorm,17.033470243049223,True
598,RAVLT_immediate,504.4154492219109,True
598,EntorhinalNorm,481.21481444978036,True
598,MidTempNorm,-43.668240073729436,True
599,VentricleNorm,-104.16202589735516,True
599,ADAS13,-255.04442763669826,True
599,FusiformNorm,-152.81653792374723,True
599,ABETA,-324.1365633486654,True
599,TAU,-19.58516904083566,True
599,WholeBrainNorm,-102.34931299618178,True
599,PTAU,-264.3646914746376,True
599,MMSE,-33.67683933900579,True
599,HippocampusNorm,50.16656106398116,True
599,RAVLT_immediate,148.8606119395278,True
599,EntorhinalNorm,451.6655666016223,True
599,MidTempNorm,-67.12568123983755,True
600,VentricleNorm,69.35244416662631,True
600,ADAS13,-232.98576725458418,True
600,FusiformNorm,242.89319950191924,True
600,ABETA,-831.0427356732957,True
600,TAU,-89.81581288922696,True
600,WholeBrainNorm,85.80790781109557,True
600,PTAU,-59.68314710849106,True
600,MMSE,17.243316107748072,True
600,HippocampusNorm,-14.40496953948147,True
600,RAVLT_immediate,286.85655974294036,True
600,EntorhinalNorm,93.69385263424314,True
600,MidTempNorm,-146.2011983153754,True
601,VentricleNorm,-134.7302364129149,True
601,ADAS13,-213.3105661406008,True
601,FusiformNorm,247.87061662701583,True
601,ABETA,-256.13919158061697,True
601,TAU,-185.00522686092825,True
601,WholeBrainNorm,107.46643015716712,True
601,PTAU,252.29469205721927,True
601,MMSE,45.128694792369444,True
601,HippocampusNorm,-161.5848590621432,True
601,RAVLT_immediate,640.0847907871776,True
601,EntorhinalNorm,-224.19539436943995,True
601,MidTempNorm,-23.662318872210435,True
602,VentricleNorm,309.70471123716374,False
602,ADAS13,-338.7632669615898,False
602,FusiformNorm,-83.64102929169272,False
602,ABETA,-683.3426328892596,False
602,TAU,7.196897318036241,False
602,WholeBrainNorm,254.43558372765915,False
602,PTAU,-367.89185221385657,False
602,MMSE,-53.231147938097465,False
602,HippocampusNorm,57.960491575216125,False
602,RAVLT_immediate,112.64690814087035,False
602,EntorhinalNorm,616.8324990300921,False
602,MidTempNorm,9.22149582649196,False
603,VentricleNorm,-196.57324142825212,True
603,ADAS13,-315.09653534864833,True
603,FusiformNorm,130.8034926100231,True
603,ABETA,-376.9034045621666,True
603,TAU,-50.31260056348743,True
603,WholeBrainNorm,-48.20533456912372,True
603,PTAU,8.632067096675264,True
603,MMSE,56.602268520304904,True
603,HippocampusNorm,262.03898930652036,True
603,RAVLT_immediate,493.28618119489977,True
603,EntorhinalNorm,47.26012932854209,True
603,MidTempNorm,-119.09777985017435,True
604,VentricleNorm,-205.3077880831978,True
604,ADAS13,-269.7500222625694,True
604,FusiformNorm,-60.20941900212375,True
604,ABETA,-491.4502615122374,True
604,TAU,-182.8151181203566,True
604,WholeBrainNorm,393.22001155405917,True
604,PTAU,9.84137858336966,True
604,MMSE,24.965044845027847,True
604,HippocampusNorm,47.067811917643624,True
604,RAVLT_immediate,249.74610076790987,True
604,EntorhinalNorm,568.7832054334951,True
604,MidTempNorm,38.66396347637951,True
605,VentricleNorm,-45.503652191350525,True
605,ADAS13,-168.6643954410144,True
605,FusiformNorm,-105.48797150517774,True
605,ABETA,-342.25772117856997,True
605,TAU,-107.77395127282918,True
605,WholeBrainNorm,382.15979107206596,True
605,PTAU,-185.02016126108958,True
605,MMSE,2.2705907214331518,True
605,HippocampusNorm,78.79853442249487,True
605,RAVLT_immediate,602.3676466146052,True
605,EntorhinalNorm,585.889473085511,True
605,MidTempNorm,-19.629237756362166,True
606,VentricleNorm,-157.30039737622332,False
606,ADAS13,-278.3497552417651,False
606,FusiformNorm,14.843507410529433,False
606,ABETA,27.520861974345106,False
606,TAU,0.8607157795376632,False
606,WholeBrainNorm,-67.96779611569134,False
606,PTAU,-347.4137080961118,False
606,MMSE,-61.24162376371447,False
606,HippocampusNorm,57.830336345808846,False
606,RAVLT_immediate,202.8515342729395,False
606,EntorhinalNorm,493.294716814822,False
606,MidTempNorm,-120.85919590080573,False
607,VentricleNorm,-180.6483651485371,True
607,ADAS13,-158.43979728636802,True
607,FusiformNorm,45.68252816552257,True
607,ABETA,-105.87375107622756,True
607,TAU,-86.57590044942431,True
607,WholeBrainNorm,53.89667836158005,True
607,PTAU,-181.40880830705728,True
607,MMSE,37.45224351169226,True
607,HippocampusNorm,-30.785675957188012,True
607,RAVLT_immediate,117.7132185975721,True
607,EntorhinalNorm,666.5677147693295,True
607,MidTempNorm,-31.63498945853771,True
608,VentricleNorm,-118.29097048275665,True
608,ADAS13,-200.32330040053853,True
608,FusiformNorm,72.95272000115675,True
608,ABETA,-525.6417756663851,True
608,TAU,-59.728500427350895,True
608,WholeBrainNorm,126.10359815566945,True
608,PTAU,482.1516900205176,True
608,MMSE,-44.868903272336716,True
608,HippocampusNorm,53.74103864030073,True
608,RAVLT_immediate,123.03121446477692,True
608,EntorhinalNorm,284.90148761114824,True
608,MidTempNorm,-124.63264801552938,True
609,VentricleNorm,-53.1464238508882,True
609,ADAS13,-310.4111811550498,True
609,FusiformNorm,-181.69127089154438,True
609,ABETA,-611.4239764467128,True
609,TAU,128.7772818325342,True
609,WholeBrainNorm,148.3316539578853,True
609,PTAU,26.539438713294114,True
609,MMSE,-52.8020194576521,True
609,HippocampusNorm,47.55649689016981,True
609,RAVLT_immediate,159.30767166189244,True
609,EntorhinalNorm,658.5571633418606,True
609,MidTempNorm,-158.87215537672233,True
610,VentricleNorm,38.36830200954776,True
610,ADAS13,-257.34981693140327,True
610,FusiformNorm,219.03023078181047,True
610,ABETA,-283.407350706335,True
610,TAU,-26.031356754265367,True
610,WholeBrainNorm,108.4424043426026,True
610,PTAU,-106.28980652140501,True
610,MMSE,-61.33459743034482,True
610,HippocampusNorm,58.08435876875643,True
610,RAVLT_immediate,103.22327448798819,True
610,EntorhinalNorm,605.9749924874418,True
610,MidTempNorm,8.719812644058436,True
611,VentricleNorm,-61.756083891212626,True
611,ADAS13,-206.02576978908104,True
611,FusiformNorm,349.63543467888155,True
611,ABETA,-699.8423666117644,True
611,TAU,-80.42278992641405,True
611,WholeBrainNorm,112.05173658420759,True
611,PTAU,123.68281174954288,True
611,MMSE,42.22683409269126,True
611,HippocampusNorm,102.9005899716272,True
611,RAVLT_immediate,597.4149489245118,True
611,EntorhinalNorm,455.27180547611795,True
611,MidTempNorm,24.160253959924816,True
612,VentricleNorm,84.6160278801107,True
612,ADAS13,-198.9577989299626,True
612,FusiformNorm,-156.6935478547519,True
612,ABETA,-256.99867875947524,True
612,TAU,-128.7649423236905,True
612,WholeBrainNorm,93.40879806636786,True
612,PTAU,-91.12350002658988,True
612,MMSE,-43.82336703333837,True
612,HippocampusNorm,57.757562951217345,True
612,RAVLT_immediate,27.083857486142634,True
612,EntorhinalNorm,497.41939890789916,True
612,MidTempNorm,-10.137971346375117,True
613,VentricleNorm,-45.55758403515328,False
613,ADAS13,-304.99999007708425,False
613,FusiformNorm,167.7212071991268,False
613,ABETA,-201.15495503867098,False
613,TAU,-14.72568446161177,False
613,WholeBrainNorm,126.75625687805672,False
613,PTAU,-442.6829630461622,False
613,MMSE,-63.98750418805379,False
613,HippocampusNorm,48.70533908009108,False
613,RAVLT_immediate,48.89259944990759,False
613,EntorhinalNorm,626.8118925549804,False
613,MidTempNorm,-241.46043975228665,False
614,VentricleNorm,-154.27847979114014,True
614,ADAS13,-152.02859567748692,True
614,FusiformNorm,17.933975737327913,True
614,ABETA,-700.4723029550046,True
614,TAU,-95.98231846325923,True
614,WholeBrainNorm,36.96393406820267,True
614,PTAU,-211.98924829870748,True
614,MMSE,38.678950967559445,True
614,HippocampusNorm,45.45385112083359,True
614,RAVLT_immediate,38.80443277850101,True
614,EntorhinalNorm,226.6446038754186,True
614,MidTempNorm,120.95401119560745,True
615,VentricleNorm,-86.28875765186767,True
615,ADAS13,-235.61557592998358,True
615,FusiformNorm,408.8697530228684,True
615,ABETA,-270.3914598762703,True
615,TAU,-139.2413803063248,True
615,WholeBrainNorm,-30.19550784025253,True
615,PTAU,-46.794701101055544,True
615,MMSE,3.5239585527167847,True
615,HippocampusNorm,24.708573159158693,True
615,RAVLT_immediate,80.99059053557777,True
615,EntorhinalNorm,530.4227216826099,True
615,MidTempNorm,73.18162465655718,True
616,VentricleNorm,69.88851182808854,True
616,ADAS13,-216.61473259629508,True
616,FusiformNorm,-1.23703336252796,True
616,ABETA,-941.5434979200431,True
616,TAU,-129.92331892413523,True
616,WholeBrainNorm,21.380422220047194,True
616,PTAU,-432.57666144417107,True
616,MMSE,-49.81523367485379,True
616,HippocampusNorm,61.11975403244009,True
616,RAVLT_immediate,198.40956092323728,True
616,EntorhinalNorm,706.3737641326256,True
616,MidTempNorm,-35.6509805116366,True
617,VentricleNorm,-89.38290955340109,True
617,ADAS13,-272.5010816293722,True
617,FusiformNorm,12.627960704823778,True
617,ABETA,-384.57916098189395,True
617,TAU,-29.274593302409393,True
617,WholeBrainNorm,180.33653936281377,True
617,PTAU,-183.98438917545158,True
617,MMSE,8.772150962475585,True
617,HippocampusNorm,52.6991637721532,True
617,RAVLT_immediate,64.91618399138507,True
617,EntorhinalNorm,472.7301950910616,True
617,MidTempNorm,-56.246138985984615,True
618,VentricleNorm,-114.29533678735655,True
618,ADAS13,-104.51744389333996,True
618,FusiformNorm,230.64668452503113,True
618,ABETA,-415.9875759377762,True
618,TAU,-126.82719489774048,True
618,WholeBrainNorm,265.1612376661704,True
618,PTAU,144.60564753786824,True
618,MMSE,24.090694577099292,True
618,HippocampusNorm,-140.5369218151958,True
618,RAVLT_immediate,-29.230106710717706,True
618,EntorhinalNorm,826.656127993635,True
618,MidTempNorm,-54.24456537563485,True
619,VentricleNorm,-69.08769510907032,True
619,ADAS13,-352.0501546871017,True
619,FusiformNorm,118.40460756010941,True
619,ABETA,-132.33996841538433,True
619,TAU,-65.68041217282843,True
619,WholeBrainNorm,99.9203866237865,True
619,PTAU,-108.44627799204659,True
619,MMSE,9.636444791525243,True
619,HippocampusNorm,55.0437062621909,True
619,RAVLT_immediate,140.8538115319019,True
619,EntorhinalNorm,501.18875702915886,True
619,MidTempNorm,-1.6707818794935605,True
620,VentricleNorm,104.65031890411377,True
620,ADAS13,-179.7144164692459,True
620,FusiformNorm,-57.77322502134412,True
620,ABETA,-172.71848010586226,True
620,TAU,-140.33341170456455,True
620,WholeBrainNorm,-52.43664326694946,True
620,PTAU,10.265131003696624,True
620,MMSE,13.962657884054696,True
620,HippocampusNorm,-24.825147316988307,True
620,RAVLT_immediate,161.9456376655958,True
620,EntorhinalNorm,487.9134620656339,True
620,MidTempNorm,-28.024997499520353,True
621,VentricleNorm,17.98540427626655,False
621,ADAS13,-278.0254116057482,False
621,FusiformNorm,-80.23786236174276,False
621,ABETA,-68.0161220193849,False
621,TAU,-23.506868072704993,False
621,WholeBrainNorm,219.3885273662571,False
621,PTAU,-363.1877878713789,False
621,MMSE,-17.943913239074192,False
621,HippocampusNorm,51.47518406743672,False
621,RAVLT_immediate,76.76178592269835,False
621,EntorhinalNorm,545.1506200377299,False
621,MidTempNorm,78.94927223484987,False
622,VentricleNorm,25.556662661305097,True
622,ADAS13,-281.436471117309,True
622,FusiformNorm,306.4392049698865,True
622,ABETA,-279.39935132223303,True
622,TAU,-34.14229848009317,True
622,WholeBrainNorm,307.17404395707916,True
622,PTAU,243.16406314669135,True
622,MMSE,-43.24326271846807,True
622,HippocampusNorm,56.00169052635889,True
622,RAVLT_immediate,159.9098498426281,True
622,EntorhinalNorm,468.3883869814904,True
622,MidTempNorm,-188.39570005831348,True
623,VentricleNorm,-58.719192016084186,True
623,ADAS13,-283.7391081228212,True
623,FusiformNorm,27.291984043477846,True
623,ABETA,-652.794615471819,True
623,TAU,-71.03563958093265,True
623,WholeBrainNorm,186.33341246580503,True
623,PTAU,-47.70589620913817,True
623,MMSE,-53.41380742348018,True
623,HippocampusNorm,66.48929169428432,True
623,RAVLT_immediate,188.65487103347186,True
623,EntorhinalNorm,207.52869569030423,True
623,MidTempNorm,-131.73583233301838,True
624,VentricleNorm,-144.1512962029181,True
624,ADAS13,-228.29634270895957,True
624,FusiformNorm,153.23094829278483,True
624,ABETA,-346.6333562032857,True
624,TAU,-66.73989720639939,True
624,WholeBrainNorm,130.60841000613698,True
624,PTAU,26.56639233833564,True
624,MMSE,14.723417089363078,True
624,HippocampusNorm,65.80861271041145,True
624,RAVLT_immediate,4.580707873556733,True
624,EntorhinalNorm,683.5849690436823,True
624,MidTempNorm,-74.0387837737153,True
625,VentricleNorm,-57.69817488388127,True
625,ADAS13,-247.2207118269986,True
625,FusiformNorm,141.34110172547284,True
625,ABETA,-62.8336729775628,True
625,TAU,-98.81443088215423,True
625,WholeBrainNorm,272.1123352527001,True
625,PTAU,-113.39017521844823,True
625,MMSE,5.195803048972163,True
625,HippocampusNorm,-15.902226308633878,True
625,RAVLT_immediate,63.444195113514624,True
625,EntorhinalNorm,397.29836712587405,True
625,MidTempNorm,24.055881673343336,True
626,VentricleNorm,-170.2226949836424,True
626,ADAS13,-119.13682980254153,True
626,FusiformNorm,46.741631018268784,True
626,ABETA,-203.90757583276726,True
626,TAU,21.31512679125544,True
626,WholeBrainNorm,17.97388115437215,True
626,PTAU,-271.91939426060827,True
626,MMSE,-56.30159797765536,True
626,HippocampusNorm,49.889330462673804,True
626,RAVLT_immediate,163.86602706236542,True
626,EntorhinalNorm,353.5281959096434,True
626,MidTempNorm,-52.41360257765152,True
627,VentricleNorm,228.69586434305734,False
627,ADAS13,-304.6196873502404,False
627,FusiformNorm,144.42164796361718,False
627,ABETA,-82.50827059913294,False
627,TAU,-14.245424628137485,False
627,WholeBrainNorm,279.98298233128975,False
627,PTAU,-321.72434292189917,False
627,MMSE,-71.68009365767728,False
627,HippocampusNorm,51.37410265460233,False
627,RAVLT_immediate,194.14094627303507,False
627,EntorhinalNorm,485.5972971201845,False
627,MidTempNorm,-111.24322249148642,False
628,VentricleNorm,-274.64770847527905,True
628,ADAS13,-242.5761432725681,True
628,FusiformNorm,89.72613757413647,True
628,ABETA,-407.12540515027416,True
628,TAU,-0.4076447581446132,True
628,WholeBrainNorm,117.73515180037563,True
628,PTAU,-104.08772632934196,True
628,MMSE,-53.76330440176136,True
628,HippocampusNorm,58.65526093828387,True
628,RAVLT_immediate,174.00140617331687,True
628,EntorhinalNorm,241.81121646420434,True
628,MidTempNorm,-114.8151390011512,True
629,VentricleNorm,28.77417330288762,True
629,ADAS13,-182.40271035937792,True
629,FusiformNorm,186.78160177950448,True
629,ABETA,-423.39352687759913,True
629,TAU,-33.41274410738363,True
629,WholeBrainNorm,0.23196849358794225,True
629,PTAU,294.0887549458191,True
629,MMSE,36.191391751179594,True
629,HippocampusNorm,44.83455241164279,True
629,RAVLT_immediate,556.9720892230785,True
629,EntorhinalNorm,390.9932292794607,True
629,MidTempNorm,-70.44448708207774,True
630,VentricleNorm,-83.22480834612945,True
630,ADAS13,-148.8874518258845,True
630,FusiformNorm,91.47824712287627,True
630,ABETA,-440.5191449834173,True
630,TAU,-28.361597874409043,True
630,WholeBrainNorm,105.21624294876014,True
630,PTAU,253.88517259213202,True
630,MMSE,9.787217890468938,True
630,HippocampusNorm,45.95000979465384,True
630,RAVLT_immediate,156.98037963499905,True
630,EntorhinalNorm,106.53889529425567,True
630,MidTempNorm,-68.51004752733941,True
631,VentricleNorm,83.19615214411407,True
631,ADAS13,-283.83211894866895,True
631,FusiformNorm,-10.036754779581713,True
631,ABETA,-476.62250278393526,True
631,TAU,-27.44990950565957,True
631,WholeBrainNorm,307.2175600781516,True
631,PTAU,-86.16917725216337,True
631,MMSE,24.933936879792107,True
631,HippocampusNorm,-25.585338924000105,True
631,RAVLT_immediate,181.55412927076486,True
631,EntorhinalNorm,201.80079691774375,True
631,MidTempNorm,44.545991088742255,True
632,VentricleNorm,22.499188544462967,True
632,ADAS13,-236.3403075680526,True
632,FusiformNorm,92.31102098231952,True
632,ABETA,-591.5947713253427,True
632,TAU,-47.06204833730802,True
632,WholeBrainNorm,-223.24087667801103,True
632,PTAU,61.75920177193011,True
632,MMSE,23.961979426352112,True
632,HippocampusNorm,56.07592873204973,True
632,RAVLT_immediate,118.63707389813545,True
632,EntorhinalNorm,362.05518562269407,True
632,MidTempNorm,-64.21698708293425,True
633,VentricleNorm,99.2840706526511,True
633,ADAS13,-173.64192512280476,True
633,FusiformNorm,209.57526246923965,True
633,ABETA,-345.1989452688885,True
633,TAU,-95.44466803195817,True
633,WholeBrainNorm,65.02681276931189,True
633,PTAU,-162.0061577219228,True
633,MMSE,38.751068974056636,True
633,HippocampusNorm,58.631915821132274,True
633,RAVLT_immediate,118.57977552183016,True
633,EntorhinalNorm,701.5399432049593,True
633,MidTempNorm,-251.7644992048348,True
634,VentricleNorm,-106.18043771622308,True
634,ADAS13,-256.7514134956863,True
634,FusiformNorm,-100.35705974185652,True
634,ABETA,-377.68576958104643,True
634,TAU,-9.06032325591346,True
634,WholeBrainNorm,214.7711644346095,True
634,PTAU,2.7221260763766537,True
634,MMSE,11.433464631232507,True
634,HippocampusNorm,29.47053935483033,True
634,RAVLT_immediate,495.75831997167904,True
634,EntorhinalNorm,-290.9742449639939,True
634,MidTempNorm,-1.0646448755324371,True
635,VentricleNorm,-4.391694501134992,True
635,ADAS13,-303.8741377794686,True
635,FusiformNorm,-107.81291806021218,True
635,ABETA,-142.78491378982827,True
635,TAU,-134.7608071612149,True
635,WholeBrainNorm,228.0560014848012,True
635,PTAU,-195.4775609135033,True
635,MMSE,14.254044484022398,True
635,HippocampusNorm,34.24280948078883,True
635,RAVLT_immediate,848.8627929665554,True
635,EntorhinalNorm,400.4181134777305,True
635,MidTempNorm,-89.88414771149067,True
636,VentricleNorm,-145.03841182982478,True
636,ADAS13,-276.62384553695415,True
636,FusiformNorm,189.76647772127058,True
636,ABETA,-288.08962856478684,True
636,TAU,-56.60759453353919,True
636,WholeBrainNorm,149.17430561978284,True
636,PTAU,-14.627686447557629,True
636,MMSE,46.108591146521675,True
636,HippocampusNorm,49.20109867263744,True
636,RAVLT_immediate,152.68255455472826,True
636,EntorhinalNorm,143.82398976498638,True
636,MidTempNorm,-160.54567696871243,True
637,VentricleNorm,-168.09576104277755,True
637,ADAS13,-197.20151566320416,True
637,FusiformNorm,67.93395423454768,True
637,ABETA,-167.48798057695848,True
637,TAU,-106.05401379801499,True
637,WholeBrainNorm,22.358163751280905,True
637,PTAU,222.20456641615033,True
637,MMSE,14.908249624144911,True
637,HippocampusNorm,-18.892269457511034,True
637,RAVLT_immediate,71.85150299173122,True
637,EntorhinalNorm,255.46172185887232,True
637,MidTempNorm,-37.800051723183174,True
638,VentricleNorm,-177.5964806962405,True
638,ADAS13,-248.92652707298095,True
638,FusiformNorm,37.392048527046555,True
638,ABETA,-232.24451985856837,True
638,TAU,-30.191810948653732,True
638,WholeBrainNorm,44.426531646650616,True
638,PTAU,-239.3248829545704,True
638,MMSE,75.59203184442045,True
638,HippocampusNorm,39.44139392134682,True
638,RAVLT_immediate,200.3675709750936,True
638,EntorhinalNorm,417.2376891081526,True
638,MidTempNorm,-103.71750210223426,True
639,VentricleNorm,-77.14107027894198,True
639,ADAS13,-317.04515240366095,True
639,FusiformNorm,-103.33593100632831,True
639,ABETA,-428.9160957897524,True
639,TAU,-18.724073233693375,True
639,WholeBrainNorm,-41.06021363305614,True
639,PTAU,266.8791967171418,True
639,MMSE,-61.002760124316175,True
639,HippocampusNorm,48.24119802549764,True
639,RAVLT_immediate,162.4380596865608,True
639,EntorhinalNorm,325.68465670537233,True
639,MidTempNorm,-28.508917823265932,True
640,VentricleNorm,50.25324307607525,True
640,ADAS13,-228.5314993506757,True
640,FusiformNorm,-4.141729938261442,True
640,ABETA,-19.832976302186694,True
640,TAU,-115.6576559154379,True
640,WholeBrainNorm,-89.2177503398275,True
640,PTAU,130.75386432588152,True
640,MMSE,32.793236533586374,True
640,HippocampusNorm,52.33156652095993,True
640,RAVLT_immediate,282.3672427097405,True
640,EntorhinalNorm,424.35201963568903,True
640,MidTempNorm,-10.609176881269242,True
641,VentricleNorm,-213.67152063067732,True
641,ADAS13,-92.0641049197825,True
641,FusiformNorm,11.619183047291806,True
641,ABETA,-208.4398940329342,True
641,TAU,-111.08569497227369,True
641,WholeBrainNorm,10.731761668802406,True
641,PTAU,190.13569243107813,True
641,MMSE,50.11341445116904,True
641,HippocampusNorm,112.34467174892951,True
641,RAVLT_immediate,219.4919098233595,True
641,EntorhinalNorm,525.276077890722,True
641,MidTempNorm,-56.57674419682608,True
642,VentricleNorm,15.353503319155337,True
642,ADAS13,-186.9522482295987,True
642,FusiformNorm,138.87798588837853,True
642,ABETA,-481.57095871632464,True
642,TAU,-124.4065986246969,True
642,WholeBrainNorm,-70.7720970420845,True
642,PTAU,-252.56353480821411,True
642,MMSE,-58.66997878623677,True
642,HippocampusNorm,64.60957294555438,True
642,RAVLT_immediate,223.07656259061162,True
642,EntorhinalNorm,743.5295184472162,True
642,MidTempNorm,-115.1644525243282,True
643,VentricleNorm,-91.67195450697761,True
643,ADAS13,-210.8546141104554,True
643,FusiformNorm,147.42852408529612,True
643,ABETA,-422.45860125484955,True
643,TAU,-169.4451415899171,True
643,WholeBrainNorm,-52.89061401979181,True
643,PTAU,219.90491350745134,True
643,MMSE,37.14528789676447,True
643,HippocampusNorm,44.02585867613766,True
643,RAVLT_immediate,186.49226247326143,True
643,EntorhinalNorm,408.0496705769276,True
643,MidTempNorm,-75.80830082248873,True
644,VentricleNorm,67.63420746987151,False
644,ADAS13,-228.19468799977656,False
644,FusiformNorm,240.39481450389275,False
644,ABETA,-846.067155523333,False
644,TAU,0.533093684956115,False
644,WholeBrainNorm,-37.435129166770324,False
644,PTAU,-17.41649052430492,False
644,MMSE,-52.41903690385399,False
644,HippocampusNorm,50.96304346595848,False
644,RAVLT_immediate,135.54866860230922,False
644,EntorhinalNorm,783.9235457935347,False
644,MidTempNorm,14.447322389083311,False
645,VentricleNorm,-221.32976384085242,False
645,ADAS13,-273.15736559603306,False
645,FusiformNorm,42.73346665191062,False
645,ABETA,79.27470351532689,False
645,TAU,-11.667183729961417,False
645,WholeBrainNorm,169.8875474832243,False
645,PTAU,-64.47733640511586,False
645,MMSE,-83.8867346221963,False
645,HippocampusNorm,52.024842579155056,False
645,RAVLT_immediate,214.57216342616357,False
645,EntorhinalNorm,291.7865742918531,False
645,MidTempNorm,-13.392845682851402,False
646,VentricleNorm,-383.6472932808993,True
646,ADAS13,-251.07762588897822,True
646,FusiformNorm,206.92069094016495,True
646,ABETA,-500.8331637416462,True
646,TAU,-132.65739747714136,True
646,WholeBrainNorm,-19.440989991765747,True
646,PTAU,75.1827531762298,True
646,MMSE,51.51323922240165,True
646,HippocampusNorm,-46.934326192921176,True
646,RAVLT_immediate,983.0882994578853,True
646,EntorhinalNorm,322.1283237295578,True
646,MidTempNorm,-47.30836651086196,True
647,VentricleNorm,-213.7388880770145,False
647,ADAS13,-308.4984460477211,False
647,FusiformNorm,-157.10575641111882,False
647,ABETA,-243.06123915640435,False
647,TAU,10.015486718884626,False
647,WholeBrainNorm,157.69182876158487,False
647,PTAU,-464.95186289065896,False
647,MMSE,-35.41283085499562,False
647,HippocampusNorm,55.66501942821683,False
647,RAVLT_immediate,55.477596922057515,False
647,EntorhinalNorm,531.5144207895364,False
647,MidTempNorm,-18.25404696790993,False
648,VentricleNorm,-189.23998558315785,True
648,ADAS13,-268.66714469232414,True
648,FusiformNorm,-31.805094566313443,True
648,ABETA,-416.3115068004386,True
648,TAU,-141.29858763649065,True
648,WholeBrainNorm,74.64955363857867,True
648,PTAU,-329.63379332053296,True
648,MMSE,-39.26977487458431,True
648,HippocampusNorm,45.530013351626835,True
648,RAVLT_immediate,110.23284778111957,True
648,EntorhinalNorm,587.2076732179644,True
648,MidTempNorm,-174.06581336008057,True
649,VentricleNorm,232.35962656626532,False
649,ADAS13,-319.23444642221574,False
649,FusiformNorm,-69.80165725630802,False
649,ABETA,139.79347900005024,False
649,TAU,-12.15306962521844,False
649,WholeBrainNorm,280.58708333202526,False
649,PTAU,-306.61649866984,False
649,MMSE,-31.76823572997673,False
649,HippocampusNorm,57.90053183344857,False
649,RAVLT_immediate,81.61256052603562,False
649,EntorhinalNorm,424.91660097461056,False
649,MidTempNorm,-94.57879398373588,False
650,VentricleNorm,-68.21864006247644,True
650,ADAS13,-154.90114896118433,True
650,FusiformNorm,387.0933287769384,True
650,ABETA,-82.24231942801919,True
650,TAU,-33.86195498481224,True
650,WholeBrainNorm,161.22398616230834,True
650,PTAU,-53.04538451179244,True
650,MMSE,37.12740058327091,True
650,HippocampusNorm,83.32420101591595,True
650,RAVLT_immediate,186.0528953121171,True
650,EntorhinalNorm,585.1261475690458,True
650,MidTempNorm,-43.40074724602016,True
651,VentricleNorm,36.35988148363463,False
651,ADAS13,-264.46752279818145,False
651,FusiformNorm,238.33309797780436,False
651,ABETA,-575.6242101733098,False
651,TAU,-3.329503902557125,False
651,WholeBrainNorm,131.48783329896185,False
651,PTAU,-348.8753129255984,False
651,MMSE,-69.66140017665445,False
651,HippocampusNorm,49.56954170274732,False
651,RAVLT_immediate,64.5737653231119,False
651,EntorhinalNorm,599.4227072594899,False
651,MidTempNorm,51.981478709881216,False
652,VentricleNorm,457.29025008642463,False
652,ADAS13,-278.8976583123431,False
652,FusiformNorm,-30.12925559082123,False
652,ABETA,586.4679005311991,False
652,TAU,21.43882470965913,False
652,WholeBrainNorm,32.65773298852838,False
652,PTAU,-463.70496975981075,False
652,MMSE,-44.75209231785406,False
652,HippocampusNorm,45.4087412312562,False
652,RAVLT_immediate,59.83098567255503,False
652,EntorhinalNorm,452.4349059222053,False
652,MidTempNorm,-2.0029003061009263,False
653,VentricleNorm,13.913353322995647,True
653,ADAS13,-259.3118075616832,True
653,FusiformNorm,171.77847329424492,True
653,ABETA,-545.3306144075465,True
653,TAU,-98.11748078121641,True
653,WholeBrainNorm,-38.70433119430676,True
653,PTAU,-293.22949495106604,True
653,MMSE,34.130363792968446,True
653,HippocampusNorm,125.87501398208376,True
653,RAVLT_immediate,1035.9183427580838,True
653,EntorhinalNorm,231.26030958860747,True
653,MidTempNorm,20.212168096310876,True
654,VentricleNorm,-37.56761287828834,True
654,ADAS13,-219.80856085797092,True
654,FusiformNorm,-268.09257684225395,True
654,ABETA,32.766256417450904,True
654,TAU,-8.266576183410052,True
654,WholeBrainNorm,-125.97289881237087,True
654,PTAU,194.21992132782384,True
654,MMSE,40.637432177445774,True
654,HippocampusNorm,96.79310986359391,True
654,RAVLT_immediate,247.10502221002332,True
654,EntorhinalNorm,326.8557479300397,True
654,MidTempNorm,-5.413266483109908,True
655,VentricleNorm,-202.1634261299851,False
655,ADAS13,-297.07315879034894,False
655,FusiformNorm,-142.31252082573621,False
655,ABETA,312.33892114146994,False
655,TAU,-1.005555722724762,False
655,WholeBrainNorm,79.2081674528794,False
655,PTAU,-455.88044879582185,False
655,MMSE,-20.882597056255687,False
655,HippocampusNorm,51.491921888139935,False
655,RAVLT_immediate,114.2207874636455,False
655,EntorhinalNorm,629.8293768121678,False
655,MidTempNorm,-150.41320504024776,False
656,VentricleNorm,218.93540645517214,False
656,ADAS13,-282.9891614390829,False
656,FusiformNorm,8.591995456629501,False
656,ABETA,-280.8013855808378,False
656,TAU,29.873169175069254,False
656,WholeBrainNorm,310.32951516689917,False
656,PTAU,-242.56514414051526,False
656,MMSE,-51.552126854425026,False
656,HippocampusNorm,52.12784913932645,False
656,RAVLT_immediate,13.646880293696299,False
656,EntorhinalNorm,901.3107597614559,False
656,MidTempNorm,-82.74089929675168,False
657,VentricleNorm,-106.47008530048116,True
657,ADAS13,-158.60059084790052,True
657,FusiformNorm,124.27423416019869,True
657,ABETA,-322.2990775170112,True
657,TAU,-112.64112810006849,True
657,WholeBrainNorm,-111.00291253487477,True
657,PTAU,-170.15843246495368,True
657,MMSE,42.7207086294777,True
657,HippocampusNorm,2.812868365333827,True
657,RAVLT_immediate,283.16598039979453,True
657,EntorhinalNorm,440.58229904346615,True
657,MidTempNorm,-111.73041032327362,True
658,VentricleNorm,-95.90162597224577,True
658,ADAS13,-251.2081695006374,True
658,FusiformNorm,57.344410157884155,True
658,ABETA,64.46031319133095,True
658,TAU,-117.313889199661,True
658,WholeBrainNorm,-44.815688857937374,True
658,PTAU,-305.05309691484854,True
658,MMSE,-44.671900097472275,True
658,HippocampusNorm,49.40425952451867,True
658,RAVLT_immediate,141.52614667276683,True
658,EntorhinalNorm,660.9090970390632,True
658,MidTempNorm,-92.47782498176568,True
659,VentricleNorm,-108.77906560761022,True
659,ADAS13,-309.1387536275859,True
659,FusiformNorm,216.92048067320385,True
659,ABETA,-735.1204203264435,True
659,TAU,-131.12863088354874,True
659,WholeBrainNorm,270.7455611096732,True
659,PTAU,-340.56970529376434,True
659,MMSE,-19.13171168558569,True
659,HippocampusNorm,51.48468105595831,True
659,RAVLT_immediate,245.84233880719984,True
659,EntorhinalNorm,208.11564950443966,True
659,MidTempNorm,-121.36576485740844,True
660,VentricleNorm,-263.1832456673128,True
660,ADAS13,-150.5610172251573,True
660,FusiformNorm,43.8914378394784,True
660,ABETA,-197.5131714517169,True
660,TAU,-141.2153231861273,True
660,WholeBrainNorm,243.44997349993764,True
660,PTAU,-196.03555490209624,True
660,MMSE,17.395303933471677,True
660,HippocampusNorm,55.95120290972971,True
660,RAVLT_immediate,61.52912941937922,True
660,EntorhinalNorm,268.56820152719604,True
660,MidTempNorm,-170.25534714584978,True
661,VentricleNorm,72.91235553781205,True
661,ADAS13,-256.9768660544558,True
661,FusiformNorm,79.22747170121428,True
661,ABETA,-410.2471243556513,True
661,TAU,-70.78015595397851,True
661,WholeBrainNorm,287.35031274807665,True
661,PTAU,75.38161474417612,True
661,MMSE,-2.8884913658663613,True
661,HippocampusNorm,53.91825807358044,True
661,RAVLT_immediate,73.82684034254689,True
661,EntorhinalNorm,272.7756646128089,True
661,MidTempNorm,-16.06716905574183,True
662,VentricleNorm,157.58481986303434,False
662,ADAS13,-274.1685736912414,False
662,FusiformNorm,-13.200822250943133,False
662,ABETA,-203.9173203325541,False
662,TAU,-42.470350203466595,False
662,WholeBrainNorm,60.78794996436412,False
662,PTAU,-188.8164077394582,False
662,MMSE,-19.54041646080637,False
662,HippocampusNorm,50.791997154324925,False
662,RAVLT_immediate,89.02408729463458,False
662,EntorhinalNorm,334.1272645325877,False
662,MidTempNorm,-56.40809416370513,False
663,VentricleNorm,-111.03412173428785,True
663,ADAS13,-191.99736730581924,True
663,FusiformNorm,47.17834053450646,True
663,ABETA,-318.06945467195374,True
663,TAU,-70.80946599873036,True
663,WholeBrainNorm,44.67622018297109,True
663,PTAU,-112.27860254906719,True
663,MMSE,4.080395778416307,True
663,HippocampusNorm,60.45842517511116,True
663,RAVLT_immediate,124.51939929240642,True
663,EntorhinalNorm,102.44723308671189,True
663,MidTempNorm,-107.31712868013142,True
664,VentricleNorm,-45.92960723389989,True
664,ADAS13,-232.39578547892845,True
664,FusiformNorm,-6.17806890451358,True
664,ABETA,-89.23654674310552,True
664,TAU,-124.27706540830656,True
664,WholeBrainNorm,139.10076777145667,True
664,PTAU,156.34266019261486,True
664,MMSE,-64.00413959026112,True
664,HippocampusNorm,55.83663515444849,True
664,RAVLT_immediate,132.63859617183525,True
664,EntorhinalNorm,506.8196126782599,True
664,MidTempNorm,38.51858471116064,True
665,VentricleNorm,111.17052128604332,True
665,ADAS13,-268.0028785467547,True
665,FusiformNorm,209.8137897389919,True
665,ABETA,-400.55364508462776,True
665,TAU,-96.07650894623532,True
665,WholeBrainNorm,2.537658234151202,True
665,PTAU,539.439002128975,True
665,MMSE,-25.87346973106107,True
665,HippocampusNorm,67.35376423376835,True
665,RAVLT_immediate,124.85072902660121,True
665,EntorhinalNorm,643.9642553456949,True
665,MidTempNorm,-158.4595959415193,True
666,VentricleNorm,-150.65984442958907,True
666,ADAS13,-213.11336031447527,True
666,FusiformNorm,134.25328779620895,True
666,ABETA,-222.53969013625866,True
666,TAU,-33.70978067013839,True
666,WholeBrainNorm,175.10425734830454,True
666,PTAU,-325.60996446678416,True
666,MMSE,30.229988829375937,True
666,HippocampusNorm,130.66685271104538,True
666,RAVLT_immediate,517.4246168962364,True
666,EntorhinalNorm,659.7917901920866,True
666,MidTempNorm,134.9225817373947,True
667,VentricleNorm,-107.14723415151215,True
667,ADAS13,-211.51816143954636,True
667,FusiformNorm,188.1853155248833,True
667,ABETA,-223.39517553782255,True
667,TAU,-29.370632532133392,True
667,WholeBrainNorm,116.1048189541822,True
667,PTAU,185.28707164141812,True
667,MMSE,23.451827590694897,True
667,HippocampusNorm,158.24666775805957,True
667,RAVLT_immediate,831.9114094169614,True
667,EntorhinalNorm,492.08176988107635,True
667,MidTempNorm,-300.5493472929711,True
668,VentricleNorm,-115.5000714873585,True
668,ADAS13,-192.81070578457866,True
668,FusiformNorm,114.510351376524,True
668,ABETA,-319.6731756175464,True
668,TAU,-65.08473176489454,True
668,WholeBrainNorm,175.40801042665186,True
668,PTAU,30.898090263624933,True
668,MMSE,-3.529449497296259,True
668,HippocampusNorm,-152.7916270086527,True
668,RAVLT_immediate,220.80331255462764,True
668,EntorhinalNorm,668.5230158734549,True
668,MidTempNorm,-123.09101686979105,True
669,VentricleNorm,-69.99128517983746,True
669,ADAS13,-227.9512029762592,True
669,FusiformNorm,-141.50763940431733,True
669,ABETA,-474.94960083387605,True
669,TAU,-144.51922570389095,True
669,WholeBrainNorm,135.31884716088774,True
669,PTAU,-588.862317690058,True
669,MMSE,-54.01633448944863,True
669,HippocampusNorm,60.60312954614457,True
669,RAVLT_immediate,56.67003038335899,True
669,EntorhinalNorm,470.4840947499407,True
669,MidTempNorm,-49.258287630094195,True
670,VentricleNorm,-178.09106005689347,False
670,ADAS13,-314.36713332451563,False
670,FusiformNorm,156.82941106285477,False
670,ABETA,-479.79443395457565,False
670,TAU,5.584359184873805,False
670,WholeBrainNorm,177.81531721866844,False
670,PTAU,-337.90904661084846,False
670,MMSE,-39.6121165116259,False
670,HippocampusNorm,60.427238151453835,False
670,RAVLT_immediate,173.3642839837394,False
670,EntorhinalNorm,601.7006394518587,False
670,MidTempNorm,-28.468711374964123,False
671,VentricleNorm,-159.01074327847752,True
671,ADAS13,-173.1872482370812,True
671,FusiformNorm,-9.496403167155094,True
671,ABETA,-110.96300814860476,True
671,TAU,-4.807766770245236,True
671,WholeBrainNorm,200.65638430311606,True
671,PTAU,-464.93416213090103,True
671,MMSE,-58.96475328484415,True
671,HippocampusNorm,45.636081986018695,True
671,RAVLT_immediate,91.38809728960351,True
671,EntorhinalNorm,635.9345425757147,True
671,MidTempNorm,-164.48321818357755,True
672,VentricleNorm,-281.20006330308763,True
672,ADAS13,-309.69311470953056,True
672,FusiformNorm,95.60469863866427,True
672,ABETA,-396.5181736433769,True
672,TAU,-110.7902374727666,True
672,WholeBrainNorm,205.28398689196325,True
672,PTAU,217.54144569407444,True
672,MMSE,-46.08502963098016,True
672,HippocampusNorm,51.61564706678179,True
672,RAVLT_immediate,110.25426027236212,True
672,EntorhinalNorm,558.8716552554337,True
672,MidTempNorm,-13.78868327592459,True
673,VentricleNorm,-148.90370443572627,True
673,ADAS13,-230.60912984471864,True
673,FusiformNorm,204.0835276755688,True
673,ABETA,-129.16006241396533,True
673,TAU,-20.172342123292367,True
673,WholeBrainNorm,161.20115624085406,True
673,PTAU,-185.92133014884223,True
673,MMSE,42.53934968990265,True
673,HippocampusNorm,55.321751461324176,True
673,RAVLT_immediate,85.84880295176416,True
673,EntorhinalNorm,645.661959731284,True
673,MidTempNorm,-192.3100234257318,True
674,VentricleNorm,146.60741164013876,True
674,ADAS13,-220.49357011292662,True
674,FusiformNorm,74.88735126584322,True
674,ABETA,-65.87801347641454,True
674,TAU,27.52165199295591,True
674,WholeBrainNorm,67.82177262538085,True
674,PTAU,-213.63232626529296,True
674,MMSE,-61.44465115825239,True
674,HippocampusNorm,57.01618046611471,True
674,RAVLT_immediate,169.34607504122704,True
674,EntorhinalNorm,502.51416776883974,True
674,MidTempNorm,-140.32904694052507,True
675,VentricleNorm,69.16147160648713,True
675,ADAS13,-375.28533030336627,True
675,FusiformNorm,-211.3591710675614,True
675,ABETA,-718.3268369091059,True
675,TAU,-115.30404100211418,True
675,WholeBrainNorm,33.20601821565837,True
675,PTAU,-85.71910579166575,True
675,MMSE,-27.55436405555227,True
675,HippocampusNorm,47.88966845520409,True
675,RAVLT_immediate,159.55032699241295,True
675,EntorhinalNorm,414.40723521012626,True
675,MidTempNorm,-96.85845772127702,True
676,VentricleNorm,-44.15275380638705,True
676,ADAS13,-264.0344344091364,True
676,FusiformNorm,-64.57794175030239,True
676,ABETA,-588.9435247568085,True
676,TAU,-55.71696674462974,True
676,WholeBrainNorm,106.35234788888934,True
676,PTAU,378.92275772316566,True
676,MMSE,64.60635596512199,True
676,HippocampusNorm,2.2826923840305504,True
676,RAVLT_immediate,183.97129722303407,True
676,EntorhinalNorm,624.6977171362671,True
676,MidTempNorm,-10.036718360096373,True
677,VentricleNorm,-114.19740189962457,True
677,ADAS13,-118.17362565727174,True
677,FusiformNorm,84.2712883835147,True
677,ABETA,-113.62804839652296,True
677,TAU,-101.80435100705223,True
677,WholeBrainNorm,-12.683038552482685,True
677,PTAU,-513.8922875703902,True
677,MMSE,-24.693275368389813,True
677,HippocampusNorm,58.3534559286528,True
677,RAVLT_immediate,114.28454046588759,True
677,EntorhinalNorm,127.7142577775665,True
677,MidTempNorm,20.61501837128168,True
678,VentricleNorm,-233.30454295134535,True
678,ADAS13,-180.50716555145334,True
678,FusiformNorm,-174.46681484020408,True
678,ABETA,-782.1111750511379,True
678,TAU,-31.64948692565997,True
678,WholeBrainNorm,78.56050071961202,True
678,PTAU,-330.36825209761145,True
678,MMSE,-56.6172930727283,True
678,HippocampusNorm,56.07532389662348,True
678,RAVLT_immediate,175.18417517434924,True
678,EntorhinalNorm,651.7963647381612,True
678,MidTempNorm,-67.06982243015935,True
679,VentricleNorm,-140.21226631682734,True
679,ADAS13,-257.8153322724788,True
679,FusiformNorm,28.413517921005198,True
679,ABETA,-595.3683811429923,True
679,TAU,-181.6493903272268,True
679,WholeBrainNorm,28.37613101617464,True
679,PTAU,84.85032087463767,True
679,MMSE,39.778198266285415,True
679,HippocampusNorm,30.104680098627444,True
679,RAVLT_immediate,137.7642370355982,True
679,EntorhinalNorm,727.5327641000848,True
679,MidTempNorm,-77.06846719295416,True
680,VentricleNorm,353.90837675021976,False
680,ADAS13,-321.4936401402012,False
680,FusiformNorm,-294.32115403787714,False
680,ABETA,-130.60269952440126,False
680,TAU,-14.321356173118009,False
680,WholeBrainNorm,36.30532906353929,False
680,PTAU,-317.20106580931855,False
680,MMSE,-82.42227660283481,False
680,HippocampusNorm,51.62825972540363,False
680,RAVLT_immediate,95.29121497568042,False
680,EntorhinalNorm,389.8878038459189,False
680,MidTempNorm,-9.213465688626641,False
681,VentricleNorm,-72.07887657190415,True
681,ADAS13,-208.892542749303,True
681,FusiformNorm,116.96631342430274,True
681,ABETA,-723.9595215595843,True
681,TAU,-37.32882037759662,True
681,WholeBrainNorm,173.2459986004609,True
681,PTAU,297.2718748545676,True
681,MMSE,57.347105419894135,True
681,HippocampusNorm,63.94265084590204,True
681,RAVLT_immediate,70.79498381712105,True
681,EntorhinalNorm,550.1447406357325,True
681,MidTempNorm,-54.71353967634091,True
682,VentricleNorm,-16.25469370950792,True
682,ADAS13,-228.0155889772195,True
682,FusiformNorm,112.85043017556609,True
682,ABETA,-191.9412368937924,True
682,TAU,-67.96827178288008,True
682,WholeBrainNorm,-161.8203592835344,True
682,PTAU,-461.77569772223853,True
682,MMSE,64.85536220650705,True
682,HippocampusNorm,-56.697371155280706,True
682,RAVLT_immediate,173.2037977479139,True
682,EntorhinalNorm,647.0663038887668,True
682,MidTempNorm,21.321539346569224,True
683,VentricleNorm,35.35226148717966,True
683,ADAS13,-258.9261600023968,True
683,FusiformNorm,48.770448042292244,True
683,ABETA,-109.98492666288473,True
683,TAU,-199.38609614096563,True
683,WholeBrainNorm,10.684206999613401,True
683,PTAU,248.80707405477824,True
683,MMSE,27.921382081573686,True
683,HippocampusNorm,59.715850796670914,True
683,RAVLT_immediate,188.54908039930936,True
683,EntorhinalNorm,488.71883127354187,True
683,MidTempNorm,-112.48343939748361,True
684,VentricleNorm,-155.54582388439997,True
684,ADAS13,-167.3485696752164,True
684,FusiformNorm,100.79376803809008,True
684,ABETA,-940.1229840141605,True
684,TAU,-92.33337750349902,True
684,WholeBrainNorm,-152.5950540866138,True
684,PTAU,-157.84926315352797,True
684,MMSE,-4.992921585934859,True
684,HippocampusNorm,50.80309385544538,True
684,RAVLT_immediate,84.01867031360163,True
684,EntorhinalNorm,371.4913458339237,True
684,MidTempNorm,-42.00288853066934,True
685,VentricleNorm,21.626824166057972,False
685,ADAS13,-326.2866453066935,False
685,FusiformNorm,-131.7582250300369,False
685,ABETA,-166.85898417750846,False
685,TAU,16.161101645196077,False
685,WholeBrainNorm,214.36406069820396,False
685,PTAU,-632.2668864642485,False
685,MMSE,-51.841120942185256,False
685,HippocampusNorm,60.41275201273816,False
685,RAVLT_immediate,154.80865975836286,False
685,EntorhinalNorm,484.93956638064543,False
685,MidTempNorm,-72.87462087668165,False
686,VentricleNorm,223.6005733699629,False
686,ADAS13,-259.7812967736356,False
686,FusiformNorm,-108.09814511210284,False
686,ABETA,-596.1045141629013,False
686,TAU,-11.490935594874685,False
686,WholeBrainNorm,25.550606256525697,False
686,PTAU,-327.70204706569115,False
686,MMSE,-55.46674491026973,False
686,HippocampusNorm,44.73065406753829,False
686,RAVLT_immediate,75.27300474427352,False
686,EntorhinalNorm,598.1105011078054,False
686,MidTempNorm,-14.855459323608322,False
687,VentricleNorm,-43.21912983076428,True
687,ADAS13,-192.93226875004552,True
687,FusiformNorm,321.93894232509933,True
687,ABETA,-381.5873053245544,True
687,TAU,-206.28054292302414,True
687,WholeBrainNorm,84.24833597958997,True
687,PTAU,-247.5678153735103,True
687,MMSE,-18.557244808963507,True
687,HippocampusNorm,52.65067791461586,True
687,RAVLT_immediate,97.28709415836464,True
687,EntorhinalNorm,276.7945012574846,True
687,MidTempNorm,-91.11116559747151,True
688,VentricleNorm,-44.63087758752173,True
688,ADAS13,-141.9551975165051,True
688,FusiformNorm,114.28660290046575,True
688,ABETA,-544.7179757255403,True
688,TAU,-46.92931297449261,True
688,WholeBrainNorm,70.28340480729675,True
688,PTAU,-351.3115937498702,True
688,MMSE,52.51541813401619,True
688,HippocampusNorm,51.145335198943954,True
688,RAVLT_immediate,-0.42530807776284973,True
688,EntorhinalNorm,543.8138797504049,True
688,MidTempNorm,-24.099694753732592,True
689,VentricleNorm,76.69235405566457,False
689,ADAS13,-279.04503556046444,False
689,FusiformNorm,-71.03558976436186,False
689,ABETA,-52.346490157233276,False
689,TAU,32.11299208786451,False
689,WholeBrainNorm,123.34501634522438,False
689,PTAU,-325.42249727972455,False
689,MMSE,-88.05185341103946,False
689,HippocampusNorm,60.79854331571851,False
689,RAVLT_immediate,221.95648748810444,False
689,EntorhinalNorm,711.5058917810934,False
689,MidTempNorm,92.60751036723349,False
690,VentricleNorm,99.88064764686683,False
690,ADAS13,-247.93803901684376,False
690,FusiformNorm,47.67384713544405,False
690,ABETA,-531.1046033301086,False
690,TAU,5.47441383695114,False
690,WholeBrainNorm,306.8889833261295,False
690,PTAU,-462.59230466864506,False
690,MMSE,-53.28903511235094,False
690,HippocampusNorm,48.99629180345219,False
690,RAVLT_immediate,35.973206439233905,False
690,EntorhinalNorm,775.0530189487622,False
690,MidTempNorm,61.11029441981677,False
691,VentricleNorm,-69.37788647544083,False
691,ADAS13,-360.9496747579625,False
691,FusiformNorm,77.21302607600524,False
691,ABETA,428.08632811714944,False
691,TAU,6.186739382388623,False
691,WholeBrainNorm,-74.00414840067562,False
691,PTAU,-112.33269767298276,False
691,MMSE,-69.63483720504216,False
691,HippocampusNorm,45.19885017736032,False
691,RAVLT_immediate,117.24948646903329,False
691,EntorhinalNorm,478.26676301647694,False
691,MidTempNorm,48.699501541429,False
692,VentricleNorm,-41.38203159774002,True
692,ADAS13,-228.92610977170338,True
692,FusiformNorm,78.61869698574469,True
692,ABETA,-493.0145518267632,True
692,TAU,21.178036684450646,True
692,WholeBrainNorm,105.05724540055567,True
692,PTAU,253.72005120381417,True
692,MMSE,11.51455230952553,True
692,HippocampusNorm,-45.33665048238363,True
692,RAVLT_immediate,705.4153166568342,True
692,EntorhinalNorm,109.43871718180817,True
692,MidTempNorm,-70.2735438286855,True
693,VentricleNorm,-250.03704195245626,True
693,ADAS13,-152.62038959637727,True
693,FusiformNorm,163.97515869245876,True
693,ABETA,-425.66690142777094,True
693,TAU,1.6625564876784238,True
693,WholeBrainNorm,190.49359441024043,True
693,PTAU,-118.02864621483565,True
693,MMSE,-33.71709757361912,True
693,HippocampusNorm,59.90724708625374,True
693,RAVLT_immediate,222.13511986476072,True
693,EntorhinalNorm,331.5263907542684,True
693,MidTempNorm,-110.32777416402425,True
694,VentricleNorm,194.92637801796496,False
694,ADAS13,-310.05965823002515,False
694,FusiformNorm,-125.10552898466675,False
694,ABETA,-452.9907793487772,False
694,TAU,-15.789751208572131,False
694,WholeBrainNorm,254.20759790984783,False
694,PTAU,-10.166102237609863,False
694,MMSE,-4.229736396913786,False
694,HippocampusNorm,56.72953763949567,False
694,RAVLT_immediate,71.8382713649321,False
694,EntorhinalNorm,175.03349491621861,False
694,MidTempNorm,-45.162784223565055,False
695,VentricleNorm,131.5701306170296,False
695,ADAS13,-301.93874397875356,False
695,FusiformNorm,8.191844374818436,False
695,ABETA,-388.22283804877725,False
695,TAU,-6.879313665032379,False
695,WholeBrainNorm,16.493159253946615,False
695,PTAU,-410.3096556391145,False
695,MMSE,-48.723784657608846,False
695,HippocampusNorm,47.80664502389339,False
695,RAVLT_immediate,88.11321244615559,False
695,EntorhinalNorm,627.1069066565078,False
695,MidTempNorm,-121.49011837183181,False
696,VentricleNorm,-20.79422610860628,True
696,ADAS13,-182.92873746954453,True
696,FusiformNorm,-120.19055078873058,True
696,ABETA,-866.7809969141999,True
696,TAU,8.87385640856499,True
696,WholeBrainNorm,74.77083515699566,True
696,PTAU,61.00060070448535,True
696,MMSE,-45.38368908404642,True
696,HippocampusNorm,55.44842651278211,True
696,RAVLT_immediate,175.01372622345326,True
696,EntorhinalNorm,233.328723390898,True
696,MidTempNorm,81.70433061244222,True
697,VentricleNorm,47.118806213859386,True
697,ADAS13,-222.72702648655752,True
697,FusiformNorm,112.94384487725918,True
697,ABETA,-503.028883366926,True
697,TAU,-35.79882839613173,True
697,WholeBrainNorm,205.12321419023334,True
697,PTAU,-233.2480112497069,True
697,MMSE,-31.404793573210075,True
697,HippocampusNorm,45.21887811940143,True
697,RAVLT_immediate,119.20485431704931,True
697,EntorhinalNorm,169.95902541936232,True
697,MidTempNorm,35.48934439652635,True
698,VentricleNorm,-70.94218812369813,True
698,ADAS13,-303.55858896235577,True
698,FusiformNorm,270.5583021445225,True
698,ABETA,-114.48546525808996,True
698,TAU,-116.8483344024784,True
698,WholeBrainNorm,69.92822691780133,True
698,PTAU,425.14187162983256,True
698,MMSE,43.47346903765835,True
698,HippocampusNorm,47.17512375202777,True
698,RAVLT_immediate,165.96625451430455,True
698,EntorhinalNorm,304.4141549402075,True
698,MidTempNorm,-80.94801382172471,True
699,VentricleNorm,-5.583320390995084,True
699,ADAS13,-161.99731088721273,True
699,FusiformNorm,0.28517353629955977,True
699,ABETA,-156.75687755340581,True
699,TAU,-132.65379327018846,True
699,WholeBrainNorm,84.16450926599765,True
699,PTAU,233.49593216769227,True
699,MMSE,53.44510499871731,True
699,HippocampusNorm,-258.32025940962967,True
699,RAVLT_immediate,894.1511254853721,True
699,EntorhinalNorm,445.69430457990364,True
699,MidTempNorm,-7.763183937991833,True
700,VentricleNorm,-201.86373934313664,True
700,ADAS13,-224.95344377811284,True
700,FusiformNorm,33.204747303581435,True
700,ABETA,-914.9276354218587,True
700,TAU,-88.74019533513399,True
700,WholeBrainNorm,-131.7048854109275,True
700,PTAU,241.42347786471655,True
700,MMSE,-40.9146799355824,True
700,HippocampusNorm,47.98423372373335,True
700,RAVLT_immediate,139.58407860420576,True
700,EntorhinalNorm,303.94701415912493,True
700,MidTempNorm,-211.7197307457444,True
701,VentricleNorm,-129.98411548048495,True
701,ADAS13,-275.6848217454661,True
701,FusiformNorm,232.00510724836133,True
701,ABETA,-392.22287047293054,True
701,TAU,-108.75914389265569,True
701,WholeBrainNorm,-95.19871202533265,True
701,PTAU,110.43827490305131,True
701,MMSE,12.783916565911277,True
701,HippocampusNorm,-0.35284197634796755,True
701,RAVLT_immediate,951.789335894808,True
701,EntorhinalNorm,321.31127578824487,True
701,MidTempNorm,-232.2936565128049,True
702,VentricleNorm,-292.2046523219808,True
702,ADAS13,-219.5881654232506,True
702,FusiformNorm,-63.193667444727666,True
702,ABETA,-389.76500953381776,True
702,TAU,-70.85997113840821,True
702,WholeBrainNorm,222.25910779094556,True
702,PTAU,-438.4358474800161,True
702,MMSE,29.667410693460972,True
702,HippocampusNorm,45.83066061692744,True
702,RAVLT_immediate,387.0360266077111,True
702,EntorhinalNorm,499.72118915770886,True
702,MidTempNorm,-16.52755135836763,True
703,VentricleNorm,133.17316749509735,True
703,ADAS13,-206.2096343930446,True
703,FusiformNorm,76.74417777913447,True
703,ABETA,-294.2892715697619,True
703,TAU,-141.26014346147733,True
703,WholeBrainNorm,268.57483162747434,True
703,PTAU,-483.9395921273441,True
703,MMSE,51.41067442049853,True
703,HippocampusNorm,-26.277232497466095,True
703,RAVLT_immediate,1123.155697251992,True
703,EntorhinalNorm,477.9765926323115,True
703,MidTempNorm,20.047411405134184,True
704,VentricleNorm,-60.423437637992365,True
704,ADAS13,-272.2033299456026,True
704,FusiformNorm,43.21734790921255,True
704,ABETA,-467.9962168245986,True
704,TAU,-103.60523696763076,True
704,WholeBrainNorm,-110.10081527503591,True
704,PTAU,197.47570387817987,True
704,MMSE,19.035387164848622,True
704,HippocampusNorm,104.2038781177747,True
704,RAVLT_immediate,515.4518020139546,True
704,EntorhinalNorm,819.4223973700127,True
704,MidTempNorm,-141.2645181267406,True
705,VentricleNorm,-427.1848717057278,True
705,ADAS13,-301.5271848007764,True
705,FusiformNorm,-102.68069710886599,True
705,ABETA,-714.3662582152929,True
705,TAU,-110.22373053439155,True
705,WholeBrainNorm,207.20590961465757,True
705,PTAU,25.015117811635463,True
705,MMSE,46.42225820314644,True
705,HippocampusNorm,60.71400995813708,True
705,RAVLT_immediate,802.6465878744473,True
705,EntorhinalNorm,-95.74541932840441,True
705,MidTempNorm,-109.06749331542025,True
706,VentricleNorm,-10.549321667140518,True
706,ADAS13,-252.22819301008386,True
706,FusiformNorm,38.84938640406175,True
706,ABETA,-672.6867954138847,True
706,TAU,6.865278060029951,True
706,WholeBrainNorm,278.0145606662102,True
706,PTAU,-60.03944619759364,True
706,MMSE,0.7756129691974323,True
706,HippocampusNorm,-36.91430765188218,True
706,RAVLT_immediate,1380.1013680868632,True
706,EntorhinalNorm,313.04617239334425,True
706,MidTempNorm,-66.15153194850754,True
707,VentricleNorm,83.34698681381796,True
707,ADAS13,-279.3467054690584,True
707,FusiformNorm,74.76677192309847,True
707,ABETA,-70.2329494275458,True
707,TAU,-89.89271037765515,True
707,WholeBrainNorm,-6.188422090765002,True
707,PTAU,109.6308970377251,True
707,MMSE,37.172787250740754,True
707,HippocampusNorm,52.57433796850127,True
707,RAVLT_immediate,127.3802783030284,True
707,EntorhinalNorm,571.4866405586301,True
707,MidTempNorm,-138.30901418378556,True
708,VentricleNorm,204.88977689537998,False
708,ADAS13,-324.51832729376247,False
708,FusiformNorm,-199.7336823692953,False
708,ABETA,102.37303587149319,False
708,TAU,9.788835872712017,False
708,WholeBrainNorm,34.30624624422855,False
708,PTAU,-256.84667693824,False
708,MMSE,-12.368836003978721,False
708,HippocampusNorm,51.22714421832333,False
708,RAVLT_immediate,126.22313076355594,False
708,EntorhinalNorm,320.72203455576323,False
708,MidTempNorm,-13.882484074122509,False
709,VentricleNorm,-49.86936265428001,True
709,ADAS13,-443.3391596767964,True
709,FusiformNorm,113.35328353010726,True
709,ABETA,-412.47025354194136,True
709,TAU,15.77769751721308,True
709,WholeBrainNorm,-13.281730350191722,True
709,PTAU,-377.97122932258515,True
709,MMSE,-39.68612853442177,True
709,HippocampusNorm,45.06537040165793,True
709,RAVLT_immediate,60.66260643011445,True
709,EntorhinalNorm,727.23469628268,True
709,MidTempNorm,-25.113979659945834,True
710,VentricleNorm,49.97392124482616,True
710,ADAS13,-99.38178291602964,True
710,FusiformNorm,61.16951162392308,True
710,ABETA,-439.2367973386423,True
710,TAU,-13.649368329175314,True
710,WholeBrainNorm,-18.00697976664749,True
710,PTAU,-466.83780637315135,True
710,MMSE,2.228274809934433,True
710,HippocampusNorm,56.804834040968714,True
710,RAVLT_immediate,27.004730146087482,True
710,EntorhinalNorm,687.4854326769046,True
710,MidTempNorm,-0.19792653842182517,True
711,VentricleNorm,441.50432571467286,False
711,ADAS13,-250.32034521699478,False
711,FusiformNorm,-6.61765959897896,False
711,ABETA,-201.73511706911327,False
711,TAU,17.849694412152807,False
711,WholeBrainNorm,105.09584337259054,False
711,PTAU,-313.00190643255746,False
711,MMSE,-69.17666878356633,False
711,HippocampusNorm,52.96405150308222,False
711,RAVLT_immediate,79.95313796418739,False
711,EntorhinalNorm,474.07614679275605,False
711,MidTempNorm,-139.29108412647986,False
712,VentricleNorm,-211.4975321743284,False
712,ADAS13,-231.38929380710147,False
712,FusiformNorm,105.42292957328527,False
712,ABETA,-577.6245110371359,False
712,TAU,-3.410462443680311,False
712,WholeBrainNorm,-85.01098280278994,False
712,PTAU,-120.0611650597028,False
712,MMSE,-48.78897715402094,False
712,HippocampusNorm,48.34146337883858,False
712,RAVLT_immediate,113.54587815715361,False
712,EntorhinalNorm,916.1184022751106,False
712,MidTempNorm,5.022971375314384,False
713,VentricleNorm,-265.10169961132726,True
713,ADAS13,-289.4473705770098,True
713,FusiformNorm,-41.402413592111884,True
713,ABETA,386.4037927130981,True
713,TAU,-36.221375521351526,True
713,WholeBrainNorm,2.4184924466933566,True
713,PTAU,-323.4349831623607,True
713,MMSE,-33.48860847333051,True
713,HippocampusNorm,53.20221173443697,True
713,RAVLT_immediate,188.06861833151453,True
713,EntorhinalNorm,388.8531946648594,True
713,MidTempNorm,-0.9026852560178042,True
714,VentricleNorm,97.46925661889084,True
714,ADAS13,-247.4480897751707,True
714,FusiformNorm,156.5330574407992,True
714,ABETA,-690.3662160587121,True
714,TAU,-41.51428326295207,True
714,WholeBrainNorm,227.3050029153942,True
714,PTAU,294.8201977397635,True
714,MMSE,8.675243479648103,True
714,HippocampusNorm,171.03630705356528,True
714,RAVLT_immediate,144.33484469017213,True
714,EntorhinalNorm,374.6282180842146,True
714,MidTempNorm,-156.79037507219726,True
715,VentricleNorm,-75.60233717542252,True
715,ADAS13,-217.4289180946874,True
715,FusiformNorm,67.0105462957253,True
715,ABETA,-296.36761333615914,True
715,TAU,-35.95230184025923,True
715,WholeBrainNorm,137.06181822772243,True
715,PTAU,-151.96670196515697,True
715,MMSE,-59.41522412209624,True
715,HippocampusNorm,60.75079429326992,True
715,RAVLT_immediate,210.26817715671103,True
715,EntorhinalNorm,286.5131313709354,True
715,MidTempNorm,70.66540555457593,True
716,VentricleNorm,-190.08872700448336,True
716,ADAS13,-235.4362638635324,True
716,FusiformNorm,269.3742912921515,True
716,ABETA,-423.8495883597656,True
716,TAU,-73.87890145467254,True
716,WholeBrainNorm,208.41257158169986,True
716,PTAU,66.9832018723929,True
716,MMSE,-30.895058036141407,True
716,HippocampusNorm,46.10921771463793,True
716,RAVLT_immediate,124.16218124932438,True
716,EntorhinalNorm,816.7860656305168,True
716,MidTempNorm,-36.50611078656609,True
717,VentricleNorm,-49.46573092724699,True
717,ADAS13,-294.7555916563316,True
717,FusiformNorm,-113.62226511147765,True
717,ABETA,-513.1058154780217,True
717,TAU,-19.924649979912694,True
717,WholeBrainNorm,41.09826533317175,True
717,PTAU,-589.4997100156312,True
717,MMSE,-72.47723601013561,True
717,HippocampusNorm,55.22226966293302,True
717,RAVLT_immediate,173.10779228281268,True
717,EntorhinalNorm,626.9643231460293,True
717,MidTempNorm,-141.05056504002226,True
718,VentricleNorm,-138.16624200113142,True
718,ADAS13,-175.5139919841438,True
718,FusiformNorm,145.56492710643678,True
718,ABETA,-588.9041694747935,True
718,TAU,-129.58226189341045,True
718,WholeBrainNorm,262.7346608267245,True
718,PTAU,-72.5328317983244,True
718,MMSE,-50.65225809305648,True
718,HippocampusNorm,57.07870424583708,True
718,RAVLT_immediate,113.37478514842547,True
718,EntorhinalNorm,465.77324394298665,True
718,MidTempNorm,-63.87823494768102,True
719,VentricleNorm,-147.2331400136793,True
719,ADAS13,-197.72384640679473,True
719,FusiformNorm,135.02536616037247,True
719,ABETA,-485.4870827889006,True
719,TAU,-88.78115888902525,True
719,WholeBrainNorm,277.5433814999322,True
719,PTAU,-300.9697986078095,True
719,MMSE,26.943773579658902,True
719,HippocampusNorm,92.43000383975632,True
719,RAVLT_immediate,601.1107495438674,True
719,EntorhinalNorm,634.540712458163,True
719,MidTempNorm,-21.21110733069311,True
720,VentricleNorm,198.9681295174422,False
720,ADAS13,-257.28303331645253,False
720,FusiformNorm,-102.05979238905016,False
720,ABETA,98.57422382217678,False
720,TAU,31.438149245114058,False
720,WholeBrainNorm,-4.379993864542158,False
720,PTAU,-381.5836415427975,False
720,MMSE,-72.37782414948074,False
720,HippocampusNorm,46.14076737968264,False
720,RAVLT_immediate,244.25108252030572,False
720,EntorhinalNorm,756.351395221168,False
720,MidTempNorm,-83.6939815361668,False
721,VentricleNorm,2.3148742907289375,False
721,ADAS13,-289.5435564710821,False
721,FusiformNorm,390.33162279857737,False
721,ABETA,-103.5804163604106,False
721,TAU,-12.313206807166672,False
721,WholeBrainNorm,144.54826573244884,False
721,PTAU,-365.213841849142,False
721,MMSE,-48.44170794439329,False
721,HippocampusNorm,54.59013246388834,False
721,RAVLT_immediate,155.78989829805684,False
721,EntorhinalNorm,469.42979458202524,False
721,MidTempNorm,3.8905198160911283,False
722,VentricleNorm,96.82912337678489,True
722,ADAS13,-164.6220571274606,True
722,FusiformNorm,121.16763049760102,True
722,ABETA,-157.47667223885588,True
722,TAU,25.36095658086119,True
722,WholeBrainNorm,16.489313504883995,True
722,PTAU,-141.09880181032207,True
722,MMSE,-30.751001937507446,True
722,HippocampusNorm,59.37689041876162,True
722,RAVLT_immediate,191.9258105187252,True
722,EntorhinalNorm,571.6741554966333,True
722,MidTempNorm,-114.27396963955238,True
723,VentricleNorm,0.5803800849976426,True
723,ADAS13,-319.73053496209974,True
723,FusiformNorm,154.39398944163509,True
723,ABETA,-551.6203423850494,True
723,TAU,-90.28632455206919,True
723,WholeBrainNorm,219.89676549138807,True
723,PTAU,-72.87233988116424,True
723,MMSE,32.29577092974631,True
723,HippocampusNorm,-85.17483049365465,True
723,RAVLT_immediate,625.5457854948721,True
723,EntorhinalNorm,443.89673717558975,True
723,MidTempNorm,-119.65084598295311,True
724,VentricleNorm,-56.299344537365,True
724,ADAS13,-246.74394705691796,True
724,FusiformNorm,173.70003601795707,True
724,ABETA,-166.8994539886794,True
724,TAU,-97.30237334007234,True
724,WholeBrainNorm,-101.70772009653,True
724,PTAU,108.99502575040101,True
724,MMSE,-40.73726857138003,True
724,HippocampusNorm,57.058132397434704,True
724,RAVLT_immediate,111.88092569376762,True
724,EntorhinalNorm,-26.892039761578133,True
724,MidTempNorm,22.43022291323875,True
725,VentricleNorm,-31.536359064788584,False
725,ADAS13,-267.52818510097904,False
725,FusiformNorm,24.744727018227955,False
725,ABETA,-57.178172618761195,False
725,TAU,9.684933929668276,False
725,WholeBrainNorm,-22.68436047320911,False
725,PTAU,-148.71498381053556,False
725,MMSE,-40.32781911207039,False
725,HippocampusNorm,58.153662430929785,False
725,RAVLT_immediate,35.953677512876794,False
725,EntorhinalNorm,588.5608385920888,False
725,MidTempNorm,8.616882116667625,False
