participant,biomarker,measurement,diseased
0,FusiformNorm,-56.554983107823745,False
0,RAVLT_immediate,-157.58272829738502,False
0,MMSE,-245.10837569250296,False
0,TAU,34.03184246365561,False
0,ADAS13,-539.007917371015,False
0,WholeBrainNorm,-229.10535982014093,False
0,PTAU,-22.00646839550256,False
0,HippocampusNorm,70.59142024761901,False
0,ABETA,-300.60752042702677,False
0,EntorhinalNorm,-380.00140343999357,False
0,MidTempNorm,332.66593181838283,False
0,VentricleNorm,12.424079143353193,False
1,FusiformNorm,-172.7452462180704,True
1,RAVLT_immediate,121.76819065468628,True
1,MMSE,-187.84017535629042,True
1,TAU,150.09633751570948,True
1,ADAS13,-549.8264384075462,True
1,WholeBrainNorm,-281.8802023805972,True
1,PTAU,-57.34279159865881,True
1,HippocampusNorm,-46.68900881873103,True
1,ABETA,-259.4529059554025,True
1,EntorhinalNorm,-88.39851444956838,True
1,MidTempNorm,594.7705307485318,True
1,VentricleNorm,-167.28454108170706,True
2,FusiformNorm,9.885998502997152,True
2,RAVLT_immediate,156.08481398494666,True
2,MMSE,-155.79136102471253,True
2,TAU,320.20052458723023,True
2,ADAS13,-454.51546904192736,True
2,WholeBrainNorm,-241.4302116102902,True
2,PTAU,-19.021324999177743,True
2,HippocampusNorm,-52.921614635257114,True
2,ABETA,-207.01191054623126,True
2,EntorhinalNorm,-577.644638310082,True
2,MidTempNorm,575.2310649006739,True
2,VentricleNorm,-88.55238455262337,True
3,FusiformNorm,-62.0035135260816,True
3,RAVLT_immediate,36.774919482686585,True
3,MMSE,-11.982446750866927,True
3,TAU,143.89606685825697,True
3,ADAS13,-549.8066204136538,True
3,WholeBrainNorm,-18.72146990762252,True
3,PTAU,-64.09981961572122,True
3,HippocampusNorm,-29.250927933098307,True
3,ABETA,-253.44574889367107,True
3,EntorhinalNorm,-365.5151058517422,True
3,MidTempNorm,490.2052891679522,True
3,VentricleNorm,48.978305253611424,True
4,FusiformNorm,-139.91732432675508,True
4,RAVLT_immediate,49.942334216855,True
4,MMSE,-169.80179446096258,True
4,TAU,-14.241330040173409,True
4,ADAS13,-537.1804132682228,True
4,WholeBrainNorm,-361.0221639275397,True
4,PTAU,40.58508182400302,True
4,HippocampusNorm,-81.42519142087369,True
4,ABETA,-218.14740011087306,True
4,EntorhinalNorm,-166.3818647508145,True
4,MidTempNorm,545.9617117280811,True
4,VentricleNorm,-145.25364345980609,True
5,FusiformNorm,-91.13881881989025,True
5,RAVLT_immediate,315.29263503996884,True
5,MMSE,-226.31254787442924,True
5,TAU,-80.00038688807871,True
5,ADAS13,-460.4347482114961,True
5,WholeBrainNorm,-148.16013926338067,True
5,PTAU,26.576402189793967,True
5,HippocampusNorm,-63.92493070561265,True
5,ABETA,-198.22970497346904,True
5,EntorhinalNorm,-570.4040824361684,True
5,MidTempNorm,551.3181708150563,True
5,VentricleNorm,23.18420212324156,True
6,FusiformNorm,-470.49141010170626,True
6,RAVLT_immediate,4.322068463392782,True
6,MMSE,-125.47498785993331,True
6,TAU,336.5571749923041,True
6,ADAS13,-556.9422086220256,True
6,WholeBrainNorm,-223.755070919714,True
6,PTAU,27.182210005390036,True
6,HippocampusNorm,40.59988568274426,True
6,ABETA,-274.60716752046534,True
6,EntorhinalNorm,78.48601917884469,True
6,MidTempNorm,317.58502630476465,True
6,VentricleNorm,36.139880271528504,True
7,FusiformNorm,-236.06658115989904,True
7,RAVLT_immediate,-19.438762802093436,True
7,MMSE,-12.55782230901174,True
7,TAU,-418.43790616915294,True
7,ADAS13,-564.7489314319093,True
7,WholeBrainNorm,-25.68082509336091,True
7,PTAU,55.973340357714754,True
7,HippocampusNorm,-127.99871019380247,True
7,ABETA,-194.81183808279624,True
7,EntorhinalNorm,-631.9299648328067,True
7,MidTempNorm,314.9107083875188,True
7,VentricleNorm,127.79301686924984,True
8,FusiformNorm,-210.60539054288625,False
8,RAVLT_immediate,-43.740297514643345,False
8,MMSE,-187.0297406362911,False
8,TAU,485.61131332140314,False
8,ADAS13,-567.3292670513466,False
8,WholeBrainNorm,-321.5690942325191,False
8,PTAU,121.44206371489045,False
8,HippocampusNorm,52.31137554716725,False
8,ABETA,-330.39231681912713,False
8,EntorhinalNorm,-343.42292930309316,False
8,MidTempNorm,248.92705209735317,False
8,VentricleNorm,25.284015998362946,False
9,FusiformNorm,31.60243094903445,True
9,RAVLT_immediate,276.10740801923475,True
9,MMSE,-300.8977122941783,True
9,TAU,5.385445378222926,True
9,ADAS13,-561.2666601750296,True
9,WholeBrainNorm,-204.67845443686053,True
9,PTAU,-121.85587598646772,True
9,HippocampusNorm,-50.44594072384109,True
9,ABETA,-211.75922024259685,True
9,EntorhinalNorm,-447.71531949866437,True
9,MidTempNorm,530.3939345655086,True
9,VentricleNorm,-20.525261595313832,True
10,FusiformNorm,-12.040102213090343,True
10,RAVLT_immediate,658.8913864920023,True
10,MMSE,-170.05293391307112,True
10,TAU,6.9442188245029115,True
10,ADAS13,-423.3240084345073,True
10,WholeBrainNorm,-243.69150734316196,True
10,PTAU,4.3739075864692385,True
10,HippocampusNorm,-70.81696838001682,True
10,ABETA,-197.3209230128903,True
10,EntorhinalNorm,-129.7860380026296,True
10,MidTempNorm,566.5113291039381,True
10,VentricleNorm,106.48569402620689,True
11,FusiformNorm,138.95265309676398,False
11,RAVLT_immediate,4.751634366383712,False
11,MMSE,-260.89158652253803,False
11,TAU,252.80155880122078,False
11,ADAS13,-548.9673900968431,False
11,WholeBrainNorm,-228.433709549804,False
11,PTAU,67.76861176457267,False
11,HippocampusNorm,70.88664186760495,False
11,ABETA,-311.0189170124317,False
11,EntorhinalNorm,-299.6448626561605,False
11,MidTempNorm,174.25192638982745,False
11,VentricleNorm,-31.92901067526678,False
12,FusiformNorm,63.502794749293706,True
12,RAVLT_immediate,200.04586984741263,True
12,MMSE,-308.7744828354309,True
12,TAU,-18.39384920631457,True
12,ADAS13,-554.6216212741763,True
12,WholeBrainNorm,-171.9381411798997,True
12,PTAU,-62.845835351820234,True
12,HippocampusNorm,-83.33997515390985,True
12,ABETA,-242.48238042385165,True
12,EntorhinalNorm,-291.6230773150037,True
12,MidTempNorm,584.1127262275437,True
12,VentricleNorm,94.05614709236978,True
13,FusiformNorm,-46.35577696752483,True
13,RAVLT_immediate,174.87250875033067,True
13,MMSE,-94.48706712070218,True
13,TAU,-106.2354229993665,True
13,ADAS13,-550.4140655458903,True
13,WholeBrainNorm,-470.0530942209339,True
13,PTAU,-13.15742902542344,True
13,HippocampusNorm,59.271139389418586,True
13,ABETA,-261.92438788797585,True
13,EntorhinalNorm,268.4321846540307,True
13,MidTempNorm,335.78375381280614,True
13,VentricleNorm,4.751996455720587,True
14,FusiformNorm,-107.14448389086265,True
14,RAVLT_immediate,182.6032368873545,True
14,MMSE,-175.92731152364618,True
14,TAU,-204.31126547085503,True
14,ADAS13,-562.108512979616,True
14,WholeBrainNorm,-130.48311772000855,True
14,PTAU,-73.03281821876418,True
14,HippocampusNorm,-1.8756854342097569,True
14,ABETA,-174.64910254805514,True
14,EntorhinalNorm,-456.01325788990965,True
14,MidTempNorm,592.6250962241215,True
14,VentricleNorm,-39.83702361529633,True
15,FusiformNorm,-145.0752402406376,False
15,RAVLT_immediate,232.6131997622063,False
15,MMSE,-100.08902364943226,False
15,TAU,-5.05440367722349,False
15,ADAS13,-562.1237764035106,False
15,WholeBrainNorm,-286.9556397650896,False
15,PTAU,45.342100994319125,False
15,HippocampusNorm,51.40872227147936,False
15,ABETA,-238.828235363031,False
15,EntorhinalNorm,-888.6199947598273,False
15,MidTempNorm,363.78600296077855,False
15,VentricleNorm,-11.844099197519935,False
16,FusiformNorm,28.174730102291782,True
16,RAVLT_immediate,644.7011671308202,True
16,MMSE,-94.69734359523368,True
16,TAU,-0.2726284366712548,True
16,ADAS13,-514.7108769670585,True
16,WholeBrainNorm,-236.7922198930409,True
16,PTAU,37.16520658139386,True
16,HippocampusNorm,-1.6228514583773546,True
16,ABETA,-280.39141395565525,True
16,EntorhinalNorm,-514.1340846362874,True
16,MidTempNorm,563.2617966916275,True
16,VentricleNorm,-2.3718907223664374,True
17,FusiformNorm,-41.97873824077487,True
17,RAVLT_immediate,-3.1750183922026167,True
17,MMSE,-116.41400681192147,True
17,TAU,-421.8322457761957,True
17,ADAS13,-428.6489955480714,True
17,WholeBrainNorm,-270.0255233074118,True
17,PTAU,-109.79000295761351,True
17,HippocampusNorm,-61.863906934707295,True
17,ABETA,-221.43843482662575,True
17,EntorhinalNorm,-537.645140263616,True
17,MidTempNorm,534.6280204722134,True
17,VentricleNorm,-80.45664002182812,True
18,FusiformNorm,-479.3456672372702,True
18,RAVLT_immediate,301.0275546277791,True
18,MMSE,-135.87643621355016,True
18,TAU,225.36202929847727,True
18,ADAS13,-556.3413627903204,True
18,WholeBrainNorm,-40.677210972793645,True
18,PTAU,42.05489484563399,True
18,HippocampusNorm,-28.993547776136563,True
18,ABETA,-249.110098902589,True
18,EntorhinalNorm,-729.6403906091405,True
18,MidTempNorm,511.1249298529836,True
18,VentricleNorm,-24.81792438830289,True
19,FusiformNorm,117.91155880900402,True
19,RAVLT_immediate,299.5653615756245,True
19,MMSE,-39.52073297675696,True
19,TAU,239.08480096891597,True
19,ADAS13,-555.6988043776014,True
19,WholeBrainNorm,-332.3221358656209,True
19,PTAU,26.3360911714448,True
19,HippocampusNorm,-39.172734138271345,True
19,ABETA,-263.15720455536456,True
19,EntorhinalNorm,-648.3154370908135,True
19,MidTempNorm,552.3461798047266,True
19,VentricleNorm,-41.4662067119114,True
20,FusiformNorm,-151.97114646382397,True
20,RAVLT_immediate,108.64151552581988,True
20,MMSE,-77.68558891519848,True
20,TAU,-116.24347258189951,True
20,ADAS13,-577.5154394169787,True
20,WholeBrainNorm,-365.05552192819863,True
20,PTAU,70.76891119370477,True
20,HippocampusNorm,-52.0590231816977,True
20,ABETA,-197.51895671334034,True
20,EntorhinalNorm,-575.4907047942843,True
20,MidTempNorm,186.91602112902422,True
20,VentricleNorm,-89.45036070209203,True
21,FusiformNorm,-21.184498454716717,True
21,RAVLT_immediate,587.325969102998,True
21,MMSE,-152.28593189116506,True
21,TAU,-179.1803731922213,True
21,ADAS13,-556.973538258837,True
21,WholeBrainNorm,-243.21559948939196,True
21,PTAU,-70.06911755200039,True
21,HippocampusNorm,-22.251155456217447,True
21,ABETA,-259.59709099343485,True
21,EntorhinalNorm,-121.57725219252887,True
21,MidTempNorm,542.2075966037925,True
21,VentricleNorm,68.65666914008536,True
22,FusiformNorm,-185.28073558670786,True
22,RAVLT_immediate,51.800944021550464,True
22,MMSE,-88.36067292199817,True
22,TAU,116.98301868031007,True
22,ADAS13,-538.9710506276178,True
22,WholeBrainNorm,-360.077368249124,True
22,PTAU,-73.15963780824586,True
22,HippocampusNorm,-101.88482913882433,True
22,ABETA,-227.06103669127955,True
22,EntorhinalNorm,-554.2720621750808,True
22,MidTempNorm,558.2049224765838,True
22,VentricleNorm,20.075598933079842,True
23,FusiformNorm,114.55862615552248,True
23,RAVLT_immediate,496.43740593468124,True
23,MMSE,-102.479271493194,True
23,TAU,306.7441343949672,True
23,ADAS13,-553.2726757202586,True
23,WholeBrainNorm,-54.40804177637489,True
23,PTAU,23.591865224486607,True
23,HippocampusNorm,-60.681352858971266,True
23,ABETA,-243.75788749162837,True
23,EntorhinalNorm,257.6779302612399,True
23,MidTempNorm,514.123756607012,True
23,VentricleNorm,89.64315572756385,True
24,FusiformNorm,-43.533787850719094,True
24,RAVLT_immediate,577.6649317398826,True
24,MMSE,-13.8055218561843,True
24,TAU,-11.443636952625042,True
24,ADAS13,-400.2173630994353,True
24,WholeBrainNorm,-124.8883683986962,True
24,PTAU,-68.78468310274627,True
24,HippocampusNorm,-41.27391745068219,True
24,ABETA,-219.99205750952186,True
24,EntorhinalNorm,-298.0225996817131,True
24,MidTempNorm,576.1465506824409,True
24,VentricleNorm,-54.51003097937,True
25,FusiformNorm,22.735444127026078,True
25,RAVLT_immediate,429.4803691078087,True
25,MMSE,-240.67783647663697,True
25,TAU,-559.0229379092943,True
25,ADAS13,-540.2911860529327,True
25,WholeBrainNorm,-218.57719491139974,True
25,PTAU,-11.913115080143939,True
25,HippocampusNorm,-103.22572991362941,True
25,ABETA,-217.29540834377212,True
25,EntorhinalNorm,-790.4041279995299,True
25,MidTempNorm,546.5156740690393,True
25,VentricleNorm,4.369098737684244,True
26,FusiformNorm,-350.5108627567008,False
26,RAVLT_immediate,420.73654816886017,False
26,MMSE,-49.535147486587626,False
26,TAU,-65.971789299063,False
26,ADAS13,-557.6908505016405,False
26,WholeBrainNorm,-366.02055867307104,False
26,PTAU,120.02166517237549,False
26,HippocampusNorm,70.64435993872894,False
26,ABETA,-277.5879295828529,False
26,EntorhinalNorm,-186.973653636083,False
26,MidTempNorm,216.24229192471847,False
26,VentricleNorm,-0.42687956648326164,False
27,FusiformNorm,103.49914018585426,True
27,RAVLT_immediate,563.3568825011955,True
27,MMSE,-262.3806739989096,True
27,TAU,-155.4692149509181,True
27,ADAS13,-484.4048359005574,True
27,WholeBrainNorm,-144.75317399358275,True
27,PTAU,4.1087426942987655,True
27,HippocampusNorm,-11.061249743927348,True
27,ABETA,-251.42816740492302,True
27,EntorhinalNorm,-452.8625581441781,True
27,MidTempNorm,546.7775373584852,True
27,VentricleNorm,-85.1907494430975,True
28,FusiformNorm,26.24360398531222,True
28,RAVLT_immediate,758.4657744969043,True
28,MMSE,-178.77985720958654,True
28,TAU,-219.46155818529715,True
28,ADAS13,-464.3517658355947,True
28,WholeBrainNorm,-283.5687676098458,True
28,PTAU,-44.551546505462504,True
28,HippocampusNorm,-40.32365134336297,True
28,ABETA,-203.3221499258088,True
28,EntorhinalNorm,-203.97440471170094,True
28,MidTempNorm,566.7112684031204,True
28,VentricleNorm,-38.840364589418385,True
29,FusiformNorm,-136.08217319568817,True
29,RAVLT_immediate,2.3055193183263327,True
29,MMSE,-157.13566670137854,True
29,TAU,209.17155394271447,True
29,ADAS13,-434.18570133054527,True
29,WholeBrainNorm,-87.28665026304293,True
29,PTAU,7.974598964329582,True
29,HippocampusNorm,-59.54061855728032,True
29,ABETA,-284.98954797539506,True
29,EntorhinalNorm,-957.3409461753133,True
29,MidTempNorm,550.2403851870265,True
29,VentricleNorm,66.93245076947633,True
30,FusiformNorm,-60.569217719600395,True
30,RAVLT_immediate,211.04927231046955,True
30,MMSE,-134.72922028111046,True
30,TAU,294.68207760006044,True
30,ADAS13,-545.7423850935268,True
30,WholeBrainNorm,-77.35497197318504,True
30,PTAU,-5.510317020358906,True
30,HippocampusNorm,-4.485308589715807,True
30,ABETA,-242.31804817253254,True
30,EntorhinalNorm,-549.0846218730267,True
30,MidTempNorm,546.9673113436018,True
30,VentricleNorm,-110.0462115647844,True
31,FusiformNorm,-138.6592791540092,False
31,RAVLT_immediate,464.2581414381784,False
31,MMSE,-113.44326881065112,False
31,TAU,188.49397595754928,False
31,ADAS13,-551.2498420337924,False
31,WholeBrainNorm,-268.7732764889637,False
31,PTAU,2.9303796884413487,False
31,HippocampusNorm,85.7025683333186,False
31,ABETA,-319.01603793472736,False
31,EntorhinalNorm,-395.48637576915473,False
31,MidTempNorm,185.08886605800927,False
31,VentricleNorm,14.65669826872494,False
32,FusiformNorm,-553.6468798624569,True
32,RAVLT_immediate,121.37720426451013,True
32,MMSE,-138.27444869745852,True
32,TAU,82.4701404657927,True
32,ADAS13,-552.4950729906467,True
32,WholeBrainNorm,-229.18541535810783,True
32,PTAU,5.779050595567369,True
32,HippocampusNorm,-79.67316508926461,True
32,ABETA,-246.25116232298765,True
32,EntorhinalNorm,-791.0273637773819,True
32,MidTempNorm,252.4985180958824,True
32,VentricleNorm,0.273744415792887,True
33,FusiformNorm,49.905528601544766,True
33,RAVLT_immediate,180.42403490559246,True
33,MMSE,-254.477051207802,True
33,TAU,-281.124554879775,True
33,ADAS13,-475.92024017558765,True
33,WholeBrainNorm,-322.2574535988517,True
33,PTAU,-47.94856865357104,True
33,HippocampusNorm,-105.45262376613177,True
33,ABETA,-236.01525127187628,True
33,EntorhinalNorm,-468.2867437815436,True
33,MidTempNorm,616.2135564116583,True
33,VentricleNorm,-57.76137486826386,True
34,FusiformNorm,96.70590440469141,True
34,RAVLT_immediate,-74.58570459585405,True
34,MMSE,-126.12848498481675,True
34,TAU,512.5793754671462,True
34,ADAS13,-560.2193998491833,True
34,WholeBrainNorm,-107.85553471911098,True
34,PTAU,96.86319842730585,True
34,HippocampusNorm,65.79853476467395,True
34,ABETA,-246.2865252659049,True
34,EntorhinalNorm,-675.7748808710912,True
34,MidTempNorm,203.83540168302207,True
34,VentricleNorm,186.20858118836372,True
35,FusiformNorm,-140.20468702891515,True
35,RAVLT_immediate,125.52803807308487,True
35,MMSE,-47.17269723308331,True
35,TAU,161.95376308119828,True
35,ADAS13,-553.8146471826179,True
35,WholeBrainNorm,-177.91865472399056,True
35,PTAU,34.0429625089786,True
35,HippocampusNorm,-107.93862944970945,True
35,ABETA,-224.84490516740715,True
35,EntorhinalNorm,-760.2511182093958,True
35,MidTempNorm,555.8415684565304,True
35,VentricleNorm,38.368448210800395,True
36,FusiformNorm,-87.51698310308724,True
36,RAVLT_immediate,49.34986534171887,True
36,MMSE,-124.17095320204683,True
36,TAU,112.7005741407832,True
36,ADAS13,-556.4213015425938,True
36,WholeBrainNorm,-363.64048826665646,True
36,PTAU,-62.082672387508275,True
36,HippocampusNorm,4.299003934791074,True
36,ABETA,-262.15277224320823,True
36,EntorhinalNorm,-343.55462329791516,True
36,MidTempNorm,590.217877607598,True
36,VentricleNorm,-20.63668697981838,True
37,FusiformNorm,76.71819431466588,True
37,RAVLT_immediate,218.74066557491267,True
37,MMSE,-79.82996508538046,True
37,TAU,125.83393567877366,True
37,ADAS13,-545.835535502326,True
37,WholeBrainNorm,-125.7907596381451,True
37,PTAU,46.80109750837639,True
37,HippocampusNorm,-12.007240490276445,True
37,ABETA,-214.36433476534188,True
37,EntorhinalNorm,-295.13779001649914,True
37,MidTempNorm,556.0800714591375,True
37,VentricleNorm,49.27470983397025,True
38,FusiformNorm,-408.1711838648704,True
38,RAVLT_immediate,494.346720611164,True
38,MMSE,-162.93464785974936,True
38,TAU,422.7694717632496,True
38,ADAS13,-545.0181669737884,True
38,WholeBrainNorm,60.029595521432014,True
38,PTAU,90.57894064257533,True
38,HippocampusNorm,-28.447488620781105,True
38,ABETA,-235.14281561663364,True
38,EntorhinalNorm,-615.3003980589258,True
38,MidTempNorm,519.6801359245874,True
38,VentricleNorm,3.1870650344576426,True
39,FusiformNorm,-114.92936458702282,True
39,RAVLT_immediate,119.67491680000482,True
39,MMSE,-215.6453187157718,True
39,TAU,67.03769997725655,True
39,ADAS13,-552.1445398569912,True
39,WholeBrainNorm,-186.50703916447455,True
39,PTAU,88.35283070134163,True
39,HippocampusNorm,-40.65520732683794,True
39,ABETA,-236.77648987154166,True
39,EntorhinalNorm,-983.3506539055331,True
39,MidTempNorm,272.5080886538325,True
39,VentricleNorm,57.80654076256566,True
40,FusiformNorm,-14.949758294335883,True
40,RAVLT_immediate,445.4534809238158,True
40,MMSE,-166.78006354909678,True
40,TAU,200.6645664778522,True
40,ADAS13,-549.3365901085033,True
40,WholeBrainNorm,-196.90610717413412,True
40,PTAU,-67.6789524757967,True
40,HippocampusNorm,-70.85768150492673,True
40,ABETA,-215.75639922765234,True
40,EntorhinalNorm,-7.709981711876367,True
40,MidTempNorm,562.6900074876996,True
40,VentricleNorm,84.23870893414352,True
41,FusiformNorm,16.573951573441263,False
41,RAVLT_immediate,189.20990238674625,False
41,MMSE,-66.19268476307406,False
41,TAU,220.930861066209,False
41,ADAS13,-550.6890605398983,False
41,WholeBrainNorm,-280.6126030778607,False
41,PTAU,102.3423187337819,False
41,HippocampusNorm,80.33213090151614,False
41,ABETA,-295.15363895757747,False
41,EntorhinalNorm,-175.88606117106434,False
41,MidTempNorm,233.82967147062215,False
41,VentricleNorm,15.439860169560227,False
42,FusiformNorm,18.83272840936118,True
42,RAVLT_immediate,-169.26773869542836,True
42,MMSE,37.65623658492112,True
42,TAU,138.17769135684148,True
42,ADAS13,-553.5442076156195,True
42,WholeBrainNorm,-189.95875874913702,True
42,PTAU,65.2885363181023,True
42,HippocampusNorm,-31.57439963397414,True
42,ABETA,-169.7327303208112,True
42,EntorhinalNorm,-734.4995735929762,True
42,MidTempNorm,598.4564013439804,True
42,VentricleNorm,156.75165409383627,True
43,FusiformNorm,-88.95321268298244,True
43,RAVLT_immediate,593.7572619971484,True
43,MMSE,-279.75666293029593,True
43,TAU,97.40953611142233,True
43,ADAS13,-559.0997459442956,True
43,WholeBrainNorm,-61.003704129274254,True
43,PTAU,5.44456409220453,True
43,HippocampusNorm,-53.77915790820062,True
43,ABETA,-201.66526215628397,True
43,EntorhinalNorm,-302.42999969009946,True
43,MidTempNorm,526.3872820771072,True
43,VentricleNorm,-62.576811152074,True
44,FusiformNorm,-333.27411075144056,False
44,RAVLT_immediate,147.13168708610254,False
44,MMSE,-26.544262877383105,False
44,TAU,74.74325376425023,False
44,ADAS13,-557.5745523652456,False
44,WholeBrainNorm,-211.5324367141423,False
44,PTAU,14.285349342518373,False
44,HippocampusNorm,70.49415017796171,False
44,ABETA,-262.68992112352606,False
44,EntorhinalNorm,-245.72999498810776,False
44,MidTempNorm,278.66598637201474,False
44,VentricleNorm,-3.3558438545686435,False
45,FusiformNorm,-19.198794698861384,True
45,RAVLT_immediate,164.96582996790877,True
45,MMSE,-58.080941212612586,True
45,TAU,118.2463960968316,True
45,ADAS13,-558.5587181308231,True
45,WholeBrainNorm,-413.6108630227514,True
45,PTAU,95.6218096761358,True
45,HippocampusNorm,-39.612383747852334,True
45,ABETA,-219.1046570422458,True
45,EntorhinalNorm,-488.1861260575513,True
45,MidTempNorm,578.9972483950805,True
45,VentricleNorm,-4.8622135675950595,True
46,FusiformNorm,32.945561353877736,True
46,RAVLT_immediate,433.97502493668037,True
46,MMSE,-114.12066425015999,True
46,TAU,338.3367692281183,True
46,ADAS13,-546.0625906552095,True
46,WholeBrainNorm,-324.8530991766137,True
46,PTAU,-40.09371409748539,True
46,HippocampusNorm,-58.27269800045504,True
46,ABETA,-236.93850884505022,True
46,EntorhinalNorm,-576.7480159486909,True
46,MidTempNorm,573.2379330382408,True
46,VentricleNorm,-50.1723947868583,True
47,FusiformNorm,-81.40515111918266,True
47,RAVLT_immediate,343.2384819178041,True
47,MMSE,-101.20168981456018,True
47,TAU,-274.9243466219107,True
47,ADAS13,-481.9574222611817,True
47,WholeBrainNorm,-234.64192525267555,True
47,PTAU,-74.10603344911405,True
47,HippocampusNorm,-80.4557154575231,True
47,ABETA,-204.81575494530415,True
47,EntorhinalNorm,-198.56665306353216,True
47,MidTempNorm,556.5834730501703,True
47,VentricleNorm,-159.24302461411926,True
48,FusiformNorm,-150.81127828217328,True
48,RAVLT_immediate,328.1311782847009,True
48,MMSE,-127.97228702977439,True
48,TAU,-152.16867865508075,True
48,ADAS13,-548.3042968661513,True
48,WholeBrainNorm,-122.56710451663426,True
48,PTAU,-3.7528945850389377,True
48,HippocampusNorm,-14.543311261656363,True
48,ABETA,-254.81000272558586,True
48,EntorhinalNorm,-599.7656460938622,True
48,MidTempNorm,342.48763908539627,True
48,VentricleNorm,-36.67008881866383,True
49,FusiformNorm,-230.0168446473422,True
49,RAVLT_immediate,-0.12402266911678339,True
49,MMSE,-219.09007831185477,True
49,TAU,-125.19591252252602,True
49,ADAS13,-541.4422449064282,True
49,WholeBrainNorm,-125.06540514143177,True
49,PTAU,12.453887246980884,True
49,HippocampusNorm,-69.15132021411821,True
49,ABETA,-215.47798739161018,True
49,EntorhinalNorm,-240.54321496062772,True
49,MidTempNorm,574.2686735574417,True
49,VentricleNorm,-64.6767309999278,True
50,FusiformNorm,8.76040334059051,True
50,RAVLT_immediate,791.6979363616238,True
50,MMSE,-112.55129043907912,True
50,TAU,-229.96537254008618,True
50,ADAS13,-345.09625325519715,True
50,WholeBrainNorm,-124.34004427779726,True
50,PTAU,36.865551435857675,True
50,HippocampusNorm,-60.25319323697325,True
50,ABETA,-250.00551676157053,True
50,EntorhinalNorm,-751.8586922785303,True
50,MidTempNorm,574.9299876039636,True
50,VentricleNorm,-75.27090475364102,True
51,FusiformNorm,178.20231476830526,True
51,RAVLT_immediate,929.9368546385783,True
51,MMSE,-323.41799938169345,True
51,TAU,-440.4356848056634,True
51,ADAS13,-414.02345882114076,True
51,WholeBrainNorm,-120.96890089977623,True
51,PTAU,39.15337468786066,True
51,HippocampusNorm,-44.25354908718241,True
51,ABETA,-284.0520920183882,True
51,EntorhinalNorm,-388.02402235147406,True
51,MidTempNorm,513.5060639128403,True
51,VentricleNorm,-130.98440123267696,True
52,FusiformNorm,-266.5740185246261,True
52,RAVLT_immediate,327.56033587306865,True
52,MMSE,-306.13362559243285,True
52,TAU,107.31655660430121,True
52,ADAS13,-555.0615358578003,True
52,WholeBrainNorm,-102.17451934280729,True
52,PTAU,58.14794479159393,True
52,HippocampusNorm,-58.28600112565834,True
52,ABETA,-188.6946263808793,True
52,EntorhinalNorm,-144.73636379180527,True
52,MidTempNorm,598.6380880487555,True
52,VentricleNorm,19.304841641788773,True
53,FusiformNorm,-245.30125239395997,True
53,RAVLT_immediate,284.998451493399,True
53,MMSE,-194.46120565302363,True
53,TAU,50.30576046748938,True
53,ADAS13,-542.53893158021,True
53,WholeBrainNorm,-443.2659538038603,True
53,PTAU,-26.017767041684458,True
53,HippocampusNorm,-94.44829179186779,True
53,ABETA,-241.99971765101208,True
53,EntorhinalNorm,-152.12403522852406,True
53,MidTempNorm,597.1099254001793,True
53,VentricleNorm,-70.16434727550184,True
54,FusiformNorm,-418.3026853700495,True
54,RAVLT_immediate,78.12923876647952,True
54,MMSE,-102.52861144460653,True
54,TAU,513.4775024711629,True
54,ADAS13,-536.541922173661,True
54,WholeBrainNorm,-227.68628073187006,True
54,PTAU,19.63395350857385,True
54,HippocampusNorm,-62.322761182351655,True
54,ABETA,-224.14070855693166,True
54,EntorhinalNorm,-1.3806035879011915,True
54,MidTempNorm,598.3051926089624,True
54,VentricleNorm,-190.32087001401604,True
55,FusiformNorm,-599.3737184722877,True
55,RAVLT_immediate,299.4454307870215,True
55,MMSE,-134.3617691208165,True
55,TAU,285.79846389183206,True
55,ADAS13,-559.5602655661295,True
55,WholeBrainNorm,-144.85150057363936,True
55,PTAU,-40.060107604372554,True
55,HippocampusNorm,29.6259567323485,True
55,ABETA,-226.9486357078291,True
55,EntorhinalNorm,-1040.7468495102717,True
55,MidTempNorm,553.0021756997008,True
55,VentricleNorm,-50.1489725516558,True
56,FusiformNorm,-17.574384698110123,True
56,RAVLT_immediate,177.33333186048014,True
56,MMSE,-194.39544525006085,True
56,TAU,209.56914012500548,True
56,ADAS13,-559.6402139999248,True
56,WholeBrainNorm,-81.37808105979131,True
56,PTAU,-8.834663331183174,True
56,HippocampusNorm,-14.441169613153171,True
56,ABETA,-239.93705050909077,True
56,EntorhinalNorm,-226.97277900682806,True
56,MidTempNorm,576.9178057498765,True
56,VentricleNorm,-3.6165376323577547,True
57,FusiformNorm,-5.10290713519897,True
57,RAVLT_immediate,306.65456472459385,True
57,MMSE,-195.17477420506867,True
57,TAU,239.44831450620828,True
57,ADAS13,-550.6199465113069,True
57,WholeBrainNorm,-505.7915919778096,True
57,PTAU,94.62574633664836,True
57,HippocampusNorm,-73.43752752418402,True
57,ABETA,-236.96987368209847,True
57,EntorhinalNorm,-595.4147670076097,True
57,MidTempNorm,518.1254063113337,True
57,VentricleNorm,-153.1372244501146,True
58,FusiformNorm,93.27828252052267,True
58,RAVLT_immediate,109.81248833634095,True
58,MMSE,-94.79621191459748,True
58,TAU,-2.807959911479813,True
58,ADAS13,-467.57151302988893,True
58,WholeBrainNorm,-258.2219838007595,True
58,PTAU,65.84381254133828,True
58,HippocampusNorm,-69.28142609721662,True
58,ABETA,-222.2935860094829,True
58,EntorhinalNorm,-398.42828487149944,True
58,MidTempNorm,569.0658980229216,True
58,VentricleNorm,11.415334618796305,True
59,FusiformNorm,61.842374557492995,True
59,RAVLT_immediate,182.02188357668223,True
59,MMSE,-86.2339103156416,True
59,TAU,102.41303760794378,True
59,ADAS13,-552.9868194252641,True
59,WholeBrainNorm,-342.7045118838753,True
59,PTAU,-48.1913451921265,True
59,HippocampusNorm,-25.750286349321314,True
59,ABETA,-254.83227480357255,True
59,EntorhinalNorm,-626.9108309260822,True
59,MidTempNorm,323.5158267673976,True
59,VentricleNorm,69.97335752175617,True
60,FusiformNorm,-25.298029124984446,True
60,RAVLT_immediate,490.82339328232996,True
60,MMSE,-266.16841291355064,True
60,TAU,313.0633698339244,True
60,ADAS13,-579.4312798681462,True
60,WholeBrainNorm,-61.11359565229672,True
60,PTAU,78.39344128071829,True
60,HippocampusNorm,-79.40005878382894,True
60,ABETA,-215.39849110801967,True
60,EntorhinalNorm,-562.4046195012901,True
60,MidTempNorm,542.3519458377507,True
60,VentricleNorm,-8.834394393968017,True
61,FusiformNorm,-284.7685182366058,True
61,RAVLT_immediate,372.35082762294854,True
61,MMSE,-186.40712827529944,True
61,TAU,-217.3008374466484,True
61,ADAS13,-567.0403332722551,True
61,WholeBrainNorm,-275.69659435465775,True
61,PTAU,48.302928633042,True
61,HippocampusNorm,-68.09689270159603,True
61,ABETA,-225.89439062069488,True
61,EntorhinalNorm,-834.0567583565444,True
61,MidTempNorm,531.9314138947568,True
61,VentricleNorm,-41.53104477561424,True
62,FusiformNorm,-191.25397936099657,False
62,RAVLT_immediate,256.53333484630525,False
62,MMSE,-66.62369357217399,False
62,TAU,282.01494162214266,False
62,ADAS13,-548.508259716709,False
62,WholeBrainNorm,-330.72077539561013,False
62,PTAU,120.02365111595356,False
62,HippocampusNorm,77.44713238361152,False
62,ABETA,-310.783090142449,False
62,EntorhinalNorm,-535.197960615551,False
62,MidTempNorm,260.0388853257553,False
62,VentricleNorm,36.304226237020515,False
63,FusiformNorm,-568.8620558772718,True
63,RAVLT_immediate,106.16370312002383,True
63,MMSE,-168.85631830837974,True
63,TAU,105.64968452767638,True
63,ADAS13,-556.4509320815644,True
63,WholeBrainNorm,-233.1003472641055,True
63,PTAU,90.32648425530923,True
63,HippocampusNorm,-32.340640402571324,True
63,ABETA,-227.10384962640416,True
63,EntorhinalNorm,-286.44663740607905,True
63,MidTempNorm,337.09269778514965,True
63,VentricleNorm,-86.44830843628287,True
64,FusiformNorm,1.2563405219970045,True
64,RAVLT_immediate,398.4589356877241,True
64,MMSE,-137.28836056190676,True
64,TAU,55.35128810431253,True
64,ADAS13,-523.5536557241342,True
64,WholeBrainNorm,-168.12908685214526,True
64,PTAU,23.71517416935931,True
64,HippocampusNorm,-57.78906491769694,True
64,ABETA,-202.89482916214388,True
64,EntorhinalNorm,-8.07280190901946,True
64,MidTempNorm,527.9612559356907,True
64,VentricleNorm,30.08517755275687,True
65,FusiformNorm,-204.90171704411358,True
65,RAVLT_immediate,21.756169728530608,True
65,MMSE,-79.6329463455964,True
65,TAU,-178.74632319504272,True
65,ADAS13,-572.5986140564737,True
65,WholeBrainNorm,-262.1443210484274,True
65,PTAU,-32.75133429514634,True
65,HippocampusNorm,-124.32249772062274,True
65,ABETA,-231.29775811167528,True
65,EntorhinalNorm,65.1686558890608,True
65,MidTempNorm,253.36984732248962,True
65,VentricleNorm,-32.27249332129739,True
66,FusiformNorm,8.58541369137607,True
66,RAVLT_immediate,165.34630466388396,True
66,MMSE,-221.33648978347105,True
66,TAU,250.49839373472784,True
66,ADAS13,-541.9676021966987,True
66,WholeBrainNorm,-177.30217325600006,True
66,PTAU,-26.080263978572912,True
66,HippocampusNorm,-50.04006092452279,True
66,ABETA,-275.0244063248724,True
66,EntorhinalNorm,-828.0831435441419,True
66,MidTempNorm,535.9936028922754,True
66,VentricleNorm,-10.37663439981619,True
67,FusiformNorm,-104.88800228010822,True
67,RAVLT_immediate,76.81944064985083,True
67,MMSE,-133.53208586632215,True
67,TAU,145.37478696650925,True
67,ADAS13,-553.8132697624563,True
67,WholeBrainNorm,-417.56092189733585,True
67,PTAU,47.96226271172309,True
67,HippocampusNorm,-72.53193353130781,True
67,ABETA,-279.2186263024294,True
67,EntorhinalNorm,-140.25684109830462,True
67,MidTempNorm,558.5068164644216,True
67,VentricleNorm,-6.663582090022713,True
68,FusiformNorm,-513.4877580485751,True
68,RAVLT_immediate,8.99369723004125,True
68,MMSE,-21.656680930619785,True
68,TAU,109.53566909762071,True
68,ADAS13,-555.413686617314,True
68,WholeBrainNorm,-4.718413197988895,True
68,PTAU,-21.2032543325381,True
68,HippocampusNorm,-65.6931569685666,True
68,ABETA,-255.82103791346097,True
68,EntorhinalNorm,-499.1553038314687,True
68,MidTempNorm,215.9641652226156,True
68,VentricleNorm,20.547169126707917,True
69,FusiformNorm,-298.3234664825511,True
69,RAVLT_immediate,148.47051249536366,True
69,MMSE,-277.15230420401105,True
69,TAU,42.38288034378945,True
69,ADAS13,-541.7895090632812,True
69,WholeBrainNorm,7.49495739102062,True
69,PTAU,5.100377468304629,True
69,HippocampusNorm,-62.729197856506886,True
69,ABETA,-239.62175397956224,True
69,EntorhinalNorm,-418.5652635332843,True
69,MidTempNorm,292.18334271694783,True
69,VentricleNorm,16.682458352780042,True
70,FusiformNorm,-189.84319038210984,True
70,RAVLT_immediate,224.99607677505577,True
70,MMSE,9.296789274771044,True
70,TAU,102.31812063843908,True
70,ADAS13,-538.2807603298214,True
70,WholeBrainNorm,-168.85483095155385,True
70,PTAU,-39.48929983046094,True
70,HippocampusNorm,-78.6987664142738,True
70,ABETA,-216.47685120015316,True
70,EntorhinalNorm,-593.5078490832562,True
70,MidTempNorm,263.19685590616984,True
70,VentricleNorm,-168.75088202185447,True
71,FusiformNorm,-147.69969541396856,True
71,RAVLT_immediate,-90.53349439460274,True
71,MMSE,-61.620452634481836,True
71,TAU,16.20918336896088,True
71,ADAS13,-536.5695953655816,True
71,WholeBrainNorm,-135.7640209095009,True
71,PTAU,13.636259149774467,True
71,HippocampusNorm,71.45005257342747,True
71,ABETA,-241.63844567079582,True
71,EntorhinalNorm,-822.4449293258053,True
71,MidTempNorm,185.76649812561087,True
71,VentricleNorm,-195.26123888046192,True
72,FusiformNorm,-90.86323671570986,False
72,RAVLT_immediate,172.0677039118116,False
72,MMSE,-111.6070044949748,False
72,TAU,-125.57587180370285,False
72,ADAS13,-578.7712624746696,False
72,WholeBrainNorm,-387.72521691526526,False
72,PTAU,3.0030968655591153,False
72,HippocampusNorm,61.34347102951597,False
72,ABETA,-267.0405103156817,False
72,EntorhinalNorm,-854.612837664925,False
72,MidTempNorm,247.5171078673581,False
72,VentricleNorm,24.435192596209646,False
73,FusiformNorm,10.12935569002974,False
73,RAVLT_immediate,171.0567698995982,False
73,MMSE,-114.72683587287176,False
73,TAU,-195.0058917309014,False
73,ADAS13,-526.8114654294807,False
73,WholeBrainNorm,-356.23831810138404,False
73,PTAU,43.308893999922205,False
73,HippocampusNorm,79.62958719068136,False
73,ABETA,-308.13293078869924,False
73,EntorhinalNorm,-329.1927326154215,False
73,MidTempNorm,192.3744664918231,False
73,VentricleNorm,20.99491154802323,False
74,FusiformNorm,88.36190917347862,True
74,RAVLT_immediate,378.1225296691552,True
74,MMSE,-243.81123818249614,True
74,TAU,312.43044874022473,True
74,ADAS13,-467.5833345990662,True
74,WholeBrainNorm,-164.12255890662695,True
74,PTAU,-33.16920494281939,True
74,HippocampusNorm,-38.026075621340745,True
74,ABETA,-221.86118553518796,True
74,EntorhinalNorm,-269.44423509211657,True
74,MidTempNorm,521.1378895379647,True
74,VentricleNorm,-5.4161735507294715,True
75,FusiformNorm,-592.8902843782821,True
75,RAVLT_immediate,223.8250283117734,True
75,MMSE,-174.682623977543,True
75,TAU,511.5675660658635,True
75,ADAS13,-548.8564113461679,True
75,WholeBrainNorm,-522.7357557856116,True
75,PTAU,122.66930134697526,True
75,HippocampusNorm,-49.685981165168556,True
75,ABETA,-237.6136182684593,True
75,EntorhinalNorm,-599.9679694233527,True
75,MidTempNorm,560.289344864897,True
75,VentricleNorm,-18.302628346609037,True
76,FusiformNorm,39.15321207525774,True
76,RAVLT_immediate,319.4106164797497,True
76,MMSE,-186.3574078881069,True
76,TAU,309.8723838576902,True
76,ADAS13,-557.2215962982444,True
76,WholeBrainNorm,-375.4449361892311,True
76,PTAU,-25.564481520398424,True
76,HippocampusNorm,0.7402420824177085,True
76,ABETA,-236.88670875638587,True
76,EntorhinalNorm,-370.3585290762563,True
76,MidTempNorm,546.1836778632544,True
76,VentricleNorm,71.1218510305527,True
77,FusiformNorm,-218.18991949896363,True
77,RAVLT_immediate,294.9463129701377,True
77,MMSE,-56.09571918678449,True
77,TAU,183.2949046971606,True
77,ADAS13,-543.3764759967728,True
77,WholeBrainNorm,-359.62516876240846,True
77,PTAU,29.274754376620763,True
77,HippocampusNorm,-44.99299982562588,True
77,ABETA,-211.7989884479975,True
77,EntorhinalNorm,-261.50810507017695,True
77,MidTempNorm,195.86867283562043,True
77,VentricleNorm,-30.800010234246404,True
78,FusiformNorm,-33.64440006234152,True
78,RAVLT_immediate,88.94676310622572,True
78,MMSE,-240.94444482884862,True
78,TAU,104.61624565750716,True
78,ADAS13,-548.3970211759317,True
78,WholeBrainNorm,-226.8362058790505,True
78,PTAU,-26.441785322824163,True
78,HippocampusNorm,-86.0250833762927,True
78,ABETA,-222.92564461490207,True
78,EntorhinalNorm,-597.2580222779486,True
78,MidTempNorm,542.4524996863188,True
78,VentricleNorm,3.696987493878961,True
79,FusiformNorm,-63.34659243835898,False
79,RAVLT_immediate,46.29655544489181,False
79,MMSE,-59.107798313732964,False
79,TAU,669.4983111124036,False
79,ADAS13,-551.2938296639305,False
79,WholeBrainNorm,-299.4612857862496,False
79,PTAU,36.44609682521249,False
79,HippocampusNorm,70.05627418206612,False
79,ABETA,-335.6590731655699,False
79,EntorhinalNorm,-845.1673609194394,False
79,MidTempNorm,384.3248857287563,False
79,VentricleNorm,28.371795481271832,False
80,FusiformNorm,-12.617440071415121,True
80,RAVLT_immediate,210.46077666412847,True
80,MMSE,-76.33697411125598,True
80,TAU,54.48774480558254,True
80,ADAS13,-466.9176838498263,True
80,WholeBrainNorm,-26.138706408136386,True
80,PTAU,68.47092768003026,True
80,HippocampusNorm,-106.48294755259437,True
80,ABETA,-208.76124103188502,True
80,EntorhinalNorm,-565.6910819058648,True
80,MidTempNorm,588.3142916245309,True
80,VentricleNorm,-41.29391312273174,True
81,FusiformNorm,-266.837336347499,True
81,RAVLT_immediate,305.3120115219132,True
81,MMSE,-232.96121282084943,True
81,TAU,-308.55993604409196,True
81,ADAS13,-552.5249224237801,True
81,WholeBrainNorm,-44.77007307000841,True
81,PTAU,29.735695080105046,True
81,HippocampusNorm,-92.28769382381056,True
81,ABETA,-161.8685129429212,True
81,EntorhinalNorm,-324.1534044952309,True
81,MidTempNorm,580.1908532222249,True
81,VentricleNorm,37.08318008955621,True
82,FusiformNorm,-2.225590693450158,True
82,RAVLT_immediate,381.8159720071533,True
82,MMSE,-194.77482706894287,True
82,TAU,170.39689801861704,True
82,ADAS13,-560.1714140573782,True
82,WholeBrainNorm,-290.1197940810663,True
82,PTAU,-134.4285927756859,True
82,HippocampusNorm,-64.84055681030564,True
82,ABETA,-228.1387204184464,True
82,EntorhinalNorm,-353.56306273265943,True
82,MidTempNorm,590.3497211238305,True
82,VentricleNorm,-39.39754204510207,True
83,FusiformNorm,66.9677557648966,True
83,RAVLT_immediate,-244.57879572001127,True
83,MMSE,-81.60842080635676,True
83,TAU,-191.5282191430288,True
83,ADAS13,-544.8264257355863,True
83,WholeBrainNorm,-331.6041001813695,True
83,PTAU,27.329135618189074,True
83,HippocampusNorm,-60.26164653799965,True
83,ABETA,-195.53736724570788,True
83,EntorhinalNorm,86.63822667427917,True
83,MidTempNorm,531.9381644325722,True
83,VentricleNorm,-55.85930233296418,True
84,FusiformNorm,-101.30765962920155,True
84,RAVLT_immediate,475.7920531600813,True
84,MMSE,-299.81511368602906,True
84,TAU,331.73577614649275,True
84,ADAS13,-479.9176532164709,True
84,WholeBrainNorm,-84.28597218645504,True
84,PTAU,-71.7166362402269,True
84,HippocampusNorm,-44.25707612984985,True
84,ABETA,-240.13127098801576,True
84,EntorhinalNorm,-591.4818155891487,True
84,MidTempNorm,553.0297149259517,True
84,VentricleNorm,-77.7040991558103,True
85,FusiformNorm,-233.95105212581484,False
85,RAVLT_immediate,277.0836552479154,False
85,MMSE,-20.43896482626394,False
85,TAU,483.0228521408309,False
85,ADAS13,-561.8514531894606,False
85,WholeBrainNorm,-265.37296942978696,False
85,PTAU,45.54766464109909,False
85,HippocampusNorm,75.2033274268745,False
85,ABETA,-298.10184688214304,False
85,EntorhinalNorm,-653.8929213371541,False
85,MidTempNorm,247.71275567102867,False
85,VentricleNorm,1.1819038760412024,False
86,FusiformNorm,-13.227209704883736,True
86,RAVLT_immediate,859.5340562437707,True
86,MMSE,-373.7308748625121,True
86,TAU,690.2115277818405,True
86,ADAS13,-396.9893257955927,True
86,WholeBrainNorm,-38.51049975414112,True
86,PTAU,-75.25476661215633,True
86,HippocampusNorm,-100.63274959075943,True
86,ABETA,-212.49012490598477,True
86,EntorhinalNorm,-172.28864024124516,True
86,MidTempNorm,562.748305864602,True
86,VentricleNorm,32.42150590491403,True
87,FusiformNorm,-474.78525852449604,True
87,RAVLT_immediate,89.91122619937248,True
87,MMSE,-62.69890005933412,True
87,TAU,181.3446554367111,True
87,ADAS13,-544.445048948578,True
87,WholeBrainNorm,-308.8901252649391,True
87,PTAU,130.56827651240016,True
87,HippocampusNorm,-4.011957290028441,True
87,ABETA,-235.6658038869798,True
87,EntorhinalNorm,-543.7408934601331,True
87,MidTempNorm,269.1357897593807,True
87,VentricleNorm,-126.17318372531486,True
88,FusiformNorm,-88.69696562130798,True
88,RAVLT_immediate,-157.91616747660038,True
88,MMSE,-54.07713529369369,True
88,TAU,394.863953952684,True
88,ADAS13,-568.9413224477275,True
88,WholeBrainNorm,-29.243027023231633,True
88,PTAU,-44.183485811190344,True
88,HippocampusNorm,-27.369796886798333,True
88,ABETA,-192.02121327354448,True
88,EntorhinalNorm,-482.4049746091519,True
88,MidTempNorm,245.4573073888223,True
88,VentricleNorm,-84.80493122044021,True
89,FusiformNorm,-4.4760899083154335,True
89,RAVLT_immediate,167.02383366540505,True
89,MMSE,-158.55654084873248,True
89,TAU,112.87283464085755,True
89,ADAS13,-568.71450980593,True
89,WholeBrainNorm,77.2653492243081,True
89,PTAU,57.65193572331201,True
89,HippocampusNorm,-40.21377186182791,True
89,ABETA,-238.57358590272753,True
89,EntorhinalNorm,-577.6443546310984,True
89,MidTempNorm,565.7026134033163,True
89,VentricleNorm,-72.22530728085273,True
90,FusiformNorm,-52.25388325179659,True
90,RAVLT_immediate,106.47337909617303,True
90,MMSE,-121.4840274054657,True
90,TAU,-175.6077295845512,True
90,ADAS13,-437.47809431757554,True
90,WholeBrainNorm,-6.29938467469114,True
90,PTAU,-12.498090234247687,True
90,HippocampusNorm,-131.01150819672924,True
90,ABETA,-244.17628047001233,True
90,EntorhinalNorm,-313.90490025650473,True
90,MidTempNorm,529.0905518090551,True
90,VentricleNorm,-17.024474536494388,True
91,FusiformNorm,40.27814820630611,True
91,RAVLT_immediate,689.9069745593181,True
91,MMSE,-171.14132871608433,True
91,TAU,202.7261289376355,True
91,ADAS13,-558.3581852200132,True
91,WholeBrainNorm,-101.05729112053558,True
91,PTAU,-23.953075310248746,True
91,HippocampusNorm,-36.7635275194959,True
91,ABETA,-198.14832904732896,True
91,EntorhinalNorm,-475.209542972266,True
91,MidTempNorm,507.27262652351675,True
91,VentricleNorm,-35.4107725439007,True
92,FusiformNorm,-373.81307425871216,True
92,RAVLT_immediate,437.47409883790635,True
92,MMSE,-101.23415998440272,True
92,TAU,525.5891680691445,True
92,ADAS13,-560.6639193984521,True
92,WholeBrainNorm,-128.9131171539616,True
92,PTAU,-39.05224188876048,True
92,HippocampusNorm,-49.76938708010832,True
92,ABETA,-222.28015773196876,True
92,EntorhinalNorm,-527.8265476193626,True
92,MidTempNorm,564.4288879879061,True
92,VentricleNorm,-100.38284888000345,True
93,FusiformNorm,8.444193009884003,True
93,RAVLT_immediate,114.52998725646297,True
93,MMSE,-204.4688962291567,True
93,TAU,141.20547339269547,True
93,ADAS13,-559.8218348516879,True
93,WholeBrainNorm,-174.27776985827475,True
93,PTAU,12.989474972268177,True
93,HippocampusNorm,-10.064356731032774,True
93,ABETA,-205.4014141103168,True
93,EntorhinalNorm,-711.9426775366344,True
93,MidTempNorm,558.9051174278334,True
93,VentricleNorm,20.17448171391258,True
94,FusiformNorm,-120.02943764131109,True
94,RAVLT_immediate,801.0958817582552,True
94,MMSE,-171.44543943631672,True
94,TAU,200.4191445402367,True
94,ADAS13,-521.422866880263,True
94,WholeBrainNorm,-342.63533621674037,True
94,PTAU,-72.26494795574607,True
94,HippocampusNorm,-54.478556967845606,True
94,ABETA,-274.69092697707595,True
94,EntorhinalNorm,-163.01426951300908,True
94,MidTempNorm,527.0207607490782,True
94,VentricleNorm,35.030785416407184,True
95,FusiformNorm,-113.46398070513406,True
95,RAVLT_immediate,114.82180186605451,True
95,MMSE,-289.4151702067725,True
95,TAU,-326.2613870852614,True
95,ADAS13,-543.729928425885,True
95,WholeBrainNorm,14.090534388990875,True
95,PTAU,145.8527798240395,True
95,HippocampusNorm,-48.60938762833977,True
95,ABETA,-208.79386528105815,True
95,EntorhinalNorm,-380.9098073532126,True
95,MidTempNorm,266.0341756250634,True
95,VentricleNorm,130.1136312208744,True
96,FusiformNorm,-25.883279974998622,True
96,RAVLT_immediate,561.6152632071888,True
96,MMSE,-88.05605546648684,True
96,TAU,91.86627972807452,True
96,ADAS13,-548.676595693113,True
96,WholeBrainNorm,152.38461455561753,True
96,PTAU,45.73438020104752,True
96,HippocampusNorm,3.224080154218136,True
96,ABETA,-195.13249855437394,True
96,EntorhinalNorm,-636.2620659499643,True
96,MidTempNorm,546.6206304974854,True
96,VentricleNorm,-12.222865441073614,True
97,FusiformNorm,-653.6597324856679,False
97,RAVLT_immediate,-349.5290643158966,False
97,MMSE,-109.87972879761355,False
97,TAU,291.2258014473606,False
97,ADAS13,-556.4898743298929,False
97,WholeBrainNorm,-380.7915026310262,False
97,PTAU,86.41380965575523,False
97,HippocampusNorm,58.6736394502082,False
97,ABETA,-302.32047423494726,False
97,EntorhinalNorm,-845.9898719163355,False
97,MidTempNorm,265.091231197554,False
97,VentricleNorm,8.197027262796244,False
98,FusiformNorm,-121.61770760639516,True
98,RAVLT_immediate,-32.30805152733649,True
98,MMSE,-67.7134088994589,True
98,TAU,6.991566472985781,True
98,ADAS13,-540.3258177297319,True
98,WholeBrainNorm,-137.81881826348197,True
98,PTAU,32.569189853065815,True
98,HippocampusNorm,-36.14049044944939,True
98,ABETA,-250.27587909640837,True
98,EntorhinalNorm,-284.6885115036926,True
98,MidTempNorm,552.9593267973767,True
98,VentricleNorm,3.728249863207335,True
99,FusiformNorm,48.90458732601351,True
99,RAVLT_immediate,1088.2782393294133,True
99,MMSE,-129.18338524068918,True
99,TAU,-38.810065030488246,True
99,ADAS13,-416.10655277444107,True
99,WholeBrainNorm,-104.88422499283669,True
99,PTAU,-4.3095426759979425,True
99,HippocampusNorm,-15.724401300999368,True
99,ABETA,-164.06202763198536,True
99,EntorhinalNorm,-540.5519533509287,True
99,MidTempNorm,543.4173320037779,True
99,VentricleNorm,62.73114863482337,True
100,FusiformNorm,-210.3941460688891,True
100,RAVLT_immediate,169.83825015930375,True
100,MMSE,-162.53972080683994,True
100,TAU,273.7812226698887,True
100,ADAS13,-539.9960046990773,True
100,WholeBrainNorm,-243.0946262006165,True
100,PTAU,36.38079696620072,True
100,HippocampusNorm,72.98536452816148,True
100,ABETA,-302.82900258586847,True
100,EntorhinalNorm,-57.9546116503908,True
100,MidTempNorm,166.75414935036116,True
100,VentricleNorm,26.184534935759125,True
101,FusiformNorm,-108.92636590670976,True
101,RAVLT_immediate,163.8331258900017,True
101,MMSE,-95.45307986899802,True
101,TAU,0.7204618831240168,True
101,ADAS13,-549.7777183076876,True
101,WholeBrainNorm,-533.1761435463497,True
101,PTAU,-13.97640341890295,True
101,HippocampusNorm,-58.34540885235187,True
101,ABETA,-250.79671892180232,True
101,EntorhinalNorm,-425.23933682726795,True
101,MidTempNorm,550.2779535033392,True
101,VentricleNorm,-123.25538088278931,True
102,FusiformNorm,32.753435202151,True
102,RAVLT_immediate,424.0008250491045,True
102,MMSE,-100.31900838806142,True
102,TAU,-270.80779327750815,True
102,ADAS13,-533.6526516302156,True
102,WholeBrainNorm,-214.23040521159223,True
102,PTAU,19.061915554823056,True
102,HippocampusNorm,-31.28119397859283,True
102,ABETA,-195.9314292789169,True
102,EntorhinalNorm,-247.3958182133037,True
102,MidTempNorm,590.7196668049968,True
102,VentricleNorm,-91.40898293265089,True
103,FusiformNorm,20.382468470834333,True
103,RAVLT_immediate,338.14775284934746,True
103,MMSE,-117.5202742880603,True
103,TAU,158.93750000696136,True
103,ADAS13,-560.9254719882339,True
103,WholeBrainNorm,-150.63209591462362,True
103,PTAU,-51.37471673460641,True
103,HippocampusNorm,-20.94007609607288,True
103,ABETA,-267.2940798046247,True
103,EntorhinalNorm,-430.7093856263916,True
103,MidTempNorm,481.86923995645935,True
103,VentricleNorm,-62.51466939234005,True
104,FusiformNorm,-468.79699548328546,True
104,RAVLT_immediate,272.9980531402037,True
104,MMSE,-67.52681043315317,True
104,TAU,169.87706233823258,True
104,ADAS13,-558.0889906391595,True
104,WholeBrainNorm,51.95243605879958,True
104,PTAU,76.86848251147927,True
104,HippocampusNorm,-57.44862283836117,True
104,ABETA,-205.48953667129925,True
104,EntorhinalNorm,0.6882017644761618,True
104,MidTempNorm,273.721641911983,True
104,VentricleNorm,-44.67494787598911,True
105,FusiformNorm,60.53454170092913,True
105,RAVLT_immediate,574.9903957814519,True
105,MMSE,-148.66305570272476,True
105,TAU,-199.72306146353273,True
105,ADAS13,-451.0612991808789,True
105,WholeBrainNorm,-108.95634834855184,True
105,PTAU,-74.4599187727356,True
105,HippocampusNorm,-58.24879993441902,True
105,ABETA,-201.74383873829873,True
105,EntorhinalNorm,-554.5283430344764,True
105,MidTempNorm,549.3040963895567,True
105,VentricleNorm,-59.74882000795205,True
106,FusiformNorm,-130.22255252508646,True
106,RAVLT_immediate,127.120793974139,True
106,MMSE,-62.06395960214837,True
106,TAU,329.3786180544561,True
106,ADAS13,-560.2126663608421,True
106,WholeBrainNorm,-254.28881788568123,True
106,PTAU,172.28235103663644,True
106,HippocampusNorm,-84.22143973936646,True
106,ABETA,-237.4173460813253,True
106,EntorhinalNorm,-491.3383858532777,True
106,MidTempNorm,533.6955789906139,True
106,VentricleNorm,-140.11740996205873,True
107,FusiformNorm,-185.59930053814216,True
107,RAVLT_immediate,295.06216528084576,True
107,MMSE,-142.52736468955302,True
107,TAU,335.5894148519982,True
107,ADAS13,-560.9071295763252,True
107,WholeBrainNorm,-92.16235241556613,True
107,PTAU,27.995678625892076,True
107,HippocampusNorm,-54.87539027961666,True
107,ABETA,-176.85971204413232,True
107,EntorhinalNorm,-285.39318015785557,True
107,MidTempNorm,216.60917986391084,True
107,VentricleNorm,28.029076261494485,True
108,FusiformNorm,-405.27306015715374,False
108,RAVLT_immediate,332.6844625780088,False
108,MMSE,-90.21351484903036,False
108,TAU,218.7787870662193,False
108,ADAS13,-554.6253501864977,False
108,WholeBrainNorm,-157.07802495913245,False
108,PTAU,69.87447020382459,False
108,HippocampusNorm,65.0136953422651,False
108,ABETA,-282.94721231078927,False
108,EntorhinalNorm,-934.2018521527293,False
108,MidTempNorm,174.49229806002353,False
108,VentricleNorm,15.081095121698933,False
109,FusiformNorm,-40.51666701516733,True
109,RAVLT_immediate,145.96099050013703,True
109,MMSE,-111.38099454471644,True
109,TAU,-54.64922535327983,True
109,ADAS13,-562.4243196526195,True
109,WholeBrainNorm,-83.97704804438591,True
109,PTAU,57.78598067468175,True
109,HippocampusNorm,-2.6175186064224363,True
109,ABETA,-184.34548515344022,True
109,EntorhinalNorm,-251.94779885510485,True
109,MidTempNorm,606.1658001075772,True
109,VentricleNorm,-7.753067065570377,True
110,FusiformNorm,-252.68084169031954,True
110,RAVLT_immediate,415.61913231333153,True
110,MMSE,-111.18596501893875,True
110,TAU,299.37347944265383,True
110,ADAS13,-542.4023427037769,True
110,WholeBrainNorm,-0.3548827744141647,True
110,PTAU,16.096117854844422,True
110,HippocampusNorm,-84.03453271082691,True
110,ABETA,-201.0200666910649,True
110,EntorhinalNorm,-751.5599878937761,True
110,MidTempNorm,277.43631142513107,True
110,VentricleNorm,-148.05901304329998,True
111,FusiformNorm,-508.35259954641333,True
111,RAVLT_immediate,245.7140355624944,True
111,MMSE,-89.73499150476391,True
111,TAU,-67.14668944904847,True
111,ADAS13,-564.0140378159326,True
111,WholeBrainNorm,-502.2605422562739,True
111,PTAU,0.34063232395479304,True
111,HippocampusNorm,-121.35013363542129,True
111,ABETA,-259.91567143127116,True
111,EntorhinalNorm,-354.0642637886666,True
111,MidTempNorm,214.76414946200885,True
111,VentricleNorm,95.5370861652253,True
112,FusiformNorm,-183.62953959416865,True
112,RAVLT_immediate,269.5231942150184,True
112,MMSE,-339.0178696372029,True
112,TAU,-160.80990328531252,True
112,ADAS13,-557.974028433802,True
112,WholeBrainNorm,104.71564457329134,True
112,PTAU,-54.771880280830864,True
112,HippocampusNorm,-132.3698046407681,True
112,ABETA,-213.28444211824086,True
112,EntorhinalNorm,-764.7555073772054,True
112,MidTempNorm,555.7787151115115,True
112,VentricleNorm,-63.93688769391578,True
113,FusiformNorm,-29.600088269132826,True
113,RAVLT_immediate,462.42047898358334,True
113,MMSE,-269.73645772065254,True
113,TAU,189.75037593098205,True
113,ADAS13,-492.2394331434518,True
113,WholeBrainNorm,-63.46998767842473,True
113,PTAU,43.83104017252531,True
113,HippocampusNorm,-130.86288274688832,True
113,ABETA,-237.49798019592092,True
113,EntorhinalNorm,-620.4484458011987,True
113,MidTempNorm,583.8933581896324,True
113,VentricleNorm,-203.07459387375832,True
114,FusiformNorm,48.77203555790917,True
114,RAVLT_immediate,629.60769806537,True
114,MMSE,-102.35859829818206,True
114,TAU,382.76875962247993,True
114,ADAS13,-481.3350361917291,True
114,WholeBrainNorm,-41.87934828445994,True
114,PTAU,-26.502098923625343,True
114,HippocampusNorm,-47.30723552393889,True
114,ABETA,-256.1608343630209,True
114,EntorhinalNorm,-351.2134835466051,True
114,MidTempNorm,554.2674533362756,True
114,VentricleNorm,-104.36200635717984,True
115,FusiformNorm,-117.27955538862962,False
115,RAVLT_immediate,49.32779788533176,False
115,MMSE,-164.61149810709355,False
115,TAU,-111.32085702822206,False
115,ADAS13,-557.028996167802,False
115,WholeBrainNorm,-386.5403600215269,False
115,PTAU,64.73364244280393,False
115,HippocampusNorm,81.15836524352,False
115,ABETA,-301.5516961291462,False
115,EntorhinalNorm,-601.2002903245311,False
115,MidTempNorm,218.4790957130871,False
115,VentricleNorm,39.02129624326578,False
116,FusiformNorm,-53.16151162033984,True
116,RAVLT_immediate,552.4686259850947,True
116,MMSE,-299.9647949272374,True
116,TAU,-224.0292903508828,True
116,ADAS13,-393.8787655775151,True
116,WholeBrainNorm,-21.41312695193716,True
116,PTAU,-107.96155583103044,True
116,HippocampusNorm,-115.70602256318011,True
116,ABETA,-224.43006003904907,True
116,EntorhinalNorm,-575.5572177441056,True
116,MidTempNorm,552.7132884943736,True
116,VentricleNorm,-175.92168461790982,True
117,FusiformNorm,9.688538754245672,True
117,RAVLT_immediate,122.7090867741926,True
117,MMSE,-221.95658038631103,True
117,TAU,136.25858272480136,True
117,ADAS13,-468.2065243813533,True
117,WholeBrainNorm,24.43971364096737,True
117,PTAU,-24.305233073164604,True
117,HippocampusNorm,-136.77501875008463,True
117,ABETA,-244.77870606218966,True
117,EntorhinalNorm,-701.6886928868591,True
117,MidTempNorm,580.5047636958095,True
117,VentricleNorm,73.70420799666985,True
118,FusiformNorm,20.254278122862765,True
118,RAVLT_immediate,888.3906530003669,True
118,MMSE,-219.61725211023094,True
118,TAU,27.701853094043628,True
118,ADAS13,-598.475438052158,True
118,WholeBrainNorm,-361.4258620267393,True
118,PTAU,-43.8733312999442,True
118,HippocampusNorm,-80.99673420137381,True
118,ABETA,-209.10749170268804,True
118,EntorhinalNorm,-421.4703718408853,True
118,MidTempNorm,589.0675354081694,True
118,VentricleNorm,3.960221723049756,True
119,FusiformNorm,-50.0238346261835,True
119,RAVLT_immediate,366.0811726244659,True
119,MMSE,-242.11770991848883,True
119,TAU,334.88280907627967,True
119,ADAS13,-539.6492394962212,True
119,WholeBrainNorm,-205.29320881495727,True
119,PTAU,46.84595114464344,True
119,HippocampusNorm,-38.667069065138264,True
119,ABETA,-241.78305925264337,True
119,EntorhinalNorm,-582.1632206252468,True
119,MidTempNorm,511.17858571134747,True
119,VentricleNorm,-69.75128228255257,True
120,FusiformNorm,-57.917184687635135,True
120,RAVLT_immediate,227.539620441699,True
120,MMSE,-219.88291039288748,True
120,TAU,-132.77168742381576,True
120,ADAS13,-550.2054533348675,True
120,WholeBrainNorm,35.44136082506839,True
120,PTAU,-14.508815960033347,True
120,HippocampusNorm,-67.98963626421501,True
120,ABETA,-184.56563119322013,True
120,EntorhinalNorm,-396.14780299327424,True
120,MidTempNorm,555.9199976110342,True
120,VentricleNorm,-42.68650506387503,True
121,FusiformNorm,-32.800103916199106,False
121,RAVLT_immediate,-77.17857962424009,False
121,MMSE,-69.80877800288893,False
121,TAU,244.36236773576542,False
121,ADAS13,-578.6442061381908,False
121,WholeBrainNorm,-288.8769781958524,False
121,PTAU,39.410836588871916,False
121,HippocampusNorm,56.651850304650175,False
121,ABETA,-306.8874065475636,False
121,EntorhinalNorm,-114.0140298278522,False
121,MidTempNorm,253.03115122555005,False
121,VentricleNorm,18.229481443711745,False
122,FusiformNorm,-37.67257621293288,True
122,RAVLT_immediate,648.3802379945378,True
122,MMSE,-163.52372679885912,True
122,TAU,32.73015394917836,True
122,ADAS13,-412.94141021914703,True
122,WholeBrainNorm,221.73740193584683,True
122,PTAU,20.375723605339044,True
122,HippocampusNorm,-59.00325796731051,True
122,ABETA,-218.98565637912571,True
122,EntorhinalNorm,150.55641823327517,True
122,MidTempNorm,532.6184488700218,True
122,VentricleNorm,39.12406584858361,True
123,FusiformNorm,80.36165503011574,True
123,RAVLT_immediate,227.21366913751706,True
123,MMSE,-169.97496767254864,True
123,TAU,162.79961188026755,True
123,ADAS13,-540.9459800935803,True
123,WholeBrainNorm,-175.38996741385608,True
123,PTAU,-37.24040885410266,True
123,HippocampusNorm,-86.95164361869432,True
123,ABETA,-264.0744961153479,True
123,EntorhinalNorm,75.12564850354619,True
123,MidTempNorm,317.5747271787024,True
123,VentricleNorm,-46.817659647588954,True
124,FusiformNorm,-329.5601751558439,True
124,RAVLT_immediate,65.20732574430008,True
124,MMSE,49.65092910983972,True
124,TAU,343.60196360875193,True
124,ADAS13,-558.1800519144705,True
124,WholeBrainNorm,-246.85607440411565,True
124,PTAU,-71.801848609334,True
124,HippocampusNorm,-8.497827421741704,True
124,ABETA,-230.7458657068586,True
124,EntorhinalNorm,-336.1233144155547,True
124,MidTempNorm,581.863233351498,True
124,VentricleNorm,-15.247039810056407,True
125,FusiformNorm,-309.6444748157215,False
125,RAVLT_immediate,-52.103355971668435,False
125,MMSE,-168.39890915153688,False
125,TAU,332.40145549900103,False
125,ADAS13,-544.4959846945756,False
125,WholeBrainNorm,-315.78786769722836,False
125,PTAU,-51.49562813172921,False
125,HippocampusNorm,58.981396185849746,False
125,ABETA,-290.4525182829421,False
125,EntorhinalNorm,-842.7394057630695,False
125,MidTempNorm,278.19927868566936,False
125,VentricleNorm,41.439560117367535,False
126,FusiformNorm,-278.1903029440654,True
126,RAVLT_immediate,261.69374548418796,True
126,MMSE,-335.9411012331396,True
126,TAU,-278.3298971337898,True
126,ADAS13,-556.8761591015044,True
126,WholeBrainNorm,60.1319651495632,True
126,PTAU,58.19615462562919,True
126,HippocampusNorm,10.962697370930869,True
126,ABETA,-207.01761245344727,True
126,EntorhinalNorm,-166.23788451646482,True
126,MidTempNorm,557.8776108330582,True
126,VentricleNorm,-166.22887012122212,True
127,FusiformNorm,-122.71919905550618,True
127,RAVLT_immediate,215.16712110114702,True
127,MMSE,-36.14605797282101,True
127,TAU,-7.346811984067244,True
127,ADAS13,-566.6086079038915,True
127,WholeBrainNorm,-62.28478574280528,True
127,PTAU,82.14556272836919,True
127,HippocampusNorm,-105.27617835614606,True
127,ABETA,-185.99737638729474,True
127,EntorhinalNorm,-568.5992812565698,True
127,MidTempNorm,546.6264525461044,True
127,VentricleNorm,-44.07588418168967,True
128,FusiformNorm,-340.66280785623655,False
128,RAVLT_immediate,267.23985963770514,False
128,MMSE,85.05746571084424,False
128,TAU,33.878165680729495,False
128,ADAS13,-545.314242112452,False
128,WholeBrainNorm,-370.62680884117464,False
128,PTAU,31.75844352913558,False
128,HippocampusNorm,66.46876378259502,False
128,ABETA,-301.5123078915124,False
128,EntorhinalNorm,-956.8937351018164,False
128,MidTempNorm,215.15687628888747,False
128,VentricleNorm,-0.075717081116494,False
129,FusiformNorm,-318.57354451394974,False
129,RAVLT_immediate,331.6303967393004,False
129,MMSE,-121.9967899332684,False
129,TAU,936.7556530287218,False
129,ADAS13,-556.9611533796121,False
129,WholeBrainNorm,-271.63937263446525,False
129,PTAU,47.83208653424017,False
129,HippocampusNorm,66.67813619537458,False
129,ABETA,-284.21242055422226,False
129,EntorhinalNorm,-532.1521289508125,False
129,MidTempNorm,220.5637279590063,False
129,VentricleNorm,42.63665745440344,False
130,FusiformNorm,-350.54287673489875,True
130,RAVLT_immediate,478.85768882410827,True
130,MMSE,-261.48894181597086,True
130,TAU,135.68320112177972,True
130,ADAS13,-541.6046697346187,True
130,WholeBrainNorm,-178.49296225799185,True
130,PTAU,145.37684408389308,True
130,HippocampusNorm,-96.29619838322608,True
130,ABETA,-223.36301472903193,True
130,EntorhinalNorm,-124.86589786884872,True
130,MidTempNorm,186.87900441964234,True
130,VentricleNorm,9.90838230239747,True
131,FusiformNorm,-496.8388811935276,True
131,RAVLT_immediate,-48.413995780408015,True
131,MMSE,-167.83342754856346,True
131,TAU,-332.1087204803297,True
131,ADAS13,-538.6361414456642,True
131,WholeBrainNorm,-110.64510054435232,True
131,PTAU,74.52812225691484,True
131,HippocampusNorm,-32.957024118060374,True
131,ABETA,-234.4095192754148,True
131,EntorhinalNorm,-435.56241102271156,True
131,MidTempNorm,543.3826564995793,True
131,VentricleNorm,-133.49040802191823,True
132,FusiformNorm,-287.4919165898273,False
132,RAVLT_immediate,119.5281866163273,False
132,MMSE,-84.21830373122079,False
132,TAU,26.33631250909046,False
132,ADAS13,-555.4601184336606,False
132,WholeBrainNorm,-192.8168914554062,False
132,PTAU,38.83414022088927,False
132,HippocampusNorm,80.84745669798238,False
132,ABETA,-313.2733005994045,False
132,EntorhinalNorm,-569.9070596862787,False
132,MidTempNorm,336.47924546988213,False
132,VentricleNorm,-2.0626815703313746,False
133,FusiformNorm,105.15610469131816,True
133,RAVLT_immediate,927.0048479488214,True
133,MMSE,-29.70253635378603,True
133,TAU,32.92017229410511,True
133,ADAS13,-445.8185944275001,True
133,WholeBrainNorm,-29.803370503666088,True
133,PTAU,0.13241634613152176,True
133,HippocampusNorm,-102.8730747736611,True
133,ABETA,-234.0119658811995,True
133,EntorhinalNorm,-319.8532609071919,True
133,MidTempNorm,534.3890079925477,True
133,VentricleNorm,5.888521558427996,True
134,FusiformNorm,-371.24659776937165,True
134,RAVLT_immediate,243.5690760196543,True
134,MMSE,-198.55028354142237,True
134,TAU,137.41440052617767,True
134,ADAS13,-574.4841553292,True
134,WholeBrainNorm,-13.242789515491324,True
134,PTAU,-16.592477427891048,True
134,HippocampusNorm,-41.88990828030295,True
134,ABETA,-252.65531312462497,True
134,EntorhinalNorm,-414.9750967498835,True
134,MidTempNorm,552.9815552546496,True
134,VentricleNorm,-76.20291788932079,True
135,FusiformNorm,-574.6434130113919,False
135,RAVLT_immediate,206.60996999697394,False
135,MMSE,-30.01980390263094,False
135,TAU,199.8185436152082,False
135,ADAS13,-565.7911368915602,False
135,WholeBrainNorm,-260.11897070749774,False
135,PTAU,82.0192629057722,False
135,HippocampusNorm,77.06529654443855,False
135,ABETA,-302.50544349708144,False
135,EntorhinalNorm,-531.6603477790312,False
135,MidTempNorm,277.15772622425885,False
135,VentricleNorm,37.090043542195616,False
136,FusiformNorm,148.24339295057385,True
136,RAVLT_immediate,761.627855215572,True
136,MMSE,-167.8998498727795,True
136,TAU,692.6432119310198,True
136,ADAS13,-468.2232349855004,True
136,WholeBrainNorm,-182.31887940278543,True
136,PTAU,-92.02595020989371,True
136,HippocampusNorm,-21.77715378108465,True
136,ABETA,-259.52477919338656,True
136,EntorhinalNorm,-393.86578595444445,True
136,MidTempNorm,587.4983719513903,True
136,VentricleNorm,32.871494488644714,True
137,FusiformNorm,38.885776225007135,True
137,RAVLT_immediate,24.430231933183336,True
137,MMSE,-75.0979989504838,True
137,TAU,-231.07321008257387,True
137,ADAS13,-563.7233936496222,True
137,WholeBrainNorm,-372.3900942936691,True
137,PTAU,124.16611245475659,True
137,HippocampusNorm,-75.2171318632059,True
137,ABETA,-194.49068626234674,True
137,EntorhinalNorm,-584.9182246538783,True
137,MidTempNorm,546.2057745694686,True
137,VentricleNorm,62.70623069281294,True
138,FusiformNorm,3.430987663428887,True
138,RAVLT_immediate,327.5653067663238,True
138,MMSE,-283.8943766305809,True
138,TAU,434.79559839791773,True
138,ADAS13,-464.2167237634956,True
138,WholeBrainNorm,-142.2282437155222,True
138,PTAU,-3.6475492520113715,True
138,HippocampusNorm,-81.05033588637808,True
138,ABETA,-213.4689404440511,True
138,EntorhinalNorm,-79.3692568870602,True
138,MidTempNorm,556.8658182522486,True
138,VentricleNorm,103.40681527543241,True
139,FusiformNorm,101.0743779750065,True
139,RAVLT_immediate,302.6694363714657,True
139,MMSE,-51.103424824784696,True
139,TAU,106.55870998101469,True
139,ADAS13,-550.0808413438464,True
139,WholeBrainNorm,-64.75506896596016,True
139,PTAU,-4.241846965475415,True
139,HippocampusNorm,-86.07116995356466,True
139,ABETA,-227.17602584891813,True
139,EntorhinalNorm,-207.41129499741945,True
139,MidTempNorm,524.8473984036436,True
139,VentricleNorm,-97.41370597086403,True
140,FusiformNorm,-42.9806223056712,True
140,RAVLT_immediate,8.977304965240137,True
140,MMSE,-184.201970342148,True
140,TAU,115.9378516820841,True
140,ADAS13,-388.83208679836866,True
140,WholeBrainNorm,-138.85273996001897,True
140,PTAU,-95.5046300264415,True
140,HippocampusNorm,20.089046676504637,True
140,ABETA,-222.73758116142386,True
140,EntorhinalNorm,-320.04346537578374,True
140,MidTempNorm,558.8778788718424,True
140,VentricleNorm,-107.21805535355749,True
141,FusiformNorm,-386.46257378801704,True
141,RAVLT_immediate,209.34212685548158,True
141,MMSE,-33.31653825988235,True
141,TAU,-158.73507543276668,True
141,ADAS13,-575.2199970908308,True
141,WholeBrainNorm,-120.53182693406585,True
141,PTAU,63.98633167301224,True
141,HippocampusNorm,-84.68334800441207,True
141,ABETA,-202.88806381237177,True
141,EntorhinalNorm,-107.37288293983568,True
141,MidTempNorm,274.4611916241451,True
141,VentricleNorm,58.19941530248093,True
142,FusiformNorm,-187.31461116423318,True
142,RAVLT_immediate,-40.69956933502539,True
142,MMSE,-121.35896962729981,True
142,TAU,-173.37309977147925,True
142,ADAS13,-540.9449021393499,True
142,WholeBrainNorm,-71.31749272458151,True
142,PTAU,71.23632589588898,True
142,HippocampusNorm,64.30207133245287,True
142,ABETA,-178.8434589711989,True
142,EntorhinalNorm,161.62480990350514,True
142,MidTempNorm,274.73721058955056,True
142,VentricleNorm,52.5317837386566,True
143,FusiformNorm,68.95007415018576,True
143,RAVLT_immediate,568.0260552824774,True
143,MMSE,-210.41786531692665,True
143,TAU,34.2524589040446,True
143,ADAS13,-413.80013689856884,True
143,WholeBrainNorm,-21.02582566232354,True
143,PTAU,-17.295499221998956,True
143,HippocampusNorm,-48.38163228763597,True
143,ABETA,-228.17737737156426,True
143,EntorhinalNorm,-265.8170719027368,True
143,MidTempNorm,540.8288469587364,True
143,VentricleNorm,20.87602354792917,True
144,FusiformNorm,-45.68689415478863,True
144,RAVLT_immediate,324.617296062699,True
144,MMSE,-46.81115669592073,True
144,TAU,203.10249486926517,True
144,ADAS13,-550.9800340253602,True
144,WholeBrainNorm,-356.42115255162764,True
144,PTAU,-33.943369631549686,True
144,HippocampusNorm,8.029830763498111,True
144,ABETA,-236.00133672505945,True
144,EntorhinalNorm,-686.6816440042187,True
144,MidTempNorm,549.7543881628251,True
144,VentricleNorm,-14.143851833247933,True
145,FusiformNorm,-105.3601231158571,True
145,RAVLT_immediate,863.5815190882877,True
145,MMSE,-231.51726858321499,True
145,TAU,438.7837434529947,True
145,ADAS13,-499.48881432646317,True
145,WholeBrainNorm,-223.67267393073595,True
145,PTAU,-105.56542153560761,True
145,HippocampusNorm,-41.08145748015754,True
145,ABETA,-210.0176605947909,True
145,EntorhinalNorm,-200.2076956715484,True
145,MidTempNorm,502.4278308549969,True
145,VentricleNorm,-20.592800707617926,True
146,FusiformNorm,-141.52074297959507,True
146,RAVLT_immediate,77.81321155392365,True
146,MMSE,-151.73279570895687,True
146,TAU,-37.24063766665374,True
146,ADAS13,-545.3607885406273,True
146,WholeBrainNorm,-230.13390655499325,True
146,PTAU,-90.20837742804918,True
146,HippocampusNorm,-46.85971245007241,True
146,ABETA,-255.54390164289592,True
146,EntorhinalNorm,-322.7611592908403,True
146,MidTempNorm,535.3215517029527,True
146,VentricleNorm,-36.930045650599645,True
147,FusiformNorm,53.696359048476964,True
147,RAVLT_immediate,621.83606529078,True
147,MMSE,-285.73287958698654,True
147,TAU,-117.53176285471531,True
147,ADAS13,-543.7604754939607,True
147,WholeBrainNorm,83.84849679715396,True
147,PTAU,-20.070699349024032,True
147,HippocampusNorm,-91.99868799444293,True
147,ABETA,-229.95359537430224,True
147,EntorhinalNorm,-171.18622343031595,True
147,MidTempNorm,531.0281645442733,True
147,VentricleNorm,71.2140001623739,True
148,FusiformNorm,-30.85909189160921,False
148,RAVLT_immediate,147.7191255970984,False
148,MMSE,-66.35907893540144,False
148,TAU,553.6189861549752,False
148,ADAS13,-557.7683165183448,False
148,WholeBrainNorm,-82.90640758775109,False
148,PTAU,-4.2594648368584345,False
148,HippocampusNorm,67.68529476130537,False
148,ABETA,-261.5195338959446,False
148,EntorhinalNorm,-144.80706186911902,False
148,MidTempNorm,304.7705657847823,False
148,VentricleNorm,8.085435696079049,False
149,FusiformNorm,-141.25959127644086,True
149,RAVLT_immediate,430.4958075147443,True
149,MMSE,-171.6666382531996,True
149,TAU,-172.4056368696139,True
149,ADAS13,-535.3574057597344,True
149,WholeBrainNorm,-351.48496437210497,True
149,PTAU,26.887834886502077,True
149,HippocampusNorm,-104.03519608406408,True
149,ABETA,-239.02433464950565,True
149,EntorhinalNorm,-773.420739978072,True
149,MidTempNorm,556.5234847446764,True
149,VentricleNorm,-86.226661133663,True
150,FusiformNorm,-149.4150526905728,True
150,RAVLT_immediate,267.3972930053806,True
150,MMSE,-117.69386460816415,True
150,TAU,20.446263408133518,True
150,ADAS13,-557.1137873825879,True
150,WholeBrainNorm,-201.16154344492438,True
150,PTAU,36.99143657173829,True
150,HippocampusNorm,-29.336074708700252,True
150,ABETA,-264.4388456846144,True
150,EntorhinalNorm,-490.7057068998908,True
150,MidTempNorm,229.29249053091743,True
150,VentricleNorm,-62.94051430262952,True
151,FusiformNorm,94.43331375147075,True
151,RAVLT_immediate,192.41976863443264,True
151,MMSE,-126.06587352981657,True
151,TAU,-357.3103980313018,True
151,ADAS13,-534.2958305513531,True
151,WholeBrainNorm,-362.50960227605617,True
151,PTAU,-43.913267982384696,True
151,HippocampusNorm,-29.063204991031274,True
151,ABETA,-266.83584307553343,True
151,EntorhinalNorm,-507.3480872847888,True
151,MidTempNorm,565.2771339733408,True
151,VentricleNorm,-27.6332754752474,True
152,FusiformNorm,-633.0871019497022,True
152,RAVLT_immediate,395.4907929297658,True
152,MMSE,-122.36887674979158,True
152,TAU,8.995302091778186,True
152,ADAS13,-547.1610862288237,True
152,WholeBrainNorm,-264.1769400390499,True
152,PTAU,35.12201869250704,True
152,HippocampusNorm,65.37905424835756,True
152,ABETA,-175.16889466250404,True
152,EntorhinalNorm,-480.0983333709147,True
152,MidTempNorm,220.0303722007717,True
152,VentricleNorm,-91.71520335933944,True
153,FusiformNorm,67.41839775439912,True
153,RAVLT_immediate,544.0243421889804,True
153,MMSE,-7.513151174486296,True
153,TAU,126.9721973658203,True
153,ADAS13,-426.7634812891837,True
153,WholeBrainNorm,-244.1861440009667,True
153,PTAU,-131.69754167736602,True
153,HippocampusNorm,-55.837665743468605,True
153,ABETA,-190.87651284711728,True
153,EntorhinalNorm,-170.37748960834605,True
153,MidTempNorm,537.6252164430285,True
153,VentricleNorm,-182.22633608288302,True
154,FusiformNorm,67.69036769867293,True
154,RAVLT_immediate,413.60797355430793,True
154,MMSE,-127.59537622793925,True
154,TAU,-499.56312706172764,True
154,ADAS13,-432.360245481353,True
154,WholeBrainNorm,-137.7119965320644,True
154,PTAU,5.628758246261349,True
154,HippocampusNorm,-76.61121029480873,True
154,ABETA,-207.2435412737176,True
154,EntorhinalNorm,158.02993770183411,True
154,MidTempNorm,563.4278215738102,True
154,VentricleNorm,-74.38677729971063,True
155,FusiformNorm,21.350822558659395,True
155,RAVLT_immediate,609.6554239124634,True
155,MMSE,-111.91198778417245,True
155,TAU,-226.41798748448244,True
155,ADAS13,-643.684967150698,True
155,WholeBrainNorm,-100.76503342744479,True
155,PTAU,-79.79221263754263,True
155,HippocampusNorm,-49.44434801357954,True
155,ABETA,-241.00641469686516,True
155,EntorhinalNorm,-558.5079351475092,True
155,MidTempNorm,595.8021863286864,True
155,VentricleNorm,-88.89912815685727,True
156,FusiformNorm,-483.51459990442964,True
156,RAVLT_immediate,130.82066193162848,True
156,MMSE,-121.52514454146596,True
156,TAU,464.76034615668846,True
156,ADAS13,-556.2849595045856,True
156,WholeBrainNorm,-253.94629055198823,True
156,PTAU,-0.6291878168884608,True
156,HippocampusNorm,-57.11052082905233,True
156,ABETA,-167.95011297638,True
156,EntorhinalNorm,-324.3082762904259,True
156,MidTempNorm,513.2952435168453,True
156,VentricleNorm,47.117456291146254,True
157,FusiformNorm,-26.648665209265644,True
157,RAVLT_immediate,131.57057064428895,True
157,MMSE,-38.93456451311252,True
157,TAU,-134.45298600272758,True
157,ADAS13,-550.9108617355093,True
157,WholeBrainNorm,-154.81475171920283,True
157,PTAU,-47.6139438338105,True
157,HippocampusNorm,-41.513192096049295,True
157,ABETA,-288.38305666705764,True
157,EntorhinalNorm,-23.128613222175318,True
157,MidTempNorm,542.0598814832707,True
157,VentricleNorm,-38.51243807314198,True
158,FusiformNorm,120.76772270651912,True
158,RAVLT_immediate,452.17009361554653,True
158,MMSE,-87.40251618768204,True
158,TAU,86.88065146538177,True
158,ADAS13,-542.9494175625906,True
158,WholeBrainNorm,55.84406510985161,True
158,PTAU,-25.920383149916326,True
158,HippocampusNorm,-40.171681577967554,True
158,ABETA,-235.72144253947312,True
158,EntorhinalNorm,-417.6477792290399,True
158,MidTempNorm,242.04697043668193,True
158,VentricleNorm,-121.91204244229398,True
159,FusiformNorm,21.33290649898231,True
159,RAVLT_immediate,815.1930928978791,True
159,MMSE,-129.45452499740384,True
159,TAU,546.4120036342298,True
159,ADAS13,-474.3772701840402,True
159,WholeBrainNorm,-206.32497576400638,True
159,PTAU,48.50188829658005,True
159,HippocampusNorm,-69.90151279380919,True
159,ABETA,-193.1367059371246,True
159,EntorhinalNorm,97.71726487714898,True
159,MidTempNorm,558.5020923522144,True
159,VentricleNorm,82.30645559764524,True
160,FusiformNorm,2.4303113633093005,True
160,RAVLT_immediate,37.1386439871943,True
160,MMSE,-15.059323335853676,True
160,TAU,-68.05835315734737,True
160,ADAS13,-548.2493756532457,True
160,WholeBrainNorm,-445.70230554513813,True
160,PTAU,138.34346372354227,True
160,HippocampusNorm,45.64709214620822,True
160,ABETA,-288.60229621867717,True
160,EntorhinalNorm,-546.8681659790079,True
160,MidTempNorm,187.23414993986674,True
160,VentricleNorm,5.404915706362402,True
161,FusiformNorm,86.97044999505808,True
161,RAVLT_immediate,714.1726074614522,True
161,MMSE,-268.09029564581317,True
161,TAU,153.00571661390873,True
161,ADAS13,-362.24726169640735,True
161,WholeBrainNorm,-262.84460560028265,True
161,PTAU,-51.89824691827484,True
161,HippocampusNorm,-48.67554969359245,True
161,ABETA,-259.5327956141568,True
161,EntorhinalNorm,-279.249610975479,True
161,MidTempNorm,554.2042630285488,True
161,VentricleNorm,-67.02985877403957,True
162,FusiformNorm,80.1640133425075,True
162,RAVLT_immediate,270.2893223000266,True
162,MMSE,-129.06108723615034,True
162,TAU,542.0023261893823,True
162,ADAS13,-441.37227245916273,True
162,WholeBrainNorm,-294.2563490108391,True
162,PTAU,-118.42609159442517,True
162,HippocampusNorm,-16.645206986565228,True
162,ABETA,-198.2716376980266,True
162,EntorhinalNorm,19.450325286236364,True
162,MidTempNorm,543.4111121638144,True
162,VentricleNorm,169.91773317633516,True
163,FusiformNorm,197.34050282026243,True
163,RAVLT_immediate,316.0638971250472,True
163,MMSE,-226.70345303164748,True
163,TAU,274.83333649175415,True
163,ADAS13,-546.3583001620575,True
163,WholeBrainNorm,-130.64790245255256,True
163,PTAU,-32.6395096804236,True
163,HippocampusNorm,-131.87122297564002,True
163,ABETA,-223.02556118863046,True
163,EntorhinalNorm,-310.29504132846074,True
163,MidTempNorm,552.8467498276422,True
163,VentricleNorm,-30.69910240839805,True
164,FusiformNorm,-11.26334786149038,True
164,RAVLT_immediate,435.77533792506426,True
164,MMSE,-111.09743318163424,True
164,TAU,199.10562268244223,True
164,ADAS13,-478.90405858697426,True
164,WholeBrainNorm,-55.32259892265952,True
164,PTAU,-34.18629595044523,True
164,HippocampusNorm,-60.92318557207477,True
164,ABETA,-215.6771784913286,True
164,EntorhinalNorm,-139.46932417044792,True
164,MidTempNorm,500.0516625462544,True
164,VentricleNorm,2.0134417586246727,True
165,FusiformNorm,-52.66082546237391,True
165,RAVLT_immediate,483.62941077856794,True
165,MMSE,-207.78053219440548,True
165,TAU,-124.64569456396552,True
165,ADAS13,-542.7174715645373,True
165,WholeBrainNorm,-34.547536580764245,True
165,PTAU,65.75108074605241,True
165,HippocampusNorm,-85.26093843239613,True
165,ABETA,-238.86628263748906,True
165,EntorhinalNorm,-557.5946780514189,True
165,MidTempNorm,250.3009736921886,True
165,VentricleNorm,-43.440420301343096,True
166,FusiformNorm,0.9440686018371771,True
166,RAVLT_immediate,448.7766292347785,True
166,MMSE,-261.82696438788264,True
166,TAU,343.1541079648521,True
166,ADAS13,-431.13778668274176,True
166,WholeBrainNorm,-221.7755829630996,True
166,PTAU,184.32446809022707,True
166,HippocampusNorm,-115.6827240815037,True
166,ABETA,-211.3413040572268,True
166,EntorhinalNorm,-318.7011858967778,True
166,MidTempNorm,550.1199629842607,True
166,VentricleNorm,20.785557085716615,True
167,FusiformNorm,-203.63609342967655,True
167,RAVLT_immediate,34.20737841561852,True
167,MMSE,11.604454881858402,True
167,TAU,-135.4079878631189,True
167,ADAS13,-544.1697065156548,True
167,WholeBrainNorm,-29.260394710939778,True
167,PTAU,106.98967471139305,True
167,HippocampusNorm,-48.00929803655316,True
167,ABETA,-252.24816709853687,True
167,EntorhinalNorm,-343.246765413311,True
167,MidTempNorm,259.06577270119965,True
167,VentricleNorm,-49.80690396660038,True
168,FusiformNorm,-18.24174721144206,True
168,RAVLT_immediate,358.01119282516754,True
168,MMSE,-87.88088521805207,True
168,TAU,67.11842287495213,True
168,ADAS13,-557.8083072024316,True
168,WholeBrainNorm,-0.11604390317162938,True
168,PTAU,62.25623731577761,True
168,HippocampusNorm,-58.24921494236408,True
168,ABETA,-244.65013971444307,True
168,EntorhinalNorm,-328.8042612559887,True
168,MidTempNorm,570.8449048439945,True
168,VentricleNorm,42.40169069009525,True
169,FusiformNorm,-60.72361171199241,True
169,RAVLT_immediate,458.741110181883,True
169,MMSE,-194.47072546843538,True
169,TAU,-96.96109957989194,True
169,ADAS13,-462.86847551892765,True
169,WholeBrainNorm,-302.38741725425746,True
169,PTAU,9.276914083738507,True
169,HippocampusNorm,-48.726511638900575,True
169,ABETA,-236.87243891826003,True
169,EntorhinalNorm,-591.4132568126041,True
169,MidTempNorm,538.0598580554356,True
169,VentricleNorm,-46.2148976256266,True
170,FusiformNorm,-185.5260380232488,False
170,RAVLT_immediate,80.29071910578351,False
170,MMSE,-37.56718278911053,False
170,TAU,-270.31612352615235,False
170,ADAS13,-554.2359663235152,False
170,WholeBrainNorm,-191.77074182873648,False
170,PTAU,160.4730867693585,False
170,HippocampusNorm,82.50637265512,False
170,ABETA,-297.9365498697817,False
170,EntorhinalNorm,-816.7205188095479,False
170,MidTempNorm,248.27440011505533,False
170,VentricleNorm,39.44375115681365,False
171,FusiformNorm,13.86969127290759,True
171,RAVLT_immediate,518.4605951687294,True
171,MMSE,-137.7146914048751,True
171,TAU,130.9249742661493,True
171,ADAS13,-557.7097932048715,True
171,WholeBrainNorm,-387.83561961590436,True
171,PTAU,27.963939916066536,True
171,HippocampusNorm,-48.47149843760777,True
171,ABETA,-248.1692491420456,True
171,EntorhinalNorm,-329.22387862661276,True
171,MidTempNorm,536.6903009459108,True
171,VentricleNorm,-71.12973222793647,True
172,FusiformNorm,-341.54844293361583,True
172,RAVLT_immediate,-60.298379161453084,True
172,MMSE,-28.055219587790972,True
172,TAU,296.63767541860966,True
172,ADAS13,-558.1841154211046,True
172,WholeBrainNorm,-135.4556565626389,True
172,PTAU,37.20788100662939,True
172,HippocampusNorm,49.568847851281774,True
172,ABETA,-217.40005076984113,True
172,EntorhinalNorm,-593.5317151304678,True
172,MidTempNorm,212.83704421635878,True
172,VentricleNorm,-68.71994326760131,True
173,FusiformNorm,-296.5415274003513,True
173,RAVLT_immediate,199.2269435220845,True
173,MMSE,-102.82818082366302,True
173,TAU,9.341333133629306,True
173,ADAS13,-541.3988800881556,True
173,WholeBrainNorm,-184.71593064650284,True
173,PTAU,66.6108473217549,True
173,HippocampusNorm,-92.76123746908564,True
173,ABETA,-175.93697111996977,True
173,EntorhinalNorm,-200.47004976477382,True
173,MidTempNorm,563.3092798546584,True
173,VentricleNorm,23.3831954343494,True
174,FusiformNorm,-80.75712302692256,True
174,RAVLT_immediate,217.9123254307132,True
174,MMSE,-140.69848136536882,True
174,TAU,272.97929672171705,True
174,ADAS13,-570.1756518789351,True
174,WholeBrainNorm,-330.8188566407799,True
174,PTAU,80.60993724277856,True
174,HippocampusNorm,-54.334087177760374,True
174,ABETA,-208.1516159470589,True
174,EntorhinalNorm,-462.8290418493018,True
174,MidTempNorm,535.7851263021946,True
174,VentricleNorm,28.148482267215815,True
175,FusiformNorm,-29.510153934494838,True
175,RAVLT_immediate,167.04558313530174,True
175,MMSE,-316.56910480979025,True
175,TAU,237.8213707007141,True
175,ADAS13,-429.90137027511304,True
175,WholeBrainNorm,-192.84735758598924,True
175,PTAU,-77.56696580597657,True
175,HippocampusNorm,-80.2364330365343,True
175,ABETA,-211.24018294346726,True
175,EntorhinalNorm,-95.25963087845099,True
175,MidTempNorm,520.4436896985059,True
175,VentricleNorm,127.92112071888198,True
176,FusiformNorm,-56.3222046265608,True
176,RAVLT_immediate,322.3232870750299,True
176,MMSE,-219.3689282928184,True
176,TAU,227.9129230852512,True
176,ADAS13,-549.6038608304226,True
176,WholeBrainNorm,-41.04674958219826,True
176,PTAU,-22.34385764967269,True
176,HippocampusNorm,-73.87936642085305,True
176,ABETA,-205.24545370996913,True
176,EntorhinalNorm,-252.26798722725454,True
176,MidTempNorm,545.9213987100937,True
176,VentricleNorm,32.21337771313152,True
177,FusiformNorm,88.47334142744171,False
177,RAVLT_immediate,299.7480995841212,False
177,MMSE,-127.5011835340619,False
177,TAU,-187.18604986960923,False
177,ADAS13,-561.4526026830806,False
177,WholeBrainNorm,-278.8653353741,False
177,PTAU,83.16141415541719,False
177,HippocampusNorm,45.643044174954454,False
177,ABETA,-288.76728951161135,False
177,EntorhinalNorm,-994.0520751269532,False
177,MidTempNorm,301.19287975981473,False
177,VentricleNorm,53.106561764338096,False
178,FusiformNorm,-184.25887498382102,True
178,RAVLT_immediate,213.65716435310483,True
178,MMSE,-263.9911976345775,True
178,TAU,214.86488461111284,True
178,ADAS13,-546.3686849751567,True
178,WholeBrainNorm,-180.12524396544148,True
178,PTAU,2.2961673697190683,True
178,HippocampusNorm,-45.522140178571476,True
178,ABETA,-237.12457763875796,True
178,EntorhinalNorm,-109.71533899350044,True
178,MidTempNorm,594.6737648047688,True
178,VentricleNorm,-60.91711290388959,True
179,FusiformNorm,-214.99728737740938,False
179,RAVLT_immediate,424.97274832009987,False
179,MMSE,-96.46138772527608,False
179,TAU,635.1690660750949,False
179,ADAS13,-550.0476635912838,False
179,WholeBrainNorm,-153.81391778978445,False
179,PTAU,81.55555294964887,False
179,HippocampusNorm,69.59576829406738,False
179,ABETA,-284.3082839437924,False
179,EntorhinalNorm,-747.4781376984638,False
179,MidTempNorm,269.79339768022595,False
179,VentricleNorm,28.58125764239137,False
180,FusiformNorm,-48.699130530698824,True
180,RAVLT_immediate,-148.33383712799463,True
180,MMSE,-91.97234581327629,True
180,TAU,34.096865266523274,True
180,ADAS13,-544.0190305427749,True
180,WholeBrainNorm,11.454278609155693,True
180,PTAU,32.88154851912593,True
180,HippocampusNorm,74.4710673651849,True
180,ABETA,-241.7212092921844,True
180,EntorhinalNorm,-424.70954780471186,True
180,MidTempNorm,239.2630546967444,True
180,VentricleNorm,29.708782648155793,True
181,FusiformNorm,18.076013683639914,True
181,RAVLT_immediate,161.90035079528795,True
181,MMSE,-114.70669122582088,True
181,TAU,278.89694268587243,True
181,ADAS13,-551.2081720144663,True
181,WholeBrainNorm,-8.653827267278132,True
181,PTAU,127.32015176797412,True
181,HippocampusNorm,-48.50972802394794,True
181,ABETA,-226.56046818293117,True
181,EntorhinalNorm,-82.98618524612806,True
181,MidTempNorm,563.7971911102943,True
181,VentricleNorm,138.05641880436337,True
182,FusiformNorm,21.634431536133377,True
182,RAVLT_immediate,767.3948593007199,True
182,MMSE,-181.7435447341838,True
182,TAU,145.67743308804188,True
182,ADAS13,-384.4300958125988,True
182,WholeBrainNorm,-299.46039618229554,True
182,PTAU,6.258988813926489,True
182,HippocampusNorm,-53.02306453462613,True
182,ABETA,-247.94727404146948,True
182,EntorhinalNorm,-606.3429081663304,True
182,MidTempNorm,541.2339224034118,True
182,VentricleNorm,6.4329274462646175,True
183,FusiformNorm,-232.68767246473718,True
183,RAVLT_immediate,344.26964091446894,True
183,MMSE,-239.926417392725,True
183,TAU,-36.476546453694155,True
183,ADAS13,-554.5213343979101,True
183,WholeBrainNorm,-148.15403753069396,True
183,PTAU,7.612930010489848,True
183,HippocampusNorm,-29.416855775691996,True
183,ABETA,-181.61297395094138,True
183,EntorhinalNorm,-324.9338889031631,True
183,MidTempNorm,550.3890207755186,True
183,VentricleNorm,-105.98620845883636,True
184,FusiformNorm,-279.33958664174753,False
184,RAVLT_immediate,-74.95621980678783,False
184,MMSE,-46.59053036349081,False
184,TAU,424.1769023328604,False
184,ADAS13,-543.9534674194449,False
184,WholeBrainNorm,-224.00116287618474,False
184,PTAU,-31.881333709700762,False
184,HippocampusNorm,75.71965708771751,False
184,ABETA,-291.71511397367277,False
184,EntorhinalNorm,-774.508145898949,False
184,MidTempNorm,227.135362573125,False
184,VentricleNorm,-13.185951514036493,False
185,FusiformNorm,-285.0024373174138,False
185,RAVLT_immediate,160.41646319960688,False
185,MMSE,31.357025621342245,False
185,TAU,262.93311459217136,False
185,ADAS13,-538.6051168523184,False
185,WholeBrainNorm,-386.423244547448,False
185,PTAU,-24.67096664377207,False
185,HippocampusNorm,76.07679798117792,False
185,ABETA,-305.9219894555551,False
185,EntorhinalNorm,-384.5993687631481,False
185,MidTempNorm,224.4148266577722,False
185,VentricleNorm,-1.777211712677012,False
186,FusiformNorm,-497.3165803509774,True
186,RAVLT_immediate,55.274834126229365,True
186,MMSE,44.59949427383944,True
186,TAU,360.4413820316487,True
186,ADAS13,-537.5134465990268,True
186,WholeBrainNorm,-285.09778256650975,True
186,PTAU,-24.097440879004857,True
186,HippocampusNorm,-56.51958142843873,True
186,ABETA,-269.72045240645656,True
186,EntorhinalNorm,86.11091290744793,True
186,MidTempNorm,246.65499557001388,True
186,VentricleNorm,-103.0443107343604,True
187,FusiformNorm,6.738549891183624,False
187,RAVLT_immediate,-55.55429145334293,False
187,MMSE,56.64718710873967,False
187,TAU,520.6221190343754,False
187,ADAS13,-555.204897739234,False
187,WholeBrainNorm,-394.76629866460075,False
187,PTAU,28.97069970330104,False
187,HippocampusNorm,56.48917569191132,False
187,ABETA,-298.54600419443193,False
187,EntorhinalNorm,-883.0197017360146,False
187,MidTempNorm,345.8477698165248,False
187,VentricleNorm,-13.36862713649078,False
188,FusiformNorm,39.36127339613455,False
188,RAVLT_immediate,52.08147996527126,False
188,MMSE,-124.25647024434325,False
188,TAU,-272.1669073363104,False
188,ADAS13,-542.6537334607904,False
188,WholeBrainNorm,-211.75932011690657,False
188,PTAU,31.89189261942339,False
188,HippocampusNorm,65.62246281128517,False
188,ABETA,-279.59705825157374,False
188,EntorhinalNorm,-510.1659012829456,False
188,MidTempNorm,369.94848911354933,False
188,VentricleNorm,16.572268441003587,False
189,FusiformNorm,16.441882527462198,True
189,RAVLT_immediate,16.047690042984385,True
189,MMSE,-146.8737459614925,True
189,TAU,23.85207599823486,True
189,ADAS13,-555.7377567386847,True
189,WholeBrainNorm,-303.28953185456703,True
189,PTAU,32.961798804482456,True
189,HippocampusNorm,-46.71107627913945,True
189,ABETA,-235.2597566530333,True
189,EntorhinalNorm,-327.9337869931615,True
189,MidTempNorm,542.9643962928732,True
189,VentricleNorm,-94.24389130117385,True
190,FusiformNorm,-366.02117830952807,True
190,RAVLT_immediate,268.6251967326482,True
190,MMSE,-52.564086874269044,True
190,TAU,615.4182221076255,True
190,ADAS13,-561.5021057826837,True
190,WholeBrainNorm,-192.12057907830737,True
190,PTAU,62.30963021827386,True
190,HippocampusNorm,61.41110095362383,True
190,ABETA,-306.6831960479741,True
190,EntorhinalNorm,-331.57279833842506,True
190,MidTempNorm,312.2268792246017,True
190,VentricleNorm,7.7159533755018845,True
191,FusiformNorm,-330.2617570682206,True
191,RAVLT_immediate,549.5874127580054,True
191,MMSE,36.79638630815447,True
191,TAU,194.68197020720442,True
191,ADAS13,-532.6851129236246,True
191,WholeBrainNorm,107.80358151443778,True
191,PTAU,94.27602454514054,True
191,HippocampusNorm,-46.67063530711251,True
191,ABETA,-207.8594434519918,True
191,EntorhinalNorm,-518.7079521008297,True
191,MidTempNorm,538.1801097931559,True
191,VentricleNorm,-26.668490609109114,True
192,FusiformNorm,11.861284735950933,True
192,RAVLT_immediate,-230.3485147826035,True
192,MMSE,-289.5612234546843,True
192,TAU,220.93996359880794,True
192,ADAS13,-367.4320181108166,True
192,WholeBrainNorm,59.471144893540725,True
192,PTAU,65.65931711956101,True
192,HippocampusNorm,-105.73518357200246,True
192,ABETA,-229.31678309451715,True
192,EntorhinalNorm,-386.17746909395305,True
192,MidTempNorm,517.5169407279136,True
192,VentricleNorm,37.35772901611411,True
193,FusiformNorm,-222.66937117260255,True
193,RAVLT_immediate,560.2637686170383,True
193,MMSE,-138.83925262093064,True
193,TAU,102.69621474035128,True
193,ADAS13,-489.7067780590346,True
193,WholeBrainNorm,-81.86038521323735,True
193,PTAU,-185.3745120677693,True
193,HippocampusNorm,-116.4677267511621,True
193,ABETA,-207.54397024457094,True
193,EntorhinalNorm,-274.529938992907,True
193,MidTempNorm,533.1049131105802,True
193,VentricleNorm,-135.69800459962326,True
194,FusiformNorm,-18.879718329357694,True
194,RAVLT_immediate,535.9641784912851,True
194,MMSE,-205.55415191727812,True
194,TAU,397.9389024695088,True
194,ADAS13,-556.3668052834021,True
194,WholeBrainNorm,-266.64635095051665,True
194,PTAU,-53.33076671764127,True
194,HippocampusNorm,-85.85036142891616,True
194,ABETA,-201.72195735556852,True
194,EntorhinalNorm,-505.2161868495798,True
194,MidTempNorm,556.9713607508105,True
194,VentricleNorm,-6.783859597230842,True
195,FusiformNorm,-135.63327796837308,True
195,RAVLT_immediate,839.286576019261,True
195,MMSE,-128.52449489808214,True
195,TAU,-45.79091372681438,True
195,ADAS13,-456.4557762369502,True
195,WholeBrainNorm,-410.912806576296,True
195,PTAU,-89.16932781910003,True
195,HippocampusNorm,-36.11386533919645,True
195,ABETA,-207.30182603540072,True
195,EntorhinalNorm,-548.4330219349094,True
195,MidTempNorm,556.376167793222,True
195,VentricleNorm,-102.5193960131611,True
196,FusiformNorm,-53.5166505837465,True
196,RAVLT_immediate,430.8062287709102,True
196,MMSE,-231.54648014802217,True
196,TAU,448.39645145542795,True
196,ADAS13,-436.4633625448804,True
196,WholeBrainNorm,-486.298641385933,True
196,PTAU,-32.28820659647716,True
196,HippocampusNorm,-5.1097446809574265,True
196,ABETA,-220.88293165346226,True
196,EntorhinalNorm,-490.99063833238574,True
196,MidTempNorm,580.3582996638784,True
196,VentricleNorm,86.14879804335327,True
197,FusiformNorm,-38.43431140867503,True
197,RAVLT_immediate,206.40499155019833,True
197,MMSE,-265.2916016440529,True
197,TAU,-29.63473424600099,True
197,ADAS13,-541.3664503778583,True
197,WholeBrainNorm,-205.2049149736269,True
197,PTAU,92.25988645176045,True
197,HippocampusNorm,-62.63087990292032,True
197,ABETA,-192.8227084602818,True
197,EntorhinalNorm,-621.7347430430074,True
197,MidTempNorm,554.4190279535558,True
197,VentricleNorm,-81.13595933815631,True
198,FusiformNorm,-104.08264157865652,False
198,RAVLT_immediate,236.11017437748256,False
198,MMSE,-182.97159107115687,False
198,TAU,119.13108681474726,False
198,ADAS13,-542.7759778321395,False
198,WholeBrainNorm,-328.82059028702326,False
198,PTAU,147.66789826760024,False
198,HippocampusNorm,53.52140645518884,False
198,ABETA,-259.1966572101839,False
198,EntorhinalNorm,-911.1281613977162,False
198,MidTempNorm,291.26906487342654,False
198,VentricleNorm,18.115318079439252,False
199,FusiformNorm,-7.198213742897769,True
199,RAVLT_immediate,726.082856148736,True
199,MMSE,-234.2799734356089,True
199,TAU,154.11207740738348,True
199,ADAS13,-465.8733361885695,True
199,WholeBrainNorm,-244.7967655993324,True
199,PTAU,66.54749377329829,True
199,HippocampusNorm,-16.570208227643136,True
199,ABETA,-256.97222198904296,True
199,EntorhinalNorm,-576.7398426197451,True
199,MidTempNorm,612.4618552157473,True
199,VentricleNorm,9.157684066707013,True
200,FusiformNorm,-11.342725578792198,False
200,RAVLT_immediate,0.4067483553995146,False
200,MMSE,-172.958229403009,False
200,TAU,517.660893800139,False
200,ADAS13,-556.443128806142,False
200,WholeBrainNorm,-201.2200873864422,False
200,PTAU,10.285915437114753,False
200,HippocampusNorm,67.65330870991998,False
200,ABETA,-294.04666327261697,False
200,EntorhinalNorm,-402.61138848569936,False
200,MidTempNorm,228.80553311823152,False
200,VentricleNorm,2.8714360882329615,False
201,FusiformNorm,-278.3925621080162,False
201,RAVLT_immediate,192.9798658656748,False
201,MMSE,-125.80196687504463,False
201,TAU,273.8748931969854,False
201,ADAS13,-542.7451217916563,False
201,WholeBrainNorm,-186.58226611262677,False
201,PTAU,142.49344941858385,False
201,HippocampusNorm,61.310729176190826,False
201,ABETA,-282.2619580027272,False
201,EntorhinalNorm,-498.95476337568863,False
201,MidTempNorm,268.1142554268826,False
201,VentricleNorm,25.73857064451809,False
202,FusiformNorm,-14.813655189578105,True
202,RAVLT_immediate,477.81681677699737,True
202,MMSE,-150.26093408128312,True
202,TAU,140.58849273553864,True
202,ADAS13,-533.3749520593828,True
202,WholeBrainNorm,-66.70152771821573,True
202,PTAU,17.42422450648866,True
202,HippocampusNorm,-56.760339191194554,True
202,ABETA,-217.03965705092367,True
202,EntorhinalNorm,-267.07321636343806,True
202,MidTempNorm,566.4654158039926,True
202,VentricleNorm,-63.22869373718373,True
203,FusiformNorm,-4.140035198833194,True
203,RAVLT_immediate,68.25866915825384,True
203,MMSE,-206.6811962932264,True
203,TAU,-218.425121400537,True
203,ADAS13,-546.2975106132656,True
203,WholeBrainNorm,-80.51670649637083,True
203,PTAU,58.4919035009534,True
203,HippocampusNorm,-52.82972651153074,True
203,ABETA,-154.81907297692157,True
203,EntorhinalNorm,-695.4649122738505,True
203,MidTempNorm,572.6980517712905,True
203,VentricleNorm,-13.50546496600183,True
204,FusiformNorm,-477.2773409716424,True
204,RAVLT_immediate,-202.51093014897708,True
204,MMSE,-135.80524441148594,True
204,TAU,-56.992058658475884,True
204,ADAS13,-550.7532661739915,True
204,WholeBrainNorm,-277.7743548980397,True
204,PTAU,75.35710228240397,True
204,HippocampusNorm,61.0677667673955,True
204,ABETA,-261.87053657628724,True
204,EntorhinalNorm,-293.5453289856713,True
204,MidTempNorm,235.20256406715683,True
204,VentricleNorm,61.796153140488514,True
205,FusiformNorm,-731.9152883638011,False
205,RAVLT_immediate,7.778506788497708,False
205,MMSE,-186.99590887903673,False
205,TAU,447.22567628153365,False
205,ADAS13,-562.2581808084531,False
205,WholeBrainNorm,-86.5381098171058,False
205,PTAU,85.93477623655448,False
205,HippocampusNorm,58.84509445366559,False
205,ABETA,-322.09618654576286,False
205,EntorhinalNorm,-1058.1043381749976,False
205,MidTempNorm,291.3976651170029,False
205,VentricleNorm,35.442537878632805,False
206,FusiformNorm,-33.21933873714888,True
206,RAVLT_immediate,153.65246025283494,True
206,MMSE,-204.51107640597456,True
206,TAU,163.43213169257803,True
206,ADAS13,-512.2618954838433,True
206,WholeBrainNorm,-166.55814044100381,True
206,PTAU,-6.8899012927247805,True
206,HippocampusNorm,-54.79845499955413,True
206,ABETA,-198.06212748523518,True
206,EntorhinalNorm,-771.2496001316188,True
206,MidTempNorm,538.5855084322048,True
206,VentricleNorm,-56.725819303779886,True
207,FusiformNorm,-45.27182154498354,True
207,RAVLT_immediate,169.07062226174935,True
207,MMSE,-156.5839353221223,True
207,TAU,403.74898787023164,True
207,ADAS13,-455.1074363215194,True
207,WholeBrainNorm,-44.90884160145528,True
207,PTAU,7.895804079059101,True
207,HippocampusNorm,-84.10205325383592,True
207,ABETA,-221.09725526114704,True
207,EntorhinalNorm,-479.45130366404004,True
207,MidTempNorm,568.9816599056875,True
207,VentricleNorm,1.0463337955510674,True
208,FusiformNorm,-52.16559766026731,True
208,RAVLT_immediate,49.19996699659906,True
208,MMSE,-193.93752761950915,True
208,TAU,302.73506350123205,True
208,ADAS13,-545.6681230345355,True
208,WholeBrainNorm,-104.43425140784878,True
208,PTAU,45.48255092243025,True
208,HippocampusNorm,-48.332853695689366,True
208,ABETA,-217.41426584056097,True
208,EntorhinalNorm,-667.8095687935586,True
208,MidTempNorm,514.3538884360962,True
208,VentricleNorm,-133.96694029500512,True
209,FusiformNorm,154.53451361172458,True
209,RAVLT_immediate,147.29118074278472,True
209,MMSE,-213.25353722841618,True
209,TAU,163.55447465704918,True
209,ADAS13,-557.9364320338518,True
209,WholeBrainNorm,-334.57342320382196,True
209,PTAU,65.38490940143532,True
209,HippocampusNorm,-58.10245607924292,True
209,ABETA,-198.73943549955516,True
209,EntorhinalNorm,-580.0618701245039,True
209,MidTempNorm,533.2300990763272,True
209,VentricleNorm,-38.324512496241205,True
210,FusiformNorm,-352.1975923312207,True
210,RAVLT_immediate,298.68175572274095,True
210,MMSE,-67.83013144534912,True
210,TAU,111.10791377537731,True
210,ADAS13,-574.471572342594,True
210,WholeBrainNorm,-90.3743603834676,True
210,PTAU,55.19142657384383,True
210,HippocampusNorm,-77.71572223037448,True
210,ABETA,-239.88944699164048,True
210,EntorhinalNorm,-444.0714903111457,True
210,MidTempNorm,183.71026419921157,True
210,VentricleNorm,-115.29267888300926,True
211,FusiformNorm,-47.88288921181774,False
211,RAVLT_immediate,79.57522332386007,False
211,MMSE,-129.52030562950023,False
211,TAU,-113.010057130571,False
211,ADAS13,-540.8331782599947,False
211,WholeBrainNorm,-231.8198747189021,False
211,PTAU,138.22165143895936,False
211,HippocampusNorm,58.379795943538085,False
211,ABETA,-281.5809402838066,False
211,EntorhinalNorm,24.59627071161117,False
211,MidTempNorm,204.46175652549013,False
211,VentricleNorm,12.935979722611537,False
212,FusiformNorm,-12.743872596944826,True
212,RAVLT_immediate,878.7171765362527,True
212,MMSE,-189.5354932185894,True
212,TAU,242.73953010142554,True
212,ADAS13,-482.748037699359,True
212,WholeBrainNorm,-266.22143433241376,True
212,PTAU,32.454760903626706,True
212,HippocampusNorm,-94.77155227527132,True
212,ABETA,-269.06437799610785,True
212,EntorhinalNorm,-318.11823566470343,True
212,MidTempNorm,563.7071815869712,True
212,VentricleNorm,-34.31007525248855,True
213,FusiformNorm,20.00974831741881,True
213,RAVLT_immediate,449.5343281086108,True
213,MMSE,-87.62628748208482,True
213,TAU,82.48784194219365,True
213,ADAS13,-556.3945179850889,True
213,WholeBrainNorm,33.69565132315654,True
213,PTAU,-67.17947811051063,True
213,HippocampusNorm,-48.60880699170787,True
213,ABETA,-275.0906190662047,True
213,EntorhinalNorm,-351.0024226708259,True
213,MidTempNorm,537.2383511065517,True
213,VentricleNorm,-77.97193510758206,True
214,FusiformNorm,0.8854266257081065,False
214,RAVLT_immediate,64.23172450768757,False
214,MMSE,-78.23954123626214,False
214,TAU,495.9227251718134,False
214,ADAS13,-562.1146151096923,False
214,WholeBrainNorm,-337.404734992489,False
214,PTAU,20.2984944010758,False
214,HippocampusNorm,40.762986266498835,False
214,ABETA,-313.22515274308677,False
214,EntorhinalNorm,-652.728573581724,False
214,MidTempNorm,189.72946675050093,False
214,VentricleNorm,2.864746119870258,False
215,FusiformNorm,28.342108159125914,True
215,RAVLT_immediate,690.7040606241385,True
215,MMSE,-15.04991747956933,True
215,TAU,671.2652067817226,True
215,ADAS13,-548.1587367370923,True
215,WholeBrainNorm,-310.86116481408715,True
215,PTAU,5.32174056607726,True
215,HippocampusNorm,-52.951468024084576,True
215,ABETA,-240.36500481132165,True
215,EntorhinalNorm,-228.2096311806953,True
215,MidTempNorm,560.9443391439578,True
215,VentricleNorm,-15.746037696557595,True
216,FusiformNorm,-21.778353408305257,True
216,RAVLT_immediate,165.06425483876444,True
216,MMSE,-116.66862710942122,True
216,TAU,102.71791932989875,True
216,ADAS13,-557.9770579961605,True
216,WholeBrainNorm,-111.83306521832287,True
216,PTAU,-15.707614038523765,True
216,HippocampusNorm,-41.27744006539067,True
216,ABETA,-204.6533843247815,True
216,EntorhinalNorm,-965.5185486952848,True
216,MidTempNorm,570.7696102374554,True
216,VentricleNorm,-12.218453961484363,True
217,FusiformNorm,-20.471930132896055,True
217,RAVLT_immediate,220.21982218717585,True
217,MMSE,-288.7886694850561,True
217,TAU,-192.61292866379503,True
217,ADAS13,-464.8055676219556,True
217,WholeBrainNorm,-94.0084042393711,True
217,PTAU,23.019893090549342,True
217,HippocampusNorm,-51.181251822604324,True
217,ABETA,-183.1191015714556,True
217,EntorhinalNorm,-496.00929465676046,True
217,MidTempNorm,560.6924781452983,True
217,VentricleNorm,-23.62007890622518,True
218,FusiformNorm,-734.0134255295095,False
218,RAVLT_immediate,-158.20788817317424,False
218,MMSE,-125.3423546524871,False
218,TAU,140.32069145584305,False
218,ADAS13,-579.3298887118717,False
218,WholeBrainNorm,-165.85498298597338,False
218,PTAU,104.1006385580248,False
218,HippocampusNorm,65.24300433286537,False
218,ABETA,-280.9639774338727,False
218,EntorhinalNorm,-21.40783136145842,False
218,MidTempNorm,247.7666529600342,False
218,VentricleNorm,37.650527058997895,False
219,FusiformNorm,-113.79320883756768,True
219,RAVLT_immediate,328.12639887029684,True
219,MMSE,-264.6630814014985,True
219,TAU,234.28305789590505,True
219,ADAS13,-451.51987850923024,True
219,WholeBrainNorm,-135.80947216312367,True
219,PTAU,63.899672473038976,True
219,HippocampusNorm,-55.46075042017801,True
219,ABETA,-213.0118954453056,True
219,EntorhinalNorm,-49.05752086473433,True
219,MidTempNorm,545.7845992382773,True
219,VentricleNorm,-8.426023933695312,True
220,FusiformNorm,-65.46759209926488,True
220,RAVLT_immediate,36.57534135893965,True
220,MMSE,-283.0335313311886,True
220,TAU,44.838624898923875,True
220,ADAS13,-561.4535744298104,True
220,WholeBrainNorm,-165.92485308635622,True
220,PTAU,-66.95074293955199,True
220,HippocampusNorm,-60.20051799914937,True
220,ABETA,-240.17438252921175,True
220,EntorhinalNorm,-341.5718470172741,True
220,MidTempNorm,573.4079475081684,True
220,VentricleNorm,30.49629700443848,True
221,FusiformNorm,-278.43516144020924,False
221,RAVLT_immediate,159.59554287795942,False
221,MMSE,-37.93083080321332,False
221,TAU,-277.95591481749386,False
221,ADAS13,-541.7511758098879,False
221,WholeBrainNorm,-358.2341885962268,False
221,PTAU,144.42310614521816,False
221,HippocampusNorm,55.7719982465674,False
221,ABETA,-300.0665163654285,False
221,EntorhinalNorm,-664.237561340499,False
221,MidTempNorm,224.32478958627865,False
221,VentricleNorm,19.051999673632384,False
222,FusiformNorm,-113.38544398242801,False
222,RAVLT_immediate,94.32891585631296,False
222,MMSE,-36.601537299577494,False
222,TAU,58.070201713186705,False
222,ADAS13,-557.1608403240515,False
222,WholeBrainNorm,-187.77750409328962,False
222,PTAU,81.38780179060055,False
222,HippocampusNorm,53.62904237512152,False
222,ABETA,-314.34246091994225,False
222,EntorhinalNorm,-438.25872153589876,False
222,MidTempNorm,255.69205463588384,False
222,VentricleNorm,-17.073728854667458,False
223,FusiformNorm,74.40802357708803,True
223,RAVLT_immediate,149.35561255142883,True
223,MMSE,-218.26324348240198,True
223,TAU,-386.20179680183753,True
223,ADAS13,-556.392868113127,True
223,WholeBrainNorm,-146.45200921856633,True
223,PTAU,-25.027770474324722,True
223,HippocampusNorm,-89.89010151037934,True
223,ABETA,-237.5629558788032,True
223,EntorhinalNorm,-496.9644009198582,True
223,MidTempNorm,568.2496341673168,True
223,VentricleNorm,-1.8578114914444903,True
224,FusiformNorm,83.8537879186782,True
224,RAVLT_immediate,-13.746847468448038,True
224,MMSE,-175.07407996759164,True
224,TAU,247.34593250378376,True
224,ADAS13,-552.9861971700282,True
224,WholeBrainNorm,-403.04368204422053,True
224,PTAU,-38.65984291005453,True
224,HippocampusNorm,-62.53554295878888,True
224,ABETA,-254.05795819219094,True
224,EntorhinalNorm,-722.6895228323328,True
224,MidTempNorm,555.086052767114,True
224,VentricleNorm,-15.963487120907818,True
225,FusiformNorm,-23.219216266560558,True
225,RAVLT_immediate,628.4815217817663,True
225,MMSE,-290.64815856256087,True
225,TAU,-161.8826198990251,True
225,ADAS13,-483.55185662258714,True
225,WholeBrainNorm,-169.46933927710705,True
225,PTAU,-55.93328505450222,True
225,HippocampusNorm,-48.82570440066737,True
225,ABETA,-228.9569183425846,True
225,EntorhinalNorm,51.66985014821472,True
225,MidTempNorm,548.2616794186158,True
225,VentricleNorm,141.92437094571645,True
226,FusiformNorm,-36.46626638393596,False
226,RAVLT_immediate,204.97276323978866,False
226,MMSE,-248.9994386686289,False
226,TAU,-47.851113518953184,False
226,ADAS13,-557.6346788375898,False
226,WholeBrainNorm,-328.31831262233277,False
226,PTAU,21.227361909891243,False
226,HippocampusNorm,79.19410956014949,False
226,ABETA,-287.6743196868128,False
226,EntorhinalNorm,-504.8493508375968,False
226,MidTempNorm,285.2702519548975,False
226,VentricleNorm,44.44556469099534,False
227,FusiformNorm,74.81246337274669,True
227,RAVLT_immediate,225.5618927203792,True
227,MMSE,-125.55706439814699,True
227,TAU,328.5736769140872,True
227,ADAS13,-545.1689460769778,True
227,WholeBrainNorm,-114.56454060362508,True
227,PTAU,106.06646867275632,True
227,HippocampusNorm,-60.47158070139568,True
227,ABETA,-246.16861517056788,True
227,EntorhinalNorm,-44.7861015163308,True
227,MidTempNorm,536.1249693676898,True
227,VentricleNorm,-86.03783098353958,True
228,FusiformNorm,70.20424989189826,False
228,RAVLT_immediate,-11.752854638891336,False
228,MMSE,78.73543000409165,False
228,TAU,874.5472511273249,False
228,ADAS13,-551.7751729341346,False
228,WholeBrainNorm,-365.04106763632115,False
228,PTAU,20.740191577095665,False
228,HippocampusNorm,64.16411351718249,False
228,ABETA,-273.6973009242224,False
228,EntorhinalNorm,-244.0630235951424,False
228,MidTempNorm,284.57854677659645,False
228,VentricleNorm,19.615900500520453,False
229,FusiformNorm,111.8879843360055,True
229,RAVLT_immediate,213.52059109208304,True
229,MMSE,-113.91260944252564,True
229,TAU,137.8063489656086,True
229,ADAS13,-384.71763354663926,True
229,WholeBrainNorm,46.250768828302654,True
229,PTAU,-11.076241571044593,True
229,HippocampusNorm,18.716179419896207,True
229,ABETA,-237.87587252984497,True
229,EntorhinalNorm,-754.4447466150941,True
229,MidTempNorm,527.8913695881467,True
229,VentricleNorm,-131.90171842921666,True
230,FusiformNorm,-20.340053231453453,True
230,RAVLT_immediate,263.17173058820856,True
230,MMSE,-203.68383644215118,True
230,TAU,-114.37978218889108,True
230,ADAS13,-475.72237363414825,True
230,WholeBrainNorm,-260.83537673472176,True
230,PTAU,-87.30166751805864,True
230,HippocampusNorm,-38.76556768039007,True
230,ABETA,-259.6239179071732,True
230,EntorhinalNorm,-843.1391922447096,True
230,MidTempNorm,551.0055718260809,True
230,VentricleNorm,16.979299893976343,True
231,FusiformNorm,-21.38268335242433,True
231,RAVLT_immediate,727.6368277628677,True
231,MMSE,-151.19851986649994,True
231,TAU,-82.04513212945821,True
231,ADAS13,-422.5299931156826,True
231,WholeBrainNorm,-261.23883635275666,True
231,PTAU,-19.892331912144044,True
231,HippocampusNorm,-102.4574058592965,True
231,ABETA,-211.44986313805833,True
231,EntorhinalNorm,-462.12534174548045,True
231,MidTempNorm,573.0433333953788,True
231,VentricleNorm,105.91162653415707,True
232,FusiformNorm,-376.9540451326766,False
232,RAVLT_immediate,207.4676702840887,False
232,MMSE,-115.60488043529014,False
232,TAU,482.53718408315564,False
232,ADAS13,-554.2202863683409,False
232,WholeBrainNorm,-112.54467685708218,False
232,PTAU,99.76124785537706,False
232,HippocampusNorm,81.94217733933411,False
232,ABETA,-279.3037235700803,False
232,EntorhinalNorm,-154.58679393526046,False
232,MidTempNorm,270.3505567072052,False
232,VentricleNorm,35.44081307460062,False
233,FusiformNorm,8.902735330292494,True
233,RAVLT_immediate,545.8758588021535,True
233,MMSE,-181.74176181738449,True
233,TAU,162.88201266524032,True
233,ADAS13,-451.15181219271057,True
233,WholeBrainNorm,-92.71550297069551,True
233,PTAU,-72.39435206110075,True
233,HippocampusNorm,-54.79172384339199,True
233,ABETA,-216.8939305630396,True
233,EntorhinalNorm,-328.1144263949826,True
233,MidTempNorm,517.6707401554849,True
233,VentricleNorm,-88.95144054297337,True
234,FusiformNorm,81.66628397118234,True
234,RAVLT_immediate,403.5644620900433,True
234,MMSE,-105.49374365462947,True
234,TAU,-52.222823977877056,True
234,ADAS13,-541.4373827898949,True
234,WholeBrainNorm,-367.60077889317574,True
234,PTAU,18.132789070509983,True
234,HippocampusNorm,-68.01815464871905,True
234,ABETA,-203.92251203704456,True
234,EntorhinalNorm,-284.7883170595593,True
234,MidTempNorm,528.1437404944006,True
234,VentricleNorm,-27.087692826663666,True
235,FusiformNorm,0.7016735543613208,False
235,RAVLT_immediate,289.65321383562514,False
235,MMSE,-162.78685241717199,False
235,TAU,296.8360264086032,False
235,ADAS13,-562.7200631198087,False
235,WholeBrainNorm,-226.62490808039828,False
235,PTAU,-17.62423628756158,False
235,HippocampusNorm,53.05188757929702,False
235,ABETA,-293.02857596362,False
235,EntorhinalNorm,-888.1453455702676,False
235,MidTempNorm,269.6296738786635,False
235,VentricleNorm,23.625256002226457,False
236,FusiformNorm,-32.764412466173134,True
236,RAVLT_immediate,59.812351717201636,True
236,MMSE,-83.59659379090857,True
236,TAU,-190.39608181652764,True
236,ADAS13,-475.67567915217455,True
236,WholeBrainNorm,-209.13110783009432,True
236,PTAU,7.390609484913769,True
236,HippocampusNorm,-70.16519767239546,True
236,ABETA,-190.85897162482257,True
236,EntorhinalNorm,-526.7440536840023,True
236,MidTempNorm,530.5568892700024,True
236,VentricleNorm,-136.3954576953874,True
237,FusiformNorm,-91.55298756393351,True
237,RAVLT_immediate,44.79883116065433,True
237,MMSE,-57.39564314795902,True
237,TAU,72.54070956493018,True
237,ADAS13,-566.8477270564836,True
237,WholeBrainNorm,-36.488616534879284,True
237,PTAU,21.098895084130266,True
237,HippocampusNorm,-58.72177483875021,True
237,ABETA,-209.51034514068618,True
237,EntorhinalNorm,-276.519840791755,True
237,MidTempNorm,547.1440300268597,True
237,VentricleNorm,-55.359084146808655,True
238,FusiformNorm,-291.99569753091225,True
238,RAVLT_immediate,-10.150549244553758,True
238,MMSE,-32.130269610385994,True
238,TAU,-89.52756465247478,True
238,ADAS13,-559.5383037948344,True
238,WholeBrainNorm,5.187718131868564,True
238,PTAU,12.066928109837434,True
238,HippocampusNorm,-67.3629637259729,True
238,ABETA,-219.09509203377476,True
238,EntorhinalNorm,-244.3432842624189,True
238,MidTempNorm,545.9675912431776,True
238,VentricleNorm,-12.095875874234038,True
239,FusiformNorm,-87.04895104520025,True
239,RAVLT_immediate,1017.4338939160707,True
239,MMSE,-222.953812542401,True
239,TAU,640.4839242783353,True
239,ADAS13,-546.6643771524082,True
239,WholeBrainNorm,-271.4222305468646,True
239,PTAU,-10.117726308660059,True
239,HippocampusNorm,-50.88460089323053,True
239,ABETA,-262.1590719073514,True
239,EntorhinalNorm,-62.623156964393786,True
239,MidTempNorm,545.9436690080389,True
239,VentricleNorm,-27.578110837989406,True
240,FusiformNorm,2.7610515295237334,True
240,RAVLT_immediate,359.94828193559596,True
240,MMSE,-181.24174420729034,True
240,TAU,222.001334832556,True
240,ADAS13,-546.2483935405213,True
240,WholeBrainNorm,-427.26455068284935,True
240,PTAU,-46.991617895092155,True
240,HippocampusNorm,-115.85217896497194,True
240,ABETA,-254.57705841781876,True
240,EntorhinalNorm,-215.26324337775156,True
240,MidTempNorm,568.434146234243,True
240,VentricleNorm,-25.98472528268122,True
241,FusiformNorm,-29.232484901361758,True
241,RAVLT_immediate,33.844452364357494,True
241,MMSE,-60.0601475450948,True
241,TAU,-260.32164207542587,True
241,ADAS13,-541.6503770066951,True
241,WholeBrainNorm,-201.08939063681075,True
241,PTAU,72.56821109308815,True
241,HippocampusNorm,-63.58605961508011,True
241,ABETA,-281.16977487851625,True
241,EntorhinalNorm,-411.18176913774255,True
241,MidTempNorm,590.357464163878,True
241,VentricleNorm,-5.700606848980195,True
242,FusiformNorm,-152.93848527423086,True
242,RAVLT_immediate,9.930320333023388,True
242,MMSE,-110.0903644286917,True
242,TAU,74.53138072766453,True
242,ADAS13,-554.1413640765305,True
242,WholeBrainNorm,-16.75320361089021,True
242,PTAU,32.44076608512935,True
242,HippocampusNorm,-125.53493171497668,True
242,ABETA,-204.71255297833895,True
242,EntorhinalNorm,-853.5199901322637,True
242,MidTempNorm,589.7365844698672,True
242,VentricleNorm,8.237695726397472,True
243,FusiformNorm,-112.8122566970089,False
243,RAVLT_immediate,433.46833764102814,False
243,MMSE,-84.68867063868564,False
243,TAU,1.1549482625057976,False
243,ADAS13,-556.1448615630543,False
243,WholeBrainNorm,19.53687474525637,False
243,PTAU,-19.215023387594123,False
243,HippocampusNorm,70.46573987159005,False
243,ABETA,-262.35824208591146,False
243,EntorhinalNorm,-497.555989815745,False
243,MidTempNorm,258.8420830983833,False
243,VentricleNorm,53.863539672595216,False
244,FusiformNorm,-261.81312047164744,False
244,RAVLT_immediate,-34.25817318130831,False
244,MMSE,-144.48051902996147,False
244,TAU,9.979710760322405,False
244,ADAS13,-563.7839971462404,False
244,WholeBrainNorm,-204.77112838213037,False
244,PTAU,59.39630785028706,False
244,HippocampusNorm,61.16398553143147,False
244,ABETA,-283.9652381113186,False
244,EntorhinalNorm,-404.9278827416751,False
244,MidTempNorm,265.4460499082123,False
244,VentricleNorm,-4.970982262764224,False
245,FusiformNorm,-472.48755594024794,False
245,RAVLT_immediate,315.8587095801407,False
245,MMSE,-58.99231343616112,False
245,TAU,578.1535602562765,False
245,ADAS13,-554.4898811635965,False
245,WholeBrainNorm,-307.12288603013565,False
245,PTAU,-11.091940491464506,False
245,HippocampusNorm,78.31371843028091,False
245,ABETA,-250.05296549664635,False
245,EntorhinalNorm,31.94935394245897,False
245,MidTempNorm,252.22079401630657,False
245,VentricleNorm,76.39561766527613,False
246,FusiformNorm,-136.83939870208033,True
246,RAVLT_immediate,249.78075489231557,True
246,MMSE,-39.53898771459432,True
246,TAU,400.0480409482085,True
246,ADAS13,-533.1755156564377,True
246,WholeBrainNorm,-178.28358753253255,True
246,PTAU,51.42595162108725,True
246,HippocampusNorm,-74.82562911962805,True
246,ABETA,-220.01873969703763,True
246,EntorhinalNorm,-790.7776440475602,True
246,MidTempNorm,567.3373783976276,True
246,VentricleNorm,-82.47538425276488,True
247,FusiformNorm,-207.56759987738516,False
247,RAVLT_immediate,149.17746739234894,False
247,MMSE,-135.17175713491028,False
247,TAU,261.9106372619626,False
247,ADAS13,-552.2621838152083,False
247,WholeBrainNorm,-248.37942609874983,False
247,PTAU,65.39667184888705,False
247,HippocampusNorm,69.14285043919502,False
247,ABETA,-280.9454572423469,False
247,EntorhinalNorm,-177.5199395570541,False
247,MidTempNorm,212.7235259235927,False
247,VentricleNorm,60.410014301643606,False
248,FusiformNorm,-79.33135705615791,True
248,RAVLT_immediate,-108.61867621290082,True
248,MMSE,-76.38501532859362,True
248,TAU,-146.8473482602371,True
248,ADAS13,-567.4699524290371,True
248,WholeBrainNorm,-224.8475270080067,True
248,PTAU,-86.91868659988063,True
248,HippocampusNorm,-48.06514388789417,True
248,ABETA,-277.9776310268676,True
248,EntorhinalNorm,-348.2821305144662,True
248,MidTempNorm,217.1540251656733,True
248,VentricleNorm,86.86026698144764,True
249,FusiformNorm,-290.1093722766468,False
249,RAVLT_immediate,187.86761241574047,False
249,MMSE,-102.58845525891424,False
249,TAU,-641.8380636727446,False
249,ADAS13,-552.1990062251499,False
249,WholeBrainNorm,-104.17995038912912,False
249,PTAU,106.82143054280007,False
249,HippocampusNorm,56.966136097992745,False
249,ABETA,-276.93771197309195,False
249,EntorhinalNorm,-620.685816257688,False
249,MidTempNorm,269.52150494428315,False
249,VentricleNorm,-10.149623116304632,False
250,FusiformNorm,32.76985777825095,True
250,RAVLT_immediate,112.63904447177424,True
250,MMSE,70.26596299846071,True
250,TAU,-224.6034876744594,True
250,ADAS13,-530.240395065647,True
250,WholeBrainNorm,-79.20382674140552,True
250,PTAU,100.01451681877445,True
250,HippocampusNorm,-97.29850209417376,True
250,ABETA,-212.75830950772922,True
250,EntorhinalNorm,-461.76486602406436,True
250,MidTempNorm,563.1695612276569,True
250,VentricleNorm,-14.561079566388528,True
251,FusiformNorm,-37.0382282187082,True
251,RAVLT_immediate,208.04531188676052,True
251,MMSE,-158.26601988344004,True
251,TAU,-27.384764753459663,True
251,ADAS13,-499.2731275146712,True
251,WholeBrainNorm,-2.6638238498508997,True
251,PTAU,30.367910256679103,True
251,HippocampusNorm,-91.3797169839462,True
251,ABETA,-231.4835501591919,True
251,EntorhinalNorm,-815.2974423286661,True
251,MidTempNorm,568.5571855992235,True
251,VentricleNorm,-146.83896979927678,True
252,FusiformNorm,-234.95904328934975,True
252,RAVLT_immediate,449.94515858450416,True
252,MMSE,-76.92553101076595,True
252,TAU,-2.565143674821684,True
252,ADAS13,-551.9369976843767,True
252,WholeBrainNorm,-477.16522423547167,True
252,PTAU,72.10068155127648,True
252,HippocampusNorm,-86.49226849348938,True
252,ABETA,-222.24450016360538,True
252,EntorhinalNorm,-209.93124754189296,True
252,MidTempNorm,246.95431058475765,True
252,VentricleNorm,11.405247958594938,True
253,FusiformNorm,-57.10385334177366,True
253,RAVLT_immediate,558.4008133667996,True
253,MMSE,-268.83133341805194,True
253,TAU,143.98658153074308,True
253,ADAS13,-537.0691236764039,True
253,WholeBrainNorm,-367.4737998406972,True
253,PTAU,22.546855299088715,True
253,HippocampusNorm,-75.21904789712025,True
253,ABETA,-250.72799434692345,True
253,EntorhinalNorm,-501.8439997414984,True
253,MidTempNorm,541.3916185313175,True
253,VentricleNorm,-25.136346360729018,True
254,FusiformNorm,-329.1288991661306,True
254,RAVLT_immediate,294.62428905872724,True
254,MMSE,-87.71356408864474,True
254,TAU,227.99342206087277,True
254,ADAS13,-558.6551276878535,True
254,WholeBrainNorm,-148.684840565396,True
254,PTAU,-17.240522347919374,True
254,HippocampusNorm,-30.713145006796815,True
254,ABETA,-204.18297375984108,True
254,EntorhinalNorm,-539.0885795168125,True
254,MidTempNorm,265.6997517624164,True
254,VentricleNorm,86.11850923049025,True
255,FusiformNorm,-399.22855774244863,True
255,RAVLT_immediate,461.00044454280487,True
255,MMSE,-90.11188086426444,True
255,TAU,310.6962683455605,True
255,ADAS13,-555.6868824481874,True
255,WholeBrainNorm,-134.6223578695807,True
255,PTAU,-39.734087421251836,True
255,HippocampusNorm,-86.29936736759606,True
255,ABETA,-247.62690652034217,True
255,EntorhinalNorm,-323.26599180212645,True
255,MidTempNorm,567.2847758062953,True
255,VentricleNorm,-38.530813446977234,True
256,FusiformNorm,-402.1930652667862,False
256,RAVLT_immediate,561.9341780588009,False
256,MMSE,-70.05126311485006,False
256,TAU,337.7907500495007,False
256,ADAS13,-544.1938690642928,False
256,WholeBrainNorm,-277.68893904668346,False
256,PTAU,95.10567374839027,False
256,HippocampusNorm,66.53905202974724,False
256,ABETA,-269.5638667472842,False
256,EntorhinalNorm,-478.3103506470017,False
256,MidTempNorm,286.28816330956795,False
256,VentricleNorm,23.389080331311735,False
257,FusiformNorm,-43.88619230073164,True
257,RAVLT_immediate,404.8508584016487,True
257,MMSE,-111.51280341339825,True
257,TAU,324.4483972160764,True
257,ADAS13,-435.5910661627828,True
257,WholeBrainNorm,-191.77571207687197,True
257,PTAU,-74.10379756632088,True
257,HippocampusNorm,-100.76046718571709,True
257,ABETA,-250.0441301593741,True
257,EntorhinalNorm,-260.1222299091303,True
257,MidTempNorm,549.7814984981202,True
257,VentricleNorm,34.37366869959399,True
258,FusiformNorm,-48.58646673286058,True
258,RAVLT_immediate,168.60444610465473,True
258,MMSE,-248.69441642588072,True
258,TAU,200.26108056145586,True
258,ADAS13,-554.3264917258533,True
258,WholeBrainNorm,-83.92060063199868,True
258,PTAU,-75.43860712046977,True
258,HippocampusNorm,-127.6272764472168,True
258,ABETA,-239.36116703683302,True
258,EntorhinalNorm,-280.68377363462935,True
258,MidTempNorm,581.5362626473164,True
258,VentricleNorm,-56.20390748125486,True
259,FusiformNorm,-187.23780675278837,False
259,RAVLT_immediate,151.26880226644005,False
259,MMSE,-242.2906355609863,False
259,TAU,294.67109781225025,False
259,ADAS13,-542.7205147249139,False
259,WholeBrainNorm,-185.82866833808802,False
259,PTAU,125.48636163985623,False
259,HippocampusNorm,54.3246448212361,False
259,ABETA,-278.09085860468775,False
259,EntorhinalNorm,-168.6115736563633,False
259,MidTempNorm,201.97791225052396,False
259,VentricleNorm,44.4996906153325,False
260,FusiformNorm,-322.71888043401054,False
260,RAVLT_immediate,323.8005069226766,False
260,MMSE,-82.9670582956569,False
260,TAU,632.3910276751374,False
260,ADAS13,-553.8102102827913,False
260,WholeBrainNorm,-146.46478340544695,False
260,PTAU,146.09360770355963,False
260,HippocampusNorm,61.104576551797365,False
260,ABETA,-287.97877099164515,False
260,EntorhinalNorm,-716.8930946854939,False
260,MidTempNorm,226.48768633120102,False
260,VentricleNorm,-4.855989438066985,False
261,FusiformNorm,-93.5843767935386,False
261,RAVLT_immediate,306.19093755230153,False
261,MMSE,-62.418050691100724,False
261,TAU,-465.60344200679526,False
261,ADAS13,-553.198789428459,False
261,WholeBrainNorm,-246.43351553694734,False
261,PTAU,108.1648159600077,False
261,HippocampusNorm,75.8651978704618,False
261,ABETA,-283.32993078534423,False
261,EntorhinalNorm,-271.32493966740026,False
261,MidTempNorm,211.82210312277977,False
261,VentricleNorm,-6.894358683310944,False
262,FusiformNorm,-63.3157826921108,True
262,RAVLT_immediate,443.03748688727615,True
262,MMSE,66.82895520917887,True
262,TAU,76.66418717303034,True
262,ADAS13,-433.3633133366169,True
262,WholeBrainNorm,16.50896028739075,True
262,PTAU,86.2121320701783,True
262,HippocampusNorm,-86.22667930316283,True
262,ABETA,-212.31872447905462,True
262,EntorhinalNorm,-336.25783743311797,True
262,MidTempNorm,540.3956333742444,True
262,VentricleNorm,-36.015571078868405,True
263,FusiformNorm,-126.02540674652752,True
263,RAVLT_immediate,531.5423591615446,True
263,MMSE,-99.40987968332576,True
263,TAU,202.88473816393073,True
263,ADAS13,-537.9947535430043,True
263,WholeBrainNorm,-99.41553457584033,True
263,PTAU,37.46512397616276,True
263,HippocampusNorm,-53.172099533692126,True
263,ABETA,-224.94688582073059,True
263,EntorhinalNorm,-822.9785257801016,True
263,MidTempNorm,577.554116753076,True
263,VentricleNorm,2.805552293837053,True
264,FusiformNorm,-55.53212075992161,True
264,RAVLT_immediate,283.00932412827837,True
264,MMSE,-49.500478187090316,True
264,TAU,156.6129879967468,True
264,ADAS13,-555.7824832183368,True
264,WholeBrainNorm,-200.42436613921217,True
264,PTAU,47.11915980923831,True
264,HippocampusNorm,33.26760290531777,True
264,ABETA,-219.64669009044093,True
264,EntorhinalNorm,-18.735172635927142,True
264,MidTempNorm,549.0422931486233,True
264,VentricleNorm,-12.335704937922495,True
265,FusiformNorm,-40.12705268915783,True
265,RAVLT_immediate,533.1741216995028,True
265,MMSE,-112.84131445798558,True
265,TAU,619.3277726939679,True
265,ADAS13,-382.6962535432253,True
265,WholeBrainNorm,-263.2686147538811,True
265,PTAU,-71.15654239198494,True
265,HippocampusNorm,-98.12583735228961,True
265,ABETA,-175.84012420265813,True
265,EntorhinalNorm,-610.9760900483301,True
265,MidTempNorm,558.737253347987,True
265,VentricleNorm,86.60237772847569,True
266,FusiformNorm,-107.74691760485574,True
266,RAVLT_immediate,92.24187207352801,True
266,MMSE,-174.59595323947752,True
266,TAU,-9.889003942650916,True
266,ADAS13,-544.3852789223214,True
266,WholeBrainNorm,-345.1503343415121,True
266,PTAU,10.26570227054981,True
266,HippocampusNorm,-28.03994625718546,True
266,ABETA,-240.48973956628296,True
266,EntorhinalNorm,-319.36267372942666,True
266,MidTempNorm,503.1948222458992,True
266,VentricleNorm,-53.9713238428742,True
267,FusiformNorm,-25.29487155864736,True
267,RAVLT_immediate,101.17149917065467,True
267,MMSE,-243.12309740966663,True
267,TAU,319.8118158777314,True
267,ADAS13,-492.7467754994894,True
267,WholeBrainNorm,177.36927737619152,True
267,PTAU,-24.281582526480868,True
267,HippocampusNorm,8.110514555364318,True
267,ABETA,-214.88595512430706,True
267,EntorhinalNorm,-51.06923042090665,True
267,MidTempNorm,519.6166280832914,True
267,VentricleNorm,-45.66993191438142,True
268,FusiformNorm,83.91085146238598,True
268,RAVLT_immediate,162.85063971845886,True
268,MMSE,-354.4173587827828,True
268,TAU,87.2345901252289,True
268,ADAS13,-514.0265190950279,True
268,WholeBrainNorm,27.445989433793784,True
268,PTAU,-93.8423629851099,True
268,HippocampusNorm,-37.06355046158025,True
268,ABETA,-235.0706658198684,True
268,EntorhinalNorm,-596.70000810376,True
268,MidTempNorm,513.2759653540708,True
268,VentricleNorm,-29.78109969221068,True
269,FusiformNorm,-14.071432380584405,True
269,RAVLT_immediate,268.5898944075159,True
269,MMSE,-195.89037431470447,True
269,TAU,46.58400527395968,True
269,ADAS13,-499.2582417470784,True
269,WholeBrainNorm,171.71101978177705,True
269,PTAU,-28.325971805282194,True
269,HippocampusNorm,-35.37119354352413,True
269,ABETA,-226.47529855171885,True
269,EntorhinalNorm,-150.70647866853687,True
269,MidTempNorm,615.2245746998557,True
269,VentricleNorm,-25.705066179318077,True
270,FusiformNorm,-54.90034341324799,True
270,RAVLT_immediate,88.2724280853342,True
270,MMSE,-357.5317296334932,True
270,TAU,-94.7520107548994,True
270,ADAS13,-548.3584277119718,True
270,WholeBrainNorm,-335.45698915856616,True
270,PTAU,43.943998969475714,True
270,HippocampusNorm,-36.828186515214014,True
270,ABETA,-161.57171852426006,True
270,EntorhinalNorm,-771.0153004695323,True
270,MidTempNorm,513.8315336532248,True
270,VentricleNorm,-2.34142424296223,True
271,FusiformNorm,-550.9252127313949,True
271,RAVLT_immediate,227.99668506329436,True
271,MMSE,15.340258738807606,True
271,TAU,-203.4166515864318,True
271,ADAS13,-539.8027942101243,True
271,WholeBrainNorm,-98.2928769852656,True
271,PTAU,54.3508598802285,True
271,HippocampusNorm,-64.85228844727374,True
271,ABETA,-266.67121982043693,True
271,EntorhinalNorm,-356.77704186482094,True
271,MidTempNorm,554.6261395972987,True
271,VentricleNorm,-10.2801583813144,True
272,FusiformNorm,85.07308459060678,True
272,RAVLT_immediate,380.1695272294065,True
272,MMSE,-130.91765822198934,True
272,TAU,150.5329603204067,True
272,ADAS13,-537.8327763481377,True
272,WholeBrainNorm,-338.25691441704816,True
272,PTAU,11.582501967402848,True
272,HippocampusNorm,-19.45066305414833,True
272,ABETA,-266.1667800266184,True
272,EntorhinalNorm,-408.7010233779486,True
272,MidTempNorm,579.5583611141592,True
272,VentricleNorm,-11.050001038177845,True
273,FusiformNorm,20.504259968933347,True
273,RAVLT_immediate,185.74330117188748,True
273,MMSE,-85.98982184221917,True
273,TAU,-28.680099637329818,True
273,ADAS13,-548.1933673682679,True
273,WholeBrainNorm,-193.15089808137571,True
273,PTAU,-28.29455421531286,True
273,HippocampusNorm,-38.08622471305871,True
273,ABETA,-233.12907484262237,True
273,EntorhinalNorm,-807.6284175793417,True
273,MidTempNorm,573.0953563978231,True
273,VentricleNorm,63.51435070158941,True
274,FusiformNorm,-296.0162365413929,True
274,RAVLT_immediate,184.6538716771167,True
274,MMSE,-181.62380966445045,True
274,TAU,695.6488514312554,True
274,ADAS13,-549.6103866968494,True
274,WholeBrainNorm,-176.30989438786017,True
274,PTAU,20.03578721180199,True
274,HippocampusNorm,-64.54630736255142,True
274,ABETA,-251.16954333299827,True
274,EntorhinalNorm,-228.38410450336025,True
274,MidTempNorm,284.2247406603978,True
274,VentricleNorm,75.00549982115116,True
275,FusiformNorm,-185.0844214105628,False
275,RAVLT_immediate,18.703989491187116,False
275,MMSE,-68.5164867927137,False
275,TAU,1053.9625167107051,False
275,ADAS13,-536.5308631722588,False
275,WholeBrainNorm,-136.14069106241482,False
275,PTAU,145.24249949373092,False
275,HippocampusNorm,74.0714715447279,False
275,ABETA,-294.26951456210276,False
275,EntorhinalNorm,-684.1149640344635,False
275,MidTempNorm,214.57544454497548,False
275,VentricleNorm,42.395917043117024,False
276,FusiformNorm,-35.775839787515366,True
276,RAVLT_immediate,348.7628500499261,True
276,MMSE,-113.05414755954037,True
276,TAU,273.50453105395025,True
276,ADAS13,-547.107543131231,True
276,WholeBrainNorm,-194.94436368934214,True
276,PTAU,43.93641025185966,True
276,HippocampusNorm,-27.4088195083157,True
276,ABETA,-231.515899850021,True
276,EntorhinalNorm,-487.27576819809155,True
276,MidTempNorm,560.560618847925,True
276,VentricleNorm,29.254397120579096,True
277,FusiformNorm,-208.6752520525716,True
277,RAVLT_immediate,205.48713344072348,True
277,MMSE,-87.716191828278,True
277,TAU,330.9562671068286,True
277,ADAS13,-575.7141442140446,True
277,WholeBrainNorm,-232.30621048554656,True
277,PTAU,4.164713316811039,True
277,HippocampusNorm,0.8597484609372614,True
277,ABETA,-187.79238836373548,True
277,EntorhinalNorm,-844.6493819567888,True
277,MidTempNorm,522.2997631436037,True
277,VentricleNorm,-28.366503723492215,True
278,FusiformNorm,-43.79620730546817,True
278,RAVLT_immediate,153.7129786574623,True
278,MMSE,-146.4694983080716,True
278,TAU,317.5225419213809,True
278,ADAS13,-557.9495764771392,True
278,WholeBrainNorm,48.04154836387826,True
278,PTAU,-63.17362119954701,True
278,HippocampusNorm,-80.92461105092937,True
278,ABETA,-221.97973077599147,True
278,EntorhinalNorm,-708.8135911113463,True
278,MidTempNorm,591.0787917072049,True
278,VentricleNorm,-41.48140644497544,True
279,FusiformNorm,-129.55190926335018,True
279,RAVLT_immediate,-286.4362614342611,True
279,MMSE,-35.46780432165674,True
279,TAU,-288.5587924256265,True
279,ADAS13,-549.1081027443875,True
279,WholeBrainNorm,-262.94123063452344,True
279,PTAU,70.76424085089477,True
279,HippocampusNorm,-33.258003164293584,True
279,ABETA,-204.75712985861657,True
279,EntorhinalNorm,-239.18082496755366,True
279,MidTempNorm,217.1593688777772,True
279,VentricleNorm,32.68087390156197,True
280,FusiformNorm,64.49173871576812,True
280,RAVLT_immediate,79.84051158778466,True
280,MMSE,-54.25041830859317,True
280,TAU,151.0954921101542,True
280,ADAS13,-568.2951703687316,True
280,WholeBrainNorm,-136.9878428039679,True
280,PTAU,101.7384274199693,True
280,HippocampusNorm,-10.079104402474982,True
280,ABETA,-264.9044192564253,True
280,EntorhinalNorm,-441.3181703073009,True
280,MidTempNorm,257.7001764595064,True
280,VentricleNorm,-97.94190117903278,True
281,FusiformNorm,107.4271836338425,True
281,RAVLT_immediate,727.7294747089227,True
281,MMSE,-102.55397230118407,True
281,TAU,199.1745774150399,True
281,ADAS13,-552.481870090398,True
281,WholeBrainNorm,39.48364331343299,True
281,PTAU,21.939720872024875,True
281,HippocampusNorm,0.9482311882808148,True
281,ABETA,-201.18351977356764,True
281,EntorhinalNorm,-724.7385979840844,True
281,MidTempNorm,571.9249925892211,True
281,VentricleNorm,-86.9715546784319,True
282,FusiformNorm,150.83980177873968,True
282,RAVLT_immediate,71.83806097350613,True
282,MMSE,-56.226502784577534,True
282,TAU,-122.26588105052073,True
282,ADAS13,-543.5254237037195,True
282,WholeBrainNorm,-191.8926835001085,True
282,PTAU,-21.178540050141088,True
282,HippocampusNorm,-48.703065842484214,True
282,ABETA,-234.06219855077194,True
282,EntorhinalNorm,-319.5293461571948,True
282,MidTempNorm,536.9404236546166,True
282,VentricleNorm,-146.17167138009245,True
283,FusiformNorm,-417.93243750256784,False
283,RAVLT_immediate,162.74585240380281,False
283,MMSE,-166.0247072459121,False
283,TAU,60.52868239077313,False
283,ADAS13,-573.3149018791889,False
283,WholeBrainNorm,-196.21935361650594,False
283,PTAU,28.55944134300998,False
283,HippocampusNorm,52.89478137289695,False
283,ABETA,-280.06523024671344,False
283,EntorhinalNorm,-1006.3378598919907,False
283,MidTempNorm,242.8652763585011,False
283,VentricleNorm,-38.61978040307382,False
284,FusiformNorm,-78.78334073005166,True
284,RAVLT_immediate,-173.42366639108872,True
284,MMSE,-113.83436334671926,True
284,TAU,14.014901904932685,True
284,ADAS13,-537.0641325711263,True
284,WholeBrainNorm,-158.33786159140556,True
284,PTAU,-13.203994673327905,True
284,HippocampusNorm,4.667636289995151,True
284,ABETA,-235.13718391451127,True
284,EntorhinalNorm,-341.2353653909096,True
284,MidTempNorm,538.0475417716905,True
284,VentricleNorm,-27.703752745917118,True
285,FusiformNorm,83.0172012491859,True
285,RAVLT_immediate,440.1037643297124,True
285,MMSE,-107.49376135892153,True
285,TAU,-300.6761547773856,True
285,ADAS13,-549.6731058373767,True
285,WholeBrainNorm,99.54056526975052,True
285,PTAU,-140.81491340473187,True
285,HippocampusNorm,-52.61651268953475,True
285,ABETA,-217.23078799255634,True
285,EntorhinalNorm,-570.0078763967227,True
285,MidTempNorm,531.7817202505751,True
285,VentricleNorm,30.920872192319937,True
286,FusiformNorm,-167.76089269780633,True
286,RAVLT_immediate,668.8822711069877,True
286,MMSE,-159.96820172849402,True
286,TAU,602.3961963724701,True
286,ADAS13,-408.63291338806755,True
286,WholeBrainNorm,-415.67989380178034,True
286,PTAU,52.49009764723829,True
286,HippocampusNorm,-79.45949082947833,True
286,ABETA,-221.7947947859069,True
286,EntorhinalNorm,-122.49489522771364,True
286,MidTempNorm,532.1766616945359,True
286,VentricleNorm,109.05293031930358,True
287,FusiformNorm,44.94964552867114,True
287,RAVLT_immediate,140.16727180570888,True
287,MMSE,-269.64385180215044,True
287,TAU,432.62556690251813,True
287,ADAS13,-549.5340175056834,True
287,WholeBrainNorm,-98.47653703352015,True
287,PTAU,-2.2118754821295337,True
287,HippocampusNorm,-89.69591686133404,True
287,ABETA,-265.0234234180148,True
287,EntorhinalNorm,-385.04876304621587,True
287,MidTempNorm,549.7281414962986,True
287,VentricleNorm,-34.72764046227272,True
288,FusiformNorm,-246.39209101683946,True
288,RAVLT_immediate,-33.375492687844286,True
288,MMSE,-243.7642451519671,True
288,TAU,-110.18680308572277,True
288,ADAS13,-539.6517640524615,True
288,WholeBrainNorm,-310.66582867030314,True
288,PTAU,-58.402433243709204,True
288,HippocampusNorm,-35.676226619173605,True
288,ABETA,-238.05568811141669,True
288,EntorhinalNorm,-252.61907943316365,True
288,MidTempNorm,184.36896366592185,True
288,VentricleNorm,31.767991211029372,True
289,FusiformNorm,0.047046016010069636,True
289,RAVLT_immediate,504.76319629178334,True
289,MMSE,-207.33204813559186,True
289,TAU,19.172014956557646,True
289,ADAS13,-570.0442526909401,True
289,WholeBrainNorm,-311.47710588863816,True
289,PTAU,-47.57263628238525,True
289,HippocampusNorm,-11.905224354172276,True
289,ABETA,-237.50470371577913,True
289,EntorhinalNorm,-176.7357484973734,True
289,MidTempNorm,545.5860345427502,True
289,VentricleNorm,-59.89802255829545,True
290,FusiformNorm,219.9673458351848,True
290,RAVLT_immediate,219.68586835231577,True
290,MMSE,-184.56435027570075,True
290,TAU,-43.326963680024235,True
290,ADAS13,-546.6103176638198,True
290,WholeBrainNorm,-410.7605162464356,True
290,PTAU,-24.18426525249617,True
290,HippocampusNorm,-55.32635355878261,True
290,ABETA,-269.83257789574725,True
290,EntorhinalNorm,-60.769560055261536,True
290,MidTempNorm,545.9788079183184,True
290,VentricleNorm,-87.05575500308953,True
291,FusiformNorm,-263.89655149475163,True
291,RAVLT_immediate,357.9223679712326,True
291,MMSE,-68.8742943540868,True
291,TAU,123.77355923608039,True
291,ADAS13,-552.177647610121,True
291,WholeBrainNorm,-218.39071658857944,True
291,PTAU,46.85816198433811,True
291,HippocampusNorm,-97.95089231929151,True
291,ABETA,-210.86168109228439,True
291,EntorhinalNorm,-518.9059507450545,True
291,MidTempNorm,559.9053669017177,True
291,VentricleNorm,100.91116680646168,True
292,FusiformNorm,-433.93520056703403,False
292,RAVLT_immediate,291.0007521173063,False
292,MMSE,31.68921055144807,False
292,TAU,106.33446501738797,False
292,ADAS13,-557.2395730389187,False
292,WholeBrainNorm,-171.67249955450157,False
292,PTAU,67.40010190649653,False
292,HippocampusNorm,74.62324196912941,False
292,ABETA,-297.86073415226383,False
292,EntorhinalNorm,-613.634325461931,False
292,MidTempNorm,192.7475796967202,False
292,VentricleNorm,24.165719806523356,False
293,FusiformNorm,82.92920445012616,True
293,RAVLT_immediate,543.6659891647761,True
293,MMSE,-217.8453979420005,True
293,TAU,287.1372825970434,True
293,ADAS13,-445.4869520632154,True
293,WholeBrainNorm,-189.97472282862176,True
293,PTAU,50.95564799809066,True
293,HippocampusNorm,-34.394200082391116,True
293,ABETA,-205.4332534462096,True
293,EntorhinalNorm,-27.046828592660802,True
293,MidTempNorm,592.4869229840906,True
293,VentricleNorm,3.5669337529276923,True
294,FusiformNorm,66.47372776610204,True
294,RAVLT_immediate,328.1754559666845,True
294,MMSE,-201.60420389182948,True
294,TAU,-313.2524019123051,True
294,ADAS13,-447.8202133657615,True
294,WholeBrainNorm,-277.8682608077208,True
294,PTAU,-57.379293950996086,True
294,HippocampusNorm,-38.862422384387344,True
294,ABETA,-258.0074887994474,True
294,EntorhinalNorm,-593.4030471240769,True
294,MidTempNorm,517.3644669622853,True
294,VentricleNorm,-68.50484160143348,True
295,FusiformNorm,35.65906048070762,True
295,RAVLT_immediate,140.916621747814,True
295,MMSE,-334.42028092269425,True
295,TAU,423.31471803188106,True
295,ADAS13,-553.4871469465078,True
295,WholeBrainNorm,-210.32007567742326,True
295,PTAU,-69.15726196193434,True
295,HippocampusNorm,-56.36342575106772,True
295,ABETA,-241.0079040674846,True
295,EntorhinalNorm,-99.89165466037343,True
295,MidTempNorm,560.719919637726,True
295,VentricleNorm,-71.89070292716191,True
296,FusiformNorm,-129.60485616942313,True
296,RAVLT_immediate,-3.5245996012354794,True
296,MMSE,-245.68818373808685,True
296,TAU,433.63787862866866,True
296,ADAS13,-412.13344584833794,True
296,WholeBrainNorm,-109.06853956457863,True
296,PTAU,-92.77470762194406,True
296,HippocampusNorm,-53.71691306104187,True
296,ABETA,-231.31214795101053,True
296,EntorhinalNorm,-150.5932981877695,True
296,MidTempNorm,574.6117875055895,True
296,VentricleNorm,-52.39557165391909,True
297,FusiformNorm,60.938764553565754,True
297,RAVLT_immediate,609.0967574197915,True
297,MMSE,-258.0986807977354,True
297,TAU,296.2170941572342,True
297,ADAS13,-552.4922643240217,True
297,WholeBrainNorm,-84.51180727620083,True
297,PTAU,47.211884247954735,True
297,HippocampusNorm,-89.07517469605804,True
297,ABETA,-241.23811797611032,True
297,EntorhinalNorm,-543.5152875637474,True
297,MidTempNorm,532.8897093494681,True
297,VentricleNorm,-50.63988210467265,True
298,FusiformNorm,31.159054184136025,True
298,RAVLT_immediate,358.29754705101,True
298,MMSE,-163.13076103784692,True
298,TAU,-69.33335152571539,True
298,ADAS13,-480.84595212259256,True
298,WholeBrainNorm,-241.68684751416185,True
298,PTAU,32.90369106148126,True
298,HippocampusNorm,-50.31101282498787,True
298,ABETA,-204.5203242993389,True
298,EntorhinalNorm,-189.93651587684062,True
298,MidTempNorm,530.1507562025346,True
298,VentricleNorm,-113.0112610421358,True
299,FusiformNorm,128.77245287760843,True
299,RAVLT_immediate,715.3508345331886,True
299,MMSE,-43.61088544948615,True
299,TAU,94.6412600045991,True
299,ADAS13,-519.883046288084,True
299,WholeBrainNorm,-110.67996782400938,True
299,PTAU,167.2344845323897,True
299,HippocampusNorm,-1.5133543144700852,True
299,ABETA,-297.687074813602,True
299,EntorhinalNorm,-391.4401781533887,True
299,MidTempNorm,561.994045619088,True
299,VentricleNorm,-31.458860766128648,True
300,FusiformNorm,-418.8958672529414,False
300,RAVLT_immediate,250.8879404545475,False
300,MMSE,-100.129656690651,False
300,TAU,68.17895763542136,False
300,ADAS13,-543.8750518781688,False
300,WholeBrainNorm,-276.6447130707494,False
300,PTAU,4.49317757788058,False
300,HippocampusNorm,62.57138698913815,False
300,ABETA,-301.98794933515154,False
300,EntorhinalNorm,-165.41576328865006,False
300,MidTempNorm,229.5449001016461,False
300,VentricleNorm,-6.029896194367431,False
301,FusiformNorm,5.811401948596023,True
301,RAVLT_immediate,215.92912730250734,True
301,MMSE,-298.4966643577699,True
301,TAU,252.30192765290371,True
301,ADAS13,-549.3763766933615,True
301,WholeBrainNorm,-232.01404793654086,True
301,PTAU,-16.466240623479024,True
301,HippocampusNorm,-60.741777821419895,True
301,ABETA,-207.0290088506768,True
301,EntorhinalNorm,-469.00772927542243,True
301,MidTempNorm,549.1561970394171,True
301,VentricleNorm,-43.02073175247732,True
302,FusiformNorm,-306.63607105909,True
302,RAVLT_immediate,112.54974866077103,True
302,MMSE,-79.40479325671112,True
302,TAU,269.18549702168895,True
302,ADAS13,-535.2238042662782,True
302,WholeBrainNorm,-266.47803405493426,True
302,PTAU,-63.68530780518106,True
302,HippocampusNorm,-38.974420629108636,True
302,ABETA,-238.67097280532056,True
302,EntorhinalNorm,-543.4507850640201,True
302,MidTempNorm,232.7691783629175,True
302,VentricleNorm,-38.707508100781794,True
303,FusiformNorm,-275.8679950940706,True
303,RAVLT_immediate,194.39938758191934,True
303,MMSE,-173.49618312700102,True
303,TAU,-165.420642210104,True
303,ADAS13,-537.649003768348,True
303,WholeBrainNorm,-108.27015385024336,True
303,PTAU,90.73076924423822,True
303,HippocampusNorm,-75.78961650998312,True
303,ABETA,-233.5723056054182,True
303,EntorhinalNorm,-304.22412317509776,True
303,MidTempNorm,351.37597057015876,True
303,VentricleNorm,-89.13039239478225,True
304,FusiformNorm,-48.814658043357504,True
304,RAVLT_immediate,443.0174807339021,True
304,MMSE,-129.56702791978847,True
304,TAU,556.4711678125186,True
304,ADAS13,-386.21351707374777,True
304,WholeBrainNorm,-0.5172249103087267,True
304,PTAU,86.11176819138785,True
304,HippocampusNorm,-72.36601044626256,True
304,ABETA,-217.0302980756495,True
304,EntorhinalNorm,-873.6579544700046,True
304,MidTempNorm,548.0619205059761,True
304,VentricleNorm,11.298661428623081,True
305,FusiformNorm,-81.81467091037223,True
305,RAVLT_immediate,489.01393745959587,True
305,MMSE,-87.17342495036759,True
305,TAU,-457.589369448051,True
305,ADAS13,-527.1438876282708,True
305,WholeBrainNorm,-338.6176447463059,True
305,PTAU,1.2900843724857456,True
305,HippocampusNorm,-49.522246592129534,True
305,ABETA,-184.72371099860868,True
305,EntorhinalNorm,-33.712280139134236,True
305,MidTempNorm,587.3159711730218,True
305,VentricleNorm,-184.60560426475197,True
306,FusiformNorm,-427.9596703702042,True
306,RAVLT_immediate,61.0136040030566,True
306,MMSE,-181.3930473010684,True
306,TAU,164.79985924944958,True
306,ADAS13,-545.3954433872887,True
306,WholeBrainNorm,-94.45973865585019,True
306,PTAU,42.80029447953995,True
306,HippocampusNorm,-111.59443776729462,True
306,ABETA,-218.4832679880958,True
306,EntorhinalNorm,-266.85182764947047,True
306,MidTempNorm,299.6409753020585,True
306,VentricleNorm,33.75986095259421,True
307,FusiformNorm,152.13774635181875,True
307,RAVLT_immediate,467.8142062961147,True
307,MMSE,-312.2828981001945,True
307,TAU,116.08714805695374,True
307,ADAS13,-487.61368471931706,True
307,WholeBrainNorm,-394.4450244075722,True
307,PTAU,-127.3235472235051,True
307,HippocampusNorm,-139.5764823825208,True
307,ABETA,-213.42127674742977,True
307,EntorhinalNorm,-184.77273251761923,True
307,MidTempNorm,534.7174891880319,True
307,VentricleNorm,-23.490776336569876,True
308,FusiformNorm,-107.42257070975165,True
308,RAVLT_immediate,54.846436755351135,True
308,MMSE,-138.0079053254464,True
308,TAU,50.943393928583305,True
308,ADAS13,-567.4338838433765,True
308,WholeBrainNorm,-292.3309416896617,True
308,PTAU,73.40008092673533,True
308,HippocampusNorm,-102.58864162629507,True
308,ABETA,-224.0717975847982,True
308,EntorhinalNorm,-257.57636176105296,True
308,MidTempNorm,606.5959801808787,True
308,VentricleNorm,-87.03840422030534,True
309,FusiformNorm,57.52342549411802,True
309,RAVLT_immediate,564.9490262020706,True
309,MMSE,-162.25360371430423,True
309,TAU,149.26040331067168,True
309,ADAS13,-538.9054008281911,True
309,WholeBrainNorm,-373.3358696531616,True
309,PTAU,30.968938072446754,True
309,HippocampusNorm,-98.80915034022563,True
309,ABETA,-205.39891813403912,True
309,EntorhinalNorm,-564.7649244480051,True
309,MidTempNorm,511.5354094111988,True
309,VentricleNorm,-5.064568164261148,True
310,FusiformNorm,166.35513450941733,True
310,RAVLT_immediate,-48.334954330770074,True
310,MMSE,-226.4015439990825,True
310,TAU,680.8560835779429,True
310,ADAS13,-485.04306093289483,True
310,WholeBrainNorm,137.89339524885503,True
310,PTAU,109.08542077849317,True
310,HippocampusNorm,-32.47514428013088,True
310,ABETA,-237.26829532753192,True
310,EntorhinalNorm,-496.6167177148751,True
310,MidTempNorm,546.171425184862,True
310,VentricleNorm,30.367910287438452,True
311,FusiformNorm,52.05597678456685,True
311,RAVLT_immediate,70.54895981195926,True
311,MMSE,-209.12354523086157,True
311,TAU,249.21744580123396,True
311,ADAS13,-559.5291959730945,True
311,WholeBrainNorm,-217.67228739985507,True
311,PTAU,1.9597324442661623,True
311,HippocampusNorm,-77.24240486192141,True
311,ABETA,-228.54390600353105,True
311,EntorhinalNorm,-584.100867165407,True
311,MidTempNorm,539.8250233235045,True
311,VentricleNorm,-55.55400549561631,True
312,FusiformNorm,-267.45510151095533,True
312,RAVLT_immediate,-254.15111415500655,True
312,MMSE,22.469493828854525,True
312,TAU,-172.10244423934535,True
312,ADAS13,-563.1805910706003,True
312,WholeBrainNorm,16.44934007163303,True
312,PTAU,-85.46347644989592,True
312,HippocampusNorm,-54.73010968111446,True
312,ABETA,-209.03671955033022,True
312,EntorhinalNorm,-1029.9711853009906,True
312,MidTempNorm,233.3000196784145,True
312,VentricleNorm,-48.29063383480556,True
313,FusiformNorm,-26.896391043276964,True
313,RAVLT_immediate,-68.75873529545223,True
313,MMSE,-304.26743003697464,True
313,TAU,79.93150268129763,True
313,ADAS13,-540.631403004418,True
313,WholeBrainNorm,-236.6965811410046,True
313,PTAU,33.48239159909573,True
313,HippocampusNorm,-60.89719243258574,True
313,ABETA,-238.603796467177,True
313,EntorhinalNorm,-649.1547127511942,True
313,MidTempNorm,556.356052447264,True
313,VentricleNorm,-79.18918237649123,True
314,FusiformNorm,18.301749565037625,True
314,RAVLT_immediate,124.44133295862275,True
314,MMSE,-318.5454214236998,True
314,TAU,-229.13740019307133,True
314,ADAS13,-556.8193884630966,True
314,WholeBrainNorm,-276.96242742334204,True
314,PTAU,-8.442965315324457,True
314,HippocampusNorm,-108.83031720692348,True
314,ABETA,-229.5817221462559,True
314,EntorhinalNorm,-891.0676750867528,True
314,MidTempNorm,507.3345614923401,True
314,VentricleNorm,5.493079373644555,True
315,FusiformNorm,59.370592291481465,True
315,RAVLT_immediate,206.06592902003075,True
315,MMSE,-176.923081404824,True
315,TAU,-77.64635935932964,True
315,ADAS13,-434.59828005957354,True
315,WholeBrainNorm,-213.36399341335752,True
315,PTAU,-27.76255762592788,True
315,HippocampusNorm,-46.19417959883319,True
315,ABETA,-200.29192332460167,True
315,EntorhinalNorm,-462.68949572805514,True
315,MidTempNorm,562.4662587088542,True
315,VentricleNorm,20.704067614284607,True
316,FusiformNorm,18.957476351521663,True
316,RAVLT_immediate,360.5104020135357,True
316,MMSE,-171.43963925242323,True
316,TAU,57.70160273660072,True
316,ADAS13,-555.5774658304861,True
316,WholeBrainNorm,-230.98636397415999,True
316,PTAU,-71.62287638800294,True
316,HippocampusNorm,-95.08375298681173,True
316,ABETA,-273.120499471973,True
316,EntorhinalNorm,-707.2403381632018,True
316,MidTempNorm,574.6760522790119,True
316,VentricleNorm,-52.81179208004205,True
317,FusiformNorm,-519.7958114372736,True
317,RAVLT_immediate,122.01353296082664,True
317,MMSE,53.28198170992988,True
317,TAU,36.87853243792225,True
317,ADAS13,-541.4477782588399,True
317,WholeBrainNorm,-305.54072760967597,True
317,PTAU,92.46922563499315,True
317,HippocampusNorm,-57.00044406139738,True
317,ABETA,-235.15647183136952,True
317,EntorhinalNorm,-515.0129392146835,True
317,MidTempNorm,336.0592716071019,True
317,VentricleNorm,-14.213031986848783,True
318,FusiformNorm,69.62462382007197,False
318,RAVLT_immediate,9.939126538947818,False
318,MMSE,5.131330499789144,False
318,TAU,29.900766271004912,False
318,ADAS13,-563.9656450411285,False
318,WholeBrainNorm,-367.1592049236225,False
318,PTAU,-5.7308009588715905,False
318,HippocampusNorm,61.88505671927442,False
318,ABETA,-284.7720010013022,False
318,EntorhinalNorm,120.4167794911425,False
318,MidTempNorm,261.14107990415505,False
318,VentricleNorm,2.1114243953016096,False
319,FusiformNorm,46.19902718682897,True
319,RAVLT_immediate,264.8420148496775,True
319,MMSE,-117.63031184326118,True
319,TAU,135.74679904209302,True
319,ADAS13,-557.6628026882025,True
319,WholeBrainNorm,-431.66722235688803,True
319,PTAU,50.35394463889389,True
319,HippocampusNorm,-86.98663717855995,True
319,ABETA,-214.29587594359492,True
319,EntorhinalNorm,-342.59370590701457,True
319,MidTempNorm,556.7521899342004,True
319,VentricleNorm,-40.30183846937524,True
320,FusiformNorm,-197.86219600040664,True
320,RAVLT_immediate,148.65476864125588,True
320,MMSE,-223.06615446336687,True
320,TAU,-364.332153655806,True
320,ADAS13,-430.8094013543308,True
320,WholeBrainNorm,-54.953342044701216,True
320,PTAU,-40.461609276162875,True
320,HippocampusNorm,-49.06791553453451,True
320,ABETA,-252.800134873875,True
320,EntorhinalNorm,-261.23020178619777,True
320,MidTempNorm,545.9272481361488,True
320,VentricleNorm,8.301240479072817,True
321,FusiformNorm,-85.52755501994605,True
321,RAVLT_immediate,321.55663735604014,True
321,MMSE,-271.88802154190694,True
321,TAU,462.75633907918757,True
321,ADAS13,-553.9716872072964,True
321,WholeBrainNorm,-163.81516231419153,True
321,PTAU,123.4519887736752,True
321,HippocampusNorm,68.75384613658264,True
321,ABETA,-282.04845857427574,True
321,EntorhinalNorm,-106.98873612448347,True
321,MidTempNorm,210.65102177768483,True
321,VentricleNorm,-0.8999837482799542,True
322,FusiformNorm,-363.2734293346925,True
322,RAVLT_immediate,-96.97515042449854,True
322,MMSE,-324.9371614400434,True
322,TAU,426.8370831904348,True
322,ADAS13,-527.6651792455522,True
322,WholeBrainNorm,-359.5380278500006,True
322,PTAU,-38.12716010418651,True
322,HippocampusNorm,-64.8025241763646,True
322,ABETA,-220.58581941569003,True
322,EntorhinalNorm,-475.86677652317144,True
322,MidTempNorm,510.45086289085503,True
322,VentricleNorm,124.63962494861698,True
323,FusiformNorm,-128.23096238722928,False
323,RAVLT_immediate,264.08139859609634,False
323,MMSE,-62.349458213021144,False
323,TAU,494.8013287963827,False
323,ADAS13,-563.2469833711442,False
323,WholeBrainNorm,-417.51289566957007,False
323,PTAU,15.191673308848806,False
323,HippocampusNorm,69.47436390295275,False
323,ABETA,-285.7700699499453,False
323,EntorhinalNorm,-320.0581905695843,False
323,MidTempNorm,215.70469114482918,False
323,VentricleNorm,-21.89022866831567,False
324,FusiformNorm,-43.73803697166913,True
324,RAVLT_immediate,564.321520703835,True
324,MMSE,-225.44379676539413,True
324,TAU,17.597861318189587,True
324,ADAS13,-483.80417125597864,True
324,WholeBrainNorm,18.89587849105422,True
324,PTAU,-114.16706455830403,True
324,HippocampusNorm,-71.6046605200186,True
324,ABETA,-188.22735093458184,True
324,EntorhinalNorm,-429.34749473804214,True
324,MidTempNorm,572.4969684898662,True
324,VentricleNorm,-26.595875869116398,True
325,FusiformNorm,80.01302340587714,True
325,RAVLT_immediate,326.6796917959749,True
325,MMSE,-44.48202234516091,True
325,TAU,-12.83690092268462,True
325,ADAS13,-556.4493992770093,True
325,WholeBrainNorm,-405.79275071744104,True
325,PTAU,49.48251273322083,True
325,HippocampusNorm,-32.26304568107125,True
325,ABETA,-200.99261081394312,True
325,EntorhinalNorm,-283.896895653651,True
325,MidTempNorm,563.4528960487959,True
325,VentricleNorm,-34.209996429780006,True
326,FusiformNorm,-223.26217852229217,True
326,RAVLT_immediate,284.70610019005994,True
326,MMSE,-103.76892204357047,True
326,TAU,-50.58649400348304,True
326,ADAS13,-556.6529455497587,True
326,WholeBrainNorm,-289.9442738833297,True
326,PTAU,40.93374971455478,True
326,HippocampusNorm,58.78089079635841,True
326,ABETA,-231.73712906010155,True
326,EntorhinalNorm,-922.7179097202004,True
326,MidTempNorm,229.39134439282464,True
326,VentricleNorm,-95.08899133324041,True
327,FusiformNorm,-46.5924517328468,True
327,RAVLT_immediate,214.2266568574787,True
327,MMSE,-130.3356456478038,True
327,TAU,-88.55404712165154,True
327,ADAS13,-556.4228802902893,True
327,WholeBrainNorm,-216.83033951141698,True
327,PTAU,85.12699582528845,True
327,HippocampusNorm,-90.24869271699505,True
327,ABETA,-215.03423306522362,True
327,EntorhinalNorm,-436.6027841423808,True
327,MidTempNorm,559.9673574519587,True
327,VentricleNorm,-75.82416095407294,True
328,FusiformNorm,122.87882335243957,True
328,RAVLT_immediate,223.26673477186068,True
328,MMSE,-224.07682318283614,True
328,TAU,-220.58236303969258,True
328,ADAS13,-539.3664681562208,True
328,WholeBrainNorm,-80.84708688181468,True
328,PTAU,-101.40666258284668,True
328,HippocampusNorm,-11.096317415984458,True
328,ABETA,-210.69052312282997,True
328,EntorhinalNorm,-681.410419950339,True
328,MidTempNorm,526.5777091779415,True
328,VentricleNorm,-74.78451226031012,True
329,FusiformNorm,-278.3319061756791,False
329,RAVLT_immediate,-112.75114626095376,False
329,MMSE,-92.8254895663732,False
329,TAU,866.7354127466166,False
329,ADAS13,-540.4544521614034,False
329,WholeBrainNorm,-312.6482750422956,False
329,PTAU,-48.17532761101398,False
329,HippocampusNorm,54.76348239214086,False
329,ABETA,-302.710111556029,False
329,EntorhinalNorm,-474.9744609801847,False
329,MidTempNorm,248.16533566813754,False
329,VentricleNorm,32.991138785988355,False
330,FusiformNorm,-211.00704598560816,True
330,RAVLT_immediate,94.38012186210135,True
330,MMSE,50.471160431924375,True
330,TAU,191.6663042880864,True
330,ADAS13,-548.2580976328707,True
330,WholeBrainNorm,-242.00292859426997,True
330,PTAU,-39.34470590937199,True
330,HippocampusNorm,77.69179179021206,True
330,ABETA,-235.52935924091176,True
330,EntorhinalNorm,-931.0270694219696,True
330,MidTempNorm,295.4947605743436,True
330,VentricleNorm,26.06340291211229,True
331,FusiformNorm,-328.25550897471794,True
331,RAVLT_immediate,30.475926508627083,True
331,MMSE,-222.71889170931948,True
331,TAU,-231.4495490947044,True
331,ADAS13,-535.0316897343248,True
331,WholeBrainNorm,-106.57886308793141,True
331,PTAU,14.93229983951045,True
331,HippocampusNorm,-90.73602284770625,True
331,ABETA,-205.45609158755997,True
331,EntorhinalNorm,-792.1654620607759,True
331,MidTempNorm,567.691416602066,True
331,VentricleNorm,-102.04711808449646,True
332,FusiformNorm,-120.39782970025568,True
332,RAVLT_immediate,167.57613428889752,True
332,MMSE,-153.20322221632978,True
332,TAU,-293.4173000320312,True
332,ADAS13,-538.0694021442062,True
332,WholeBrainNorm,-180.60915877058966,True
332,PTAU,-29.84888696299373,True
332,HippocampusNorm,-88.50342683888925,True
332,ABETA,-198.69470222585798,True
332,EntorhinalNorm,-229.7129504660129,True
332,MidTempNorm,585.9708526548663,True
332,VentricleNorm,-91.6647032773688,True
333,FusiformNorm,-182.93243538524592,False
333,RAVLT_immediate,35.88029120136392,False
333,MMSE,7.679513286999864,False
333,TAU,-345.6187941904251,False
333,ADAS13,-564.6953218285237,False
333,WholeBrainNorm,-380.3940894383776,False
333,PTAU,97.63773372172743,False
333,HippocampusNorm,76.79475423400876,False
333,ABETA,-335.1287323190796,False
333,EntorhinalNorm,-472.0137342203877,False
333,MidTempNorm,290.56734795524096,False
333,VentricleNorm,-3.682318287793443,False
334,FusiformNorm,22.272656159964868,True
334,RAVLT_immediate,54.10482875975397,True
334,MMSE,36.406910995679425,True
334,TAU,-40.16089990962867,True
334,ADAS13,-555.7612540053107,True
334,WholeBrainNorm,-399.18105220521556,True
334,PTAU,45.91399423129137,True
334,HippocampusNorm,-77.80680053128607,True
334,ABETA,-195.83793922470718,True
334,EntorhinalNorm,12.848398476425814,True
334,MidTempNorm,214.9770291073795,True
334,VentricleNorm,-31.306086804464428,True
335,FusiformNorm,-101.57152999762296,True
335,RAVLT_immediate,370.9240093671109,True
335,MMSE,-68.7903424089845,True
335,TAU,53.832520759508796,True
335,ADAS13,-514.2107085355502,True
335,WholeBrainNorm,-180.8709993033001,True
335,PTAU,-86.26363061630028,True
335,HippocampusNorm,-109.19564265872133,True
335,ABETA,-220.22235838636675,True
335,EntorhinalNorm,-563.1679349307,True
335,MidTempNorm,592.4521519070366,True
335,VentricleNorm,77.10104333480182,True
336,FusiformNorm,-437.1469378019068,True
336,RAVLT_immediate,183.22283656158712,True
336,MMSE,-134.64065117103138,True
336,TAU,-79.37313321242172,True
336,ADAS13,-546.5010340340881,True
336,WholeBrainNorm,74.96557591548296,True
336,PTAU,148.3799337954541,True
336,HippocampusNorm,-106.7151223765326,True
336,ABETA,-281.7206435543359,True
336,EntorhinalNorm,-510.61900863885523,True
336,MidTempNorm,209.01100867329737,True
336,VentricleNorm,-190.93529121025693,True
337,FusiformNorm,80.32926615903477,True
337,RAVLT_immediate,159.52272789609188,True
337,MMSE,-245.81106724067834,True
337,TAU,14.362636566198589,True
337,ADAS13,-558.8543455291658,True
337,WholeBrainNorm,40.764727589878845,True
337,PTAU,12.235342905944563,True
337,HippocampusNorm,-54.11353272109075,True
337,ABETA,-169.39510835702768,True
337,EntorhinalNorm,-427.54186311663074,True
337,MidTempNorm,546.0769748058182,True
337,VentricleNorm,35.11688917770725,True
338,FusiformNorm,-198.99614144188232,False
338,RAVLT_immediate,46.703911836029576,False
338,MMSE,-214.55453696888992,False
338,TAU,-120.21726724569311,False
338,ADAS13,-547.0716988504133,False
338,WholeBrainNorm,-327.0096037266777,False
338,PTAU,111.39281231512723,False
338,HippocampusNorm,50.03981937205018,False
338,ABETA,-293.68720870015983,False
338,EntorhinalNorm,157.3175979337051,False
338,MidTempNorm,254.99046869628228,False
338,VentricleNorm,1.4534108601134292,False
339,FusiformNorm,-39.29748285886853,True
339,RAVLT_immediate,630.8102653418107,True
339,MMSE,-236.20328539899745,True
339,TAU,-83.17565166906004,True
339,ADAS13,-531.3673769098652,True
339,WholeBrainNorm,-131.96517377105852,True
339,PTAU,36.916975952079,True
339,HippocampusNorm,-74.4447433943219,True
339,ABETA,-219.7293524656639,True
339,EntorhinalNorm,-700.3411383035159,True
339,MidTempNorm,589.3408100172485,True
339,VentricleNorm,111.3259530653061,True
340,FusiformNorm,-498.3814533179664,False
340,RAVLT_immediate,20.76065812395666,False
340,MMSE,-251.80861380607203,False
340,TAU,84.81012056607561,False
340,ADAS13,-540.7252646767552,False
340,WholeBrainNorm,-259.9784199805591,False
340,PTAU,26.01089817428055,False
340,HippocampusNorm,67.72360558056366,False
340,ABETA,-275.403810877718,False
340,EntorhinalNorm,-421.27892694908746,False
340,MidTempNorm,163.27377196764252,False
340,VentricleNorm,30.96948229054893,False
341,FusiformNorm,58.08005874851461,True
341,RAVLT_immediate,710.2880117063926,True
341,MMSE,-117.50042830560142,True
341,TAU,-157.586705004903,True
341,ADAS13,-558.0131093104645,True
341,WholeBrainNorm,-160.8209082340023,True
341,PTAU,-69.41148979514486,True
341,HippocampusNorm,-86.46442213379461,True
341,ABETA,-242.7471348543462,True
341,EntorhinalNorm,-573.4027606998295,True
341,MidTempNorm,530.5539343698164,True
341,VentricleNorm,114.49348467344521,True
342,FusiformNorm,-219.81014691728092,False
342,RAVLT_immediate,232.9445026556287,False
342,MMSE,13.383923525404114,False
342,TAU,499.1294940827302,False
342,ADAS13,-560.6695687985078,False
342,WholeBrainNorm,-202.79076980209533,False
342,PTAU,6.563314920874731,False
342,HippocampusNorm,66.42515271520392,False
342,ABETA,-267.90008514610406,False
342,EntorhinalNorm,-315.1645717248084,False
342,MidTempNorm,259.35589190553196,False
342,VentricleNorm,4.599141491323735,False
343,FusiformNorm,-81.74891384957783,True
343,RAVLT_immediate,110.28353718383875,True
343,MMSE,-193.0663432365193,True
343,TAU,181.2343832736781,True
343,ADAS13,-551.6377640626827,True
343,WholeBrainNorm,-599.8497420909438,True
343,PTAU,-46.31450041881858,True
343,HippocampusNorm,-50.78044476406165,True
343,ABETA,-221.5315625425232,True
343,EntorhinalNorm,92.44128746177853,True
343,MidTempNorm,585.9604211415002,True
343,VentricleNorm,101.11958137102798,True
344,FusiformNorm,102.6048425767338,True
344,RAVLT_immediate,322.9618662958993,True
344,MMSE,-7.973341900698003,True
344,TAU,354.66086332942984,True
344,ADAS13,-566.699576292942,True
344,WholeBrainNorm,-107.85618628557503,True
344,PTAU,16.11883784777127,True
344,HippocampusNorm,-100.27084109945403,True
344,ABETA,-245.83329336666236,True
344,EntorhinalNorm,-462.9567869476929,True
344,MidTempNorm,512.4343421558234,True
344,VentricleNorm,-104.45628171494057,True
345,FusiformNorm,29.598428512470832,False
345,RAVLT_immediate,273.75697607665825,False
345,MMSE,-111.992842156094,False
345,TAU,-0.017666676823779426,False
345,ADAS13,-546.0369154244496,False
345,WholeBrainNorm,-179.55389478930812,False
345,PTAU,127.74346527921804,False
345,HippocampusNorm,76.60797346159782,False
345,ABETA,-262.37317822052523,False
345,EntorhinalNorm,-286.5752638471885,False
345,MidTempNorm,246.25465525785157,False
345,VentricleNorm,-11.847743436283675,False
346,FusiformNorm,162.26446316408422,True
346,RAVLT_immediate,410.87457188805394,True
346,MMSE,-202.32765119168664,True
346,TAU,-47.93243940168435,True
346,ADAS13,-458.857869957499,True
346,WholeBrainNorm,116.19693619170886,True
346,PTAU,-22.054877824659847,True
346,HippocampusNorm,-74.90122604745768,True
346,ABETA,-190.88165676887297,True
346,EntorhinalNorm,-383.0338913568496,True
346,MidTempNorm,528.9714026053483,True
346,VentricleNorm,-138.8428032028418,True
347,FusiformNorm,33.95807001927147,True
347,RAVLT_immediate,382.4818842277082,True
347,MMSE,-211.82411030116344,True
347,TAU,281.97756699183856,True
347,ADAS13,-439.10371431747154,True
347,WholeBrainNorm,-340.4704883552713,True
347,PTAU,-45.44091095241716,True
347,HippocampusNorm,-61.07304163693207,True
347,ABETA,-249.69890423093304,True
347,EntorhinalNorm,-762.2293641993083,True
347,MidTempNorm,574.8055010833845,True
347,VentricleNorm,59.43263910843973,True
348,FusiformNorm,81.41152222841099,True
348,RAVLT_immediate,666.6028248475267,True
348,MMSE,12.447009028401709,True
348,TAU,97.88641690117079,True
348,ADAS13,-475.1801210245992,True
348,WholeBrainNorm,-75.92942269166223,True
348,PTAU,64.3946716380986,True
348,HippocampusNorm,-99.5278277727929,True
348,ABETA,-233.88679517978608,True
348,EntorhinalNorm,-101.96179117894019,True
348,MidTempNorm,597.4323833299343,True
348,VentricleNorm,50.44794247903316,True
349,FusiformNorm,43.16617685227902,False
349,RAVLT_immediate,28.24212546209509,False
349,MMSE,-18.613272505464266,False
349,TAU,-75.26026117484247,False
349,ADAS13,-539.1210291559368,False
349,WholeBrainNorm,-137.68916901747073,False
349,PTAU,89.07191608997572,False
349,HippocampusNorm,66.42756272494697,False
349,ABETA,-287.74096108507706,False
349,EntorhinalNorm,-367.23273720214536,False
349,MidTempNorm,296.03259921267966,False
349,VentricleNorm,34.69964326036464,False
350,FusiformNorm,-134.52057902294877,False
350,RAVLT_immediate,337.43190748494135,False
350,MMSE,-125.06951686034655,False
350,TAU,-336.78282293132145,False
350,ADAS13,-562.294516910512,False
350,WholeBrainNorm,-213.0270369784701,False
350,PTAU,66.77929549976159,False
350,HippocampusNorm,58.74722602506303,False
350,ABETA,-298.0593039492339,False
350,EntorhinalNorm,-206.1583669755449,False
350,MidTempNorm,212.7956513588351,False
350,VentricleNorm,42.046237299807416,False
351,FusiformNorm,-76.59245372442138,True
351,RAVLT_immediate,213.6644005378214,True
351,MMSE,11.153070659796,True
351,TAU,60.30132476158121,True
351,ADAS13,-534.6996475469927,True
351,WholeBrainNorm,-170.008344101313,True
351,PTAU,46.798770770561106,True
351,HippocampusNorm,-81.49309212528496,True
351,ABETA,-263.79574075273246,True
351,EntorhinalNorm,-583.8420514687466,True
351,MidTempNorm,276.5885506720344,True
351,VentricleNorm,25.094332409987086,True
352,FusiformNorm,26.859054822868416,True
352,RAVLT_immediate,538.9476700037532,True
352,MMSE,-168.24916996409854,True
352,TAU,-615.2378521839757,True
352,ADAS13,-552.2539104339043,True
352,WholeBrainNorm,-227.62291617994032,True
352,PTAU,129.71038312083806,True
352,HippocampusNorm,-3.190557497651625,True
352,ABETA,-246.089571404977,True
352,EntorhinalNorm,-326.1591598667269,True
352,MidTempNorm,540.539402446607,True
352,VentricleNorm,-71.36619203211953,True
353,FusiformNorm,-251.35853410476685,True
353,RAVLT_immediate,-61.42807033569122,True
353,MMSE,-339.86383766085487,True
353,TAU,667.8887085866991,True
353,ADAS13,-544.5852429564134,True
353,WholeBrainNorm,-210.4229682776586,True
353,PTAU,53.88859520705474,True
353,HippocampusNorm,-43.28910807401584,True
353,ABETA,-209.91963432846245,True
353,EntorhinalNorm,-680.5207825889486,True
353,MidTempNorm,153.89191228320266,True
353,VentricleNorm,13.119348685113405,True
354,FusiformNorm,-210.72998921159163,True
354,RAVLT_immediate,465.32992828783176,True
354,MMSE,13.629580829155742,True
354,TAU,-216.28446560694684,True
354,ADAS13,-573.2960649334618,True
354,WholeBrainNorm,-193.8680152016398,True
354,PTAU,44.67242976106129,True
354,HippocampusNorm,-102.21249370954231,True
354,ABETA,-242.82612351086271,True
354,EntorhinalNorm,-488.2331276635804,True
354,MidTempNorm,241.79964549908394,True
354,VentricleNorm,-3.2431196962606457,True
355,FusiformNorm,46.542126938023905,True
355,RAVLT_immediate,453.4035345442723,True
355,MMSE,-98.55820431036885,True
355,TAU,-17.693919120346266,True
355,ADAS13,-505.9905355814241,True
355,WholeBrainNorm,-509.37658914806934,True
355,PTAU,83.98093544561839,True
355,HippocampusNorm,-65.84332502972829,True
355,ABETA,-209.17220814685794,True
355,EntorhinalNorm,-430.2467473857719,True
355,MidTempNorm,559.6522496188846,True
355,VentricleNorm,18.91549747090335,True
356,FusiformNorm,-78.68147551017344,True
356,RAVLT_immediate,33.39721416280595,True
356,MMSE,-126.1927386400554,True
356,TAU,624.0122772507015,True
356,ADAS13,-533.5217218209585,True
356,WholeBrainNorm,-434.69417764050047,True
356,PTAU,-36.34406055571174,True
356,HippocampusNorm,-33.344062514161536,True
356,ABETA,-223.18756063441742,True
356,EntorhinalNorm,-280.38787147266305,True
356,MidTempNorm,539.3535377621545,True
356,VentricleNorm,-80.90280210469972,True
357,FusiformNorm,93.62275076928461,True
357,RAVLT_immediate,290.72426121999325,True
357,MMSE,-352.9682459040357,True
357,TAU,361.6807289662388,True
357,ADAS13,-557.3277533736788,True
357,WholeBrainNorm,-113.2959811196016,True
357,PTAU,-59.95873953513694,True
357,HippocampusNorm,-58.10368338265965,True
357,ABETA,-211.5239221195001,True
357,EntorhinalNorm,-482.2753659574358,True
357,MidTempNorm,510.6785575754791,True
357,VentricleNorm,15.474521492857061,True
358,FusiformNorm,-72.1357354798187,True
358,RAVLT_immediate,114.63528434600784,True
358,MMSE,-137.48287624553754,True
358,TAU,263.3471849252861,True
358,ADAS13,-524.065989640055,True
358,WholeBrainNorm,-174.91484358316845,True
358,PTAU,-2.5181900203702616,True
358,HippocampusNorm,-47.46558824073836,True
358,ABETA,-194.18320066676952,True
358,EntorhinalNorm,-506.43700586956675,True
358,MidTempNorm,544.7102256460361,True
358,VentricleNorm,83.33437527275865,True
359,FusiformNorm,-521.4293443349411,False
359,RAVLT_immediate,62.23655690958998,False
359,MMSE,-37.30045083997982,False
359,TAU,128.52807016294676,False
359,ADAS13,-550.1693366167326,False
359,WholeBrainNorm,-95.0110055278972,False
359,PTAU,95.84998291712341,False
359,HippocampusNorm,83.78306792247875,False
359,ABETA,-308.58511771233975,False
359,EntorhinalNorm,-434.32232396747946,False
359,MidTempNorm,299.72824374466114,False
359,VentricleNorm,1.9129923885154412,False
360,FusiformNorm,-75.23282319285354,True
360,RAVLT_immediate,332.9710280296579,True
360,MMSE,-67.70644522999471,True
360,TAU,20.17589548147987,True
360,ADAS13,-559.8557712214025,True
360,WholeBrainNorm,-242.46824416841923,True
360,PTAU,77.36068556239009,True
360,HippocampusNorm,-22.9252072326071,True
360,ABETA,-242.97008449788652,True
360,EntorhinalNorm,21.34406632559353,True
360,MidTempNorm,527.9301051250025,True
360,VentricleNorm,40.5188239390522,True
361,FusiformNorm,52.54388787100413,False
361,RAVLT_immediate,84.85770533679344,False
361,MMSE,10.08117003928092,False
361,TAU,72.55957873006474,False
361,ADAS13,-545.2520842757514,False
361,WholeBrainNorm,-170.7258579286811,False
361,PTAU,12.047979804126534,False
361,HippocampusNorm,67.0835737366344,False
361,ABETA,-304.2629748067656,False
361,EntorhinalNorm,-737.1303787937958,False
361,MidTempNorm,230.81682276494456,False
361,VentricleNorm,21.187436952096334,False
362,FusiformNorm,52.45579101991891,True
362,RAVLT_immediate,116.65803889002865,True
362,MMSE,-284.9675155856055,True
362,TAU,139.40412462559866,True
362,ADAS13,-438.80670799015627,True
362,WholeBrainNorm,-105.1482577270516,True
362,PTAU,-144.64062968797833,True
362,HippocampusNorm,-43.47659679063019,True
362,ABETA,-219.65383273426434,True
362,EntorhinalNorm,-565.3586261160436,True
362,MidTempNorm,563.0231542670238,True
362,VentricleNorm,-66.76426863764577,True
363,FusiformNorm,53.73470126526285,True
363,RAVLT_immediate,580.9929694420748,True
363,MMSE,-267.6621634135888,True
363,TAU,-9.076117681098097,True
363,ADAS13,-481.3447056018195,True
363,WholeBrainNorm,-71.66129254735273,True
363,PTAU,41.79670007418587,True
363,HippocampusNorm,-22.31580638555146,True
363,ABETA,-216.8553414708023,True
363,EntorhinalNorm,-416.9278407925029,True
363,MidTempNorm,565.9410492066672,True
363,VentricleNorm,-22.65072051014532,True
364,FusiformNorm,-159.78265012416534,False
364,RAVLT_immediate,214.2838155456971,False
364,MMSE,-27.31845810580154,False
364,TAU,384.7613571466468,False
364,ADAS13,-543.1075129476746,False
364,WholeBrainNorm,-207.04448849404832,False
364,PTAU,58.579229065648136,False
364,HippocampusNorm,52.42873051163821,False
364,ABETA,-277.9621908972813,False
364,EntorhinalNorm,-568.3783370857327,False
364,MidTempNorm,216.8780102002445,False
364,VentricleNorm,3.101284174566267,False
365,FusiformNorm,-64.44269056607835,True
365,RAVLT_immediate,536.340511529107,True
365,MMSE,-22.033635133705133,True
365,TAU,380.77690034114835,True
365,ADAS13,-482.6153309632628,True
365,WholeBrainNorm,-242.44485741756813,True
365,PTAU,49.54706275691416,True
365,HippocampusNorm,-90.07702417286342,True
365,ABETA,-288.64685184296724,True
365,EntorhinalNorm,-744.4079729406988,True
365,MidTempNorm,571.1350515951965,True
365,VentricleNorm,-20.36684336605292,True
366,FusiformNorm,-84.50472697863967,True
366,RAVLT_immediate,521.7810541448763,True
366,MMSE,-205.08329541060021,True
366,TAU,-75.83485347349747,True
366,ADAS13,-454.3530214834891,True
366,WholeBrainNorm,-86.4792327075803,True
366,PTAU,6.186847969862338,True
366,HippocampusNorm,-43.08291371850121,True
366,ABETA,-229.03661926041664,True
366,EntorhinalNorm,-428.0715484438057,True
366,MidTempNorm,580.7703923028852,True
366,VentricleNorm,118.22558383598536,True
367,FusiformNorm,-217.56145433309374,False
367,RAVLT_immediate,30.466681725465037,False
367,MMSE,25.02564782174268,False
367,TAU,744.0312597539529,False
367,ADAS13,-567.9837651235104,False
367,WholeBrainNorm,-79.02008055699804,False
367,PTAU,28.27430929848449,False
367,HippocampusNorm,73.64000296338756,False
367,ABETA,-287.2776348743162,False
367,EntorhinalNorm,-540.5788446374531,False
367,MidTempNorm,253.74390913307133,False
367,VentricleNorm,-13.14183544553708,False
368,FusiformNorm,48.495320800010504,True
368,RAVLT_immediate,180.95595243183604,True
368,MMSE,-190.71036099811624,True
368,TAU,545.7025249181039,True
368,ADAS13,-475.086021308161,True
368,WholeBrainNorm,1.1203988964118992,True
368,PTAU,-72.23593433524623,True
368,HippocampusNorm,-29.54034179155183,True
368,ABETA,-198.6811426612848,True
368,EntorhinalNorm,-607.141555397005,True
368,MidTempNorm,614.6069955044443,True
368,VentricleNorm,-97.33366320794899,True
369,FusiformNorm,-280.7961423150935,False
369,RAVLT_immediate,85.77819398687909,False
369,MMSE,-134.89931799645552,False
369,TAU,-311.4590755576656,False
369,ADAS13,-557.0504285924732,False
369,WholeBrainNorm,-289.3881296781881,False
369,PTAU,2.4055702679219877,False
369,HippocampusNorm,60.129194509145904,False
369,ABETA,-302.19888913712424,False
369,EntorhinalNorm,149.8236919653998,False
369,MidTempNorm,249.53601889233892,False
369,VentricleNorm,15.273547804961368,False
370,FusiformNorm,-9.243446218789643,False
370,RAVLT_immediate,398.6607675003139,False
370,MMSE,-95.46369186193033,False
370,TAU,-405.356417291531,False
370,ADAS13,-562.024734430948,False
370,WholeBrainNorm,-148.8700877046981,False
370,PTAU,-5.567492627767514,False
370,HippocampusNorm,60.69445194504845,False
370,ABETA,-291.90036725980514,False
370,EntorhinalNorm,-62.05227474016698,False
370,MidTempNorm,283.7522164039271,False
370,VentricleNorm,31.102665471191248,False
371,FusiformNorm,-52.86411311375272,True
371,RAVLT_immediate,469.11000742131415,True
371,MMSE,-208.9500595139461,True
371,TAU,36.02184316978987,True
371,ADAS13,-496.31696302830176,True
371,WholeBrainNorm,-21.72555397157558,True
371,PTAU,22.456366298170924,True
371,HippocampusNorm,-48.97453415570429,True
371,ABETA,-244.6900311462017,True
371,EntorhinalNorm,-671.9546896567567,True
371,MidTempNorm,515.5518822206565,True
371,VentricleNorm,-54.33048236446486,True
372,FusiformNorm,-391.99043194872536,False
372,RAVLT_immediate,456.77574443714,False
372,MMSE,-51.663409214236324,False
372,TAU,64.41543967722092,False
372,ADAS13,-545.1472283866746,False
372,WholeBrainNorm,-169.76897494146982,False
372,PTAU,-19.179723347530278,False
372,HippocampusNorm,53.34085527005111,False
372,ABETA,-302.11353972901776,False
372,EntorhinalNorm,-535.9556072522305,False
372,MidTempNorm,345.4811332812193,False
372,VentricleNorm,50.039039724253634,False
373,FusiformNorm,-70.85168967105668,False
373,RAVLT_immediate,86.65185328595732,False
373,MMSE,-136.12992132167918,False
373,TAU,-224.4728884436446,False
373,ADAS13,-537.7187020951517,False
373,WholeBrainNorm,-146.17662767292526,False
373,PTAU,14.09626719744115,False
373,HippocampusNorm,64.75431097759433,False
373,ABETA,-292.38774090332754,False
373,EntorhinalNorm,-267.0752461558217,False
373,MidTempNorm,263.2981910268504,False
373,VentricleNorm,20.175131551902,False
374,FusiformNorm,-21.67640200440971,True
374,RAVLT_immediate,494.39152232408514,True
374,MMSE,-196.71140451040208,True
374,TAU,406.6219747603627,True
374,ADAS13,-517.1260324680438,True
374,WholeBrainNorm,-215.74794861962135,True
374,PTAU,-72.71730174360101,True
374,HippocampusNorm,-98.40507876140195,True
374,ABETA,-235.85752004363508,True
374,EntorhinalNorm,-618.2538013908943,True
374,MidTempNorm,601.7779642262846,True
374,VentricleNorm,-142.71842327787147,True
375,FusiformNorm,-164.41987849350133,True
375,RAVLT_immediate,57.36965163164565,True
375,MMSE,-202.39932748152302,True
375,TAU,-180.7321245703645,True
375,ADAS13,-453.7067991505665,True
375,WholeBrainNorm,179.16170713978386,True
375,PTAU,-6.4692427252095985,True
375,HippocampusNorm,-51.514815252736675,True
375,ABETA,-238.36724528966744,True
375,EntorhinalNorm,-474.27222909722065,True
375,MidTempNorm,550.6896239876504,True
375,VentricleNorm,-65.33199476698682,True
376,FusiformNorm,135.54977795836743,False
376,RAVLT_immediate,119.86441205499338,False
376,MMSE,36.107978613194916,False
376,TAU,616.913253888815,False
376,ADAS13,-534.1812407395086,False
376,WholeBrainNorm,-323.5787646153278,False
376,PTAU,16.61053560010813,False
376,HippocampusNorm,74.26825777421502,False
376,ABETA,-301.2167790900589,False
376,EntorhinalNorm,-705.2118451873203,False
376,MidTempNorm,319.56699669584975,False
376,VentricleNorm,22.319353203136274,False
377,FusiformNorm,83.52480313907789,True
377,RAVLT_immediate,134.19314470524586,True
377,MMSE,-150.87130850366938,True
377,TAU,184.35910684392027,True
377,ADAS13,-548.9679349521588,True
377,WholeBrainNorm,-192.75081479842814,True
377,PTAU,68.76742456024988,True
377,HippocampusNorm,-86.29983467520655,True
377,ABETA,-269.5422847159844,True
377,EntorhinalNorm,-659.062034305294,True
377,MidTempNorm,525.5702329461675,True
377,VentricleNorm,-119.34634734393626,True
378,FusiformNorm,-22.642037957747796,True
378,RAVLT_immediate,760.4472148887546,True
378,MMSE,-146.31526184545172,True
378,TAU,148.3593601977094,True
378,ADAS13,-546.6853896211834,True
378,WholeBrainNorm,-399.05079196696363,True
378,PTAU,25.57650022439349,True
378,HippocampusNorm,-78.0164928674795,True
378,ABETA,-250.75047300773934,True
378,EntorhinalNorm,-14.90195934540884,True
378,MidTempNorm,571.662670676115,True
378,VentricleNorm,-9.408281897938915,True
379,FusiformNorm,61.09953258247244,True
379,RAVLT_immediate,356.5658993132354,True
379,MMSE,-183.0265474063758,True
379,TAU,-303.9432316798709,True
379,ADAS13,-418.8422972619888,True
379,WholeBrainNorm,-381.94723665985504,True
379,PTAU,-17.08410051203232,True
379,HippocampusNorm,-90.14964923579083,True
379,ABETA,-248.84069872172427,True
379,EntorhinalNorm,-388.08046273381103,True
379,MidTempNorm,523.0416622053417,True
379,VentricleNorm,-19.30700592861459,True
380,FusiformNorm,-480.93482217160624,True
380,RAVLT_immediate,261.0264454437638,True
380,MMSE,-99.97597029620017,True
380,TAU,8.741557162453162,True
380,ADAS13,-556.4082241817022,True
380,WholeBrainNorm,-25.509650153348616,True
380,PTAU,-122.31291018483017,True
380,HippocampusNorm,-63.740435406699675,True
380,ABETA,-209.79021480828894,True
380,EntorhinalNorm,-487.5005767499763,True
380,MidTempNorm,565.5074466946053,True
380,VentricleNorm,-51.257596844335126,True
381,FusiformNorm,-93.47559437603036,True
381,RAVLT_immediate,199.18129935905142,True
381,MMSE,-189.0651372063636,True
381,TAU,-306.98862693652734,True
381,ADAS13,-454.365232950209,True
381,WholeBrainNorm,71.66800524769235,True
381,PTAU,8.25227726852308,True
381,HippocampusNorm,-30.32042667282777,True
381,ABETA,-207.6099798872629,True
381,EntorhinalNorm,-436.03714972973125,True
381,MidTempNorm,593.3936256132639,True
381,VentricleNorm,16.990539402065867,True
382,FusiformNorm,-490.05123434657696,True
382,RAVLT_immediate,41.60571848513523,True
382,MMSE,-91.68519309221631,True
382,TAU,283.51222441078073,True
382,ADAS13,-532.2559025603823,True
382,WholeBrainNorm,-406.44275548018925,True
382,PTAU,43.68083849797019,True
382,HippocampusNorm,67.72872368082658,True
382,ABETA,-231.38032794915247,True
382,EntorhinalNorm,196.368761478441,True
382,MidTempNorm,245.0248835883999,True
382,VentricleNorm,27.66828375718697,True
383,FusiformNorm,-53.44916633729652,True
383,RAVLT_immediate,614.8560945957265,True
383,MMSE,-137.95856776044064,True
383,TAU,110.70566657835316,True
383,ADAS13,-332.48667272404407,True
383,WholeBrainNorm,-222.32350598874427,True
383,PTAU,-14.907355194382912,True
383,HippocampusNorm,4.652268479019426,True
383,ABETA,-221.0431382848327,True
383,EntorhinalNorm,-612.5204384886501,True
383,MidTempNorm,531.0742044181005,True
383,VentricleNorm,33.32932524981459,True
384,FusiformNorm,-413.96075706857687,True
384,RAVLT_immediate,161.22611700922738,True
384,MMSE,-147.5132295366464,True
384,TAU,-92.1477709537192,True
384,ADAS13,-546.4375650371628,True
384,WholeBrainNorm,-148.34263363077048,True
384,PTAU,99.29956727271905,True
384,HippocampusNorm,-30.740476431786366,True
384,ABETA,-225.2633150009031,True
384,EntorhinalNorm,-527.5395021378955,True
384,MidTempNorm,556.5204512185611,True
384,VentricleNorm,-191.8584816121696,True
385,FusiformNorm,-18.5904836766639,True
385,RAVLT_immediate,483.67288032340093,True
385,MMSE,-194.75918348674108,True
385,TAU,107.97415978218628,True
385,ADAS13,-559.6442951053573,True
385,WholeBrainNorm,-233.65002749277028,True
385,PTAU,126.35038219109398,True
385,HippocampusNorm,-70.9505997469209,True
385,ABETA,-195.11022178603238,True
385,EntorhinalNorm,-142.04806447511498,True
385,MidTempNorm,592.5892614769331,True
385,VentricleNorm,-69.44361778946131,True
386,FusiformNorm,68.76192456758831,True
386,RAVLT_immediate,423.9470784399582,True
386,MMSE,-261.67878379378067,True
386,TAU,124.12550994070796,True
386,ADAS13,-313.78764943489205,True
386,WholeBrainNorm,-169.50599435970986,True
386,PTAU,68.02066935751104,True
386,HippocampusNorm,-77.40349162161611,True
386,ABETA,-225.75395086788774,True
386,EntorhinalNorm,-571.8649494383802,True
386,MidTempNorm,546.0151147737798,True
386,VentricleNorm,-64.6262230040378,True
387,FusiformNorm,-414.742076370278,True
387,RAVLT_immediate,-161.41598059899002,True
387,MMSE,-193.238720576715,True
387,TAU,165.18678344339563,True
387,ADAS13,-553.9063340611814,True
387,WholeBrainNorm,-178.16332939914898,True
387,PTAU,28.458829120091792,True
387,HippocampusNorm,2.2641692743753694,True
387,ABETA,-213.5168496704039,True
387,EntorhinalNorm,-366.3950938619408,True
387,MidTempNorm,541.4158106031327,True
387,VentricleNorm,-70.50992726371014,True
388,FusiformNorm,47.13671150019167,True
388,RAVLT_immediate,657.1336171935832,True
388,MMSE,-321.7503503608441,True
388,TAU,286.08978983857685,True
388,ADAS13,-565.4159429549475,True
388,WholeBrainNorm,-294.0009246440217,True
388,PTAU,-150.90473967768358,True
388,HippocampusNorm,-34.7210940996697,True
388,ABETA,-233.3204055038231,True
388,EntorhinalNorm,-568.0048891929544,True
388,MidTempNorm,542.874338244214,True
388,VentricleNorm,-35.805558197827764,True
389,FusiformNorm,-191.69982966609706,False
389,RAVLT_immediate,-50.32190613512003,False
389,MMSE,-215.51623963982928,False
389,TAU,-564.4540363365993,False
389,ADAS13,-567.2823171221212,False
389,WholeBrainNorm,-352.87267681734625,False
389,PTAU,47.14351748611585,False
389,HippocampusNorm,92.19382509226912,False
389,ABETA,-278.0077936375625,False
389,EntorhinalNorm,-612.5984466412486,False
389,MidTempNorm,262.8399327242743,False
389,VentricleNorm,57.65619778002521,False
390,FusiformNorm,-21.08499239317513,True
390,RAVLT_immediate,-66.80159414274252,True
390,MMSE,-97.10431081008791,True
390,TAU,465.0834250402629,True
390,ADAS13,-542.44467642046,True
390,WholeBrainNorm,-295.946101979902,True
390,PTAU,59.30723322730371,True
390,HippocampusNorm,-23.535789096789145,True
390,ABETA,-218.109159083692,True
390,EntorhinalNorm,-1056.0208137297668,True
390,MidTempNorm,544.3783702644215,True
390,VentricleNorm,-113.01700296958522,True
391,FusiformNorm,-55.39340131166761,True
391,RAVLT_immediate,392.5779619961404,True
391,MMSE,-182.40483748222204,True
391,TAU,586.172796534391,True
391,ADAS13,-543.3525024596977,True
391,WholeBrainNorm,-45.53438917972406,True
391,PTAU,62.56961068888921,True
391,HippocampusNorm,-92.91024451609954,True
391,ABETA,-262.21816279139915,True
391,EntorhinalNorm,-422.5677692704318,True
391,MidTempNorm,576.734154909233,True
391,VentricleNorm,-114.38761424335206,True
392,FusiformNorm,-527.0447175791096,False
392,RAVLT_immediate,-131.81688080688338,False
392,MMSE,-239.89684405426107,False
392,TAU,-25.82698661610698,False
392,ADAS13,-564.9370185250424,False
392,WholeBrainNorm,-158.9565524443786,False
392,PTAU,2.33902919031722,False
392,HippocampusNorm,69.47750072823224,False
392,ABETA,-260.8987592730727,False
392,EntorhinalNorm,-779.4396215382385,False
392,MidTempNorm,201.67091804875585,False
392,VentricleNorm,15.049511954181451,False
393,FusiformNorm,106.99427496029307,True
393,RAVLT_immediate,491.3054372552223,True
393,MMSE,-244.624095387764,True
393,TAU,-205.2481664576887,True
393,ADAS13,-408.4896249641589,True
393,WholeBrainNorm,254.76416134092597,True
393,PTAU,-9.326928026413025,True
393,HippocampusNorm,-13.85163033031516,True
393,ABETA,-224.18033125328847,True
393,EntorhinalNorm,-77.86556158370911,True
393,MidTempNorm,493.92733140013127,True
393,VentricleNorm,42.629961690988765,True
394,FusiformNorm,-282.5883457318712,False
394,RAVLT_immediate,44.740729146298065,False
394,MMSE,-209.532161361596,False
394,TAU,453.2868422789004,False
394,ADAS13,-550.5947427245561,False
394,WholeBrainNorm,-293.4723877019472,False
394,PTAU,78.4165795602106,False
394,HippocampusNorm,64.18758497407296,False
394,ABETA,-299.26040938988365,False
394,EntorhinalNorm,332.1128752447079,False
394,MidTempNorm,207.80720407158339,False
394,VentricleNorm,41.05316399363866,False
395,FusiformNorm,-25.475074223366704,True
395,RAVLT_immediate,298.7138840876959,True
395,MMSE,-244.39521434338408,True
395,TAU,228.82816296085656,True
395,ADAS13,-555.1561991038195,True
395,WholeBrainNorm,121.78264094071938,True
395,PTAU,-40.06045170718689,True
395,HippocampusNorm,-52.41603352457389,True
395,ABETA,-242.23087183973485,True
395,EntorhinalNorm,-0.8122294535823471,True
395,MidTempNorm,509.61654132509625,True
395,VentricleNorm,-70.5276295790054,True
396,FusiformNorm,21.606352129421758,True
396,RAVLT_immediate,451.10779411757755,True
396,MMSE,-237.40104330869386,True
396,TAU,32.55913533368059,True
396,ADAS13,-413.4216764609518,True
396,WholeBrainNorm,-91.54156687888093,True
396,PTAU,-7.859195442108615,True
396,HippocampusNorm,-91.3263841949032,True
396,ABETA,-226.1816162055607,True
396,EntorhinalNorm,-855.8328057989737,True
396,MidTempNorm,602.7682271097214,True
396,VentricleNorm,-37.3924213682773,True
397,FusiformNorm,139.58864682746503,True
397,RAVLT_immediate,93.26713266045797,True
397,MMSE,-84.66498979501088,True
397,TAU,-295.9233353683867,True
397,ADAS13,-521.8388775173486,True
397,WholeBrainNorm,-45.06097282413988,True
397,PTAU,-35.325283285743,True
397,HippocampusNorm,-95.29335668780229,True
397,ABETA,-253.62671927394666,True
397,EntorhinalNorm,-394.1100247436902,True
397,MidTempNorm,531.1918953764352,True
397,VentricleNorm,-149.67997298704452,True
398,FusiformNorm,107.91405994142598,True
398,RAVLT_immediate,336.3222780548233,True
398,MMSE,-200.23547481493796,True
398,TAU,-505.50783841901,True
398,ADAS13,-495.38437438873433,True
398,WholeBrainNorm,-68.65215947276728,True
398,PTAU,-0.7644735178603312,True
398,HippocampusNorm,-50.57355305791475,True
398,ABETA,-230.07321881454268,True
398,EntorhinalNorm,-626.1815533819356,True
398,MidTempNorm,581.5594265075847,True
398,VentricleNorm,37.80442816893412,True
399,FusiformNorm,-61.21119518730397,True
399,RAVLT_immediate,234.23221323054162,True
399,MMSE,-174.84544633685513,True
399,TAU,154.1278284157441,True
399,ADAS13,-536.6277352219101,True
399,WholeBrainNorm,-142.34150964729997,True
399,PTAU,-31.562971390126748,True
399,HippocampusNorm,-90.5329815410077,True
399,ABETA,-249.11755720080302,True
399,EntorhinalNorm,-711.2977710988607,True
399,MidTempNorm,573.9780923878594,True
399,VentricleNorm,13.37236272282085,True
400,FusiformNorm,22.56997293406465,False
400,RAVLT_immediate,9.515365821420602,False
400,MMSE,-15.907883103911203,False
400,TAU,480.27376828800425,False
400,ADAS13,-557.310920427377,False
400,WholeBrainNorm,-267.21440499911307,False
400,PTAU,14.278950992128777,False
400,HippocampusNorm,71.40532666280289,False
400,ABETA,-297.48431202159793,False
400,EntorhinalNorm,-383.4048739346487,False
400,MidTempNorm,301.35627280214374,False
400,VentricleNorm,25.26121377018993,False
401,FusiformNorm,64.1048625733807,True
401,RAVLT_immediate,210.25437284905593,True
401,MMSE,-109.65633804506746,True
401,TAU,-167.0238113240112,True
401,ADAS13,-555.5239259583028,True
401,WholeBrainNorm,-68.73132247474314,True
401,PTAU,74.6293432042604,True
401,HippocampusNorm,-25.839190044941876,True
401,ABETA,-185.67810458607738,True
401,EntorhinalNorm,-618.047879005604,True
401,MidTempNorm,524.6705409469572,True
401,VentricleNorm,93.77241409650142,True
402,FusiformNorm,-146.63273771918273,True
402,RAVLT_immediate,260.20808303227096,True
402,MMSE,-211.3238661950695,True
402,TAU,241.39534843065823,True
402,ADAS13,-549.4300234927754,True
402,WholeBrainNorm,47.12609204957445,True
402,PTAU,57.99764653181635,True
402,HippocampusNorm,9.562233244737712,True
402,ABETA,-205.545145460431,True
402,EntorhinalNorm,-606.4001693075096,True
402,MidTempNorm,221.71103954296046,True
402,VentricleNorm,87.6855696149241,True
403,FusiformNorm,-318.56364293464867,False
403,RAVLT_immediate,71.33745709347271,False
403,MMSE,-74.8542662671768,False
403,TAU,430.41389027810243,False
403,ADAS13,-546.7728693917319,False
403,WholeBrainNorm,-126.15527512646364,False
403,PTAU,28.718911712379352,False
403,HippocampusNorm,84.11590486855015,False
403,ABETA,-265.6981105769329,False
403,EntorhinalNorm,-542.9000322801752,False
403,MidTempNorm,209.23361332780172,False
403,VentricleNorm,2.6310891928182087,False
404,FusiformNorm,-358.49557897563614,False
404,RAVLT_immediate,45.724059516449145,False
404,MMSE,-134.82938452484132,False
404,TAU,-268.20741699030475,False
404,ADAS13,-527.1085479761986,False
404,WholeBrainNorm,-327.6501810699697,False
404,PTAU,-19.217167159114332,False
404,HippocampusNorm,69.5862153105085,False
404,ABETA,-296.86171323420126,False
404,EntorhinalNorm,-600.2990933379456,False
404,MidTempNorm,267.1427399539486,False
404,VentricleNorm,10.912247132669012,False
405,FusiformNorm,76.9218073390966,True
405,RAVLT_immediate,146.46800798838467,True
405,MMSE,-183.84134641923646,True
405,TAU,62.36945338644368,True
405,ADAS13,-513.6624210775045,True
405,WholeBrainNorm,-162.4276292682689,True
405,PTAU,-18.58014755286304,True
405,HippocampusNorm,-19.593685230229497,True
405,ABETA,-254.72578929989652,True
405,EntorhinalNorm,-467.4167366281471,True
405,MidTempNorm,554.2782957067187,True
405,VentricleNorm,78.93686482313124,True
406,FusiformNorm,157.12340528036668,False
406,RAVLT_immediate,307.95906163388406,False
406,MMSE,-93.22360114518564,False
406,TAU,-236.69574571042625,False
406,ADAS13,-550.8474086311702,False
406,WholeBrainNorm,-384.1159447915953,False
406,PTAU,67.06849112211034,False
406,HippocampusNorm,50.96245497110098,False
406,ABETA,-281.8565336753735,False
406,EntorhinalNorm,-540.8411957098916,False
406,MidTempNorm,275.7483206932458,False
406,VentricleNorm,2.50274508759642,False
407,FusiformNorm,-344.76341708247884,True
407,RAVLT_immediate,2.0652285230543157,True
407,MMSE,-116.94806796825034,True
407,TAU,238.78989835824424,True
407,ADAS13,-560.9734236677733,True
407,WholeBrainNorm,4.604449294681984,True
407,PTAU,133.21538306014818,True
407,HippocampusNorm,-81.39682634996647,True
407,ABETA,-206.73618730040582,True
407,EntorhinalNorm,-513.2365833373334,True
407,MidTempNorm,585.3291439842347,True
407,VentricleNorm,-35.249908844515964,True
408,FusiformNorm,115.16000029581234,True
408,RAVLT_immediate,62.19383963262497,True
408,MMSE,-79.63791536032973,True
408,TAU,-644.1098500141719,True
408,ADAS13,-552.3488215953413,True
408,WholeBrainNorm,114.62833577934572,True
408,PTAU,43.761662338089685,True
408,HippocampusNorm,-43.081267160093944,True
408,ABETA,-297.8547795690089,True
408,EntorhinalNorm,-404.9203662411588,True
408,MidTempNorm,621.2417185905772,True
408,VentricleNorm,38.929879497652834,True
409,FusiformNorm,-377.1571768899631,True
409,RAVLT_immediate,328.90195161111274,True
409,MMSE,-182.45404792230946,True
409,TAU,-5.873073812818248,True
409,ADAS13,-545.2949772796313,True
409,WholeBrainNorm,-32.72231201167139,True
409,PTAU,17.092073885268665,True
409,HippocampusNorm,-72.71701091937219,True
409,ABETA,-274.0032397947793,True
409,EntorhinalNorm,-159.48860681615167,True
409,MidTempNorm,595.6751043155924,True
409,VentricleNorm,22.279565684336415,True
410,FusiformNorm,-39.880081828362,True
410,RAVLT_immediate,381.44711073214364,True
410,MMSE,-268.24026370743536,True
410,TAU,-441.56319110719664,True
410,ADAS13,-551.9667311070212,True
410,WholeBrainNorm,-183.28586484943688,True
410,PTAU,32.05392763069612,True
410,HippocampusNorm,-48.003594999511485,True
410,ABETA,-259.44776341747246,True
410,EntorhinalNorm,-262.94075971403106,True
410,MidTempNorm,549.7761782067525,True
410,VentricleNorm,-10.448192104050273,True
411,FusiformNorm,-78.14152800601924,True
411,RAVLT_immediate,788.0140419103616,True
411,MMSE,-238.3406050439911,True
411,TAU,-278.05289670698676,True
411,ADAS13,-567.5232024082881,True
411,WholeBrainNorm,-49.48502900744187,True
411,PTAU,139.37902662802605,True
411,HippocampusNorm,-64.6727857149283,True
411,ABETA,-239.88779439871388,True
411,EntorhinalNorm,-678.3719975516226,True
411,MidTempNorm,533.8038399586695,True
411,VentricleNorm,-14.085331868558796,True
412,FusiformNorm,-129.24879119269596,True
412,RAVLT_immediate,602.4808692870649,True
412,MMSE,-147.77888496872313,True
412,TAU,116.66877686780214,True
412,ADAS13,-549.1599051754031,True
412,WholeBrainNorm,-402.17261073131095,True
412,PTAU,-88.06670430332223,True
412,HippocampusNorm,-44.58281642047549,True
412,ABETA,-226.10419561712195,True
412,EntorhinalNorm,-255.14906967775704,True
412,MidTempNorm,549.0947551131526,True
412,VentricleNorm,51.2885613661621,True
413,FusiformNorm,-284.0398641533726,True
413,RAVLT_immediate,241.40440303270742,True
413,MMSE,-128.05499470102978,True
413,TAU,-10.196101028452716,True
413,ADAS13,-560.3605420906083,True
413,WholeBrainNorm,71.7587474545276,True
413,PTAU,143.22258321517833,True
413,HippocampusNorm,-73.20887873126729,True
413,ABETA,-234.0262019789256,True
413,EntorhinalNorm,-441.92390474251863,True
413,MidTempNorm,543.7582633554955,True
413,VentricleNorm,70.01919197815813,True
414,FusiformNorm,-491.4186731208433,False
414,RAVLT_immediate,-89.02161350365961,False
414,MMSE,-21.11815804615007,False
414,TAU,-493.95463567967204,False
414,ADAS13,-550.8874379882332,False
414,WholeBrainNorm,-312.40551589474717,False
414,PTAU,14.915288047822685,False
414,HippocampusNorm,63.67747781264515,False
414,ABETA,-300.7306335141647,False
414,EntorhinalNorm,-142.22613205532286,False
414,MidTempNorm,351.73852939558816,False
414,VentricleNorm,8.708346084880759,False
415,FusiformNorm,-90.15431718193081,True
415,RAVLT_immediate,69.11543768247856,True
415,MMSE,-234.67251577638115,True
415,TAU,217.86335549298278,True
415,ADAS13,-512.4993579665476,True
415,WholeBrainNorm,-346.47471520608667,True
415,PTAU,19.012969591885764,True
415,HippocampusNorm,-41.65088594347432,True
415,ABETA,-275.80941054201963,True
415,EntorhinalNorm,-409.81018793421043,True
415,MidTempNorm,531.1031449017547,True
415,VentricleNorm,-114.62800879508725,True
416,FusiformNorm,-24.026996461964714,True
416,RAVLT_immediate,869.6238783843853,True
416,MMSE,-177.79557282933072,True
416,TAU,228.7857141509607,True
416,ADAS13,-483.46464457833173,True
416,WholeBrainNorm,-127.50377522335637,True
416,PTAU,4.1591174864815965,True
416,HippocampusNorm,-69.75065069080465,True
416,ABETA,-236.43955179269102,True
416,EntorhinalNorm,-281.08861528434704,True
416,MidTempNorm,594.0625124192225,True
416,VentricleNorm,33.17498857824292,True
417,FusiformNorm,-250.79378737129275,True
417,RAVLT_immediate,436.5909285620905,True
417,MMSE,-63.010621768678945,True
417,TAU,234.14503353870984,True
417,ADAS13,-555.6561883159213,True
417,WholeBrainNorm,-54.304360789237506,True
417,PTAU,-28.453155814654203,True
417,HippocampusNorm,-39.60688973680844,True
417,ABETA,-213.89239255585403,True
417,EntorhinalNorm,-776.6743062306275,True
417,MidTempNorm,560.3482132414392,True
417,VentricleNorm,-46.87053613022217,True
418,FusiformNorm,-350.5139471630323,True
418,RAVLT_immediate,246.21374529215484,True
418,MMSE,-110.15043302975593,True
418,TAU,-120.58323542659545,True
418,ADAS13,-539.3499155825002,True
418,WholeBrainNorm,-242.06285686130002,True
418,PTAU,46.05090314092737,True
418,HippocampusNorm,-76.14297287248174,True
418,ABETA,-238.9280108715918,True
418,EntorhinalNorm,-462.69472620715965,True
418,MidTempNorm,223.86045122776403,True
418,VentricleNorm,-112.5242200156105,True
419,FusiformNorm,150.10666008789667,True
419,RAVLT_immediate,514.3401913627379,True
419,MMSE,-102.44167886449374,True
419,TAU,254.63160861475862,True
419,ADAS13,-552.0529610211549,True
419,WholeBrainNorm,44.655594590846135,True
419,PTAU,13.795404746927058,True
419,HippocampusNorm,-25.910700822906,True
419,ABETA,-256.9461449686926,True
419,EntorhinalNorm,-558.6374627823961,True
419,MidTempNorm,560.1905115195549,True
419,VentricleNorm,-125.04157073203473,True
420,FusiformNorm,-9.500322937624743,True
420,RAVLT_immediate,381.88076612972384,True
420,MMSE,-89.90647334499924,True
420,TAU,-266.0122061225404,True
420,ADAS13,-419.8315751421373,True
420,WholeBrainNorm,-391.20084344589657,True
420,PTAU,-15.935005470637272,True
420,HippocampusNorm,-114.24988629058336,True
420,ABETA,-209.59714372280075,True
420,EntorhinalNorm,-449.0517864612957,True
420,MidTempNorm,594.8457530461301,True
420,VentricleNorm,64.75479533882294,True
421,FusiformNorm,-79.7058296224102,True
421,RAVLT_immediate,455.7280975369654,True
421,MMSE,-22.152046524658942,True
421,TAU,-153.96277142468222,True
421,ADAS13,-500.07487609813336,True
421,WholeBrainNorm,-242.86632892184866,True
421,PTAU,14.74761170137716,True
421,HippocampusNorm,24.41977297516945,True
421,ABETA,-256.3401465063191,True
421,EntorhinalNorm,-490.63350601893904,True
421,MidTempNorm,513.6788628218611,True
421,VentricleNorm,-20.03536152370538,True
422,FusiformNorm,-137.1610800254904,True
422,RAVLT_immediate,129.03028983413859,True
422,MMSE,-120.20158898801095,True
422,TAU,114.89482668962219,True
422,ADAS13,-540.9214582027442,True
422,WholeBrainNorm,-195.25544930990216,True
422,PTAU,-11.216932547812831,True
422,HippocampusNorm,-26.82739607875359,True
422,ABETA,-214.11243478102097,True
422,EntorhinalNorm,-80.04132614631965,True
422,MidTempNorm,581.5099013537736,True
422,VentricleNorm,-67.02567352776384,True
423,FusiformNorm,21.154292958313988,True
423,RAVLT_immediate,51.74637248554028,True
423,MMSE,-148.04922857395775,True
423,TAU,207.6483736026292,True
423,ADAS13,-544.4892330716311,True
423,WholeBrainNorm,-232.85309875360952,True
423,PTAU,-3.560245094208291,True
423,HippocampusNorm,-27.91784417323214,True
423,ABETA,-220.6461283680025,True
423,EntorhinalNorm,-466.50614681067304,True
423,MidTempNorm,531.4864302272593,True
423,VentricleNorm,-94.07250529473,True
424,FusiformNorm,-297.5438500112575,False
424,RAVLT_immediate,182.28507326234154,False
424,MMSE,-35.73180307905357,False
424,TAU,-69.13776912996408,False
424,ADAS13,-543.2835572290237,False
424,WholeBrainNorm,-96.27128763988424,False
424,PTAU,6.451243099638752,False
424,HippocampusNorm,88.53646022702846,False
424,ABETA,-293.0682094992523,False
424,EntorhinalNorm,-509.1861634794737,False
424,MidTempNorm,202.0260258654227,False
424,VentricleNorm,1.8651659362786113,False
425,FusiformNorm,-43.55144690507779,True
425,RAVLT_immediate,150.22162443406017,True
425,MMSE,-146.7544647583342,True
425,TAU,-529.2261311229468,True
425,ADAS13,-560.2528704272914,True
425,WholeBrainNorm,23.322914111610316,True
425,PTAU,-62.06382808560125,True
425,HippocampusNorm,-84.80112819172157,True
425,ABETA,-236.07528815974553,True
425,EntorhinalNorm,-752.346031092191,True
425,MidTempNorm,596.4622884312892,True
425,VentricleNorm,-33.71948669839118,True
426,FusiformNorm,-295.78555577042516,True
426,RAVLT_immediate,-113.86673668101753,True
426,MMSE,-125.6650034791002,True
426,TAU,295.55814815283003,True
426,ADAS13,-567.6016567274081,True
426,WholeBrainNorm,-78.94870353652632,True
426,PTAU,86.22883434013397,True
426,HippocampusNorm,-89.67643771476875,True
426,ABETA,-180.2507138294203,True
426,EntorhinalNorm,-481.0342332668182,True
426,MidTempNorm,591.3006841671896,True
426,VentricleNorm,-68.76961192317509,True
427,FusiformNorm,-360.09773410894456,True
427,RAVLT_immediate,548.0135070189573,True
427,MMSE,-23.71452305006717,True
427,TAU,50.450768759551806,True
427,ADAS13,-545.5480765115842,True
427,WholeBrainNorm,-181.89416969786527,True
427,PTAU,89.58158169693411,True
427,HippocampusNorm,-78.24683051833605,True
427,ABETA,-238.18351440407866,True
427,EntorhinalNorm,-558.7990717628294,True
427,MidTempNorm,538.9628639109737,True
427,VentricleNorm,-71.59417167171839,True
428,FusiformNorm,-262.846248284139,False
428,RAVLT_immediate,-183.50960594520842,False
428,MMSE,23.939399013053958,False
428,TAU,83.85407628786199,False
428,ADAS13,-541.9541474741385,False
428,WholeBrainNorm,-98.7849423479228,False
428,PTAU,19.979583060335287,False
428,HippocampusNorm,62.19909943167749,False
428,ABETA,-291.4601159718853,False
428,EntorhinalNorm,-557.2184394301605,False
428,MidTempNorm,200.12424392646017,False
428,VentricleNorm,10.372460033756042,False
429,FusiformNorm,-103.93936184557298,True
429,RAVLT_immediate,17.88713936485445,True
429,MMSE,-40.73634721853001,True
429,TAU,118.30777650514582,True
429,ADAS13,-546.8627545326347,True
429,WholeBrainNorm,-333.08527722097335,True
429,PTAU,4.126233072887686,True
429,HippocampusNorm,-30.224198971142606,True
429,ABETA,-220.2165282568734,True
429,EntorhinalNorm,-464.9990843606285,True
429,MidTempNorm,538.9112394963286,True
429,VentricleNorm,-100.79478292637958,True
430,FusiformNorm,-170.81984868709415,True
430,RAVLT_immediate,-240.54988275982663,True
430,MMSE,-263.4646464413706,True
430,TAU,309.91605744015607,True
430,ADAS13,-565.0028289411878,True
430,WholeBrainNorm,-121.806840072301,True
430,PTAU,-50.257645887364426,True
430,HippocampusNorm,-15.177680438872528,True
430,ABETA,-210.5906688132193,True
430,EntorhinalNorm,-560.7126952798242,True
430,MidTempNorm,537.6280374004076,True
430,VentricleNorm,9.032707222471739,True
431,FusiformNorm,-149.48896905491398,True
431,RAVLT_immediate,296.777058700105,True
431,MMSE,-89.37171873897891,True
431,TAU,67.42080291675673,True
431,ADAS13,-551.2656396359466,True
431,WholeBrainNorm,-210.9987323386857,True
431,PTAU,73.31382250089658,True
431,HippocampusNorm,70.5217597580718,True
431,ABETA,-216.14319558480082,True
431,EntorhinalNorm,-25.719507996466177,True
431,MidTempNorm,253.4887361515498,True
431,VentricleNorm,-49.18725919523802,True
432,FusiformNorm,15.451363437452644,True
432,RAVLT_immediate,846.9769367879821,True
432,MMSE,-128.2925901196314,True
432,TAU,-129.65892404412614,True
432,ADAS13,-512.0197971979977,True
432,WholeBrainNorm,-86.58466931413534,True
432,PTAU,-107.90449958991263,True
432,HippocampusNorm,-41.31658614573708,True
432,ABETA,-231.6385530749595,True
432,EntorhinalNorm,-412.43895862371943,True
432,MidTempNorm,514.280890859225,True
432,VentricleNorm,-69.66532296139178,True
433,FusiformNorm,20.436539074192844,True
433,RAVLT_immediate,-66.56841737191763,True
433,MMSE,-102.1365006560048,True
433,TAU,-590.9491717150204,True
433,ADAS13,-544.637853640714,True
433,WholeBrainNorm,-300.68700705947003,True
433,PTAU,117.90166371915376,True
433,HippocampusNorm,-85.46009465291617,True
433,ABETA,-198.0438107729152,True
433,EntorhinalNorm,-303.05112079697597,True
433,MidTempNorm,548.927496857506,True
433,VentricleNorm,-96.02543464775574,True
434,FusiformNorm,-6.346715161841663,True
434,RAVLT_immediate,178.7262205909701,True
434,MMSE,-151.89936931153053,True
434,TAU,-424.3553270832258,True
434,ADAS13,-551.6199479009681,True
434,WholeBrainNorm,-252.55402445939632,True
434,PTAU,-170.46877556575072,True
434,HippocampusNorm,-22.638254632232083,True
434,ABETA,-235.2412491047691,True
434,EntorhinalNorm,-269.17725422434256,True
434,MidTempNorm,540.3589143934412,True
434,VentricleNorm,6.36699235142855,True
435,FusiformNorm,-254.00199955396351,False
435,RAVLT_immediate,356.6755655020265,False
435,MMSE,-36.1624954599928,False
435,TAU,-133.13288707337517,False
435,ADAS13,-580.3915999850221,False
435,WholeBrainNorm,-259.46111173655265,False
435,PTAU,83.97463121525554,False
435,HippocampusNorm,66.66716735623348,False
435,ABETA,-279.5220048636618,False
435,EntorhinalNorm,-676.436487456956,False
435,MidTempNorm,329.6147312057289,False
435,VentricleNorm,23.782765837459678,False
436,FusiformNorm,-106.9999437681859,True
436,RAVLT_immediate,71.0235856217102,True
436,MMSE,-198.712674615279,True
436,TAU,244.3844422478823,True
436,ADAS13,-420.3351710124972,True
436,WholeBrainNorm,-104.48838566693223,True
436,PTAU,4.284907834290104,True
436,HippocampusNorm,-39.60840799758466,True
436,ABETA,-256.39097556039627,True
436,EntorhinalNorm,53.12963534842015,True
436,MidTempNorm,577.6015696159224,True
436,VentricleNorm,40.89472799095138,True
437,FusiformNorm,-181.81699037888615,False
437,RAVLT_immediate,187.5330213175527,False
437,MMSE,-183.41167618465124,False
437,TAU,663.7374798105935,False
437,ADAS13,-565.3951058499085,False
437,WholeBrainNorm,-269.4362663610898,False
437,PTAU,121.31259285838306,False
437,HippocampusNorm,82.20743648258986,False
437,ABETA,-285.00087851971284,False
437,EntorhinalNorm,-152.29318435556308,False
437,MidTempNorm,347.0078823197784,False
437,VentricleNorm,40.3076643121007,False
438,FusiformNorm,8.554575603331275,True
438,RAVLT_immediate,229.38549554660833,True
438,MMSE,-201.94471070890913,True
438,TAU,65.57738698692872,True
438,ADAS13,-397.32495415506014,True
438,WholeBrainNorm,-149.27851196643084,True
438,PTAU,-3.644877707510152,True
438,HippocampusNorm,-80.23198444208197,True
438,ABETA,-218.52153925432845,True
438,EntorhinalNorm,-260.42951241573104,True
438,MidTempNorm,574.7543570823385,True
438,VentricleNorm,-129.02561229105365,True
439,FusiformNorm,22.17784941303111,True
439,RAVLT_immediate,423.66255757256613,True
439,MMSE,-58.313752319218736,True
439,TAU,-26.88027497989536,True
439,ADAS13,-563.2185462366491,True
439,WholeBrainNorm,-106.29429498646869,True
439,PTAU,-34.98930257325573,True
439,HippocampusNorm,12.185978970281496,True
439,ABETA,-226.73715805019495,True
439,EntorhinalNorm,-1343.38111355913,True
439,MidTempNorm,547.2538485017478,True
439,VentricleNorm,46.131215139182245,True
440,FusiformNorm,-94.08618663981343,True
440,RAVLT_immediate,445.72521525484837,True
440,MMSE,-159.23026062659568,True
440,TAU,352.11539050423266,True
440,ADAS13,-524.410729310174,True
440,WholeBrainNorm,-190.02658278808352,True
440,PTAU,-123.34173013092013,True
440,HippocampusNorm,-67.09503690481218,True
440,ABETA,-239.92460516372654,True
440,EntorhinalNorm,-657.3189949076636,True
440,MidTempNorm,586.6789167375733,True
440,VentricleNorm,-76.87877780663888,True
441,FusiformNorm,57.760097606529214,True
441,RAVLT_immediate,368.94976153246785,True
441,MMSE,-133.23302781466327,True
441,TAU,-22.454992406827245,True
441,ADAS13,-536.6303211341115,True
441,WholeBrainNorm,-80.2104536938284,True
441,PTAU,39.76782381869963,True
441,HippocampusNorm,-17.130568212159012,True
441,ABETA,-226.19193723854093,True
441,EntorhinalNorm,-370.82373577325166,True
441,MidTempNorm,283.4361821695959,True
441,VentricleNorm,-67.72891640073647,True
442,FusiformNorm,-339.6449248911113,True
442,RAVLT_immediate,105.00406481330175,True
442,MMSE,-74.30799554559664,True
442,TAU,24.58701192530767,True
442,ADAS13,-564.3177616796245,True
442,WholeBrainNorm,-172.05269077691545,True
442,PTAU,-5.722210479325355,True
442,HippocampusNorm,-24.323851088870324,True
442,ABETA,-215.7120134074957,True
442,EntorhinalNorm,-533.0037878653609,True
442,MidTempNorm,216.7665961736086,True
442,VentricleNorm,-52.35956596771821,True
443,FusiformNorm,-124.75331311117662,True
443,RAVLT_immediate,630.3281746839622,True
443,MMSE,-198.05923249609413,True
443,TAU,199.43717922858758,True
443,ADAS13,-543.7846462627856,True
443,WholeBrainNorm,-69.70780350463457,True
443,PTAU,-41.7236664741283,True
443,HippocampusNorm,-57.77630209944229,True
443,ABETA,-229.58077636954465,True
443,EntorhinalNorm,-192.10525599502378,True
443,MidTempNorm,549.78472632813,True
443,VentricleNorm,-57.30397611334034,True
444,FusiformNorm,57.066296703935734,True
444,RAVLT_immediate,-110.32845837478499,True
444,MMSE,-83.19845107674898,True
444,TAU,65.1940407000815,True
444,ADAS13,-555.7035916837787,True
444,WholeBrainNorm,46.32589310609981,True
444,PTAU,130.65530050483582,True
444,HippocampusNorm,52.67501859423126,True
444,ABETA,-220.29163547649344,True
444,EntorhinalNorm,265.1509986062681,True
444,MidTempNorm,288.8196029984381,True
444,VentricleNorm,46.23123653262884,True
445,FusiformNorm,-390.6468564323486,False
445,RAVLT_immediate,134.86221960430677,False
445,MMSE,-63.14187369650998,False
445,TAU,-251.49412119516614,False
445,ADAS13,-555.415472160372,False
445,WholeBrainNorm,-61.234999072886325,False
445,PTAU,-52.2843413060014,False
445,HippocampusNorm,58.212333603583396,False
445,ABETA,-323.182673535731,False
445,EntorhinalNorm,-564.5593215954833,False
445,MidTempNorm,212.71288061800772,False
445,VentricleNorm,57.57451972111318,False
446,FusiformNorm,-268.6634899158967,False
446,RAVLT_immediate,74.5813947296414,False
446,MMSE,-156.28851528041434,False
446,TAU,-88.18864814751475,False
446,ADAS13,-545.4468845122491,False
446,WholeBrainNorm,-362.8405695534873,False
446,PTAU,102.2327630319372,False
446,HippocampusNorm,46.9993269719637,False
446,ABETA,-343.0361902635149,False
446,EntorhinalNorm,-333.5690728398981,False
446,MidTempNorm,281.1087615676519,False
446,VentricleNorm,15.970832830545183,False
447,FusiformNorm,31.555556205064626,True
447,RAVLT_immediate,140.76127882656846,True
447,MMSE,-166.92678869520918,True
447,TAU,-321.6383992912474,True
447,ADAS13,-468.7375602148005,True
447,WholeBrainNorm,93.72651930550575,True
447,PTAU,-65.03525399090493,True
447,HippocampusNorm,-24.07895484616098,True
447,ABETA,-196.4923379891078,True
447,EntorhinalNorm,-7.37328455002239,True
447,MidTempNorm,519.8204260082008,True
447,VentricleNorm,-0.02445789948507837,True
448,FusiformNorm,-112.17945222720982,True
448,RAVLT_immediate,540.9061618711476,True
448,MMSE,-217.29000717733234,True
448,TAU,-22.845212808460218,True
448,ADAS13,-522.9840730337381,True
448,WholeBrainNorm,-323.1987048068778,True
448,PTAU,-42.09044875611936,True
448,HippocampusNorm,-7.892999021269958,True
448,ABETA,-243.98494218729903,True
448,EntorhinalNorm,-481.43494952137655,True
448,MidTempNorm,543.6016234020533,True
448,VentricleNorm,-25.447895583647817,True
449,FusiformNorm,34.547900299920165,True
449,RAVLT_immediate,253.5285350033799,True
449,MMSE,-160.46586982738168,True
449,TAU,-141.1426640196572,True
449,ADAS13,-559.8196302764507,True
449,WholeBrainNorm,-196.6918899764565,True
449,PTAU,21.888205655790525,True
449,HippocampusNorm,-31.744714856048375,True
449,ABETA,-238.08862391707402,True
449,EntorhinalNorm,-74.86238880757287,True
449,MidTempNorm,556.6471164008648,True
449,VentricleNorm,-82.01115783063248,True
450,FusiformNorm,-365.14127500489076,False
450,RAVLT_immediate,341.9861894314288,False
450,MMSE,-186.12003247360082,False
450,TAU,396.06449670465497,False
450,ADAS13,-552.5373835532964,False
450,WholeBrainNorm,44.43319995976074,False
450,PTAU,50.502359330616706,False
450,HippocampusNorm,69.8324970093779,False
450,ABETA,-294.9900548620523,False
450,EntorhinalNorm,-528.3434797801956,False
450,MidTempNorm,350.01395968573866,False
450,VentricleNorm,4.5295470909571804,False
451,FusiformNorm,52.31113620609074,False
451,RAVLT_immediate,119.18971194580816,False
451,MMSE,30.47042475920226,False
451,TAU,388.40903721083316,False
451,ADAS13,-552.2131573528173,False
451,WholeBrainNorm,-255.4953127955065,False
451,PTAU,20.725458977509632,False
451,HippocampusNorm,58.30236984695826,False
451,ABETA,-295.17597297526925,False
451,EntorhinalNorm,-151.0276947825572,False
451,MidTempNorm,270.04212473094725,False
451,VentricleNorm,6.284045041494398,False
452,FusiformNorm,-2.010168664465425,False
452,RAVLT_immediate,-3.9570826635269896,False
452,MMSE,-56.090400425802585,False
452,TAU,17.132453958457575,False
452,ADAS13,-556.5796388488731,False
452,WholeBrainNorm,-199.23325734295963,False
452,PTAU,51.2008523579519,False
452,HippocampusNorm,60.22936444865324,False
452,ABETA,-293.98769916553795,False
452,EntorhinalNorm,-193.10700847246292,False
452,MidTempNorm,245.9032608331531,False
452,VentricleNorm,16.665157332002746,False
453,FusiformNorm,9.194486983375224,True
453,RAVLT_immediate,449.37215422613866,True
453,MMSE,-265.18067479530134,True
453,TAU,-110.52656711623223,True
453,ADAS13,-536.0458857004962,True
453,WholeBrainNorm,-47.478634292796755,True
453,PTAU,49.026121798328354,True
453,HippocampusNorm,-42.52063735151071,True
453,ABETA,-210.9125882146729,True
453,EntorhinalNorm,-225.85325157187916,True
453,MidTempNorm,541.9806390625998,True
453,VentricleNorm,0.7472427191320818,True
454,FusiformNorm,-166.57601797664057,True
454,RAVLT_immediate,-313.78137864933063,True
454,MMSE,-127.57237925039365,True
454,TAU,240.54140303330513,True
454,ADAS13,-546.0033250528857,True
454,WholeBrainNorm,-251.7569320114438,True
454,PTAU,-15.810735982162505,True
454,HippocampusNorm,-32.28317310471631,True
454,ABETA,-216.9929375438053,True
454,EntorhinalNorm,-439.93209510275614,True
454,MidTempNorm,581.6554310991913,True
454,VentricleNorm,-2.026816293009926,True
455,FusiformNorm,100.80797349380936,False
455,RAVLT_immediate,-309.8884475276577,False
455,MMSE,-20.891535482723583,False
455,TAU,245.85894030690693,False
455,ADAS13,-557.0023709803786,False
455,WholeBrainNorm,-275.0958107636828,False
455,PTAU,82.28411511371658,False
455,HippocampusNorm,59.68033245648742,False
455,ABETA,-303.2853513457946,False
455,EntorhinalNorm,-600.7362001835293,False
455,MidTempNorm,231.97938242321192,False
455,VentricleNorm,-22.253142437753787,False
456,FusiformNorm,0.12851145122922958,True
456,RAVLT_immediate,5.6265153834368675,True
456,MMSE,-32.99119639864291,True
456,TAU,160.69055360781863,True
456,ADAS13,-550.0791035040261,True
456,WholeBrainNorm,-238.85541839092286,True
456,PTAU,-37.585977614446826,True
456,HippocampusNorm,-44.37963472378395,True
456,ABETA,-264.2085305009101,True
456,EntorhinalNorm,-345.5514867694207,True
456,MidTempNorm,558.8603713498613,True
456,VentricleNorm,-27.45181924160224,True
457,FusiformNorm,-371.44492188950113,False
457,RAVLT_immediate,169.11761188495637,False
457,MMSE,-126.86640408077987,False
457,TAU,-629.2428840443175,False
457,ADAS13,-532.8910397971421,False
457,WholeBrainNorm,-212.72413376820606,False
457,PTAU,83.08176751925399,False
457,HippocampusNorm,79.78857832959382,False
457,ABETA,-306.67319299824896,False
457,EntorhinalNorm,-348.7095372651739,False
457,MidTempNorm,208.79655335916465,False
457,VentricleNorm,22.322434533726927,False
458,FusiformNorm,-62.91965067680579,True
458,RAVLT_immediate,-25.538938615031924,True
458,MMSE,-191.1583659410358,True
458,TAU,321.76487301333907,True
458,ADAS13,-553.8448285997653,True
458,WholeBrainNorm,-298.2865305616872,True
458,PTAU,3.241731471127016,True
458,HippocampusNorm,-57.76146773674047,True
458,ABETA,-211.58254641683754,True
458,EntorhinalNorm,-622.9839368674634,True
458,MidTempNorm,529.6802856899627,True
458,VentricleNorm,13.147705255468711,True
459,FusiformNorm,-479.9434281627354,False
459,RAVLT_immediate,354.5786426225398,False
459,MMSE,-116.84874263562236,False
459,TAU,433.0527993456536,False
459,ADAS13,-557.8712322673435,False
459,WholeBrainNorm,-412.20904388344763,False
459,PTAU,46.51019511549879,False
459,HippocampusNorm,55.97923068840343,False
459,ABETA,-301.42079119666596,False
459,EntorhinalNorm,-229.6054413452165,False
459,MidTempNorm,220.73119601171032,False
459,VentricleNorm,68.09526079660655,False
460,FusiformNorm,146.29322500113648,True
460,RAVLT_immediate,389.7786327603012,True
460,MMSE,-144.69042172245491,True
460,TAU,-108.24227532546809,True
460,ADAS13,-533.7563112090597,True
460,WholeBrainNorm,-308.3054448630675,True
460,PTAU,-61.28240207941971,True
460,HippocampusNorm,-100.64576251953741,True
460,ABETA,-217.55448352938365,True
460,EntorhinalNorm,-917.7845420931847,True
460,MidTempNorm,554.214559406342,True
460,VentricleNorm,61.64017120493688,True
461,FusiformNorm,-235.48905649446903,False
461,RAVLT_immediate,20.401863386140917,False
461,MMSE,-218.38931178115638,False
461,TAU,-167.65999320567488,False
461,ADAS13,-546.1739643429513,False
461,WholeBrainNorm,-416.8972968180479,False
461,PTAU,5.13264524683197,False
461,HippocampusNorm,82.81070690888701,False
461,ABETA,-281.5236195617128,False
461,EntorhinalNorm,-407.21204736390393,False
461,MidTempNorm,258.7408958143039,False
461,VentricleNorm,1.6201371533796252,False
462,FusiformNorm,-108.25331930673754,True
462,RAVLT_immediate,161.07711147229585,True
462,MMSE,-62.24213303845855,True
462,TAU,141.06757860909445,True
462,ADAS13,-553.4409391225131,True
462,WholeBrainNorm,-67.44738143284606,True
462,PTAU,14.538369732597076,True
462,HippocampusNorm,2.2323088127542405,True
462,ABETA,-166.15908824265063,True
462,EntorhinalNorm,-288.18243646353733,True
462,MidTempNorm,597.5497973770246,True
462,VentricleNorm,90.6132963730054,True
463,FusiformNorm,52.13063850692471,True
463,RAVLT_immediate,63.88693482005205,True
463,MMSE,-67.868319195892,True
463,TAU,-89.3411174733854,True
463,ADAS13,-542.8943879275448,True
463,WholeBrainNorm,159.97136469552004,True
463,PTAU,-42.62349675286787,True
463,HippocampusNorm,-61.15895701998897,True
463,ABETA,-214.23263365171525,True
463,EntorhinalNorm,-654.5772724847944,True
463,MidTempNorm,549.4856376958959,True
463,VentricleNorm,-81.8203358561351,True
464,FusiformNorm,-47.371420689700734,True
464,RAVLT_immediate,264.3434956003341,True
464,MMSE,-27.885428195733823,True
464,TAU,113.32665342514704,True
464,ADAS13,-470.82211754623853,True
464,WholeBrainNorm,-60.055736713201995,True
464,PTAU,-103.81170742965126,True
464,HippocampusNorm,-80.63838225770583,True
464,ABETA,-214.910867063032,True
464,EntorhinalNorm,-338.14593503796004,True
464,MidTempNorm,576.1950925740448,True
464,VentricleNorm,-42.32973284838269,True
465,FusiformNorm,-106.86037880606787,True
465,RAVLT_immediate,41.84385042973092,True
465,MMSE,-235.2705732696738,True
465,TAU,-324.45690078430107,True
465,ADAS13,-551.4795683455512,True
465,WholeBrainNorm,99.74071995480301,True
465,PTAU,28.55742011501035,True
465,HippocampusNorm,-56.61370422455156,True
465,ABETA,-225.33293104561494,True
465,EntorhinalNorm,25.58449232517836,True
465,MidTempNorm,247.00612949257817,True
465,VentricleNorm,-16.675527879020724,True
466,FusiformNorm,-111.38744611434186,True
466,RAVLT_immediate,217.80810641238844,True
466,MMSE,-254.70581653204124,True
466,TAU,-48.20792028570678,True
466,ADAS13,-555.4120092938267,True
466,WholeBrainNorm,-91.1583984627694,True
466,PTAU,88.00933741684183,True
466,HippocampusNorm,-69.22959196161524,True
466,ABETA,-163.44351548996738,True
466,EntorhinalNorm,-199.34762022187073,True
466,MidTempNorm,576.5843439628567,True
466,VentricleNorm,-4.3926859552505455,True
467,FusiformNorm,83.491083034327,True
467,RAVLT_immediate,510.7652721928487,True
467,MMSE,-188.08222952413107,True
467,TAU,-263.3528863152493,True
467,ADAS13,-535.1790413991683,True
467,WholeBrainNorm,-56.35237989579464,True
467,PTAU,-72.50089446136903,True
467,HippocampusNorm,-18.107436623086706,True
467,ABETA,-219.17877926835374,True
467,EntorhinalNorm,-660.1485637143182,True
467,MidTempNorm,599.6327781945856,True
467,VentricleNorm,-35.3560152839679,True
468,FusiformNorm,-403.4377848595611,True
468,RAVLT_immediate,12.721063841347444,True
468,MMSE,-20.354787739342953,True
468,TAU,34.94046246535675,True
468,ADAS13,-542.0757455596729,True
468,WholeBrainNorm,-13.61753353934489,True
468,PTAU,-72.43348926261166,True
468,HippocampusNorm,-64.86452024747082,True
468,ABETA,-244.3412774404551,True
468,EntorhinalNorm,-280.10903658161925,True
468,MidTempNorm,162.55411442193366,True
468,VentricleNorm,-126.21099732636041,True
469,FusiformNorm,44.21837715881106,True
469,RAVLT_immediate,361.63821376012936,True
469,MMSE,-160.5178235926147,True
469,TAU,-225.90130126377957,True
469,ADAS13,-543.9634532245628,True
469,WholeBrainNorm,-418.67565721364633,True
469,PTAU,-27.38357849810274,True
469,HippocampusNorm,-115.05361470380869,True
469,ABETA,-225.07441441321063,True
469,EntorhinalNorm,-532.3981528483539,True
469,MidTempNorm,568.3272362478383,True
469,VentricleNorm,27.637775492473725,True
470,FusiformNorm,21.28480348224455,True
470,RAVLT_immediate,690.4982676811065,True
470,MMSE,-170.8132842598146,True
470,TAU,420.95938147549236,True
470,ADAS13,-381.4993736324005,True
470,WholeBrainNorm,-206.41335391657793,True
470,PTAU,97.16150349111184,True
470,HippocampusNorm,-19.730716223109347,True
470,ABETA,-236.48087782776216,True
470,EntorhinalNorm,-188.27250521125166,True
470,MidTempNorm,567.3644999283483,True
470,VentricleNorm,-14.34948598542169,True
471,FusiformNorm,-172.25793132756078,False
471,RAVLT_immediate,517.9958690316582,False
471,MMSE,-105.869328396327,False
471,TAU,1175.3395074771802,False
471,ADAS13,-561.8517073874598,False
471,WholeBrainNorm,-286.7595145649831,False
471,PTAU,2.4249712218869988,False
471,HippocampusNorm,65.71250636299915,False
471,ABETA,-281.22966389889797,False
471,EntorhinalNorm,-473.98475840739025,False
471,MidTempNorm,235.27326995953953,False
471,VentricleNorm,-13.04196766612855,False
472,FusiformNorm,59.976097107541136,True
472,RAVLT_immediate,141.17490427055355,True
472,MMSE,-295.1679147444769,True
472,TAU,197.83723597344715,True
472,ADAS13,-557.8779806015643,True
472,WholeBrainNorm,-433.5320138304728,True
472,PTAU,-37.64559171437667,True
472,HippocampusNorm,-52.08961013026178,True
472,ABETA,-210.35363958102488,True
472,EntorhinalNorm,-471.8610516906216,True
472,MidTempNorm,527.7736824793748,True
472,VentricleNorm,-29.537716052148397,True
473,FusiformNorm,-190.52278438600013,True
473,RAVLT_immediate,413.3983039434594,True
473,MMSE,-215.67383928113017,True
473,TAU,-104.70710284088827,True
473,ADAS13,-544.9596987621525,True
473,WholeBrainNorm,-268.0892340342557,True
473,PTAU,23.89569081592636,True
473,HippocampusNorm,-12.191878516343714,True
473,ABETA,-227.9505909903946,True
473,EntorhinalNorm,-397.2932323932039,True
473,MidTempNorm,211.225414937312,True
473,VentricleNorm,2.2803775928595655,True
474,FusiformNorm,85.17696064833416,False
474,RAVLT_immediate,394.5464696701134,False
474,MMSE,-123.34905305273577,False
474,TAU,442.93606102008306,False
474,ADAS13,-555.7258210594408,False
474,WholeBrainNorm,-384.227417422704,False
474,PTAU,-2.887591774387893,False
474,HippocampusNorm,61.2637702735682,False
474,ABETA,-288.2715341269462,False
474,EntorhinalNorm,121.87769950160475,False
474,MidTempNorm,289.80012347063314,False
474,VentricleNorm,-1.1533841037571477,False
475,FusiformNorm,-4.114857969226305,True
475,RAVLT_immediate,181.9080065704019,True
475,MMSE,-203.48196764868075,True
475,TAU,148.86302073272805,True
475,ADAS13,-443.4737534966551,True
475,WholeBrainNorm,71.86169845836571,True
475,PTAU,-20.076533809768307,True
475,HippocampusNorm,-54.941795109617345,True
475,ABETA,-235.9837292762199,True
475,EntorhinalNorm,-668.3475107482365,True
475,MidTempNorm,512.7333063264082,True
475,VentricleNorm,17.489020042260567,True
476,FusiformNorm,-271.32698607513646,True
476,RAVLT_immediate,195.2657170493093,True
476,MMSE,-231.05694572661156,True
476,TAU,269.2320885191988,True
476,ADAS13,-555.367545298315,True
476,WholeBrainNorm,-319.600764519014,True
476,PTAU,-120.64330564219496,True
476,HippocampusNorm,-75.20526128229005,True
476,ABETA,-252.36302325262199,True
476,EntorhinalNorm,-902.0613541170437,True
476,MidTempNorm,516.3333672964952,True
476,VentricleNorm,25.706939034066874,True
477,FusiformNorm,130.3379453104709,True
477,RAVLT_immediate,516.2828997628512,True
477,MMSE,-380.7323649393677,True
477,TAU,-155.51635961850172,True
477,ADAS13,-554.7610815328928,True
477,WholeBrainNorm,-58.93328103599822,True
477,PTAU,-68.18088597901132,True
477,HippocampusNorm,-55.07844331160161,True
477,ABETA,-274.8615264254631,True
477,EntorhinalNorm,-557.152203887498,True
477,MidTempNorm,526.4545418485616,True
477,VentricleNorm,-63.589629259976405,True
478,FusiformNorm,21.99907621133375,True
478,RAVLT_immediate,337.01544568768884,True
478,MMSE,-223.41948227109964,True
478,TAU,-28.470087316994935,True
478,ADAS13,-456.8555355910316,True
478,WholeBrainNorm,-336.2320103037316,True
478,PTAU,-24.799172079156698,True
478,HippocampusNorm,-34.12341256886581,True
478,ABETA,-248.08128301567274,True
478,EntorhinalNorm,-459.38995997001734,True
478,MidTempNorm,585.7176570902789,True
478,VentricleNorm,-3.146052490850991,True
479,FusiformNorm,70.49186967936579,True
479,RAVLT_immediate,437.5290417580741,True
479,MMSE,-236.2460510254505,True
479,TAU,44.678984261529095,True
479,ADAS13,-548.4896980785103,True
479,WholeBrainNorm,-289.623751639278,True
479,PTAU,32.386951237045224,True
479,HippocampusNorm,-30.7611406818409,True
479,ABETA,-247.63147224870715,True
479,EntorhinalNorm,-777.8395252452751,True
479,MidTempNorm,539.6048514659997,True
479,VentricleNorm,-97.81192519001232,True
480,FusiformNorm,-254.64146567945085,False
480,RAVLT_immediate,-3.4317365693033537,False
480,MMSE,-148.70389790614104,False
480,TAU,366.7261970209796,False
480,ADAS13,-577.5122847381166,False
480,WholeBrainNorm,-376.9533375988923,False
480,PTAU,-67.45805864742104,False
480,HippocampusNorm,60.21853286357694,False
480,ABETA,-288.44559756629616,False
480,EntorhinalNorm,-758.5500094993067,False
480,MidTempNorm,210.37468785454644,False
480,VentricleNorm,34.13574138784311,False
481,FusiformNorm,-143.7526060708136,True
481,RAVLT_immediate,-45.630718507172986,True
481,MMSE,-275.5315907698797,True
481,TAU,147.3430941579221,True
481,ADAS13,-539.3462775445727,True
481,WholeBrainNorm,-356.025938797089,True
481,PTAU,-25.855583036599484,True
481,HippocampusNorm,-117.2213987150352,True
481,ABETA,-225.39792395165136,True
481,EntorhinalNorm,-574.8485581842289,True
481,MidTempNorm,520.0389318273085,True
481,VentricleNorm,-74.68746962601867,True
482,FusiformNorm,85.6875122994303,True
482,RAVLT_immediate,117.88178808151919,True
482,MMSE,-106.66418117972844,True
482,TAU,-353.69266182110266,True
482,ADAS13,-544.1106835041273,True
482,WholeBrainNorm,-347.8338701009135,True
482,PTAU,71.58655818900348,True
482,HippocampusNorm,-29.238032548807297,True
482,ABETA,-247.53574737443532,True
482,EntorhinalNorm,-585.610308761721,True
482,MidTempNorm,274.16659599479635,True
482,VentricleNorm,61.17692143285849,True
483,FusiformNorm,-266.29292289880294,True
483,RAVLT_immediate,369.5371317554773,True
483,MMSE,-153.07985833845015,True
483,TAU,-367.28127918490827,True
483,ADAS13,-544.4115668149202,True
483,WholeBrainNorm,-382.3714777280434,True
483,PTAU,42.171494612533415,True
483,HippocampusNorm,-50.31339279650888,True
483,ABETA,-216.16340439116468,True
483,EntorhinalNorm,-329.3635379189652,True
483,MidTempNorm,235.52019283728998,True
483,VentricleNorm,-0.793401318531366,True
484,FusiformNorm,-558.9842334560824,True
484,RAVLT_immediate,467.1492103371877,True
484,MMSE,-202.3714328744981,True
484,TAU,291.4810484689441,True
484,ADAS13,-569.2849133720953,True
484,WholeBrainNorm,-65.04977446686013,True
484,PTAU,92.76534592246686,True
484,HippocampusNorm,-46.89836706676057,True
484,ABETA,-255.740029470365,True
484,EntorhinalNorm,-492.5363023902619,True
484,MidTempNorm,577.4762955520907,True
484,VentricleNorm,-23.57917440128058,True
485,FusiformNorm,-351.35485417001837,True
485,RAVLT_immediate,136.0759241590388,True
485,MMSE,-26.50262382773036,True
485,TAU,225.03287470191088,True
485,ADAS13,-554.7845079498235,True
485,WholeBrainNorm,-310.5177160618018,True
485,PTAU,59.57565160048536,True
485,HippocampusNorm,-10.263281656756298,True
485,ABETA,-240.11789676765724,True
485,EntorhinalNorm,230.4326686870836,True
485,MidTempNorm,253.47093841208277,True
485,VentricleNorm,-11.111284188408629,True
486,FusiformNorm,-312.4429974714509,True
486,RAVLT_immediate,143.64523173507695,True
486,MMSE,-132.29087704710884,True
486,TAU,-313.07516527738255,True
486,ADAS13,-536.4310411737173,True
486,WholeBrainNorm,-232.71534527810906,True
486,PTAU,35.72926781761211,True
486,HippocampusNorm,-105.19676579911277,True
486,ABETA,-247.16999214983258,True
486,EntorhinalNorm,-450.42817641334557,True
486,MidTempNorm,533.7326995400767,True
486,VentricleNorm,-109.96210268879545,True
487,FusiformNorm,-181.9556480449963,True
487,RAVLT_immediate,171.36780715444576,True
487,MMSE,-209.85358914766567,True
487,TAU,-222.28313506828138,True
487,ADAS13,-529.9887055242677,True
487,WholeBrainNorm,-213.68276146404222,True
487,PTAU,13.936325829611526,True
487,HippocampusNorm,-76.97169361580589,True
487,ABETA,-261.33463052543254,True
487,EntorhinalNorm,-653.7011741402974,True
487,MidTempNorm,162.09624981103818,True
487,VentricleNorm,58.005129348507026,True
488,FusiformNorm,-196.69479060589185,False
488,RAVLT_immediate,239.09267252586636,False
488,MMSE,14.084771951644115,False
488,TAU,478.9741108123357,False
488,ADAS13,-554.201936626085,False
488,WholeBrainNorm,-99.79005186756126,False
488,PTAU,-38.99800592656515,False
488,HippocampusNorm,66.01948284711824,False
488,ABETA,-278.24920170258815,False
488,EntorhinalNorm,-478.6170693688566,False
488,MidTempNorm,273.8264075516799,False
488,VentricleNorm,22.240722461077382,False
489,FusiformNorm,74.54378604220395,True
489,RAVLT_immediate,173.51534584383546,True
489,MMSE,-185.8456422863981,True
489,TAU,132.5231348025839,True
489,ADAS13,-523.3016485704242,True
489,WholeBrainNorm,-192.72713752802798,True
489,PTAU,94.95129055783902,True
489,HippocampusNorm,-60.02625230678959,True
489,ABETA,-206.11701328664898,True
489,EntorhinalNorm,-435.61178803610846,True
489,MidTempNorm,578.6046168844995,True
489,VentricleNorm,-12.20864191891144,True
490,FusiformNorm,9.116803118287459,True
490,RAVLT_immediate,517.2420035895072,True
490,MMSE,-251.89554556511703,True
490,TAU,277.39228505192943,True
490,ADAS13,-572.4509704750986,True
490,WholeBrainNorm,-259.7164607181173,True
490,PTAU,31.161359933144283,True
490,HippocampusNorm,-45.953650376719324,True
490,ABETA,-277.82687535413675,True
490,EntorhinalNorm,-454.5583552836088,True
490,MidTempNorm,572.0670261400883,True
490,VentricleNorm,-98.87618331146528,True
491,FusiformNorm,-269.10456339838083,False
491,RAVLT_immediate,182.81392934437412,False
491,MMSE,-195.00016522248802,False
491,TAU,232.70580877966404,False
491,ADAS13,-573.6569773483075,False
491,WholeBrainNorm,-249.63833554741282,False
491,PTAU,60.004944372842786,False
491,HippocampusNorm,71.56254021093551,False
491,ABETA,-289.9757272932063,False
491,EntorhinalNorm,-565.5124623673879,False
491,MidTempNorm,263.0221661938605,False
491,VentricleNorm,-23.222708256389225,False
492,FusiformNorm,-555.4160156883756,False
492,RAVLT_immediate,41.4326553699305,False
492,MMSE,-28.501200902186014,False
492,TAU,344.47100624925815,False
492,ADAS13,-582.7896702551607,False
492,WholeBrainNorm,-308.4481508248878,False
492,PTAU,0.16308708248985937,False
492,HippocampusNorm,77.32567749243496,False
492,ABETA,-304.7499953789558,False
492,EntorhinalNorm,-960.6734057985602,False
492,MidTempNorm,223.72272321798505,False
492,VentricleNorm,-3.575858327008561,False
493,FusiformNorm,-64.17216397584387,True
493,RAVLT_immediate,354.06633891670145,True
493,MMSE,-225.5960202726348,True
493,TAU,107.8365266113325,True
493,ADAS13,-556.3405882489703,True
493,WholeBrainNorm,-228.45164234086593,True
493,PTAU,-18.406239827275975,True
493,HippocampusNorm,-57.02366587958766,True
493,ABETA,-231.35339878283366,True
493,EntorhinalNorm,-198.84501328236223,True
493,MidTempNorm,542.4355068052987,True
493,VentricleNorm,-84.06655283352487,True
494,FusiformNorm,-323.18628040369197,False
494,RAVLT_immediate,6.580517133740813,False
494,MMSE,8.797033766349301,False
494,TAU,-89.20511986147088,False
494,ADAS13,-554.5341943850865,False
494,WholeBrainNorm,-528.7038886929221,False
494,PTAU,4.338387579466165,False
494,HippocampusNorm,87.69737216199307,False
494,ABETA,-288.58257791647867,False
494,EntorhinalNorm,-753.1542012153377,False
494,MidTempNorm,161.6795636524086,False
494,VentricleNorm,-27.734333118916553,False
495,FusiformNorm,15.207595271629202,False
495,RAVLT_immediate,167.75013888070245,False
495,MMSE,-168.63186386020118,False
495,TAU,475.11586886471656,False
495,ADAS13,-561.5162697915795,False
495,WholeBrainNorm,-300.9367501483875,False
495,PTAU,-11.307178771457608,False
495,HippocampusNorm,87.96144670204916,False
495,ABETA,-265.6614153641358,False
495,EntorhinalNorm,-130.07812984103816,False
495,MidTempNorm,258.5429648318364,False
495,VentricleNorm,17.029672315594354,False
496,FusiformNorm,-311.1626349459937,False
496,RAVLT_immediate,353.1041808594228,False
496,MMSE,-96.39013077046012,False
496,TAU,9.123721423983767,False
496,ADAS13,-547.7901788791671,False
496,WholeBrainNorm,-179.82624770262396,False
496,PTAU,61.04739097297115,False
496,HippocampusNorm,62.68637408343497,False
496,ABETA,-324.83208668234244,False
496,EntorhinalNorm,-408.8355690403107,False
496,MidTempNorm,260.0289426354858,False
496,VentricleNorm,15.992450961582264,False
497,FusiformNorm,90.44539194089431,True
497,RAVLT_immediate,185.12015060132833,True
497,MMSE,-218.56107982545,True
497,TAU,169.87395218541403,True
497,ADAS13,-551.8260606700615,True
497,WholeBrainNorm,-28.15911714284431,True
497,PTAU,-27.1747468340261,True
497,HippocampusNorm,-70.47432895069963,True
497,ABETA,-227.30441412855052,True
497,EntorhinalNorm,-226.73964795786446,True
497,MidTempNorm,552.1885275084296,True
497,VentricleNorm,-143.23404264356768,True
498,FusiformNorm,-136.81146723878663,False
498,RAVLT_immediate,207.2373307451901,False
498,MMSE,-116.8814736298663,False
498,TAU,751.7047093345484,False
498,ADAS13,-564.3912784870631,False
498,WholeBrainNorm,-166.2367897873704,False
498,PTAU,9.967487544133647,False
498,HippocampusNorm,63.61843332799483,False
498,ABETA,-313.6014260738511,False
498,EntorhinalNorm,-232.86587339368893,False
498,MidTempNorm,218.7055034376027,False
498,VentricleNorm,19.665385057669475,False
499,FusiformNorm,-291.85271896311644,True
499,RAVLT_immediate,279.71470459523914,True
499,MMSE,-275.143529431324,True
499,TAU,329.47260535320686,True
499,ADAS13,-555.8340707778574,True
499,WholeBrainNorm,-168.15952846408942,True
499,PTAU,128.13115757905314,True
499,HippocampusNorm,-100.16556123490551,True
499,ABETA,-198.80887636087868,True
499,EntorhinalNorm,-498.9523942455511,True
499,MidTempNorm,556.9386519415644,True
499,VentricleNorm,-88.72810730608839,True
500,FusiformNorm,34.92359655652294,True
500,RAVLT_immediate,150.58896647830306,True
500,MMSE,-339.82127829520175,True
500,TAU,-386.82338743105754,True
500,ADAS13,-409.2908130227463,True
500,WholeBrainNorm,-297.49496509855464,True
500,PTAU,-15.446288785321007,True
500,HippocampusNorm,-70.34115596661029,True
500,ABETA,-254.92501174183286,True
500,EntorhinalNorm,-1047.3622992904186,True
500,MidTempNorm,573.4718944022337,True
500,VentricleNorm,-75.88792377091447,True
501,FusiformNorm,84.40698820715757,True
501,RAVLT_immediate,485.4244938654269,True
501,MMSE,-259.7016167193787,True
501,TAU,50.49616945838686,True
501,ADAS13,-545.7641870940284,True
501,WholeBrainNorm,-180.70104092391009,True
501,PTAU,28.709051079904597,True
501,HippocampusNorm,-33.168816806808145,True
501,ABETA,-225.36596627197616,True
501,EntorhinalNorm,-75.67789494345124,True
501,MidTempNorm,588.8736764180801,True
501,VentricleNorm,-3.7498529610840627,True
502,FusiformNorm,-47.3544857093027,True
502,RAVLT_immediate,595.2263491227367,True
502,MMSE,-137.95619169254059,True
502,TAU,-255.00057161279474,True
502,ADAS13,-440.00367681826515,True
502,WholeBrainNorm,-355.99882696868326,True
502,PTAU,56.816980361689446,True
502,HippocampusNorm,-34.05043741729283,True
502,ABETA,-248.2141817119655,True
502,EntorhinalNorm,-305.4454323116789,True
502,MidTempNorm,580.6702139726979,True
502,VentricleNorm,-36.36802640874127,True
503,FusiformNorm,-547.5703026825611,True
503,RAVLT_immediate,220.6155532964698,True
503,MMSE,-219.76724528296785,True
503,TAU,21.237852562715354,True
503,ADAS13,-564.8773402948825,True
503,WholeBrainNorm,-109.19460271943971,True
503,PTAU,44.30967717168434,True
503,HippocampusNorm,6.889058353024112,True
503,ABETA,-216.66950161085072,True
503,EntorhinalNorm,-666.307395380347,True
503,MidTempNorm,546.4689694632444,True
503,VentricleNorm,-93.78321339430902,True
504,FusiformNorm,-48.24860653119739,True
504,RAVLT_immediate,566.314571553699,True
504,MMSE,-193.12762726373288,True
504,TAU,-154.04892893519886,True
504,ADAS13,-561.8864272222066,True
504,WholeBrainNorm,-86.37326805885579,True
504,PTAU,4.407320587846812,True
504,HippocampusNorm,-46.07001854446105,True
504,ABETA,-238.4886582906852,True
504,EntorhinalNorm,-655.3497583766333,True
504,MidTempNorm,568.0557735698414,True
504,VentricleNorm,-6.258342672260435,True
505,FusiformNorm,76.54776812788081,True
505,RAVLT_immediate,-112.05282988994281,True
505,MMSE,-138.47460818490606,True
505,TAU,254.07320893476702,True
505,ADAS13,-560.5641995496384,True
505,WholeBrainNorm,14.32478957175141,True
505,PTAU,-95.03029643927923,True
505,HippocampusNorm,-42.77515637307409,True
505,ABETA,-200.92392377785586,True
505,EntorhinalNorm,-436.74414774287237,True
505,MidTempNorm,591.9655858566017,True
505,VentricleNorm,126.16696001106018,True
506,FusiformNorm,33.670402181729486,True
506,RAVLT_immediate,942.9609576132545,True
506,MMSE,-174.42899806478962,True
506,TAU,-490.06228422872834,True
506,ADAS13,-555.9439053622291,True
506,WholeBrainNorm,-191.84910111894993,True
506,PTAU,-112.56001327555492,True
506,HippocampusNorm,-76.82557661738534,True
506,ABETA,-233.5564246835028,True
506,EntorhinalNorm,-509.640821801327,True
506,MidTempNorm,549.9388287552954,True
506,VentricleNorm,-93.95237072624076,True
507,FusiformNorm,-113.8462225840889,True
507,RAVLT_immediate,320.5196773722937,True
507,MMSE,-96.04300418234817,True
507,TAU,-250.34228908731754,True
507,ADAS13,-549.0765688333562,True
507,WholeBrainNorm,-31.320281526238688,True
507,PTAU,135.93623038153342,True
507,HippocampusNorm,-76.36942284302607,True
507,ABETA,-254.00838758641402,True
507,EntorhinalNorm,-527.4144100858774,True
507,MidTempNorm,262.93096441006526,True
507,VentricleNorm,45.4409363081804,True
508,FusiformNorm,70.66032142722666,True
508,RAVLT_immediate,364.51707937967655,True
508,MMSE,-223.13280038984556,True
508,TAU,126.859983417487,True
508,ADAS13,-528.1926655237388,True
508,WholeBrainNorm,-337.3733800537102,True
508,PTAU,-57.78157243900826,True
508,HippocampusNorm,-56.300630975888666,True
508,ABETA,-189.0521456670115,True
508,EntorhinalNorm,-159.36074843363428,True
508,MidTempNorm,601.8854822370608,True
508,VentricleNorm,-125.51434939343054,True
509,FusiformNorm,-70.55539621889304,True
509,RAVLT_immediate,118.93087420717984,True
509,MMSE,-140.83611056314612,True
509,TAU,259.3041783208423,True
509,ADAS13,-517.4879914082703,True
509,WholeBrainNorm,-109.54979749525074,True
509,PTAU,-29.07886185449855,True
509,HippocampusNorm,-67.26634398140101,True
509,ABETA,-260.6894124397973,True
509,EntorhinalNorm,-433.39025587118306,True
509,MidTempNorm,608.0745997181386,True
509,VentricleNorm,-130.83655052878902,True
510,FusiformNorm,-193.91162529857843,True
510,RAVLT_immediate,184.51503270672907,True
510,MMSE,47.67887305196302,True
510,TAU,444.6523907153751,True
510,ADAS13,-557.205098287457,True
510,WholeBrainNorm,-108.98469030430192,True
510,PTAU,62.82165934528775,True
510,HippocampusNorm,38.41297393628402,True
510,ABETA,-201.66742327435915,True
510,EntorhinalNorm,-189.1143764978648,True
510,MidTempNorm,287.9396782307204,True
510,VentricleNorm,-57.6099125469608,True
511,FusiformNorm,-566.1456990963973,True
511,RAVLT_immediate,151.8253785666651,True
511,MMSE,-102.36738472559784,True
511,TAU,245.1788072682209,True
511,ADAS13,-546.5481647112828,True
511,WholeBrainNorm,-218.32462402769258,True
511,PTAU,2.6542713446230266,True
511,HippocampusNorm,-48.45525488021964,True
511,ABETA,-219.58766878626892,True
511,EntorhinalNorm,-892.5543795151816,True
511,MidTempNorm,563.4180334407945,True
511,VentricleNorm,7.187237662089977,True
512,FusiformNorm,-57.805252259170146,True
512,RAVLT_immediate,416.4051379792351,True
512,MMSE,-304.7170902496506,True
512,TAU,356.8071550390014,True
512,ADAS13,-546.701975849474,True
512,WholeBrainNorm,-115.48332814529893,True
512,PTAU,3.197326208316099,True
512,HippocampusNorm,-115.78319163899278,True
512,ABETA,-211.96963573854103,True
512,EntorhinalNorm,-250.91536571419147,True
512,MidTempNorm,557.7662892497548,True
512,VentricleNorm,66.30605872977232,True
513,FusiformNorm,-224.80832482629216,False
513,RAVLT_immediate,-44.3711988981035,False
513,MMSE,26.24616960061759,False
513,TAU,-458.2741779773871,False
513,ADAS13,-552.2417652853453,False
513,WholeBrainNorm,-273.88747342075476,False
513,PTAU,70.60408308204046,False
513,HippocampusNorm,51.50926707512486,False
513,ABETA,-299.00788881549613,False
513,EntorhinalNorm,-379.2503019728916,False
513,MidTempNorm,238.31682668930168,False
513,VentricleNorm,18.269466303303815,False
514,FusiformNorm,-81.68452293060892,False
514,RAVLT_immediate,108.87674818384664,False
514,MMSE,-169.41899987227822,False
514,TAU,-33.04859194554203,False
514,ADAS13,-564.327186195247,False
514,WholeBrainNorm,-162.25442477305015,False
514,PTAU,28.325538358633853,False
514,HippocampusNorm,71.20608955672351,False
514,ABETA,-301.67086170041347,False
514,EntorhinalNorm,-683.8064124935955,False
514,MidTempNorm,267.9291410567095,False
514,VentricleNorm,-13.650473184418285,False
515,FusiformNorm,132.23606554458638,True
515,RAVLT_immediate,762.7626661577232,True
515,MMSE,-189.72061615297142,True
515,TAU,244.10599021714785,True
515,ADAS13,-409.0535953847667,True
515,WholeBrainNorm,-51.342430030164266,True
515,PTAU,34.320170637941644,True
515,HippocampusNorm,-79.94902696558806,True
515,ABETA,-246.08713818114921,True
515,EntorhinalNorm,-838.625094655464,True
515,MidTempNorm,582.6808224158962,True
515,VentricleNorm,-81.14858385028367,True
516,FusiformNorm,10.8287405820719,True
516,RAVLT_immediate,282.8272835287579,True
516,MMSE,-276.5359623253626,True
516,TAU,33.08126093147935,True
516,ADAS13,-571.3486289950416,True
516,WholeBrainNorm,4.982082308000287,True
516,PTAU,-95.8899735058603,True
516,HippocampusNorm,-62.588206936489044,True
516,ABETA,-239.68829526966195,True
516,EntorhinalNorm,-640.0868071285837,True
516,MidTempNorm,598.4273676083963,True
516,VentricleNorm,-96.57249219862935,True
517,FusiformNorm,-179.33925884888947,False
517,RAVLT_immediate,76.26838817591435,False
517,MMSE,-291.1760932416656,False
517,TAU,207.58085243576306,False
517,ADAS13,-536.057217393516,False
517,WholeBrainNorm,-262.3633418141574,False
517,PTAU,128.54583876409973,False
517,HippocampusNorm,51.12096114393507,False
517,ABETA,-297.5971070248455,False
517,EntorhinalNorm,-48.97126745299755,False
517,MidTempNorm,252.65674315280725,False
517,VentricleNorm,20.542924692811322,False
518,FusiformNorm,-10.611177766878711,True
518,RAVLT_immediate,458.6338429844169,True
518,MMSE,-186.00564368222325,True
518,TAU,-151.96242003170718,True
518,ADAS13,-554.6196242195862,True
518,WholeBrainNorm,-226.11378219277788,True
518,PTAU,89.95413820930135,True
518,HippocampusNorm,-56.13886772656625,True
518,ABETA,-216.06430149283506,True
518,EntorhinalNorm,-63.47883435591643,True
518,MidTempNorm,281.22326546151737,True
518,VentricleNorm,-17.014433043085806,True
519,FusiformNorm,-154.01702240394812,False
519,RAVLT_immediate,91.14752093601024,False
519,MMSE,-120.78773959601352,False
519,TAU,546.0638133683874,False
519,ADAS13,-564.9605834180559,False
519,WholeBrainNorm,-311.2906244534084,False
519,PTAU,-11.936848621341667,False
519,HippocampusNorm,85.54698286833715,False
519,ABETA,-291.4515031284992,False
519,EntorhinalNorm,-537.2777679189219,False
519,MidTempNorm,329.8439782198041,False
519,VentricleNorm,17.8124398973419,False
520,FusiformNorm,-79.1064478860728,True
520,RAVLT_immediate,813.9493839959028,True
520,MMSE,-345.8751828112791,True
520,TAU,-77.09418905480962,True
520,ADAS13,-571.6249329673212,True
520,WholeBrainNorm,-174.89101553645293,True
520,PTAU,-51.95009250628473,True
520,HippocampusNorm,-44.824079928873246,True
520,ABETA,-194.1892876108426,True
520,EntorhinalNorm,-325.56231971394647,True
520,MidTempNorm,530.9336247835222,True
520,VentricleNorm,-85.88908059166678,True
521,FusiformNorm,-154.82914066648064,True
521,RAVLT_immediate,46.3700583596129,True
521,MMSE,23.964903287705184,True
521,TAU,425.1135154319419,True
521,ADAS13,-547.8164261854956,True
521,WholeBrainNorm,-148.46681758967705,True
521,PTAU,93.35941622388756,True
521,HippocampusNorm,-84.65214952428535,True
521,ABETA,-224.32246215509304,True
521,EntorhinalNorm,-190.71888527383103,True
521,MidTempNorm,292.0939186313303,True
521,VentricleNorm,71.96698359830762,True
522,FusiformNorm,-304.19462538032855,True
522,RAVLT_immediate,369.57646258584026,True
522,MMSE,-109.69875193276225,True
522,TAU,235.97314839527698,True
522,ADAS13,-558.7631335397085,True
522,WholeBrainNorm,-64.62877475657845,True
522,PTAU,126.89945241661664,True
522,HippocampusNorm,75.68042956777926,True
522,ABETA,-213.73146370651835,True
522,EntorhinalNorm,-475.8351154081518,True
522,MidTempNorm,274.6155858969669,True
522,VentricleNorm,-15.135984697605288,True
523,FusiformNorm,-58.509349572058454,True
523,RAVLT_immediate,81.4437669031495,True
523,MMSE,-41.58714871796298,True
523,TAU,-376.8804893204159,True
523,ADAS13,-548.5344555499287,True
523,WholeBrainNorm,-482.50259372291356,True
523,PTAU,74.37296987032298,True
523,HippocampusNorm,-65.8014526866423,True
523,ABETA,-201.6870505409963,True
523,EntorhinalNorm,-199.99972080379885,True
523,MidTempNorm,210.2368028070631,True
523,VentricleNorm,-8.268650322018026,True
524,FusiformNorm,-129.32835234503378,True
524,RAVLT_immediate,194.10177324370486,True
524,MMSE,-226.48017778638376,True
524,TAU,-275.6410519997752,True
524,ADAS13,-548.9829548878224,True
524,WholeBrainNorm,-135.3987172383378,True
524,PTAU,76.51558127663287,True
524,HippocampusNorm,-59.79289386555523,True
524,ABETA,-212.66397097547804,True
524,EntorhinalNorm,-338.88142183015395,True
524,MidTempNorm,593.0706056321679,True
524,VentricleNorm,-11.571892182430519,True
525,FusiformNorm,41.189683646570074,False
525,RAVLT_immediate,227.11961113214434,False
525,MMSE,-182.69074778766895,False
525,TAU,236.2135585068595,False
525,ADAS13,-556.3344266275706,False
525,WholeBrainNorm,-257.32527169710824,False
525,PTAU,40.311678701598936,False
525,HippocampusNorm,64.3765195117866,False
525,ABETA,-282.87276904301956,False
525,EntorhinalNorm,-114.94247631193014,False
525,MidTempNorm,321.1094653219909,False
525,VentricleNorm,10.628311251905956,False
526,FusiformNorm,157.14991512515883,True
526,RAVLT_immediate,49.7353591320898,True
526,MMSE,-184.83851273195262,True
526,TAU,-341.8043035146303,True
526,ADAS13,-546.3728257234355,True
526,WholeBrainNorm,-106.54604667217197,True
526,PTAU,-90.37876621156244,True
526,HippocampusNorm,-85.07267479614394,True
526,ABETA,-259.08451501265927,True
526,EntorhinalNorm,14.333085765460453,True
526,MidTempNorm,572.4151170825041,True
526,VentricleNorm,2.23051538306224,True
527,FusiformNorm,-12.948808251089861,True
527,RAVLT_immediate,-7.721275198906596,True
527,MMSE,-240.49215301724422,True
527,TAU,-220.83611366966707,True
527,ADAS13,-546.6113231435108,True
527,WholeBrainNorm,-230.72232230204958,True
527,PTAU,112.37276517952981,True
527,HippocampusNorm,-83.7474812004004,True
527,ABETA,-189.2592562690721,True
527,EntorhinalNorm,-600.3661682233034,True
527,MidTempNorm,544.4486765488743,True
527,VentricleNorm,32.342909445071626,True
528,FusiformNorm,-134.59218851283697,True
528,RAVLT_immediate,88.83497750230315,True
528,MMSE,-150.2698761350767,True
528,TAU,100.61039880750181,True
528,ADAS13,-537.3067971759108,True
528,WholeBrainNorm,-142.50450056664192,True
528,PTAU,20.37467591208643,True
528,HippocampusNorm,-65.80396094194481,True
528,ABETA,-269.8641159202266,True
528,EntorhinalNorm,-717.9097460735811,True
528,MidTempNorm,488.8582004032296,True
528,VentricleNorm,-91.79339167273119,True
529,FusiformNorm,-96.38795618442067,True
529,RAVLT_immediate,184.8563963485753,True
529,MMSE,-104.64479583412026,True
529,TAU,-155.83685659673594,True
529,ADAS13,-555.956184116759,True
529,WholeBrainNorm,257.2569472628359,True
529,PTAU,75.77665232511315,True
529,HippocampusNorm,-60.195032401239004,True
529,ABETA,-258.40266404284273,True
529,EntorhinalNorm,-433.9128182447656,True
529,MidTempNorm,216.11811722261922,True
529,VentricleNorm,-80.18812636681461,True
530,FusiformNorm,38.91306134393945,True
530,RAVLT_immediate,-30.53811743128952,True
530,MMSE,-8.319399051511141,True
530,TAU,-414.2013158219072,True
530,ADAS13,-563.3021192007532,True
530,WholeBrainNorm,-88.58797526852081,True
530,PTAU,42.470787977635815,True
530,HippocampusNorm,-42.92667029023589,True
530,ABETA,-249.70274545074702,True
530,EntorhinalNorm,329.45591153981024,True
530,MidTempNorm,544.5393268464802,True
530,VentricleNorm,0.040338700804483096,True
531,FusiformNorm,-156.10378125206864,True
531,RAVLT_immediate,84.98852659863199,True
531,MMSE,-282.9535529194142,True
531,TAU,196.62989374255022,True
531,ADAS13,-571.5462630422345,True
531,WholeBrainNorm,-287.82479149354697,True
531,PTAU,-56.39235248883805,True
531,HippocampusNorm,-56.51493523424981,True
531,ABETA,-234.06988469387457,True
531,EntorhinalNorm,-676.6991894414268,True
531,MidTempNorm,545.6494278843595,True
531,VentricleNorm,-71.80474934557864,True
532,FusiformNorm,14.989338622904086,True
532,RAVLT_immediate,-83.59682316201705,True
532,MMSE,18.758959294880654,True
532,TAU,254.28334783336763,True
532,ADAS13,-561.8553956449623,True
532,WholeBrainNorm,-80.20693696831808,True
532,PTAU,15.041938002645232,True
532,HippocampusNorm,-69.52497298379356,True
532,ABETA,-215.44797006305035,True
532,EntorhinalNorm,-254.64871376074106,True
532,MidTempNorm,572.7928804100782,True
532,VentricleNorm,-74.42274087499328,True
533,FusiformNorm,-22.301937771841693,False
533,RAVLT_immediate,-113.5493065488634,False
533,MMSE,-111.51750975338295,False
533,TAU,296.3692736763063,False
533,ADAS13,-544.6297324618829,False
533,WholeBrainNorm,-389.5005226706247,False
533,PTAU,7.846935691069291,False
533,HippocampusNorm,66.06108079779914,False
533,ABETA,-288.7609756280983,False
533,EntorhinalNorm,-203.60019536142883,False
533,MidTempNorm,293.53127007041587,False
533,VentricleNorm,21.140992795076755,False
534,FusiformNorm,65.18063450460234,True
534,RAVLT_immediate,651.7160719221687,True
534,MMSE,-173.26044341386023,True
534,TAU,-136.68430560748305,True
534,ADAS13,-409.64345507324975,True
534,WholeBrainNorm,43.000289230533724,True
534,PTAU,-90.28489182741083,True
534,HippocampusNorm,-38.11130286453283,True
534,ABETA,-226.6324400020264,True
534,EntorhinalNorm,-738.4423385759857,True
534,MidTempNorm,568.7421026504609,True
534,VentricleNorm,4.794914329204229,True
535,FusiformNorm,-364.1867851496199,False
535,RAVLT_immediate,-233.78646495247733,False
535,MMSE,-26.602890381439877,False
535,TAU,112.45998131215035,False
535,ADAS13,-560.9237672982524,False
535,WholeBrainNorm,-196.01882051163642,False
535,PTAU,-16.518096623810372,False
535,HippocampusNorm,63.51561327320892,False
535,ABETA,-276.32039745350704,False
535,EntorhinalNorm,-397.9566420845076,False
535,MidTempNorm,208.69722846801648,False
535,VentricleNorm,26.98296099966585,False
536,FusiformNorm,13.15391056554971,True
536,RAVLT_immediate,246.7531309884484,True
536,MMSE,-181.65536141304628,True
536,TAU,-223.91392199126912,True
536,ADAS13,-456.38761155518614,True
536,WholeBrainNorm,-43.266225443898506,True
536,PTAU,18.737496779908465,True
536,HippocampusNorm,14.715813490212213,True
536,ABETA,-244.1388242280588,True
536,EntorhinalNorm,-332.97395731327623,True
536,MidTempNorm,573.6052630412487,True
536,VentricleNorm,17.403671095519794,True
537,FusiformNorm,75.80232266483313,True
537,RAVLT_immediate,620.3805728658571,True
537,MMSE,-92.21479862869148,True
537,TAU,313.3007944959297,True
537,ADAS13,-429.72469032905406,True
537,WholeBrainNorm,-337.1010511927205,True
537,PTAU,-69.03549958265836,True
537,HippocampusNorm,-60.23653102787262,True
537,ABETA,-201.46588160442786,True
537,EntorhinalNorm,-607.8514786466037,True
537,MidTempNorm,590.2890665470774,True
537,VentricleNorm,-45.73207815990943,True
538,FusiformNorm,-58.92027796179329,True
538,RAVLT_immediate,119.3896168327603,True
538,MMSE,-199.70258479565376,True
538,TAU,-75.78771235753285,True
538,ADAS13,-549.5116959472626,True
538,WholeBrainNorm,-162.3644952816479,True
538,PTAU,55.620536505505044,True
538,HippocampusNorm,-39.36557983475289,True
538,ABETA,-235.53218330142678,True
538,EntorhinalNorm,-317.0654096414971,True
538,MidTempNorm,547.9041026261516,True
538,VentricleNorm,-41.61048783412783,True
539,FusiformNorm,-105.26650734141829,False
539,RAVLT_immediate,68.84220146094484,False
539,MMSE,-141.0696207678767,False
539,TAU,498.3278236827333,False
539,ADAS13,-553.2596734680031,False
539,WholeBrainNorm,-402.4188837169969,False
539,PTAU,149.78687022121304,False
539,HippocampusNorm,77.0901825248095,False
539,ABETA,-297.35097694360695,False
539,EntorhinalNorm,-359.3260542359776,False
539,MidTempNorm,265.6999060431928,False
539,VentricleNorm,-19.373227079561964,False
540,FusiformNorm,-56.79026741013817,False
540,RAVLT_immediate,242.8271748353552,False
540,MMSE,-5.1091285038694565,False
540,TAU,20.214930056044153,False
540,ADAS13,-562.3926230536078,False
540,WholeBrainNorm,-219.05938877506986,False
540,PTAU,3.3206541795864553,False
540,HippocampusNorm,72.67649301181311,False
540,ABETA,-301.9026149023341,False
540,EntorhinalNorm,-635.7195088842396,False
540,MidTempNorm,343.2715185535134,False
540,VentricleNorm,23.00036340906011,False
541,FusiformNorm,-310.229977727169,True
541,RAVLT_immediate,0.8759339920771936,True
541,MMSE,-180.77733062321425,True
541,TAU,-321.5542748011477,True
541,ADAS13,-545.0122752419862,True
541,WholeBrainNorm,-431.45147655979207,True
541,PTAU,4.1034788316736766,True
541,HippocampusNorm,-54.98861262400409,True
541,ABETA,-201.73023431574958,True
541,EntorhinalNorm,-269.1369931856706,True
541,MidTempNorm,235.29100181775823,True
541,VentricleNorm,-26.69637448989736,True
542,FusiformNorm,79.08943444298072,True
542,RAVLT_immediate,503.2376622917358,True
542,MMSE,-211.38740201298543,True
542,TAU,-304.2687940466236,True
542,ADAS13,-500.99136457223926,True
542,WholeBrainNorm,-96.37493423601371,True
542,PTAU,-130.06705912791563,True
542,HippocampusNorm,-88.12207759280656,True
542,ABETA,-242.4898652206316,True
542,EntorhinalNorm,-666.3391525884798,True
542,MidTempNorm,565.2999405070714,True
542,VentricleNorm,-64.36033701035338,True
543,FusiformNorm,24.347478468719842,True
543,RAVLT_immediate,469.98771278662906,True
543,MMSE,-41.13399994697676,True
543,TAU,85.11095385853335,True
543,ADAS13,-315.384914567774,True
543,WholeBrainNorm,136.39887105988083,True
543,PTAU,-17.60410669800405,True
543,HippocampusNorm,-48.220231902034556,True
543,ABETA,-206.1048162249201,True
543,EntorhinalNorm,-389.1188962747568,True
543,MidTempNorm,588.498802238891,True
543,VentricleNorm,-49.42426734158125,True
544,FusiformNorm,-98.04777988072325,True
544,RAVLT_immediate,603.9521750651398,True
544,MMSE,-110.42726365233078,True
544,TAU,173.7930799929215,True
544,ADAS13,-418.0049092325186,True
544,WholeBrainNorm,-242.4020034676355,True
544,PTAU,6.1755713000129955,True
544,HippocampusNorm,-48.583213427991446,True
544,ABETA,-188.30535467891377,True
544,EntorhinalNorm,-53.681336712664745,True
544,MidTempNorm,576.6922498064777,True
544,VentricleNorm,59.00153336603485,True
545,FusiformNorm,83.6056560322272,True
545,RAVLT_immediate,-54.968254346022206,True
545,MMSE,-206.3065251048855,True
545,TAU,-40.35576265117996,True
545,ADAS13,-561.9390040119441,True
545,WholeBrainNorm,-79.7727421401368,True
545,PTAU,128.55469272410608,True
545,HippocampusNorm,-58.85245573718236,True
545,ABETA,-228.48192943952867,True
545,EntorhinalNorm,-702.0804678517987,True
545,MidTempNorm,553.2587890547619,True
545,VentricleNorm,-15.838183569509056,True
546,FusiformNorm,-209.86464733203064,False
546,RAVLT_immediate,251.1915038849184,False
546,MMSE,-7.134708050943516,False
546,TAU,47.76148420886635,False
546,ADAS13,-545.0915599421562,False
546,WholeBrainNorm,-110.2381863915603,False
546,PTAU,67.62477759195734,False
546,HippocampusNorm,57.016445903110224,False
546,ABETA,-272.3653992014759,False
546,EntorhinalNorm,-875.5796211485333,False
546,MidTempNorm,311.6695725694776,False
546,VentricleNorm,20.309523371326414,False
547,FusiformNorm,-38.18427232297883,True
547,RAVLT_immediate,373.36479627915924,True
547,MMSE,-253.40503665660475,True
547,TAU,277.1387227581105,True
547,ADAS13,-512.1387395287567,True
547,WholeBrainNorm,-318.10544611079246,True
547,PTAU,25.492008894289313,True
547,HippocampusNorm,-6.393221436694965,True
547,ABETA,-173.90164300152776,True
547,EntorhinalNorm,-80.15032528538211,True
547,MidTempNorm,558.64357041691,True
547,VentricleNorm,85.22730028012481,True
548,FusiformNorm,-104.85266685446454,True
548,RAVLT_immediate,211.40916359314886,True
548,MMSE,-194.1288341720483,True
548,TAU,246.9240749952768,True
548,ADAS13,-554.7007781160825,True
548,WholeBrainNorm,-257.59133786829295,True
548,PTAU,34.76429742670336,True
548,HippocampusNorm,-32.03899280792243,True
548,ABETA,-228.0488174567767,True
548,EntorhinalNorm,-942.2253295106467,True
548,MidTempNorm,517.5799648284411,True
548,VentricleNorm,-25.38132902840319,True
549,FusiformNorm,-78.04984211627504,False
549,RAVLT_immediate,300.2780995809718,False
549,MMSE,-242.56187320243254,False
549,TAU,-86.2001035874334,False
549,ADAS13,-569.8868429727115,False
549,WholeBrainNorm,-256.788362754278,False
549,PTAU,83.42964903979134,False
549,HippocampusNorm,76.83195117066325,False
549,ABETA,-329.0559417872045,False
549,EntorhinalNorm,-450.7274897282366,False
549,MidTempNorm,263.7115388096856,False
549,VentricleNorm,-11.58679028614721,False
550,FusiformNorm,-230.21584436536267,True
550,RAVLT_immediate,-12.931446401480088,True
550,MMSE,-165.95471733918663,True
550,TAU,-166.13111844189504,True
550,ADAS13,-554.2843523957291,True
550,WholeBrainNorm,-240.79116376534887,True
550,PTAU,100.7881367091321,True
550,HippocampusNorm,-113.40520361217116,True
550,ABETA,-266.748435010123,True
550,EntorhinalNorm,-445.0532838078494,True
550,MidTempNorm,532.4483707116437,True
550,VentricleNorm,14.229473080295907,True
551,FusiformNorm,155.32130270297733,True
551,RAVLT_immediate,708.5423952866478,True
551,MMSE,-181.39228112494513,True
551,TAU,434.22313631750467,True
551,ADAS13,-542.9845689789081,True
551,WholeBrainNorm,-40.28744835092944,True
551,PTAU,16.555968723138655,True
551,HippocampusNorm,-64.58639996992265,True
551,ABETA,-280.08278035682696,True
551,EntorhinalNorm,-211.13236245728575,True
551,MidTempNorm,564.4434392094855,True
551,VentricleNorm,-108.12453720756173,True
552,FusiformNorm,47.03806249963572,True
552,RAVLT_immediate,142.58835330880368,True
552,MMSE,-265.89775704076925,True
552,TAU,291.52745237990626,True
552,ADAS13,-446.16966281776195,True
552,WholeBrainNorm,-196.3635209758816,True
552,PTAU,-77.55638883533463,True
552,HippocampusNorm,11.035798260543913,True
552,ABETA,-248.41318612011403,True
552,EntorhinalNorm,-91.98756483162043,True
552,MidTempNorm,561.4310953702599,True
552,VentricleNorm,11.401910436490752,True
553,FusiformNorm,-69.98842393216914,True
553,RAVLT_immediate,107.3722414336985,True
553,MMSE,-47.394903770089996,True
553,TAU,-335.32599484022285,True
553,ADAS13,-555.0740111221812,True
553,WholeBrainNorm,-219.9776659197787,True
553,PTAU,28.374091950250865,True
553,HippocampusNorm,-74.37381412079154,True
553,ABETA,-233.3882120151061,True
553,EntorhinalNorm,-328.4779555040161,True
553,MidTempNorm,504.98828634877634,True
553,VentricleNorm,-35.42790331216872,True
554,FusiformNorm,1.3146499947991312,True
554,RAVLT_immediate,156.76655136497595,True
554,MMSE,-242.37901559838068,True
554,TAU,-132.95863464218044,True
554,ADAS13,-552.9893820168691,True
554,WholeBrainNorm,-199.6991399593646,True
554,PTAU,-19.311389711932897,True
554,HippocampusNorm,-14.41290101046257,True
554,ABETA,-223.0818023343117,True
554,EntorhinalNorm,-584.4145585491982,True
554,MidTempNorm,593.9390796894868,True
554,VentricleNorm,-110.02382286093275,True
555,FusiformNorm,-329.825035892277,False
555,RAVLT_immediate,115.43480899220674,False
555,MMSE,-44.809019506886344,False
555,TAU,420.72984408399805,False
555,ADAS13,-559.6410990489046,False
555,WholeBrainNorm,-253.00974567681425,False
555,PTAU,69.60580266121762,False
555,HippocampusNorm,51.85008116785719,False
555,ABETA,-325.0784219924384,False
555,EntorhinalNorm,-920.9559010131542,False
555,MidTempNorm,184.77137147927994,False
555,VentricleNorm,-10.366711552516207,False
556,FusiformNorm,-69.7399222347994,False
556,RAVLT_immediate,434.2846570945998,False
556,MMSE,33.37090933641059,False
556,TAU,524.407973387808,False
556,ADAS13,-540.4276300671482,False
556,WholeBrainNorm,-230.7179986359886,False
556,PTAU,88.45307300560697,False
556,HippocampusNorm,45.63660011698849,False
556,ABETA,-315.8268348933231,False
556,EntorhinalNorm,6.867706330470412,False
556,MidTempNorm,208.7756523841004,False
556,VentricleNorm,48.97499889660575,False
557,FusiformNorm,-120.82990860688396,False
557,RAVLT_immediate,270.4728595764416,False
557,MMSE,-188.50738206238242,False
557,TAU,191.0522268239934,False
557,ADAS13,-541.0106731231435,False
557,WholeBrainNorm,-112.91229870975664,False
557,PTAU,26.96085673577618,False
557,HippocampusNorm,80.04603521256321,False
557,ABETA,-288.052796513461,False
557,EntorhinalNorm,-722.8646086688801,False
557,MidTempNorm,300.628329397234,False
557,VentricleNorm,-2.6758938614058643,False
558,FusiformNorm,38.052193252271884,True
558,RAVLT_immediate,435.5341294865257,True
558,MMSE,-160.84000876197456,True
558,TAU,-305.83957385480403,True
558,ADAS13,-447.8858352446359,True
558,WholeBrainNorm,-444.85824480315216,True
558,PTAU,57.93908393999938,True
558,HippocampusNorm,-50.595027673882136,True
558,ABETA,-189.7206811052314,True
558,EntorhinalNorm,-443.8709506136316,True
558,MidTempNorm,563.9843735245687,True
558,VentricleNorm,80.28452862799585,True
559,FusiformNorm,25.08778574659454,True
559,RAVLT_immediate,425.7693201399754,True
559,MMSE,-32.09204242629113,True
559,TAU,-64.15816959171207,True
559,ADAS13,-503.62495656205095,True
559,WholeBrainNorm,-57.03992611906753,True
559,PTAU,-69.89170558390113,True
559,HippocampusNorm,-96.7287522513783,True
559,ABETA,-271.2498460525314,True
559,EntorhinalNorm,-30.21163428723571,True
559,MidTempNorm,561.6935279778735,True
559,VentricleNorm,23.2536197475079,True
560,FusiformNorm,41.77732942386068,True
560,RAVLT_immediate,244.3607289811493,True
560,MMSE,-49.836063872674096,True
560,TAU,293.51961383413106,True
560,ADAS13,-549.8087507832915,True
560,WholeBrainNorm,-139.35820426643824,True
560,PTAU,-16.952792984756904,True
560,HippocampusNorm,3.138263989173126,True
560,ABETA,-212.05761458943414,True
560,EntorhinalNorm,-457.17401448955513,True
560,MidTempNorm,258.9484605222716,True
560,VentricleNorm,-34.13745260164479,True
561,FusiformNorm,3.369137913697296,True
561,RAVLT_immediate,640.0308656837366,True
561,MMSE,-213.40739538747238,True
561,TAU,-14.126312355682813,True
561,ADAS13,-465.557661081461,True
561,WholeBrainNorm,-395.6289286141338,True
561,PTAU,-82.89980162795665,True
561,HippocampusNorm,-58.43124827402518,True
561,ABETA,-224.6218653431678,True
561,EntorhinalNorm,-767.6138263281716,True
561,MidTempNorm,516.2527670086234,True
561,VentricleNorm,-25.973461844814192,True
562,FusiformNorm,-182.98234811166282,False
562,RAVLT_immediate,231.92410434996933,False
562,MMSE,-31.80714147281344,False
562,TAU,1124.231765089885,False
562,ADAS13,-544.7058964842796,False
562,WholeBrainNorm,-136.67565393649994,False
562,PTAU,67.50600261275166,False
562,HippocampusNorm,66.4630099405013,False
562,ABETA,-262.5795125211963,False
562,EntorhinalNorm,-597.0929820479082,False
562,MidTempNorm,272.21748691432833,False
562,VentricleNorm,19.676146358822958,False
563,FusiformNorm,-113.97034940186751,True
563,RAVLT_immediate,1041.1244496410432,True
563,MMSE,-42.93421400063778,True
563,TAU,13.546975685112415,True
563,ADAS13,-590.8103833313215,True
563,WholeBrainNorm,66.3719479524134,True
563,PTAU,-55.994719932189305,True
563,HippocampusNorm,-29.138510504270517,True
563,ABETA,-239.02759656961115,True
563,EntorhinalNorm,-453.841877835497,True
563,MidTempNorm,535.1591808251094,True
563,VentricleNorm,19.467672072772377,True
564,FusiformNorm,-29.98386256338101,True
564,RAVLT_immediate,552.3178757689216,True
564,MMSE,-182.37080607299384,True
564,TAU,-314.4919961067609,True
564,ADAS13,-441.8258289905596,True
564,WholeBrainNorm,-224.4292805929009,True
564,PTAU,-51.282489492748226,True
564,HippocampusNorm,-72.41933356126312,True
564,ABETA,-279.2778277288934,True
564,EntorhinalNorm,-73.15964537199903,True
564,MidTempNorm,571.1302037700331,True
564,VentricleNorm,-90.340715493508,True
565,FusiformNorm,32.5141904060283,True
565,RAVLT_immediate,541.8504533274134,True
565,MMSE,-164.87268243751413,True
565,TAU,-10.700983143667486,True
565,ADAS13,-512.6649087521068,True
565,WholeBrainNorm,-262.02868486662396,True
565,PTAU,50.10260343689546,True
565,HippocampusNorm,-68.25599106132563,True
565,ABETA,-235.9727711769798,True
565,EntorhinalNorm,-234.92959634619427,True
565,MidTempNorm,575.9785990124556,True
565,VentricleNorm,39.99399769790479,True
566,FusiformNorm,-436.11492568837957,False
566,RAVLT_immediate,-122.40688060760579,False
566,MMSE,-81.16486553983354,False
566,TAU,599.9271375363417,False
566,ADAS13,-557.9125212764087,False
566,WholeBrainNorm,-148.90113590361415,False
566,PTAU,34.400304233515314,False
566,HippocampusNorm,69.34254842867279,False
566,ABETA,-288.8090530982531,False
566,EntorhinalNorm,-603.1750436798205,False
566,MidTempNorm,196.83025451048667,False
566,VentricleNorm,21.37688672511296,False
567,FusiformNorm,135.4639636651698,True
567,RAVLT_immediate,358.2135759427664,True
567,MMSE,-242.31959723920264,True
567,TAU,-321.93226997275633,True
567,ADAS13,-550.5248254666006,True
567,WholeBrainNorm,159.27833407833697,True
567,PTAU,79.03094616102065,True
567,HippocampusNorm,-28.92255611321133,True
567,ABETA,-205.73535180546114,True
567,EntorhinalNorm,-328.7901212368685,True
567,MidTempNorm,534.1219262398312,True
567,VentricleNorm,25.68331930250344,True
568,FusiformNorm,11.920773591512386,True
568,RAVLT_immediate,155.9449410492797,True
568,MMSE,-37.815698605916715,True
568,TAU,129.78803682086385,True
568,ADAS13,-546.2378698141094,True
568,WholeBrainNorm,-335.77231137748805,True
568,PTAU,75.67339020848252,True
568,HippocampusNorm,-27.067030834539313,True
568,ABETA,-228.31020774757593,True
568,EntorhinalNorm,-810.1949008372927,True
568,MidTempNorm,519.242736154603,True
568,VentricleNorm,-101.42945384569207,True
569,FusiformNorm,159.42526803551468,True
569,RAVLT_immediate,192.28932208682517,True
569,MMSE,-282.00805167105835,True
569,TAU,137.1569015740502,True
569,ADAS13,-501.9470526798947,True
569,WholeBrainNorm,-151.61144922357803,True
569,PTAU,-54.101975185758,True
569,HippocampusNorm,-121.0321648320402,True
569,ABETA,-231.51001894304662,True
569,EntorhinalNorm,-599.6427770012343,True
569,MidTempNorm,559.1050542742241,True
569,VentricleNorm,-2.5877584039641377,True
570,FusiformNorm,-57.93618732825567,True
570,RAVLT_immediate,642.5293016448107,True
570,MMSE,-204.5363318309615,True
570,TAU,117.79160574512868,True
570,ADAS13,-483.52506299790537,True
570,WholeBrainNorm,-61.47245930242764,True
570,PTAU,55.16485559201827,True
570,HippocampusNorm,-42.04334298038472,True
570,ABETA,-242.94188916876402,True
570,EntorhinalNorm,-339.0573752565511,True
570,MidTempNorm,607.6039685579694,True
570,VentricleNorm,90.90370180619148,True
571,FusiformNorm,-94.7049179837692,True
571,RAVLT_immediate,772.3753865364359,True
571,MMSE,-255.90034185857644,True
571,TAU,459.148564535535,True
571,ADAS13,-558.3330266836518,True
571,WholeBrainNorm,-316.27172232563726,True
571,PTAU,-43.07448830009094,True
571,HippocampusNorm,-84.66997935929513,True
571,ABETA,-252.59497836195084,True
571,EntorhinalNorm,-412.72413317848026,True
571,MidTempNorm,563.9328843377724,True
571,VentricleNorm,-19.53993489603178,True
572,FusiformNorm,-150.99525823325118,True
572,RAVLT_immediate,285.3667427852378,True
572,MMSE,-146.48857029085727,True
572,TAU,201.12295626103966,True
572,ADAS13,-547.610508343333,True
572,WholeBrainNorm,-305.743736084232,True
572,PTAU,-26.864704960975217,True
572,HippocampusNorm,-88.53027513681434,True
572,ABETA,-215.78036423060493,True
572,EntorhinalNorm,-306.9825326001909,True
572,MidTempNorm,527.723360017102,True
572,VentricleNorm,134.4053821582645,True
573,FusiformNorm,-26.49742256383699,True
573,RAVLT_immediate,511.919232787041,True
573,MMSE,-255.1070404048005,True
573,TAU,57.43746664253344,True
573,ADAS13,-461.52682856064973,True
573,WholeBrainNorm,-104.90247310492191,True
573,PTAU,96.37413064395716,True
573,HippocampusNorm,-43.33741599525553,True
573,ABETA,-206.63238834793458,True
573,EntorhinalNorm,-473.6251407425478,True
573,MidTempNorm,536.9440110302244,True
573,VentricleNorm,-119.30733156246338,True
574,FusiformNorm,-32.30728097631566,True
574,RAVLT_immediate,418.47497778855325,True
574,MMSE,-212.04854728093497,True
574,TAU,62.893242675371084,True
574,ADAS13,-533.0853430839842,True
574,WholeBrainNorm,-113.04078659199891,True
574,PTAU,-5.289052927194077,True
574,HippocampusNorm,-69.96004809932802,True
574,ABETA,-229.68876636329955,True
574,EntorhinalNorm,-497.4683675401228,True
574,MidTempNorm,570.7691645045953,True
574,VentricleNorm,67.72760347210888,True
575,FusiformNorm,-102.66748866527341,True
575,RAVLT_immediate,52.30179715730763,True
575,MMSE,-143.7963023215505,True
575,TAU,291.7265531846175,True
575,ADAS13,-558.6885773321228,True
575,WholeBrainNorm,3.731249134816636,True
575,PTAU,-162.57908364245725,True
575,HippocampusNorm,-61.32940816573426,True
575,ABETA,-203.6248200166849,True
575,EntorhinalNorm,-259.64713120578125,True
575,MidTempNorm,535.8297745534837,True
575,VentricleNorm,72.42068279700477,True
576,FusiformNorm,-125.10170066752289,True
576,RAVLT_immediate,18.969810478359875,True
576,MMSE,-147.60874853589306,True
576,TAU,192.7857646022178,True
576,ADAS13,-545.2770040279999,True
576,WholeBrainNorm,-222.86240855180955,True
576,PTAU,34.80008228050502,True
576,HippocampusNorm,8.382733817435714,True
576,ABETA,-212.17013928455765,True
576,EntorhinalNorm,-436.54168456923946,True
576,MidTempNorm,584.7832095576282,True
576,VentricleNorm,4.846168372690293,True
577,FusiformNorm,61.53660234694629,True
577,RAVLT_immediate,83.71259018368329,True
577,MMSE,-204.48019094202957,True
577,TAU,-31.344200282076017,True
577,ADAS13,-562.072812812375,True
577,WholeBrainNorm,-195.8109186044768,True
577,PTAU,-23.50621214925883,True
577,HippocampusNorm,-83.52300601489458,True
577,ABETA,-225.3721490376509,True
577,EntorhinalNorm,-532.8611476774826,True
577,MidTempNorm,571.7097918266741,True
577,VentricleNorm,4.201205489988986,True
578,FusiformNorm,97.86265342840615,True
578,RAVLT_immediate,109.71312124975339,True
578,MMSE,-195.56693109290703,True
578,TAU,64.47270511284427,True
578,ADAS13,-475.78626773666576,True
578,WholeBrainNorm,-122.08106551997969,True
578,PTAU,80.54528164655696,True
578,HippocampusNorm,-15.07756439375995,True
578,ABETA,-222.53386698916864,True
578,EntorhinalNorm,-172.55701269230067,True
578,MidTempNorm,542.4843836836193,True
578,VentricleNorm,46.662660197857434,True
579,FusiformNorm,-287.4168758735049,True
579,RAVLT_immediate,-126.27871528254775,True
579,MMSE,-228.30215766801237,True
579,TAU,-145.73846335498152,True
579,ADAS13,-573.5129322775205,True
579,WholeBrainNorm,-168.05286184648244,True
579,PTAU,82.57012527419624,True
579,HippocampusNorm,-15.246389694747712,True
579,ABETA,-219.33964555803936,True
579,EntorhinalNorm,12.531051319374683,True
579,MidTempNorm,314.1688041065869,True
579,VentricleNorm,56.11178213133654,True
580,FusiformNorm,-72.95048205283425,True
580,RAVLT_immediate,390.74303297287236,True
580,MMSE,-160.00986108349412,True
580,TAU,-353.9438796162925,True
580,ADAS13,-564.9195407573281,True
580,WholeBrainNorm,-93.72428950954183,True
580,PTAU,119.10882800818473,True
580,HippocampusNorm,-48.88843941231882,True
580,ABETA,-197.21079054331761,True
580,EntorhinalNorm,-479.21051732357023,True
580,MidTempNorm,239.53500549512873,True
580,VentricleNorm,-78.22320836838252,True
581,FusiformNorm,12.942959716509717,True
581,RAVLT_immediate,498.77380683534443,True
581,MMSE,-53.04590708017987,True
581,TAU,229.59678059636488,True
581,ADAS13,-449.4649175172205,True
581,WholeBrainNorm,-127.66239081871893,True
581,PTAU,-52.453641644766364,True
581,HippocampusNorm,-106.40475817336248,True
581,ABETA,-212.00580280145974,True
581,EntorhinalNorm,-117.55904184681998,True
581,MidTempNorm,567.9089013385191,True
581,VentricleNorm,-145.61264560065723,True
582,FusiformNorm,-5.421466644776189,True
582,RAVLT_immediate,100.58404270415019,True
582,MMSE,-267.34526783232707,True
582,TAU,103.16800541328168,True
582,ADAS13,-464.32891121444396,True
582,WholeBrainNorm,-95.97932531514196,True
582,PTAU,-27.610282605627777,True
582,HippocampusNorm,-76.53975790989577,True
582,ABETA,-241.22660678448867,True
582,EntorhinalNorm,-350.7069107677299,True
582,MidTempNorm,545.0503624492528,True
582,VentricleNorm,-19.62723850002127,True
583,FusiformNorm,-447.81802233953175,False
583,RAVLT_immediate,79.6955722281993,False
583,MMSE,-133.28011232503488,False
583,TAU,527.2044740309398,False
583,ADAS13,-542.2994142912613,False
583,WholeBrainNorm,-306.04017069539105,False
583,PTAU,75.93927110643789,False
583,HippocampusNorm,87.94360679477404,False
583,ABETA,-284.75512134265085,False
583,EntorhinalNorm,-794.4042980810821,False
583,MidTempNorm,230.46311443841662,False
583,VentricleNorm,23.938687272492643,False
584,FusiformNorm,-45.96772330382629,True
584,RAVLT_immediate,534.9768185200767,True
584,MMSE,-203.74880348081234,True
584,TAU,-256.2264995012621,True
584,ADAS13,-588.4160715126416,True
584,WholeBrainNorm,-203.8990789049001,True
584,PTAU,-31.069538253699005,True
584,HippocampusNorm,-12.449214469552942,True
584,ABETA,-198.03859335413938,True
584,EntorhinalNorm,-288.97154416012313,True
584,MidTempNorm,530.4006785167053,True
584,VentricleNorm,-36.82889077821983,True
585,FusiformNorm,-146.6490959246458,True
585,RAVLT_immediate,-132.46431723984375,True
585,MMSE,3.863577750215441,True
585,TAU,-160.8065722167584,True
585,ADAS13,-551.5354747665587,True
585,WholeBrainNorm,-135.64970818647421,True
585,PTAU,8.531584722020831,True
585,HippocampusNorm,-33.218884287229436,True
585,ABETA,-234.18565323565184,True
585,EntorhinalNorm,65.96001104341684,True
585,MidTempNorm,261.54945774892934,True
585,VentricleNorm,-1.4985991647832613,True
586,FusiformNorm,100.23843250360918,True
586,RAVLT_immediate,694.8719480393144,True
586,MMSE,-110.28649680090496,True
586,TAU,449.2735659898924,True
586,ADAS13,-490.83314011340474,True
586,WholeBrainNorm,90.12150161206145,True
586,PTAU,-1.7558954596908025,True
586,HippocampusNorm,-85.01519743261738,True
586,ABETA,-197.55996193676958,True
586,EntorhinalNorm,-1053.9224585875909,True
586,MidTempNorm,587.3625129935317,True
586,VentricleNorm,-73.170935879018,True
587,FusiformNorm,-132.45699982984212,False
587,RAVLT_immediate,185.18489386611213,False
587,MMSE,-63.03721319633975,False
587,TAU,-473.1665654354093,False
587,ADAS13,-557.3219477104014,False
587,WholeBrainNorm,-162.928456869142,False
587,PTAU,85.70030008459477,False
587,HippocampusNorm,67.71032556998438,False
587,ABETA,-309.0800337638258,False
587,EntorhinalNorm,-486.2604808052174,False
587,MidTempNorm,306.94442757876504,False
587,VentricleNorm,49.227704777030866,False
588,FusiformNorm,-64.80488853050295,True
588,RAVLT_immediate,197.40503141561564,True
588,MMSE,-148.82381036889828,True
588,TAU,-121.73677546226654,True
588,ADAS13,-472.8133183001003,True
588,WholeBrainNorm,-57.60426836010039,True
588,PTAU,15.175471777223695,True
588,HippocampusNorm,-66.28158852603126,True
588,ABETA,-244.4403568771636,True
588,EntorhinalNorm,-927.0868703142229,True
588,MidTempNorm,564.5936856282641,True
588,VentricleNorm,-30.278894594016364,True
589,FusiformNorm,55.693219663600644,False
589,RAVLT_immediate,183.38468378581516,False
589,MMSE,-133.4305358203472,False
589,TAU,633.1150248041336,False
589,ADAS13,-551.712458942947,False
589,WholeBrainNorm,-312.1904320026003,False
589,PTAU,128.43698042214282,False
589,HippocampusNorm,43.63754347559147,False
589,ABETA,-300.9139419770285,False
589,EntorhinalNorm,-253.30962176239723,False
589,MidTempNorm,233.94179735760957,False
589,VentricleNorm,31.809581774896174,False
590,FusiformNorm,28.068622395445686,True
590,RAVLT_immediate,378.1882293940401,True
590,MMSE,-160.07821179760532,True
590,TAU,385.82057920649675,True
590,ADAS13,-560.4578072598795,True
590,WholeBrainNorm,-265.4964120804925,True
590,PTAU,-62.76250829420395,True
590,HippocampusNorm,-76.02549756447004,True
590,ABETA,-269.1164463586757,True
590,EntorhinalNorm,-382.1051563290089,True
590,MidTempNorm,578.3929940252922,True
590,VentricleNorm,106.95168095273672,True
591,FusiformNorm,-559.5675517305092,True
591,RAVLT_immediate,-29.65069646368741,True
591,MMSE,97.05071727427884,True
591,TAU,22.958917103410784,True
591,ADAS13,-556.9292190615894,True
591,WholeBrainNorm,-152.67882871481856,True
591,PTAU,43.05943330186407,True
591,HippocampusNorm,-16.711213011335104,True
591,ABETA,-167.63425873078154,True
591,EntorhinalNorm,-575.7666064336856,True
591,MidTempNorm,220.35434340211447,True
591,VentricleNorm,-99.14241260371146,True
592,FusiformNorm,-232.3483650433966,True
592,RAVLT_immediate,232.0180594196675,True
592,MMSE,-140.9049648387936,True
592,TAU,269.56658785639706,True
592,ADAS13,-550.4213021069639,True
592,WholeBrainNorm,-352.6775465364392,True
592,PTAU,13.836079500849742,True
592,HippocampusNorm,74.32259627104473,True
592,ABETA,-251.87763157443285,True
592,EntorhinalNorm,-149.62509143014114,True
592,MidTempNorm,255.95723457896324,True
592,VentricleNorm,9.726735067580133,True
593,FusiformNorm,149.83119429529506,True
593,RAVLT_immediate,578.2422647254645,True
593,MMSE,-128.45127547944506,True
593,TAU,-127.66224088180101,True
593,ADAS13,-504.6284688663961,True
593,WholeBrainNorm,-357.970064380685,True
593,PTAU,-24.84826230763986,True
593,HippocampusNorm,-23.653701788402287,True
593,ABETA,-229.26394346727673,True
593,EntorhinalNorm,-405.971949281942,True
593,MidTempNorm,544.5863396043442,True
593,VentricleNorm,-82.95877177480018,True
594,FusiformNorm,-340.19916048878235,False
594,RAVLT_immediate,-111.01664176504079,False
594,MMSE,-28.837198430561045,False
594,TAU,674.1520537737131,False
594,ADAS13,-547.2812282771956,False
594,WholeBrainNorm,-202.91116078484723,False
594,PTAU,116.62317843806736,False
594,HippocampusNorm,77.7081338257697,False
594,ABETA,-314.64420743428764,False
594,EntorhinalNorm,-864.0466655124889,False
594,MidTempNorm,264.17452698737856,False
594,VentricleNorm,24.117782605717103,False
595,FusiformNorm,-95.7025852789519,True
595,RAVLT_immediate,281.3036572286509,True
595,MMSE,-185.20654898074338,True
595,TAU,31.940383046223914,True
595,ADAS13,-423.6811982040019,True
595,WholeBrainNorm,167.73335482173195,True
595,PTAU,-88.90739562481754,True
595,HippocampusNorm,-92.37993196296608,True
595,ABETA,-263.7998918068543,True
595,EntorhinalNorm,-67.53077247442519,True
595,MidTempNorm,537.5906605001891,True
595,VentricleNorm,24.405682635303425,True
596,FusiformNorm,-103.80151508660093,False
596,RAVLT_immediate,316.35529645638036,False
596,MMSE,-206.31709939249814,False
596,TAU,389.32354089663545,False
596,ADAS13,-544.918705448645,False
596,WholeBrainNorm,-114.81856166525432,False
596,PTAU,157.6205381009437,False
596,HippocampusNorm,70.29968130923304,False
596,ABETA,-292.0562681032989,False
596,EntorhinalNorm,-445.6346637872769,False
596,MidTempNorm,213.63984653282938,False
596,VentricleNorm,56.93667963409057,False
597,FusiformNorm,-45.35044950508306,True
597,RAVLT_immediate,170.20741954644024,True
597,MMSE,-237.36051641573624,True
597,TAU,264.5572407320922,True
597,ADAS13,-489.39229200375553,True
597,WholeBrainNorm,-129.78014261487738,True
597,PTAU,-47.79327541781798,True
597,HippocampusNorm,-1.6112999069908867,True
597,ABETA,-212.77203491033862,True
597,EntorhinalNorm,-493.3629706725812,True
597,MidTempNorm,548.1977639150451,True
597,VentricleNorm,-148.7293717842513,True
598,FusiformNorm,38.95259012986379,True
598,RAVLT_immediate,377.6754815416765,True
598,MMSE,-148.06538971673498,True
598,TAU,339.6595356418301,True
598,ADAS13,-331.5141866691835,True
598,WholeBrainNorm,-174.26781356734782,True
598,PTAU,47.663738916344464,True
598,HippocampusNorm,-88.82125127929893,True
598,ABETA,-273.4746206096587,True
598,EntorhinalNorm,-426.5367338202956,True
598,MidTempNorm,589.9935085199365,True
598,VentricleNorm,-105.18853566031547,True
599,FusiformNorm,-375.1617084723046,True
599,RAVLT_immediate,27.81108771038106,True
599,MMSE,-63.16474627913605,True
599,TAU,432.013727350933,True
599,ADAS13,-535.4301882199433,True
599,WholeBrainNorm,69.65765402212088,True
599,PTAU,-68.19747253935702,True
599,HippocampusNorm,-8.287979391219167,True
599,ABETA,-166.91219729731395,True
599,EntorhinalNorm,-614.2897134712346,True
599,MidTempNorm,170.4911170415868,True
599,VentricleNorm,-17.01212625683986,True
600,FusiformNorm,-275.9740246625968,True
600,RAVLT_immediate,155.97556146214833,True
600,MMSE,-6.2682570132947575,True
600,TAU,174.03231477945917,True
600,ADAS13,-540.3085149451654,True
600,WholeBrainNorm,-353.49311128698366,True
600,PTAU,95.28305050316983,True
600,HippocampusNorm,-89.90010031194919,True
600,ABETA,-228.59729972787284,True
600,EntorhinalNorm,-633.6123749333431,True
600,MidTempNorm,562.624060154803,True
600,VentricleNorm,41.74230228047816,True
601,FusiformNorm,89.12483630924936,True
601,RAVLT_immediate,350.4281513141598,True
601,MMSE,73.49597053246359,True
601,TAU,-57.87209187177692,True
601,ADAS13,-557.4301726695282,True
601,WholeBrainNorm,-22.001503876833993,True
601,PTAU,6.716788864329855,True
601,HippocampusNorm,-85.79147294933863,True
601,ABETA,-272.64079752904263,True
601,EntorhinalNorm,-562.4197268942606,True
601,MidTempNorm,555.8363958589607,True
601,VentricleNorm,102.97379352605469,True
602,FusiformNorm,-4.0087794682041435,True
602,RAVLT_immediate,548.8437601930353,True
602,MMSE,-165.1336451670712,True
602,TAU,136.4707556727117,True
602,ADAS13,-442.3822081939486,True
602,WholeBrainNorm,-553.7206377043801,True
602,PTAU,13.63093084339474,True
602,HippocampusNorm,-26.04773114015956,True
602,ABETA,-198.78257270437012,True
602,EntorhinalNorm,-585.4004763023441,True
602,MidTempNorm,572.0213318740805,True
602,VentricleNorm,-94.00180055174012,True
603,FusiformNorm,-6.060104059866894,True
603,RAVLT_immediate,-107.02769999226149,True
603,MMSE,-195.0274970114437,True
603,TAU,-483.591513115093,True
603,ADAS13,-563.0564446019903,True
603,WholeBrainNorm,121.77143453942966,True
603,PTAU,-22.552129129684758,True
603,HippocampusNorm,-48.41063997671023,True
603,ABETA,-247.32556017998022,True
603,EntorhinalNorm,-590.9875706964226,True
603,MidTempNorm,527.8195498875916,True
603,VentricleNorm,26.699449731775342,True
604,FusiformNorm,-94.94052595764155,True
604,RAVLT_immediate,873.0096082174786,True
604,MMSE,-119.92294489125248,True
604,TAU,460.47634348918893,True
604,ADAS13,-418.7198094994916,True
604,WholeBrainNorm,68.74686186133897,True
604,PTAU,-8.97748987589734,True
604,HippocampusNorm,-83.6059464504198,True
604,ABETA,-224.60213843042075,True
604,EntorhinalNorm,-616.8611299691656,True
604,MidTempNorm,592.7443216560704,True
604,VentricleNorm,-142.504034322122,True
605,FusiformNorm,-41.70496940335449,True
605,RAVLT_immediate,-4.2697170301746326,True
605,MMSE,-87.14262315052913,True
605,TAU,-7.1624978057749615,True
605,ADAS13,-544.2522094025422,True
605,WholeBrainNorm,-263.49066996987335,True
605,PTAU,-16.927881533517418,True
605,HippocampusNorm,-69.59914852110352,True
605,ABETA,-197.6689682632968,True
605,EntorhinalNorm,-523.9347094330091,True
605,MidTempNorm,562.0000707114792,True
605,VentricleNorm,-29.20444554009018,True
606,FusiformNorm,-88.06267783383721,True
606,RAVLT_immediate,296.443111757935,True
606,MMSE,-296.0559616305606,True
606,TAU,-46.71980082142868,True
606,ADAS13,-519.9427968411002,True
606,WholeBrainNorm,-175.87121366283975,True
606,PTAU,-9.459813852678261,True
606,HippocampusNorm,-56.2736524081371,True
606,ABETA,-225.45896017596695,True
606,EntorhinalNorm,-322.1481700782674,True
606,MidTempNorm,611.0194589166949,True
606,VentricleNorm,122.27865654221316,True
607,FusiformNorm,-49.84722651234857,True
607,RAVLT_immediate,-36.25401931020025,True
607,MMSE,-303.32254477284494,True
607,TAU,309.70063747627756,True
607,ADAS13,-325.60923332201503,True
607,WholeBrainNorm,-444.6964358016747,True
607,PTAU,9.980694674876478,True
607,HippocampusNorm,-32.78202135067524,True
607,ABETA,-300.64026605698854,True
607,EntorhinalNorm,-695.1892442417909,True
607,MidTempNorm,549.2473861100666,True
607,VentricleNorm,41.270735855109905,True
608,FusiformNorm,-431.88176876303163,False
608,RAVLT_immediate,246.87547269036935,False
608,MMSE,-8.136739117312587,False
608,TAU,-714.9909144027052,False
608,ADAS13,-551.1783369999915,False
608,WholeBrainNorm,-126.58071880382452,False
608,PTAU,16.355026881325024,False
608,HippocampusNorm,56.028788793902045,False
608,ABETA,-318.9304955841859,False
608,EntorhinalNorm,-479.79990028127895,False
608,MidTempNorm,229.40027788686115,False
608,VentricleNorm,47.44554712940939,False
609,FusiformNorm,49.40070739369923,True
609,RAVLT_immediate,260.7353629166151,True
609,MMSE,-203.39858784808885,True
609,TAU,157.24787755492287,True
609,ADAS13,-541.6637971446704,True
609,WholeBrainNorm,-385.33139882038347,True
609,PTAU,73.52452853553424,True
609,HippocampusNorm,-39.796681644310745,True
609,ABETA,-229.68949713634467,True
609,EntorhinalNorm,-447.8582960742622,True
609,MidTempNorm,542.4718273871731,True
609,VentricleNorm,-33.95809373167384,True
610,FusiformNorm,-610.252675784659,False
610,RAVLT_immediate,499.1898482789817,False
610,MMSE,-118.02918579496165,False
610,TAU,468.2802754870895,False
610,ADAS13,-549.1292544262856,False
610,WholeBrainNorm,-454.36285746747575,False
610,PTAU,-19.914770498971485,False
610,HippocampusNorm,73.53121442025083,False
610,ABETA,-274.3101434738268,False
610,EntorhinalNorm,-903.0732349744284,False
610,MidTempNorm,195.03304560955777,False
610,VentricleNorm,-16.663263073283353,False
611,FusiformNorm,-421.045156486555,True
611,RAVLT_immediate,313.59491178614553,True
611,MMSE,-133.05025017019463,True
611,TAU,210.61110294410582,True
611,ADAS13,-539.708318332431,True
611,WholeBrainNorm,-360.4919217395346,True
611,PTAU,18.30582597085746,True
611,HippocampusNorm,63.0090389577768,True
611,ABETA,-201.69655321796836,True
611,EntorhinalNorm,-251.01908936737078,True
611,MidTempNorm,220.59604094202768,True
611,VentricleNorm,-95.42855560819346,True
612,FusiformNorm,-533.757209034147,False
612,RAVLT_immediate,218.58105404754517,False
612,MMSE,-67.28040877560767,False
612,TAU,-111.76594477881895,False
612,ADAS13,-556.2068090518526,False
612,WholeBrainNorm,-326.66680552534166,False
612,PTAU,71.88970008413534,False
612,HippocampusNorm,58.564311109569786,False
612,ABETA,-306.8255313150251,False
612,EntorhinalNorm,-296.284875546251,False
612,MidTempNorm,265.8869901509354,False
612,VentricleNorm,-0.5987304604545045,False
613,FusiformNorm,-266.9712791338584,True
613,RAVLT_immediate,510.13781570791394,True
613,MMSE,39.19784038574389,True
613,TAU,-265.9212004278278,True
613,ADAS13,-565.458592144479,True
613,WholeBrainNorm,58.0497322840051,True
613,PTAU,90.7630528366378,True
613,HippocampusNorm,-62.5559395406979,True
613,ABETA,-209.4234566202568,True
613,EntorhinalNorm,-551.9757636004333,True
613,MidTempNorm,547.6667231688193,True
613,VentricleNorm,-52.344232179041235,True
614,FusiformNorm,49.018877598158916,True
614,RAVLT_immediate,632.5017225648908,True
614,MMSE,-192.64495226369613,True
614,TAU,-198.62580257291032,True
614,ADAS13,-501.3846513583525,True
614,WholeBrainNorm,-290.2355497887318,True
614,PTAU,-64.13662251813264,True
614,HippocampusNorm,-37.0375733051618,True
614,ABETA,-220.8196773930487,True
614,EntorhinalNorm,-574.4021676801365,True
614,MidTempNorm,550.6473960180906,True
614,VentricleNorm,50.20101292660527,True
615,FusiformNorm,-138.52156232661446,True
615,RAVLT_immediate,-114.71920865225394,True
615,MMSE,-7.145313626693522,True
615,TAU,-214.08357062591298,True
615,ADAS13,-541.6538294124861,True
615,WholeBrainNorm,-77.15114959520636,True
615,PTAU,125.21273174919477,True
615,HippocampusNorm,-148.24761009890318,True
615,ABETA,-224.0429215173258,True
615,EntorhinalNorm,-830.3861335067731,True
615,MidTempNorm,568.0923127949875,True
615,VentricleNorm,-16.663183729626738,True
616,FusiformNorm,-134.5223583659834,False
616,RAVLT_immediate,460.4903164065027,False
616,MMSE,-39.43938398024686,False
616,TAU,763.3097799934706,False
616,ADAS13,-551.5009915720966,False
616,WholeBrainNorm,-114.09245253439425,False
616,PTAU,22.89806991268335,False
616,HippocampusNorm,55.91436742501465,False
616,ABETA,-274.524777039303,False
616,EntorhinalNorm,-725.8942447793164,False
616,MidTempNorm,272.200203169938,False
616,VentricleNorm,-3.3426366952472826,False
617,FusiformNorm,-114.070797695182,True
617,RAVLT_immediate,470.3464032043954,True
617,MMSE,-106.99265635759573,True
617,TAU,-696.5376043840854,True
617,ADAS13,-569.220973411606,True
617,WholeBrainNorm,-138.3687687571941,True
617,PTAU,39.94469152983849,True
617,HippocampusNorm,-95.51492470400973,True
617,ABETA,-210.96376661568317,True
617,EntorhinalNorm,-630.2188666007287,True
617,MidTempNorm,525.5200647036534,True
617,VentricleNorm,57.64959692270206,True
618,FusiformNorm,-7.628324778608745,True
618,RAVLT_immediate,477.8244277335382,True
618,MMSE,-149.64126164101486,True
618,TAU,416.45598416333667,True
618,ADAS13,-500.1052864755523,True
618,WholeBrainNorm,-277.2214966944266,True
618,PTAU,-142.3952257518712,True
618,HippocampusNorm,-114.85489271187598,True
618,ABETA,-246.44279335978118,True
618,EntorhinalNorm,-100.55039179929304,True
618,MidTempNorm,519.4569991151924,True
618,VentricleNorm,31.630267959317468,True
619,FusiformNorm,-93.94402333371697,True
619,RAVLT_immediate,150.1148420195934,True
619,MMSE,-249.54310472912357,True
619,TAU,-259.36235967848825,True
619,ADAS13,-533.9366849714153,True
619,WholeBrainNorm,-371.2671273565379,True
619,PTAU,86.52062872321846,True
619,HippocampusNorm,34.0741224366341,True
619,ABETA,-252.2984454642796,True
619,EntorhinalNorm,44.61225513606189,True
619,MidTempNorm,528.7798007296191,True
619,VentricleNorm,-69.77228097304982,True
620,FusiformNorm,-357.3893300894688,True
620,RAVLT_immediate,-49.67931985328519,True
620,MMSE,-93.02763492217083,True
620,TAU,-115.2169909991045,True
620,ADAS13,-557.0315177821012,True
620,WholeBrainNorm,-468.70729190829445,True
620,PTAU,39.67397756394721,True
620,HippocampusNorm,-55.33280155927762,True
620,ABETA,-220.99436317314107,True
620,EntorhinalNorm,-346.8713845617191,True
620,MidTempNorm,558.8018032728927,True
620,VentricleNorm,-53.6464799572895,True
621,FusiformNorm,-149.0636787130569,False
621,RAVLT_immediate,101.8462865767611,False
621,MMSE,-81.10999389848469,False
621,TAU,200.01848080101746,False
621,ADAS13,-545.6897940368322,False
621,WholeBrainNorm,-238.86991438346607,False
621,PTAU,147.06861166120783,False
621,HippocampusNorm,93.91315850330481,False
621,ABETA,-310.2141041425018,False
621,EntorhinalNorm,-272.110553579758,False
621,MidTempNorm,249.33966665161006,False
621,VentricleNorm,17.893055278630378,False
622,FusiformNorm,-21.60945127462685,True
622,RAVLT_immediate,580.5095658251739,True
622,MMSE,-238.19500195709279,True
622,TAU,-435.0460060570389,True
622,ADAS13,-439.5147375895553,True
622,WholeBrainNorm,-43.21952553945039,True
622,PTAU,46.85783165181049,True
622,HippocampusNorm,13.306512592398136,True
622,ABETA,-234.11610986650453,True
622,EntorhinalNorm,-444.2787704026407,True
622,MidTempNorm,532.991557258889,True
622,VentricleNorm,-48.798099072911675,True
623,FusiformNorm,111.11932048553076,True
623,RAVLT_immediate,83.98653882046021,True
623,MMSE,-5.65137987578899,True
623,TAU,268.2474919996541,True
623,ADAS13,-357.07534951092134,True
623,WholeBrainNorm,-141.10996535738386,True
623,PTAU,-16.522380990154737,True
623,HippocampusNorm,-64.32298338565565,True
623,ABETA,-202.23319439601715,True
623,EntorhinalNorm,-455.9640260120456,True
623,MidTempNorm,561.2801784226734,True
623,VentricleNorm,-132.03691491270385,True
624,FusiformNorm,-307.1053838303547,True
624,RAVLT_immediate,147.28308474704167,True
624,MMSE,-117.49830334859423,True
624,TAU,495.1382808864396,True
624,ADAS13,-542.1809544427255,True
624,WholeBrainNorm,-311.04062911402247,True
624,PTAU,11.116345360613906,True
624,HippocampusNorm,67.49331761610726,True
624,ABETA,-314.04104214832313,True
624,EntorhinalNorm,-212.84455242413182,True
624,MidTempNorm,292.93599227071945,True
624,VentricleNorm,33.74298300802333,True
625,FusiformNorm,-253.33191388229258,True
625,RAVLT_immediate,388.8262976268853,True
625,MMSE,-238.7337830656236,True
625,TAU,-617.0635416931835,True
625,ADAS13,-542.9449199509686,True
625,WholeBrainNorm,-139.41817139539927,True
625,PTAU,88.6823569369682,True
625,HippocampusNorm,15.098840184548095,True
625,ABETA,-252.77619207931892,True
625,EntorhinalNorm,-282.8271027388633,True
625,MidTempNorm,294.11811408242806,True
625,VentricleNorm,146.74099147321098,True
626,FusiformNorm,143.551142359202,True
626,RAVLT_immediate,62.31254611113711,True
626,MMSE,-201.6977527660863,True
626,TAU,-44.34190342805053,True
626,ADAS13,-549.6065611855537,True
626,WholeBrainNorm,-362.69380295606334,True
626,PTAU,-119.08886677041572,True
626,HippocampusNorm,-53.16957335715694,True
626,ABETA,-312.28023128362,True
626,EntorhinalNorm,-572.6562778509616,True
626,MidTempNorm,549.7300782058221,True
626,VentricleNorm,-96.5758010747399,True
627,FusiformNorm,-407.29203599968963,False
627,RAVLT_immediate,169.5319567057385,False
627,MMSE,-151.4882794256873,False
627,TAU,56.3909866731052,False
627,ADAS13,-552.4275848204562,False
627,WholeBrainNorm,-416.2499209229842,False
627,PTAU,-11.650770192917925,False
627,HippocampusNorm,63.94695008006834,False
627,ABETA,-272.60388524770417,False
627,EntorhinalNorm,-367.70117210569356,False
627,MidTempNorm,298.6011753227755,False
627,VentricleNorm,-14.006960478063448,False
628,FusiformNorm,-512.2761300371292,True
628,RAVLT_immediate,-191.47972739399205,True
628,MMSE,-123.63111399551389,True
628,TAU,-30.472073491687226,True
628,ADAS13,-544.4186492352999,True
628,WholeBrainNorm,107.6793285904036,True
628,PTAU,84.91602419450787,True
628,HippocampusNorm,76.85111530603365,True
628,ABETA,-190.36020657239845,True
628,EntorhinalNorm,-517.2189801948655,True
628,MidTempNorm,582.500785879461,True
628,VentricleNorm,-130.34997503611763,True
629,FusiformNorm,-388.7257324259854,False
629,RAVLT_immediate,175.2016230833775,False
629,MMSE,-49.21087838459156,False
629,TAU,-116.39249570593825,False
629,ADAS13,-552.582695219903,False
629,WholeBrainNorm,-349.4576504025999,False
629,PTAU,47.41472042140475,False
629,HippocampusNorm,65.31844651341966,False
629,ABETA,-310.17608008656504,False
629,EntorhinalNorm,-182.11514085729468,False
629,MidTempNorm,190.94181773986352,False
629,VentricleNorm,30.403304138783056,False
630,FusiformNorm,-46.13112187497419,True
630,RAVLT_immediate,-143.51411662508758,True
630,MMSE,-62.23843042119269,True
630,TAU,-52.070556713843956,True
630,ADAS13,-555.001587006774,True
630,WholeBrainNorm,-193.00696981110457,True
630,PTAU,50.697774295315995,True
630,HippocampusNorm,-64.88716394034826,True
630,ABETA,-204.63851821234425,True
630,EntorhinalNorm,-676.6994777929873,True
630,MidTempNorm,570.0390360182134,True
630,VentricleNorm,-17.812274645801374,True
631,FusiformNorm,16.611698416833434,True
631,RAVLT_immediate,423.4753366713038,True
631,MMSE,-22.961123399577787,True
631,TAU,263.94921781199537,True
631,ADAS13,-556.4216840296391,True
631,WholeBrainNorm,-148.4740756929731,True
631,PTAU,-4.496425332453103,True
631,HippocampusNorm,-35.90782591018264,True
631,ABETA,-250.44745330823736,True
631,EntorhinalNorm,-473.54668186806475,True
631,MidTempNorm,514.9578324755018,True
631,VentricleNorm,77.07361425331791,True
632,FusiformNorm,36.53757175389644,True
632,RAVLT_immediate,72.3701455194862,True
632,MMSE,-348.5165188472734,True
632,TAU,-280.89072518776516,True
632,ADAS13,-453.01485314735766,True
632,WholeBrainNorm,-133.09051847729,True
632,PTAU,28.041824851754747,True
632,HippocampusNorm,-55.07862692089681,True
632,ABETA,-254.11634058590795,True
632,EntorhinalNorm,57.456946564411055,True
632,MidTempNorm,587.311395327399,True
632,VentricleNorm,-9.605929691539638,True
633,FusiformNorm,74.3595132283132,True
633,RAVLT_immediate,387.54174752164306,True
633,MMSE,-189.7824889738398,True
633,TAU,-91.96206607859696,True
633,ADAS13,-553.965473026115,True
633,WholeBrainNorm,-102.87895199577703,True
633,PTAU,-102.82287997049121,True
633,HippocampusNorm,-45.270309231194574,True
633,ABETA,-231.44292678733953,True
633,EntorhinalNorm,74.71180620576905,True
633,MidTempNorm,579.8197814150936,True
633,VentricleNorm,-74.55332143933519,True
634,FusiformNorm,6.38194767566436,True
634,RAVLT_immediate,17.102477445935676,True
634,MMSE,-143.25084483500262,True
634,TAU,-52.61691906642221,True
634,ADAS13,-440.07993614209374,True
634,WholeBrainNorm,-239.03885768260312,True
634,PTAU,-44.64595098823919,True
634,HippocampusNorm,-29.037762868327093,True
634,ABETA,-213.59145043482167,True
634,EntorhinalNorm,-409.31293909119455,True
634,MidTempNorm,578.711291919043,True
634,VentricleNorm,109.23885243658887,True
635,FusiformNorm,23.665478220567678,False
635,RAVLT_immediate,286.9504818493082,False
635,MMSE,-116.56104753922841,False
635,TAU,342.74286610484165,False
635,ADAS13,-538.1725279772165,False
635,WholeBrainNorm,-277.7099849550436,False
635,PTAU,53.28492941716693,False
635,HippocampusNorm,59.41922677555103,False
635,ABETA,-299.9910755695348,False
635,EntorhinalNorm,-271.7372246569797,False
635,MidTempNorm,315.8227614173144,False
635,VentricleNorm,20.020179126222377,False
636,FusiformNorm,-148.94688356325656,True
636,RAVLT_immediate,218.44586757879935,True
636,MMSE,-235.128351327192,True
636,TAU,-331.35788110676197,True
636,ADAS13,-400.69643510588355,True
636,WholeBrainNorm,76.63578124345378,True
636,PTAU,30.775002970072606,True
636,HippocampusNorm,16.797631144164697,True
636,ABETA,-262.692184971606,True
636,EntorhinalNorm,-441.2834161679256,True
636,MidTempNorm,551.9413523197773,True
636,VentricleNorm,45.60492669718519,True
637,FusiformNorm,-332.52966278580277,False
637,RAVLT_immediate,-73.30560153972507,False
637,MMSE,-226.16514894797888,False
637,TAU,661.0097162034185,False
637,ADAS13,-549.7930779896427,False
637,WholeBrainNorm,-428.2764641897429,False
637,PTAU,131.21945704963278,False
637,HippocampusNorm,47.254345730220955,False
637,ABETA,-304.6942992867004,False
637,EntorhinalNorm,-461.6202380861759,False
637,MidTempNorm,277.91129916524426,False
637,VentricleNorm,-12.55650295407559,False
638,FusiformNorm,-77.34889578105361,False
638,RAVLT_immediate,316.90426564639256,False
638,MMSE,-123.74351958715043,False
638,TAU,485.9005709325851,False
638,ADAS13,-564.3640431556555,False
638,WholeBrainNorm,-252.1179150596335,False
638,PTAU,35.72019958762989,False
638,HippocampusNorm,88.36094780512637,False
638,ABETA,-284.27949726880763,False
638,EntorhinalNorm,-599.2192382414287,False
638,MidTempNorm,247.57426418310536,False
638,VentricleNorm,-1.0091287983484456,False
639,FusiformNorm,-161.20003679120475,False
639,RAVLT_immediate,-40.996820930928834,False
639,MMSE,-131.43547541032234,False
639,TAU,-172.83153384161136,False
639,ADAS13,-554.4492199424984,False
639,WholeBrainNorm,-181.9465730310581,False
639,PTAU,13.909405637041239,False
639,HippocampusNorm,71.09783559311572,False
639,ABETA,-249.95998129789567,False
639,EntorhinalNorm,-231.61073903165826,False
639,MidTempNorm,242.2158129009393,False
639,VentricleNorm,51.010710466206966,False
640,FusiformNorm,-55.50052262386481,False
640,RAVLT_immediate,13.391178733340837,False
640,MMSE,44.924567385447205,False
640,TAU,832.8886587747257,False
640,ADAS13,-556.7841117696233,False
640,WholeBrainNorm,-266.6216440214516,False
640,PTAU,19.063158759909665,False
640,HippocampusNorm,52.983808347618776,False
640,ABETA,-291.357550376354,False
640,EntorhinalNorm,-504.5483513446573,False
640,MidTempNorm,211.0003770587465,False
640,VentricleNorm,-4.001418411868599,False
641,FusiformNorm,113.07269217479467,True
641,RAVLT_immediate,-8.084691412349429,True
641,MMSE,-129.3189665241017,True
641,TAU,176.69941419342064,True
641,ADAS13,-561.5081499469723,True
641,WholeBrainNorm,-229.8811214741772,True
641,PTAU,34.75550223508058,True
641,HippocampusNorm,-36.18195577375968,True
641,ABETA,-240.34750745862948,True
641,EntorhinalNorm,-903.8720736284664,True
641,MidTempNorm,562.9397372103554,True
641,VentricleNorm,-15.164519902370738,True
642,FusiformNorm,-22.565539653305514,True
642,RAVLT_immediate,44.10579982994838,True
642,MMSE,-139.82188030006455,True
642,TAU,92.47409185691902,True
642,ADAS13,-547.9771906480676,True
642,WholeBrainNorm,-515.0937420418687,True
642,PTAU,57.04693337177197,True
642,HippocampusNorm,-21.78111650027423,True
642,ABETA,-223.39471329462987,True
642,EntorhinalNorm,-231.63714993722309,True
642,MidTempNorm,553.1697015066557,True
642,VentricleNorm,24.216891534138608,True
643,FusiformNorm,117.56139089090553,True
643,RAVLT_immediate,89.58222726955721,True
643,MMSE,-41.69543322815295,True
643,TAU,16.271903170594186,True
643,ADAS13,-555.4140703465819,True
643,WholeBrainNorm,-155.50990983397446,True
643,PTAU,-51.99597075018745,True
643,HippocampusNorm,-31.531603738674747,True
643,ABETA,-244.11388362898177,True
643,EntorhinalNorm,-450.11879344227884,True
643,MidTempNorm,571.8966387207123,True
643,VentricleNorm,-4.902762856012169,True
644,FusiformNorm,-320.5465716901429,False
644,RAVLT_immediate,-184.71040994325227,False
644,MMSE,21.992205662772122,False
644,TAU,-498.15436889038983,False
644,ADAS13,-563.7807421240755,False
644,WholeBrainNorm,-197.79483637637327,False
644,PTAU,114.13868385308473,False
644,HippocampusNorm,66.88343561942402,False
644,ABETA,-282.72964016536383,False
644,EntorhinalNorm,-866.4457037889996,False
644,MidTempNorm,161.39456506420106,False
644,VentricleNorm,-8.311153402296377,False
645,FusiformNorm,-52.98059910394558,True
645,RAVLT_immediate,537.3328761148426,True
645,MMSE,-166.57073620182317,True
645,TAU,-426.33888340149883,True
645,ADAS13,-481.1705271741746,True
645,WholeBrainNorm,-276.9173494291849,True
645,PTAU,-74.92867081186459,True
645,HippocampusNorm,-68.20690245846805,True
645,ABETA,-236.90346656202348,True
645,EntorhinalNorm,-306.0874060947285,True
645,MidTempNorm,547.2979479792315,True
645,VentricleNorm,-66.0739808199304,True
646,FusiformNorm,-78.70332877586897,True
646,RAVLT_immediate,320.4675631086162,True
646,MMSE,-189.37082535524763,True
646,TAU,-134.16404074380944,True
646,ADAS13,-418.59268733370715,True
646,WholeBrainNorm,-304.50300447336866,True
646,PTAU,-56.62914682448967,True
646,HippocampusNorm,-64.65134368252544,True
646,ABETA,-221.0066448094708,True
646,EntorhinalNorm,319.52103396901146,True
646,MidTempNorm,598.859202523631,True
646,VentricleNorm,30.143493109225577,True
647,FusiformNorm,-101.88132224624405,True
647,RAVLT_immediate,274.56689979945935,True
647,MMSE,-229.56166545120564,True
647,TAU,293.91969595539274,True
647,ADAS13,-555.1828175149878,True
647,WholeBrainNorm,-241.13531256145035,True
647,PTAU,64.53595953284399,True
647,HippocampusNorm,-12.506808715448443,True
647,ABETA,-232.52636140213093,True
647,EntorhinalNorm,61.2538066740899,True
647,MidTempNorm,563.2034996522975,True
647,VentricleNorm,-82.97408959733816,True
648,FusiformNorm,-65.003603179537,True
648,RAVLT_immediate,302.60054156616263,True
648,MMSE,-128.99222883857914,True
648,TAU,152.0101131648026,True
648,ADAS13,-545.1130959020597,True
648,WholeBrainNorm,7.60210959371625,True
648,PTAU,-51.07026131471119,True
648,HippocampusNorm,-62.701020899579404,True
648,ABETA,-196.94272435099072,True
648,EntorhinalNorm,-639.9525314478053,True
648,MidTempNorm,579.5718241997074,True
648,VentricleNorm,31.55785529635421,True
649,FusiformNorm,-400.435891400352,True
649,RAVLT_immediate,240.54619335442044,True
649,MMSE,-164.31505487110013,True
649,TAU,-93.66712637500143,True
649,ADAS13,-543.927746934468,True
649,WholeBrainNorm,-328.49413514054163,True
649,PTAU,39.27731990276406,True
649,HippocampusNorm,-40.236677914701,True
649,ABETA,-245.3433293038178,True
649,EntorhinalNorm,-176.3930842123356,True
649,MidTempNorm,226.33212726583443,True
649,VentricleNorm,-40.28129970056716,True
650,FusiformNorm,-131.15498544586933,True
650,RAVLT_immediate,191.63199205527764,True
650,MMSE,-145.29797076626704,True
650,TAU,-212.43274695829885,True
650,ADAS13,-516.5841666707095,True
650,WholeBrainNorm,-218.34671644843786,True
650,PTAU,-15.421179614255657,True
650,HippocampusNorm,-52.54531377578981,True
650,ABETA,-193.93654807951913,True
650,EntorhinalNorm,-588.4836212237607,True
650,MidTempNorm,307.2739835694411,True
650,VentricleNorm,-178.79970359724877,True
651,FusiformNorm,14.095801961358347,False
651,RAVLT_immediate,219.96752038490695,False
651,MMSE,62.25115586245329,False
651,TAU,-99.57831821306303,False
651,ADAS13,-551.4577342895539,False
651,WholeBrainNorm,-506.92767180330975,False
651,PTAU,62.05132567908615,False
651,HippocampusNorm,58.39696530974251,False
651,ABETA,-295.0357078405457,False
651,EntorhinalNorm,-225.98232802664631,False
651,MidTempNorm,218.73579922512926,False
651,VentricleNorm,-11.689235319448947,False
652,FusiformNorm,133.01432423256426,False
652,RAVLT_immediate,71.16012873451,False
652,MMSE,-147.30617290017955,False
652,TAU,436.5093948708363,False
652,ADAS13,-561.7275205667784,False
652,WholeBrainNorm,-146.50966098589674,False
652,PTAU,64.48641004870807,False
652,HippocampusNorm,89.28845309456355,False
652,ABETA,-284.4820805311467,False
652,EntorhinalNorm,-21.320243580222154,False
652,MidTempNorm,151.74523334267622,False
652,VentricleNorm,-5.72294170076243,False
653,FusiformNorm,28.032190844755725,True
653,RAVLT_immediate,130.65551166427224,True
653,MMSE,-185.52329168256787,True
653,TAU,-85.90475411051685,True
653,ADAS13,-428.09249000747434,True
653,WholeBrainNorm,-108.66938758745493,True
653,PTAU,-1.9949076716374714,True
653,HippocampusNorm,-134.238229517739,True
653,ABETA,-246.13303580455198,True
653,EntorhinalNorm,-345.12170244720073,True
653,MidTempNorm,554.7258851954172,True
653,VentricleNorm,60.10072273312136,True
654,FusiformNorm,-71.96057121662228,True
654,RAVLT_immediate,103.45057071325141,True
654,MMSE,-244.75442736905325,True
654,TAU,102.07606769560465,True
654,ADAS13,-412.10977475080364,True
654,WholeBrainNorm,-229.86142688491137,True
654,PTAU,-30.81432151203497,True
654,HippocampusNorm,-6.327246567183508,True
654,ABETA,-229.81102386624536,True
654,EntorhinalNorm,-590.8291391961316,True
654,MidTempNorm,515.1863133241892,True
654,VentricleNorm,17.489297775149215,True
655,FusiformNorm,-31.284027116493064,True
655,RAVLT_immediate,-19.0404173455112,True
655,MMSE,-245.6399101166926,True
655,TAU,-54.928292507676304,True
655,ADAS13,-558.3051604719634,True
655,WholeBrainNorm,-82.46577242242145,True
655,PTAU,37.60062168582257,True
655,HippocampusNorm,-130.5223472510802,True
655,ABETA,-270.12905644632997,True
655,EntorhinalNorm,-534.3469146948535,True
655,MidTempNorm,561.1802072040389,True
655,VentricleNorm,47.590682340489735,True
656,FusiformNorm,-99.46595104677894,True
656,RAVLT_immediate,155.1383415204086,True
656,MMSE,-162.29227639030665,True
656,TAU,0.24285738867934015,True
656,ADAS13,-476.5867343390602,True
656,WholeBrainNorm,-282.50482126944667,True
656,PTAU,-17.960930589651124,True
656,HippocampusNorm,-113.64599518297837,True
656,ABETA,-221.5426880292339,True
656,EntorhinalNorm,-361.35028826007107,True
656,MidTempNorm,579.7011856747988,True
656,VentricleNorm,-77.76223963641984,True
657,FusiformNorm,-33.955263267138,True
657,RAVLT_immediate,185.0263125780515,True
657,MMSE,-60.140739168284725,True
657,TAU,160.7615156119136,True
657,ADAS13,-567.7007519266272,True
657,WholeBrainNorm,-343.011485222226,True
657,PTAU,92.56672707138209,True
657,HippocampusNorm,5.662174464195218,True
657,ABETA,-240.07936463093313,True
657,EntorhinalNorm,-47.31203964508683,True
657,MidTempNorm,568.2996797557432,True
657,VentricleNorm,-132.64780860530132,True
658,FusiformNorm,-26.665029368947394,True
658,RAVLT_immediate,-127.46005515720913,True
658,MMSE,-154.00807034501688,True
658,TAU,-20.225021280197055,True
658,ADAS13,-557.8154732009998,True
658,WholeBrainNorm,-163.7552658410974,True
658,PTAU,65.24358388403179,True
658,HippocampusNorm,-77.61287893470944,True
658,ABETA,-226.59532805064956,True
658,EntorhinalNorm,-677.0476890832521,True
658,MidTempNorm,534.3507895801366,True
658,VentricleNorm,-20.844578655277015,True
659,FusiformNorm,-155.26446213915864,True
659,RAVLT_immediate,185.32759009186705,True
659,MMSE,-28.55384846349635,True
659,TAU,242.92371422973076,True
659,ADAS13,-550.4159454729163,True
659,WholeBrainNorm,-209.8161189283285,True
659,PTAU,15.707450333091451,True
659,HippocampusNorm,-45.932097567224105,True
659,ABETA,-240.15481145298747,True
659,EntorhinalNorm,-354.87608060932257,True
659,MidTempNorm,298.455626427328,True
659,VentricleNorm,29.990849926567254,True
660,FusiformNorm,53.1166940409359,True
660,RAVLT_immediate,419.63216622847426,True
660,MMSE,-112.37659631361416,True
660,TAU,572.6326757971163,True
660,ADAS13,-477.40007019419085,True
660,WholeBrainNorm,-18.469982257837216,True
660,PTAU,39.724169009264045,True
660,HippocampusNorm,-8.481138307531808,True
660,ABETA,-217.96729707159827,True
660,EntorhinalNorm,-410.2518368027019,True
660,MidTempNorm,537.3265076882169,True
660,VentricleNorm,41.7689607902752,True
661,FusiformNorm,5.737477868229682,True
661,RAVLT_immediate,163.34660795143083,True
661,MMSE,-119.16675810495127,True
661,TAU,72.36480081411825,True
661,ADAS13,-476.6721048490432,True
661,WholeBrainNorm,-83.74624203346235,True
661,PTAU,-127.13937485969171,True
661,HippocampusNorm,-41.42091983395436,True
661,ABETA,-187.17504644588283,True
661,EntorhinalNorm,-875.3028516117595,True
661,MidTempNorm,568.2466669447329,True
661,VentricleNorm,21.267585306448726,True
662,FusiformNorm,-207.78461648813445,False
662,RAVLT_immediate,74.22895884714332,False
662,MMSE,148.15815177861205,False
662,TAU,-221.51245572312718,False
662,ADAS13,-550.5952100655446,False
662,WholeBrainNorm,-44.568138057407054,False
662,PTAU,128.84859543960928,False
662,HippocampusNorm,66.0372639125966,False
662,ABETA,-300.1752842770841,False
662,EntorhinalNorm,-449.87242952212006,False
662,MidTempNorm,309.98837221635074,False
662,VentricleNorm,18.541896559843448,False
663,FusiformNorm,61.904833340286416,True
663,RAVLT_immediate,-75.2228880941083,True
663,MMSE,-27.75708365030583,True
663,TAU,-77.90216738488823,True
663,ADAS13,-563.1935980598387,True
663,WholeBrainNorm,-194.86013833908976,True
663,PTAU,36.31175731078983,True
663,HippocampusNorm,-76.04369630279714,True
663,ABETA,-211.30588666251123,True
663,EntorhinalNorm,-605.8951039955036,True
663,MidTempNorm,522.4644733060503,True
663,VentricleNorm,86.66184010336511,True
664,FusiformNorm,-148.90635808605418,True
664,RAVLT_immediate,259.5433070660576,True
664,MMSE,-55.690289227173245,True
664,TAU,-28.299032757399075,True
664,ADAS13,-551.8771567955935,True
664,WholeBrainNorm,-76.75260522194276,True
664,PTAU,86.73546808101906,True
664,HippocampusNorm,-39.495387902583914,True
664,ABETA,-253.61361263873985,True
664,EntorhinalNorm,-890.8046440922335,True
664,MidTempNorm,364.9619905359083,True
664,VentricleNorm,-169.69614966602973,True
665,FusiformNorm,-71.87778759359193,True
665,RAVLT_immediate,531.9953864365552,True
665,MMSE,-196.805410833605,True
665,TAU,60.86943383206168,True
665,ADAS13,-332.77311755819,True
665,WholeBrainNorm,-210.7884132375138,True
665,PTAU,55.155480698391266,True
665,HippocampusNorm,-82.28712767800589,True
665,ABETA,-229.64977196120165,True
665,EntorhinalNorm,-559.2754435891906,True
665,MidTempNorm,551.7663326714691,True
665,VentricleNorm,38.659079996604135,True
666,FusiformNorm,-68.70958047059038,True
666,RAVLT_immediate,475.1068466946196,True
666,MMSE,-148.50419040220893,True
666,TAU,64.30227160661886,True
666,ADAS13,-451.15110210521027,True
666,WholeBrainNorm,-15.335119366176883,True
666,PTAU,8.905645103748626,True
666,HippocampusNorm,-47.07964628991371,True
666,ABETA,-279.45461501100027,True
666,EntorhinalNorm,-351.71708296535303,True
666,MidTempNorm,548.1011956246016,True
666,VentricleNorm,20.828600109182087,True
667,FusiformNorm,96.26611691312574,True
667,RAVLT_immediate,481.74975182096455,True
667,MMSE,-178.49940809044108,True
667,TAU,280.3122141893398,True
667,ADAS13,-496.6991818127035,True
667,WholeBrainNorm,-225.84721686795643,True
667,PTAU,50.80171248620422,True
667,HippocampusNorm,-14.005580645467965,True
667,ABETA,-247.4840249493618,True
667,EntorhinalNorm,-390.90243627684265,True
667,MidTempNorm,556.9260012821318,True
667,VentricleNorm,-47.53464030805952,True
668,FusiformNorm,-43.48726940183845,True
668,RAVLT_immediate,603.6843309936983,True
668,MMSE,37.8754326323498,True
668,TAU,4.806224543842617,True
668,ADAS13,-536.2862900816306,True
668,WholeBrainNorm,-132.64691443633495,True
668,PTAU,26.101607594409238,True
668,HippocampusNorm,-57.59106392137351,True
668,ABETA,-205.4387072611598,True
668,EntorhinalNorm,-170.5535017586938,True
668,MidTempNorm,561.1577173767791,True
668,VentricleNorm,-86.92192391110657,True
669,FusiformNorm,109.57688847969337,True
669,RAVLT_immediate,343.0452768736765,True
669,MMSE,-129.00937943444413,True
669,TAU,-330.87464635636945,True
669,ADAS13,-532.085063048411,True
669,WholeBrainNorm,-101.67650036419585,True
669,PTAU,40.68395427920613,True
669,HippocampusNorm,-89.65485184486127,True
669,ABETA,-216.31533153605852,True
669,EntorhinalNorm,-588.2278461465638,True
669,MidTempNorm,197.0490108708112,True
669,VentricleNorm,-76.09570587009655,True
670,FusiformNorm,-449.4892008897076,False
670,RAVLT_immediate,-27.81002731830526,False
670,MMSE,-140.12471490140706,False
670,TAU,-399.1572526255808,False
670,ADAS13,-546.6956877722346,False
670,WholeBrainNorm,-372.61837661997447,False
670,PTAU,124.40530439000165,False
670,HippocampusNorm,72.25980520578139,False
670,ABETA,-293.4588058056338,False
670,EntorhinalNorm,-368.6054301838533,False
670,MidTempNorm,205.68930951882618,False
670,VentricleNorm,49.961514205758654,False
671,FusiformNorm,-161.4453211669856,True
671,RAVLT_immediate,127.3908411512327,True
671,MMSE,-225.94798313308004,True
671,TAU,-134.9504687213402,True
671,ADAS13,-550.9613599175675,True
671,WholeBrainNorm,-322.400707837306,True
671,PTAU,46.997848089405316,True
671,HippocampusNorm,-41.14283811766025,True
671,ABETA,-245.05696346685005,True
671,EntorhinalNorm,-781.9831977109918,True
671,MidTempNorm,584.5016652958212,True
671,VentricleNorm,11.703380269590195,True
672,FusiformNorm,-407.58545287724047,False
672,RAVLT_immediate,193.65259514581348,False
672,MMSE,30.95281886475442,False
672,TAU,302.2665719885349,False
672,ADAS13,-538.3960088288246,False
672,WholeBrainNorm,-337.2393059864249,False
672,PTAU,-56.077494580488796,False
672,HippocampusNorm,70.14627166610576,False
672,ABETA,-298.91246731816364,False
672,EntorhinalNorm,-59.35518970716464,False
672,MidTempNorm,336.09996185903833,False
672,VentricleNorm,20.484065363536356,False
673,FusiformNorm,-124.93043249155525,True
673,RAVLT_immediate,463.262543084461,True
673,MMSE,-109.3199651851878,True
673,TAU,-172.87107377909555,True
673,ADAS13,-536.8789468621686,True
673,WholeBrainNorm,-320.09698618753254,True
673,PTAU,72.07217444026188,True
673,HippocampusNorm,-62.85642421289544,True
673,ABETA,-205.33983213305186,True
673,EntorhinalNorm,-735.7893849705531,True
673,MidTempNorm,532.8908845575318,True
673,VentricleNorm,-113.99603113383624,True
674,FusiformNorm,-132.8474567142263,True
674,RAVLT_immediate,271.6605642677556,True
674,MMSE,27.849373313686613,True
674,TAU,-247.07113833246237,True
674,ADAS13,-544.6586135174535,True
674,WholeBrainNorm,-305.9370434094493,True
674,PTAU,105.81577674915471,True
674,HippocampusNorm,-82.93101032267509,True
674,ABETA,-206.3903711005775,True
674,EntorhinalNorm,-867.2395173285288,True
674,MidTempNorm,554.1159265509206,True
674,VentricleNorm,-45.35343158754367,True
675,FusiformNorm,-455.18983360633524,True
675,RAVLT_immediate,343.6905326068467,True
675,MMSE,-189.05465737716236,True
675,TAU,451.75622037859216,True
675,ADAS13,-542.1674194500208,True
675,WholeBrainNorm,-133.191701237213,True
675,PTAU,139.82607896571537,True
675,HippocampusNorm,-136.33355920292138,True
675,ABETA,-221.23648885817693,True
675,EntorhinalNorm,-452.20581241220594,True
675,MidTempNorm,207.24052202384254,True
675,VentricleNorm,119.93836594360465,True
676,FusiformNorm,5.916256957698238,False
676,RAVLT_immediate,113.28671948549716,False
676,MMSE,-133.9937635734148,False
676,TAU,466.98450809762323,False
676,ADAS13,-562.0980472838404,False
676,WholeBrainNorm,-128.5003353414321,False
676,PTAU,88.03547386119851,False
676,HippocampusNorm,52.529190474223384,False
676,ABETA,-268.4175249416747,False
676,EntorhinalNorm,-498.007519691867,False
676,MidTempNorm,294.5689742073185,False
676,VentricleNorm,-18.34701644141407,False
677,FusiformNorm,-183.94016434512122,True
677,RAVLT_immediate,462.2593490819241,True
677,MMSE,64.77285146610166,True
677,TAU,278.76767453083113,True
677,ADAS13,-555.5068942652998,True
677,WholeBrainNorm,-211.1160927748034,True
677,PTAU,128.75682809181134,True
677,HippocampusNorm,-52.16463504412393,True
677,ABETA,-234.46965862119217,True
677,EntorhinalNorm,-832.7276320676665,True
677,MidTempNorm,512.5848069169997,True
677,VentricleNorm,-18.094244454451143,True
678,FusiformNorm,-46.046641060253606,True
678,RAVLT_immediate,492.0838095146616,True
678,MMSE,-62.420802553779495,True
678,TAU,162.3923611069585,True
678,ADAS13,-527.7282004475197,True
678,WholeBrainNorm,-399.74755818568474,True
678,PTAU,126.45839439351332,True
678,HippocampusNorm,-29.19740292377727,True
678,ABETA,-211.9919756935429,True
678,EntorhinalNorm,-313.98167863506086,True
678,MidTempNorm,615.2310535446595,True
678,VentricleNorm,-128.34986633897006,True
679,FusiformNorm,-527.5123386261062,False
679,RAVLT_immediate,260.85346393214417,False
679,MMSE,-144.93234056969303,False
679,TAU,449.57038084040084,False
679,ADAS13,-541.8801512679146,False
679,WholeBrainNorm,-242.88561090740183,False
679,PTAU,133.84927378855187,False
679,HippocampusNorm,43.112345321125716,False
679,ABETA,-311.26750858340813,False
679,EntorhinalNorm,-83.23803777231416,False
679,MidTempNorm,241.16934447902253,False
679,VentricleNorm,26.503569646306048,False
680,FusiformNorm,-46.421857053063164,True
680,RAVLT_immediate,295.9097362588842,True
680,MMSE,-46.034428655047094,True
680,TAU,440.66536722490287,True
680,ADAS13,-552.640940131546,True
680,WholeBrainNorm,-94.52551095911211,True
680,PTAU,37.0421437916442,True
680,HippocampusNorm,-47.03061358612838,True
680,ABETA,-207.4354917950391,True
680,EntorhinalNorm,-618.8647423663299,True
680,MidTempNorm,562.6984920107872,True
680,VentricleNorm,-132.26845308909915,True
681,FusiformNorm,-36.37439687439067,True
681,RAVLT_immediate,276.21738235127316,True
681,MMSE,-235.03091531842875,True
681,TAU,181.06320296884275,True
681,ADAS13,-554.0936948889677,True
681,WholeBrainNorm,-101.94476230198717,True
681,PTAU,93.44233335046755,True
681,HippocampusNorm,-58.11593575315851,True
681,ABETA,-252.12861556343802,True
681,EntorhinalNorm,-808.0532679352217,True
681,MidTempNorm,559.2377965659318,True
681,VentricleNorm,-23.39404009328841,True
682,FusiformNorm,9.824147457942107,True
682,RAVLT_immediate,265.78234153787037,True
682,MMSE,-93.86211712631858,True
682,TAU,266.12980370783794,True
682,ADAS13,-541.5112969957995,True
682,WholeBrainNorm,-371.7918633680068,True
682,PTAU,-10.481881054192318,True
682,HippocampusNorm,-73.83428206219,True
682,ABETA,-208.4259202530572,True
682,EntorhinalNorm,-830.4611127020326,True
682,MidTempNorm,573.7734773071014,True
682,VentricleNorm,-76.8731292395283,True
683,FusiformNorm,-250.41249503363386,True
683,RAVLT_immediate,88.68956676072303,True
683,MMSE,-132.39893919109366,True
683,TAU,-51.87112753008469,True
683,ADAS13,-554.7350629657317,True
683,WholeBrainNorm,-295.9149353774702,True
683,PTAU,66.35775999284542,True
683,HippocampusNorm,-36.33171559000755,True
683,ABETA,-215.37010225078888,True
683,EntorhinalNorm,-597.7909575070671,True
683,MidTempNorm,245.98453319200192,True
683,VentricleNorm,-60.052594596196045,True
684,FusiformNorm,-235.26735704268867,True
684,RAVLT_immediate,21.766297971967674,True
684,MMSE,-60.4715124274898,True
684,TAU,255.3516913868931,True
684,ADAS13,-545.5872350709785,True
684,WholeBrainNorm,-123.77155770789045,True
684,PTAU,124.26687555816045,True
684,HippocampusNorm,74.51117942191658,True
684,ABETA,-269.73692288728336,True
684,EntorhinalNorm,-984.2020394118372,True
684,MidTempNorm,330.345503530821,True
684,VentricleNorm,-77.21742052211276,True
685,FusiformNorm,-123.69741003737181,True
685,RAVLT_immediate,659.5827242510272,True
685,MMSE,-226.47756448940535,True
685,TAU,15.425411965830676,True
685,ADAS13,-466.8132189340798,True
685,WholeBrainNorm,-259.67573489853135,True
685,PTAU,-129.089881216804,True
685,HippocampusNorm,-65.72627391233009,True
685,ABETA,-213.68490918133847,True
685,EntorhinalNorm,-594.9730244462849,True
685,MidTempNorm,579.9402309406158,True
685,VentricleNorm,54.76744732394525,True
686,FusiformNorm,-57.17739014476649,True
686,RAVLT_immediate,-126.08111821231165,True
686,MMSE,-117.77592773024662,True
686,TAU,-271.2330862560044,True
686,ADAS13,-552.109555878926,True
686,WholeBrainNorm,-187.2394403776065,True
686,PTAU,59.46597494793318,True
686,HippocampusNorm,-57.410451966118586,True
686,ABETA,-259.1879419614912,True
686,EntorhinalNorm,-317.0471233790328,True
686,MidTempNorm,246.34100048357155,True
686,VentricleNorm,-14.00686152450152,True
687,FusiformNorm,-44.31634395474733,True
687,RAVLT_immediate,328.86696835069847,True
687,MMSE,-270.9998795652713,True
687,TAU,86.94383324028267,True
687,ADAS13,-487.33980248072544,True
687,WholeBrainNorm,-416.6064006715659,True
687,PTAU,62.5456098922882,True
687,HippocampusNorm,-16.744302510875997,True
687,ABETA,-187.61667515301397,True
687,EntorhinalNorm,-458.16583817366296,True
687,MidTempNorm,559.8822081569806,True
687,VentricleNorm,-54.76757146667859,True
688,FusiformNorm,-114.89323370470277,False
688,RAVLT_immediate,99.58071546512025,False
688,MMSE,-15.81927411443823,False
688,TAU,539.284584193517,False
688,ADAS13,-524.8354572409336,False
688,WholeBrainNorm,-86.9548719258413,False
688,PTAU,6.658985424795205,False
688,HippocampusNorm,84.66202485298807,False
688,ABETA,-282.61477444139365,False
688,EntorhinalNorm,-42.48309743980519,False
688,MidTempNorm,345.3764568714071,False
688,VentricleNorm,18.518477354600833,False
689,FusiformNorm,-25.554795937925952,True
689,RAVLT_immediate,-56.70031503945361,True
689,MMSE,-397.0652426755583,True
689,TAU,37.92582508989678,True
689,ADAS13,-547.1850170045565,True
689,WholeBrainNorm,-40.97589174727213,True
689,PTAU,-17.297076251862745,True
689,HippocampusNorm,-54.33247485845862,True
689,ABETA,-234.940137177006,True
689,EntorhinalNorm,-245.41004375282137,True
689,MidTempNorm,593.578919656134,True
689,VentricleNorm,44.83756273697608,True
690,FusiformNorm,-120.72789492801755,True
690,RAVLT_immediate,293.1037267801413,True
690,MMSE,-180.99289581435775,True
690,TAU,455.62222368853327,True
690,ADAS13,-500.52578120180107,True
690,WholeBrainNorm,-42.799178534399076,True
690,PTAU,36.23958724765317,True
690,HippocampusNorm,-88.33686345949641,True
690,ABETA,-257.5176171860495,True
690,EntorhinalNorm,-56.02447977051003,True
690,MidTempNorm,580.6485302788974,True
690,VentricleNorm,-33.388128760216915,True
691,FusiformNorm,-131.30563793751412,True
691,RAVLT_immediate,38.95935464684948,True
691,MMSE,82.21353421200499,True
691,TAU,57.152634056087976,True
691,ADAS13,-559.8814560066389,True
691,WholeBrainNorm,-104.24952008833233,True
691,PTAU,29.73704078996401,True
691,HippocampusNorm,72.8841092613096,True
691,ABETA,-218.21373100872148,True
691,EntorhinalNorm,-4.048054261059519,True
691,MidTempNorm,180.44101870674024,True
691,VentricleNorm,-17.182396366099304,True
692,FusiformNorm,-62.65892768956571,True
692,RAVLT_immediate,248.45029279843706,True
692,MMSE,-51.87296699166859,True
692,TAU,59.75057810134588,True
692,ADAS13,-555.9758749808681,True
692,WholeBrainNorm,-37.565524863528424,True
692,PTAU,36.437369003490694,True
692,HippocampusNorm,-8.38989281665053,True
692,ABETA,-209.41797439488056,True
692,EntorhinalNorm,-212.16202345949608,True
692,MidTempNorm,582.420615979023,True
692,VentricleNorm,100.45564147992438,True
693,FusiformNorm,-133.8556812792502,True
693,RAVLT_immediate,139.14203268169393,True
693,MMSE,7.596669510579488,True
693,TAU,-87.94801965757381,True
693,ADAS13,-551.6664486224528,True
693,WholeBrainNorm,151.63554622070433,True
693,PTAU,84.0363181439929,True
693,HippocampusNorm,-33.50961326160858,True
693,ABETA,-241.09302111683476,True
693,EntorhinalNorm,-632.4975560649174,True
693,MidTempNorm,228.16057300997238,True
693,VentricleNorm,-18.300841615766803,True
694,FusiformNorm,-134.01933409028968,True
694,RAVLT_immediate,151.99526364475406,True
694,MMSE,-13.913841651712914,True
694,TAU,-90.60367725185262,True
694,ADAS13,-561.7148235420517,True
694,WholeBrainNorm,-151.04974273502745,True
694,PTAU,55.017698999905846,True
694,HippocampusNorm,51.09196185571936,True
694,ABETA,-204.0769444079314,True
694,EntorhinalNorm,-454.0681399181517,True
694,MidTempNorm,263.47693187503205,True
694,VentricleNorm,49.214933327903196,True
695,FusiformNorm,-117.40155728523646,True
695,RAVLT_immediate,541.5914914285302,True
695,MMSE,-58.04070356197741,True
695,TAU,111.18794613036854,True
695,ADAS13,-416.3867215551133,True
695,WholeBrainNorm,-139.35319885549234,True
695,PTAU,-15.510514617606031,True
695,HippocampusNorm,-19.034131182128988,True
695,ABETA,-167.96617607196433,True
695,EntorhinalNorm,-229.352184124069,True
695,MidTempNorm,576.6106552431963,True
695,VentricleNorm,-70.58094799573406,True
696,FusiformNorm,-7.407064922775942,True
696,RAVLT_immediate,114.58608555050388,True
696,MMSE,-202.11630586947138,True
696,TAU,-311.81284198626815,True
696,ADAS13,-527.9332183874997,True
696,WholeBrainNorm,-437.7983319706258,True
696,PTAU,35.04091456940817,True
696,HippocampusNorm,-79.96703222418938,True
696,ABETA,-218.58782109102003,True
696,EntorhinalNorm,-741.8324403727908,True
696,MidTempNorm,519.048437149043,True
696,VentricleNorm,-85.17433187157181,True
697,FusiformNorm,42.48375065046221,True
697,RAVLT_immediate,33.21525378801738,True
697,MMSE,169.2914180189487,True
697,TAU,172.0411797079056,True
697,ADAS13,-553.5528770405779,True
697,WholeBrainNorm,-251.21091147477424,True
697,PTAU,-12.089027001661798,True
697,HippocampusNorm,-53.821310608197834,True
697,ABETA,-248.22865331545617,True
697,EntorhinalNorm,-753.3372175005179,True
697,MidTempNorm,542.6482987506441,True
697,VentricleNorm,-197.98762946679966,True
698,FusiformNorm,116.96975608449765,True
698,RAVLT_immediate,-102.18141581402494,True
698,MMSE,-121.67408389477913,True
698,TAU,36.95231987109949,True
698,ADAS13,-546.1716505824295,True
698,WholeBrainNorm,-37.56007194544877,True
698,PTAU,138.39771694814726,True
698,HippocampusNorm,-28.232204620303932,True
698,ABETA,-267.28260346101797,True
698,EntorhinalNorm,-110.41827197517432,True
698,MidTempNorm,261.4029511118132,True
698,VentricleNorm,-47.33836960049687,True
699,FusiformNorm,-72.08387079677205,True
699,RAVLT_immediate,617.4129201752118,True
699,MMSE,-370.1218141333312,True
699,TAU,-310.9498115294165,True
699,ADAS13,-376.9690739760784,True
699,WholeBrainNorm,-181.39973105344313,True
699,PTAU,46.84954005335115,True
699,HippocampusNorm,-75.09529662436374,True
699,ABETA,-252.9935086446669,True
699,EntorhinalNorm,-128.88683413040468,True
699,MidTempNorm,569.9577111488044,True
699,VentricleNorm,65.49287109492874,True
700,FusiformNorm,59.66573764313173,True
700,RAVLT_immediate,62.123813476872215,True
700,MMSE,-132.48799758664413,True
700,TAU,233.00956868407653,True
700,ADAS13,-546.5410008613569,True
700,WholeBrainNorm,-165.02198331012812,True
700,PTAU,74.58133259889335,True
700,HippocampusNorm,-64.0064323282173,True
700,ABETA,-219.98808302746096,True
700,EntorhinalNorm,-271.2610996650433,True
700,MidTempNorm,584.8161888886049,True
700,VentricleNorm,-35.53761523808466,True
701,FusiformNorm,37.362980859810285,True
701,RAVLT_immediate,-46.05814212831896,True
701,MMSE,-30.320664347369075,True
701,TAU,159.65213830676703,True
701,ADAS13,-558.3182742791689,True
701,WholeBrainNorm,-357.1703339575838,True
701,PTAU,-84.10273360148567,True
701,HippocampusNorm,-125.12462380272599,True
701,ABETA,-215.00085187741746,True
701,EntorhinalNorm,-378.84029691169326,True
701,MidTempNorm,553.2245021595903,True
701,VentricleNorm,-89.70432254046297,True
702,FusiformNorm,42.83044703009102,True
702,RAVLT_immediate,122.64259432721371,True
702,MMSE,-76.56799799143623,True
702,TAU,162.1573981348749,True
702,ADAS13,-545.7879533291256,True
702,WholeBrainNorm,-214.26341950530755,True
702,PTAU,32.96224155589489,True
702,HippocampusNorm,70.19899016236558,True
702,ABETA,-295.4524384264678,True
702,EntorhinalNorm,-606.8332512724354,True
702,MidTempNorm,323.21066036197965,True
702,VentricleNorm,-10.807033637272834,True
703,FusiformNorm,-116.10821506453668,True
703,RAVLT_immediate,223.9926073975457,True
703,MMSE,-80.15134389830652,True
703,TAU,-79.10374646651607,True
703,ADAS13,-545.3575597674127,True
703,WholeBrainNorm,-162.00637606627296,True
703,PTAU,-19.182634911987087,True
703,HippocampusNorm,-49.39179325278951,True
703,ABETA,-252.4413364278997,True
703,EntorhinalNorm,-549.6763391296399,True
703,MidTempNorm,530.7413928105628,True
703,VentricleNorm,34.92827637682696,True
704,FusiformNorm,-123.88277051998016,True
704,RAVLT_immediate,-117.38477651030655,True
704,MMSE,-207.71968356529678,True
704,TAU,28.22392860887875,True
704,ADAS13,-488.7032116358899,True
704,WholeBrainNorm,8.132556097515533,True
704,PTAU,-60.35920805048548,True
704,HippocampusNorm,-2.373312508466924,True
704,ABETA,-250.03096570612695,True
704,EntorhinalNorm,-609.8235194528312,True
704,MidTempNorm,594.7323877221704,True
704,VentricleNorm,-30.49751168175775,True
705,FusiformNorm,-324.735460863666,False
705,RAVLT_immediate,-137.58636403152002,False
705,MMSE,-179.27000023091807,False
705,TAU,580.3657581171259,False
705,ADAS13,-563.0307611246499,False
705,WholeBrainNorm,-275.18097938403724,False
705,PTAU,69.2700592932069,False
705,HippocampusNorm,55.461388316294155,False
705,ABETA,-283.3668904990978,False
705,EntorhinalNorm,-502.7217194719434,False
705,MidTempNorm,249.05072108042134,False
705,VentricleNorm,12.691609512114013,False
706,FusiformNorm,-256.1653657857312,False
706,RAVLT_immediate,194.44207114970206,False
706,MMSE,-110.16787597589197,False
706,TAU,393.0053993808275,False
706,ADAS13,-550.3355905550093,False
706,WholeBrainNorm,-224.99504572868554,False
706,PTAU,47.441812417328414,False
706,HippocampusNorm,65.17245539426028,False
706,ABETA,-303.4551486202178,False
706,EntorhinalNorm,-302.8470131492199,False
706,MidTempNorm,267.63094060324175,False
706,VentricleNorm,45.601685431698705,False
707,FusiformNorm,-100.33164465672455,True
707,RAVLT_immediate,427.5937202670015,True
707,MMSE,-291.6529681927825,True
707,TAU,-69.1553821151659,True
707,ADAS13,-554.7918680962223,True
707,WholeBrainNorm,-243.81589227678535,True
707,PTAU,-4.334312667477775,True
707,HippocampusNorm,8.0980986246785,True
707,ABETA,-269.84857784122175,True
707,EntorhinalNorm,-304.4030832483311,True
707,MidTempNorm,268.08586805572963,True
707,VentricleNorm,-23.97316368405342,True
708,FusiformNorm,60.847718212210744,True
708,RAVLT_immediate,469.2711691789459,True
708,MMSE,-187.88471412891417,True
708,TAU,222.6133047719027,True
708,ADAS13,-394.79810582457793,True
708,WholeBrainNorm,-181.47483284440315,True
708,PTAU,-57.199126325522286,True
708,HippocampusNorm,-19.59849670124018,True
708,ABETA,-241.57754882937067,True
708,EntorhinalNorm,-365.14941110390737,True
708,MidTempNorm,524.433479331361,True
708,VentricleNorm,-156.87986993080042,True
709,FusiformNorm,-277.4106194332962,True
709,RAVLT_immediate,55.55726399189882,True
709,MMSE,-150.76377615156986,True
709,TAU,-41.293549407866564,True
709,ADAS13,-549.6115132637647,True
709,WholeBrainNorm,-457.41990270333196,True
709,PTAU,94.2116786651221,True
709,HippocampusNorm,-53.89066023330933,True
709,ABETA,-221.3603806022618,True
709,EntorhinalNorm,55.24587200306729,True
709,MidTempNorm,276.32116357429067,True
709,VentricleNorm,-81.34552947064459,True
710,FusiformNorm,-19.88152829665188,True
710,RAVLT_immediate,152.75367481065192,True
710,MMSE,-164.31061758025413,True
710,TAU,-234.21102178004944,True
710,ADAS13,-547.8408917608499,True
710,WholeBrainNorm,-195.63430650711794,True
710,PTAU,76.76871341840528,True
710,HippocampusNorm,-55.79088374633305,True
710,ABETA,-171.35673176882773,True
710,EntorhinalNorm,-386.0524546740885,True
710,MidTempNorm,335.9970260243404,True
710,VentricleNorm,17.609367612869736,True
711,FusiformNorm,-9.647618165914267,True
711,RAVLT_immediate,156.59673892274196,True
711,MMSE,-170.60307262181502,True
711,TAU,187.7324839495145,True
711,ADAS13,-559.5496872276168,True
711,WholeBrainNorm,-41.435865243279,True
711,PTAU,-4.016623007420296,True
711,HippocampusNorm,-94.71812050145495,True
711,ABETA,-238.37578350186303,True
711,EntorhinalNorm,-387.0198186573017,True
711,MidTempNorm,581.8616881115297,True
711,VentricleNorm,-105.09524582736789,True
712,FusiformNorm,97.3141456993869,True
712,RAVLT_immediate,482.27416563881945,True
712,MMSE,-140.88075434356486,True
712,TAU,-52.577667632738354,True
712,ADAS13,-559.224555420983,True
712,WholeBrainNorm,-293.90539488953664,True
712,PTAU,24.743929140985493,True
712,HippocampusNorm,-95.33751192546877,True
712,ABETA,-226.52158192498135,True
712,EntorhinalNorm,-758.1193414776274,True
712,MidTempNorm,543.4229829055777,True
712,VentricleNorm,-121.75229936688743,True
713,FusiformNorm,-85.43092016602603,True
713,RAVLT_immediate,9.991677026496632,True
713,MMSE,-102.58699966720536,True
713,TAU,-118.66716489677677,True
713,ADAS13,-546.4702518927473,True
713,WholeBrainNorm,-118.44201022867479,True
713,PTAU,16.342415626589272,True
713,HippocampusNorm,-65.29095321403503,True
713,ABETA,-195.99189752457485,True
713,EntorhinalNorm,-460.46941425184195,True
713,MidTempNorm,266.1583483651035,True
713,VentricleNorm,-3.4689778102201565,True
714,FusiformNorm,54.87646372830375,True
714,RAVLT_immediate,418.96045793145095,True
714,MMSE,65.30832729037613,True
714,TAU,-14.227009435526128,True
714,ADAS13,-550.2766596598364,True
714,WholeBrainNorm,-81.90442814635708,True
714,PTAU,-13.184377809628582,True
714,HippocampusNorm,-95.28773888044236,True
714,ABETA,-231.09985433605897,True
714,EntorhinalNorm,-381.56743288978237,True
714,MidTempNorm,559.9525282937192,True
714,VentricleNorm,-215.92395692587348,True
715,FusiformNorm,-408.3998817056672,True
715,RAVLT_immediate,251.98349546942265,True
715,MMSE,-203.3839651697481,True
715,TAU,101.65301845807372,True
715,ADAS13,-547.2681164013079,True
715,WholeBrainNorm,-372.9628875712716,True
715,PTAU,14.310657734471626,True
715,HippocampusNorm,-33.49936453263382,True
715,ABETA,-238.335482268145,True
715,EntorhinalNorm,-142.65530403755088,True
715,MidTempNorm,573.7838901622954,True
715,VentricleNorm,-20.6644352172813,True
716,FusiformNorm,-311.7555817881643,True
716,RAVLT_immediate,454.76278880052075,True
716,MMSE,-184.07727681105524,True
716,TAU,467.10871017997556,True
716,ADAS13,-538.2780209637571,True
716,WholeBrainNorm,-193.5294593482829,True
716,PTAU,3.375102837272344,True
716,HippocampusNorm,-29.55646170266431,True
716,ABETA,-242.10927481030478,True
716,EntorhinalNorm,-657.2218523353755,True
716,MidTempNorm,588.9501720074874,True
716,VentricleNorm,77.1084273466637,True
717,FusiformNorm,22.180788949350863,True
717,RAVLT_immediate,-11.118622100470617,True
717,MMSE,-296.2019380814596,True
717,TAU,129.38961851672067,True
717,ADAS13,-572.8036558498668,True
717,WholeBrainNorm,121.00937424689266,True
717,PTAU,-39.35721003719662,True
717,HippocampusNorm,-87.81348963535032,True
717,ABETA,-256.96417279976004,True
717,EntorhinalNorm,-205.3053039048222,True
717,MidTempNorm,521.3382528764466,True
717,VentricleNorm,-15.288757251012834,True
718,FusiformNorm,-1.5536914031379085,True
718,RAVLT_immediate,-124.76583625524495,True
718,MMSE,-207.77798240239406,True
718,TAU,257.5511604952125,True
718,ADAS13,-538.0339092422092,True
718,WholeBrainNorm,-213.85242041571334,True
718,PTAU,47.332770471772065,True
718,HippocampusNorm,16.616959634907516,True
718,ABETA,-199.89595528701744,True
718,EntorhinalNorm,-233.09151364975406,True
718,MidTempNorm,565.6479832948546,True
718,VentricleNorm,-100.58028136198361,True
719,FusiformNorm,-314.99146234357005,False
719,RAVLT_immediate,322.4282506832396,False
719,MMSE,-176.36789808451243,False
719,TAU,301.6521170731525,False
719,ADAS13,-557.223849902133,False
719,WholeBrainNorm,-228.45824659607854,False
719,PTAU,54.58662012957839,False
719,HippocampusNorm,65.97100967641381,False
719,ABETA,-277.1398456213574,False
719,EntorhinalNorm,-549.5989601081319,False
719,MidTempNorm,185.1379059037013,False
719,VentricleNorm,13.766205457091736,False
720,FusiformNorm,15.908523003204857,True
720,RAVLT_immediate,800.5374560649093,True
720,MMSE,-233.4180870039577,True
720,TAU,26.077035218322095,True
720,ADAS13,-544.767500788582,True
720,WholeBrainNorm,-58.17039552793777,True
720,PTAU,24.295760233534665,True
720,HippocampusNorm,-58.97333039025635,True
720,ABETA,-161.92414837332808,True
720,EntorhinalNorm,-561.4419872174832,True
720,MidTempNorm,553.3739410839612,True
720,VentricleNorm,184.77700370645,True
721,FusiformNorm,29.3761411910601,True
721,RAVLT_immediate,497.247486202347,True
721,MMSE,-287.6093777137703,True
721,TAU,-11.970381136842448,True
721,ADAS13,-460.07695945545856,True
721,WholeBrainNorm,-7.282655928402704,True
721,PTAU,-1.154887101424447,True
721,HippocampusNorm,-13.114587409210685,True
721,ABETA,-245.525658580021,True
721,EntorhinalNorm,232.9176174411367,True
721,MidTempNorm,609.6632728520124,True
721,VentricleNorm,-3.047832403355091,True
722,FusiformNorm,126.34994993498908,True
722,RAVLT_immediate,556.7143261285994,True
722,MMSE,-195.43220811090092,True
722,TAU,147.8379512291655,True
722,ADAS13,-442.25586303624164,True
722,WholeBrainNorm,-89.45743015526946,True
722,PTAU,-32.99488336608532,True
722,HippocampusNorm,-24.14231043631959,True
722,ABETA,-235.3161211388008,True
722,EntorhinalNorm,-896.5632625580981,True
722,MidTempNorm,570.3596071336377,True
722,VentricleNorm,-8.518254086644014,True
723,FusiformNorm,-358.75793557877955,True
723,RAVLT_immediate,-154.6434183567842,True
723,MMSE,-51.11756027374557,True
723,TAU,241.7832956965076,True
723,ADAS13,-550.5589307292214,True
723,WholeBrainNorm,-226.39181612140717,True
723,PTAU,23.859468447785797,True
723,HippocampusNorm,-66.54371485608013,True
723,ABETA,-257.23455553946667,True
723,EntorhinalNorm,-385.27329592749487,True
723,MidTempNorm,525.3299033691449,True
723,VentricleNorm,125.08104115442171,True
724,FusiformNorm,-149.8345930639964,False
724,RAVLT_immediate,131.39802789657568,False
724,MMSE,-245.96638681543251,False
724,TAU,3.819905326945303,False
724,ADAS13,-550.7076646553584,False
724,WholeBrainNorm,-100.47546084000729,False
724,PTAU,153.09274904034535,False
724,HippocampusNorm,57.19539738618366,False
724,ABETA,-268.87641926836636,False
724,EntorhinalNorm,-164.62311114193972,False
724,MidTempNorm,307.47038365924726,False
724,VentricleNorm,28.438793957139577,False
725,FusiformNorm,37.491828256023084,True
725,RAVLT_immediate,584.9381108092427,True
725,MMSE,-59.19697664501102,True
725,TAU,-226.7479336261098,True
725,ADAS13,-448.973498252613,True
725,WholeBrainNorm,-134.21021423776648,True
725,PTAU,-26.767431881727124,True
725,HippocampusNorm,-37.91566608070237,True
725,ABETA,-275.70506318890085,True
725,EntorhinalNorm,-473.3989836570655,True
725,MidTempNorm,552.5411251430897,True
725,VentricleNorm,-34.09665286635925,True
