participant,biomarker,measurement,diseased
0,ADAS13,467.0900081360302,True
0,EntorhinalNorm,96.32074131255294,True
0,RAVLT_immediate,-8.98868376816533,True
0,TAU,-154.4838217346604,True
0,VentricleNorm,99.42126512917145,True
0,MidTempNorm,-294.7759821503859,True
0,PTAU,-34.03487754676267,True
0,HippocampusNorm,-135.8843393494016,True
0,WholeBrainNorm,7.844200175993902,True
0,FusiformNorm,107.86694455027683,True
0,ABETA,-192.47389618353725,True
0,MMSE,-97.30123962025021,True
1,ADAS13,375.2235126198628,True
1,EntorhinalNorm,41.10777031989174,True
1,RAVLT_immediate,-51.933148713132994,True
1,TAU,35.4205122080376,True
1,VentricleNorm,-69.80664164778563,True
1,MidTempNorm,5.795668265523574,True
1,PTAU,-42.379587458516,True
1,HippocampusNorm,-208.00678753965713,True
1,WholeBrainNorm,-7.399890723421441,True
1,FusiformNorm,-377.23995860899197,True
1,ABETA,374.05634119109834,True
1,MMSE,-107.74114804070075,True
2,ADAS13,198.52775126120036,True
2,EntorhinalNorm,66.78069230518913,True
2,RAVLT_immediate,-63.270083458851886,True
2,TAU,21.74445341571804,True
2,VentricleNorm,-171.3370219831346,True
2,MidTempNorm,28.51570645086818,True
2,PTAU,59.16583679819869,True
2,HippocampusNorm,-28.756156101054664,True
2,WholeBrainNorm,280.7715769245598,True
2,FusiformNorm,220.72885802784558,True
2,ABETA,426.426800994973,True
2,MMSE,-104.35719592322519,True
3,ADAS13,247.94240869605653,True
3,EntorhinalNorm,35.85531937220498,True
3,RAVLT_immediate,-68.81705692767457,True
3,TAU,18.325803303847,True
3,VentricleNorm,-244.6224176268349,True
3,MidTempNorm,328.29993467427244,True
3,PTAU,-30.254676580800545,True
3,HippocampusNorm,-164.28430041159947,True
3,WholeBrainNorm,10.047792221142121,True
3,FusiformNorm,639.9094941256649,True
3,ABETA,360.4756777357554,True
3,MMSE,-98.30951092172052,True
4,ADAS13,344.77088069232065,True
4,EntorhinalNorm,63.52061136686994,True
4,RAVLT_immediate,-126.23635086072368,True
4,TAU,43.39979542976491,True
4,VentricleNorm,-111.84018798831032,True
4,MidTempNorm,200.24307305325902,True
4,PTAU,64.1873599915733,True
4,HippocampusNorm,-85.11369869394878,True
4,WholeBrainNorm,-9.742994841366086,True
4,FusiformNorm,273.02647947237676,True
4,ABETA,151.2073923354623,True
4,MMSE,-94.84774693685667,True
5,ADAS13,294.36072852029815,True
5,EntorhinalNorm,69.1375708408116,True
5,RAVLT_immediate,43.92056922451059,True
5,TAU,20.15100879843189,True
5,VentricleNorm,-176.1224934508222,True
5,MidTempNorm,306.3371471736358,True
5,PTAU,63.95500866662445,True
5,HippocampusNorm,-120.83435556746237,True
5,WholeBrainNorm,9.143811682961664,True
5,FusiformNorm,198.87839726449036,True
5,ABETA,-183.68530298978527,True
5,MMSE,-96.71017741000281,True
6,ADAS13,188.01454334079034,True
6,EntorhinalNorm,33.871941481738816,True
6,RAVLT_immediate,-190.1589805561572,True
6,TAU,-39.685452555242065,True
6,VentricleNorm,-157.53065200925187,True
6,MidTempNorm,227.8340986971395,True
6,PTAU,-22.802711018168665,True
6,HippocampusNorm,-34.49984199428569,True
6,WholeBrainNorm,2.661290740987866,True
6,FusiformNorm,282.75005283146777,True
6,ABETA,175.7311130712845,True
6,MMSE,-93.0675537669271,True
7,ADAS13,224.77203196582087,True
7,EntorhinalNorm,56.17781621494587,True
7,RAVLT_immediate,-246.0849710143343,True
7,TAU,6.007394448022257,True
7,VentricleNorm,-291.29966296667595,True
7,MidTempNorm,262.1627308437602,True
7,PTAU,-70.64960911222653,True
7,HippocampusNorm,-49.537757871698076,True
7,WholeBrainNorm,12.506672352866747,True
7,FusiformNorm,647.3962938157431,True
7,ABETA,285.86283949772167,True
7,MMSE,-95.41392762706316,True
8,ADAS13,576.7283658523963,True
8,EntorhinalNorm,20.182920116015605,True
8,RAVLT_immediate,-94.38404337824822,True
8,TAU,53.753375651662694,True
8,VentricleNorm,-152.53119892548875,True
8,MidTempNorm,28.536616604066012,True
8,PTAU,-78.7969472512338,True
8,HippocampusNorm,-82.83131061269677,True
8,WholeBrainNorm,10.58880456189188,True
8,FusiformNorm,464.7663633568142,True
8,ABETA,213.09184424338966,True
8,MMSE,-96.29114106239783,True
9,ADAS13,187.74721052972956,True
9,EntorhinalNorm,60.17223509997291,True
9,RAVLT_immediate,-95.86627451458311,True
9,TAU,-3.0064445513218576,True
9,VentricleNorm,-163.90121238298156,True
9,MidTempNorm,578.0315793869194,True
9,PTAU,-24.4620938544748,True
9,HippocampusNorm,-104.42735481340588,True
9,WholeBrainNorm,10.866296325852627,True
9,FusiformNorm,550.9732717443957,True
9,ABETA,202.43487342749182,True
9,MMSE,-99.80584176425765,True
10,ADAS13,36.581825924773,True
10,EntorhinalNorm,63.199955461727505,True
10,RAVLT_immediate,-67.50978396311636,True
10,TAU,-109.56960730867553,True
10,VentricleNorm,296.71247797146196,True
10,MidTempNorm,645.9873364266807,True
10,PTAU,-76.52810725434344,True
10,HippocampusNorm,-77.96567188793426,True
10,WholeBrainNorm,25.93330447074737,True
10,FusiformNorm,278.09213132828165,True
10,ABETA,41.5568499816458,True
10,MMSE,-99.79350448243612,True
11,ADAS13,-504.7409197866146,False
11,EntorhinalNorm,-11.113661830384764,False
11,RAVLT_immediate,51.06852745406702,False
11,TAU,-41.966710608577344,False
11,VentricleNorm,-24.39725445818422,False
11,MidTempNorm,601.613016553487,False
11,PTAU,-58.89412138131512,False
11,HippocampusNorm,-176.15897242727715,False
11,WholeBrainNorm,-10.539278361121948,False
11,FusiformNorm,454.70377345871134,False
11,ABETA,276.43625541690994,False
11,MMSE,-98.95549452626159,False
12,ADAS13,197.7730708129663,True
12,EntorhinalNorm,14.583073848575026,True
12,RAVLT_immediate,-214.9216121368348,True
12,TAU,16.950588271245103,True
12,VentricleNorm,-147.2713500587917,True
12,MidTempNorm,-56.30089444198265,True
12,PTAU,54.783135007250735,True
12,HippocampusNorm,-68.96564965323923,True
12,WholeBrainNorm,3.486028742489945,True
12,FusiformNorm,741.7553797776816,True
12,ABETA,-277.5433343700047,True
12,MMSE,-98.18446740542379,True
13,ADAS13,33.77608014667936,True
13,EntorhinalNorm,35.18957671777598,True
13,RAVLT_immediate,-53.36421303466251,True
13,TAU,-112.22409985706642,True
13,VentricleNorm,21.13544230530364,True
13,MidTempNorm,-139.48056125224377,True
13,PTAU,-20.409442257269454,True
13,HippocampusNorm,-113.97917054554179,True
13,WholeBrainNorm,-14.123928849723637,True
13,FusiformNorm,302.23934437622995,True
13,ABETA,81.51925990651465,True
13,MMSE,-98.32807545991973,True
14,ADAS13,196.6428579484775,True
14,EntorhinalNorm,38.88228013111438,True
14,RAVLT_immediate,-216.62979033719466,True
14,TAU,20.026845768760694,True
14,VentricleNorm,-138.74971504029898,True
14,MidTempNorm,107.13487176741916,True
14,PTAU,59.30250162053385,True
14,HippocampusNorm,-67.60609583226395,True
14,WholeBrainNorm,330.1831656827976,True
14,FusiformNorm,370.5496301019051,True
14,ABETA,66.84184882357458,True
14,MMSE,-102.61226819641567,True
15,ADAS13,342.4164548559608,True
15,EntorhinalNorm,67.61594089058882,True
15,RAVLT_immediate,-43.760189038966324,True
15,TAU,-18.569278892848466,True
15,VentricleNorm,-184.82766208361537,True
15,MidTempNorm,160.1534129244589,True
15,PTAU,76.04288575355314,True
15,HippocampusNorm,-165.5357176687309,True
15,WholeBrainNorm,13.20027089005887,True
15,FusiformNorm,103.70940806788681,True
15,ABETA,146.73417616045705,True
15,MMSE,-95.85696648801594,True
16,ADAS13,323.0020154113894,True
16,EntorhinalNorm,24.825128928759547,True
16,RAVLT_immediate,-5.781948127000518,True
16,TAU,-108.14252424216109,True
16,VentricleNorm,-110.72583166569532,True
16,MidTempNorm,53.63285929171849,True
16,PTAU,-100.53739697351627,True
16,HippocampusNorm,-143.07338786578666,True
16,WholeBrainNorm,-27.388355674880604,True
16,FusiformNorm,428.89532834702254,True
16,ABETA,145.18255377535738,True
16,MMSE,-98.32549262819188,True
17,ADAS13,350.2763416770254,True
17,EntorhinalNorm,39.268154608015294,True
17,RAVLT_immediate,-120.19651418076356,True
17,TAU,0.6568290988434331,True
17,VentricleNorm,-97.20874769855308,True
17,MidTempNorm,97.27439338691144,True
17,PTAU,-48.98321279819792,True
17,HippocampusNorm,-69.55223027513941,True
17,WholeBrainNorm,6.333789408219782,True
17,FusiformNorm,140.04593106233298,True
17,ABETA,286.2280693831778,True
17,MMSE,-97.5574884592919,True
18,ADAS13,-470.5953395471398,False
18,EntorhinalNorm,-17.030154839025904,False
18,RAVLT_immediate,-168.95246163285313,False
18,TAU,-82.96746093757514,False
18,VentricleNorm,104.33907145834567,False
18,MidTempNorm,-151.2598748940507,False
18,PTAU,-65.73535437785432,False
18,HippocampusNorm,-165.0128026826899,False
18,WholeBrainNorm,-1.1952206210200425,False
18,FusiformNorm,260.32922899553284,False
18,ABETA,344.1082643048567,False
18,MMSE,-99.65824931681743,False
19,ADAS13,-517.5830217063093,False
19,EntorhinalNorm,-39.22449559563582,False
19,RAVLT_immediate,-64.5578812847857,False
19,TAU,-159.02006949448793,False
19,VentricleNorm,26.284523769920867,False
19,MidTempNorm,445.7238988947643,False
19,PTAU,-64.44441750306518,False
19,HippocampusNorm,-163.62479823246278,False
19,WholeBrainNorm,-16.305101542205133,False
19,FusiformNorm,645.7898849321193,False
19,ABETA,144.54967823595695,False
19,MMSE,-101.89688573099272,False
20,ADAS13,494.218467188791,True
20,EntorhinalNorm,66.37685239202543,True
20,RAVLT_immediate,23.31297612343448,True
20,TAU,14.701940798248476,True
20,VentricleNorm,-77.89027582084165,True
20,MidTempNorm,505.12360626984923,True
20,PTAU,-56.71812988009642,True
20,HippocampusNorm,-125.3603258725835,True
20,WholeBrainNorm,-1.9230965708703902,True
20,FusiformNorm,338.40303298296305,True
20,ABETA,116.26403499519984,True
20,MMSE,-104.7052872267514,True
21,ADAS13,282.56882833439465,True
21,EntorhinalNorm,-3.964448363739507,True
21,RAVLT_immediate,-19.59526665609893,True
21,TAU,-31.032826332096484,True
21,VentricleNorm,-115.48858646187244,True
21,MidTempNorm,328.4604830629207,True
21,PTAU,62.744753191742085,True
21,HippocampusNorm,-189.95866906682184,True
21,WholeBrainNorm,5.028137178155387,True
21,FusiformNorm,424.9318193609365,True
21,ABETA,266.5606219879708,True
21,MMSE,-99.0136554658237,True
22,ADAS13,-525.2976164851492,False
22,EntorhinalNorm,-11.874018414596549,False
22,RAVLT_immediate,-17.552052509890935,False
22,TAU,-93.87776153705687,False
22,VentricleNorm,-170.55010010203645,False
22,MidTempNorm,366.81556875977856,False
22,PTAU,-73.19461007654391,False
22,HippocampusNorm,-120.94343431440787,False
22,WholeBrainNorm,8.216551959853996,False
22,FusiformNorm,831.8438787185448,False
22,ABETA,142.80758109499345,False
22,MMSE,-93.43188855272159,False
23,ADAS13,227.7232474120123,True
23,EntorhinalNorm,39.73826735733346,True
23,RAVLT_immediate,-75.42527528643005,True
23,TAU,-43.44313246800082,True
23,VentricleNorm,285.94845497807944,True
23,MidTempNorm,729.0471329336584,True
23,PTAU,-109.52435968498028,True
23,HippocampusNorm,-97.74791517584481,True
23,WholeBrainNorm,15.485495641522244,True
23,FusiformNorm,670.7381973026058,True
23,ABETA,35.14465632426433,True
23,MMSE,-98.04204904295683,True
24,ADAS13,34.33863600186629,True
24,EntorhinalNorm,16.443179395653694,True
24,RAVLT_immediate,-18.968632775261653,True
24,TAU,-4.11881848512394,True
24,VentricleNorm,-147.1819656953956,True
24,MidTempNorm,214.51408202978658,True
24,PTAU,66.66794590783711,True
24,HippocampusNorm,-84.66448898351558,True
24,WholeBrainNorm,20.581405918977275,True
24,FusiformNorm,208.59199486029678,True
24,ABETA,248.2328789946618,True
24,MMSE,-91.46796193764719,True
25,ADAS13,203.0544872417629,True
25,EntorhinalNorm,78.87258941752872,True
25,RAVLT_immediate,-30.06990006602983,True
25,TAU,14.891570999233485,True
25,VentricleNorm,-146.2086481742681,True
25,MidTempNorm,136.0108770663592,True
25,PTAU,50.63591231618185,True
25,HippocampusNorm,-221.32262958353712,True
25,WholeBrainNorm,86.375657009042,True
25,FusiformNorm,-315.32321423293774,True
25,ABETA,82.67415440160597,True
25,MMSE,-94.2899396213492,True
26,ADAS13,28.423094339518116,True
26,EntorhinalNorm,93.97671653826858,True
26,RAVLT_immediate,-33.93912520845238,True
26,TAU,42.508401201858725,True
26,VentricleNorm,-148.9342333759429,True
26,MidTempNorm,149.69777984707093,True
26,PTAU,-111.4930565273477,True
26,HippocampusNorm,-148.32691420267003,True
26,WholeBrainNorm,-20.352239602823417,True
26,FusiformNorm,449.81366108835954,True
26,ABETA,155.50994357198297,True
26,MMSE,-102.67494231127952,True
27,ADAS13,30.925100372570228,True
27,EntorhinalNorm,4.346314947811599,True
27,RAVLT_immediate,-18.583001095516366,True
27,TAU,-10.187605184728968,True
27,VentricleNorm,-258.4955322427352,True
27,MidTempNorm,-7.002783253791051,True
27,PTAU,74.37944232329018,True
27,HippocampusNorm,-57.88030613617998,True
27,WholeBrainNorm,275.14952809499556,True
27,FusiformNorm,-12.700508429020203,True
27,ABETA,212.5471215886913,True
27,MMSE,-100.26665778109815,True
28,ADAS13,-566.2010677997594,False
28,EntorhinalNorm,59.141250101975245,False
28,RAVLT_immediate,61.8475014954431,False
28,TAU,-85.70651935334062,False
28,VentricleNorm,578.1251339952779,False
28,MidTempNorm,113.24342904334065,False
28,PTAU,-16.776535602465714,False
28,HippocampusNorm,-138.29998026882456,False
28,WholeBrainNorm,11.522402845521595,False
28,FusiformNorm,738.5083465538373,False
28,ABETA,58.1650577611787,False
28,MMSE,-97.97660696518892,False
29,ADAS13,246.72339265472434,True
29,EntorhinalNorm,51.59756343555035,True
29,RAVLT_immediate,54.60455178707889,True
29,TAU,7.25683967217553,True
29,VentricleNorm,-113.43315426805243,True
29,MidTempNorm,-115.47625762961499,True
29,PTAU,46.6430615818747,True
29,HippocampusNorm,85.22672551910583,True
29,WholeBrainNorm,12.491500722134305,True
29,FusiformNorm,490.46804206967556,True
29,ABETA,157.8157974691624,True
29,MMSE,-95.08859994937316,True
30,ADAS13,379.7293293479015,True
30,EntorhinalNorm,78.44614501188255,True
30,RAVLT_immediate,-83.68424388516948,True
30,TAU,23.77417292036879,True
30,VentricleNorm,156.87350787519816,True
30,MidTempNorm,466.6208745548238,True
30,PTAU,-0.23169315954411474,True
30,HippocampusNorm,-104.40123351095374,True
30,WholeBrainNorm,-18.03700674892052,True
30,FusiformNorm,861.4990894059289,True
30,ABETA,202.77899114182267,True
30,MMSE,-103.63028134163623,True
31,ADAS13,-442.9030518818816,False
31,EntorhinalNorm,56.12245033219667,False
31,RAVLT_immediate,-141.15600976162625,False
31,TAU,-42.241935945547795,False
31,VentricleNorm,383.9269933238527,False
31,MidTempNorm,479.0686540799988,False
31,PTAU,-72.6849579951211,False
31,HippocampusNorm,-156.45506573076068,False
31,WholeBrainNorm,-4.073213570483645,False
31,FusiformNorm,614.387184322984,False
31,ABETA,67.089390784931,False
31,MMSE,-105.37692202037248,False
32,ADAS13,338.27183555205113,True
32,EntorhinalNorm,47.85831034185257,True
32,RAVLT_immediate,-10.797043967666681,True
32,TAU,13.505501642882807,True
32,VentricleNorm,-176.73361854137212,True
32,MidTempNorm,573.2694030161675,True
32,PTAU,45.054892808405995,True
32,HippocampusNorm,-83.53265257121163,True
32,WholeBrainNorm,-1.2294378816117004,True
32,FusiformNorm,524.2296352464184,True
32,ABETA,477.1552094782262,True
32,MMSE,-100.17905965485197,True
33,ADAS13,310.96684739772087,True
33,EntorhinalNorm,89.23006299922434,True
33,RAVLT_immediate,77.22436827273631,True
33,TAU,2.2628733369985916,True
33,VentricleNorm,-154.1007942379569,True
33,MidTempNorm,153.5428007845723,True
33,PTAU,-26.593338295006276,True
33,HippocampusNorm,-154.1866028305315,True
33,WholeBrainNorm,36.83405206714393,True
33,FusiformNorm,261.65895031752046,True
33,ABETA,-141.80948952767199,True
33,MMSE,-91.71344586932051,True
34,ADAS13,-496.1150905675555,False
34,EntorhinalNorm,-45.6192150172809,False
34,RAVLT_immediate,205.7768745869751,False
34,TAU,-62.44707073319863,False
34,VentricleNorm,223.4503019848291,False
34,MidTempNorm,5.973921253232305,False
34,PTAU,-108.8659793697309,False
34,HippocampusNorm,-205.5488282658645,False
34,WholeBrainNorm,20.65356251145636,False
34,FusiformNorm,241.56123484657473,False
34,ABETA,267.6479507596154,False
34,MMSE,-99.86808593412383,False
35,ADAS13,-555.6763256322217,False
35,EntorhinalNorm,55.41986421974697,False
35,RAVLT_immediate,-78.54294041465155,False
35,TAU,-54.308684151638396,False
35,VentricleNorm,143.53552462459933,False
35,MidTempNorm,599.8722250509991,False
35,PTAU,-37.38446248638441,False
35,HippocampusNorm,-132.90142321091238,False
35,WholeBrainNorm,20.585266816433972,False
35,FusiformNorm,413.36983217568917,False
35,ABETA,357.4211121185531,False
35,MMSE,-104.79318796747157,False
36,ADAS13,-444.6099861557667,False
36,EntorhinalNorm,-12.81512005839377,False
36,RAVLT_immediate,-171.5200769439179,False
36,TAU,-131.32910244172302,False
36,VentricleNorm,-82.57089919479006,False
36,MidTempNorm,330.9216044169202,False
36,PTAU,-55.71475525302524,False
36,HippocampusNorm,-202.73313729658815,False
36,WholeBrainNorm,32.26912625803777,False
36,FusiformNorm,357.96686767244677,False
36,ABETA,-35.50072067251219,False
36,MMSE,-100.68366599793279,False
37,ADAS13,186.14348022097158,True
37,EntorhinalNorm,74.21454438374256,True
37,RAVLT_immediate,-362.2043625115484,True
37,TAU,-2.4477711509354307,True
37,VentricleNorm,-127.82978351430246,True
37,MidTempNorm,221.84095871982078,True
37,PTAU,82.2913518330419,True
37,HippocampusNorm,-92.18446908564256,True
37,WholeBrainNorm,-2.522881533150853,True
37,FusiformNorm,449.13190308007836,True
37,ABETA,-42.336883858199144,True
37,MMSE,-102.25927942752368,True
38,ADAS13,-496.6158885522851,False
38,EntorhinalNorm,5.293752025736445,False
38,RAVLT_immediate,82.79714260931418,False
38,TAU,-113.50177250832283,False
38,VentricleNorm,31.16263510641363,False
38,MidTempNorm,-262.70057130213667,False
38,PTAU,-69.93507517683722,False
38,HippocampusNorm,-71.15387101848856,False
38,WholeBrainNorm,6.882710199588746,False
38,FusiformNorm,259.683250866938,False
38,ABETA,272.6012045481712,False
38,MMSE,-97.76403929107077,False
39,ADAS13,608.5571671862058,True
39,EntorhinalNorm,80.46518758637052,True
39,RAVLT_immediate,-170.58327597652476,True
39,TAU,97.65783196779782,True
39,VentricleNorm,-29.668584274261974,True
39,MidTempNorm,293.37953458512993,True
39,PTAU,79.30930725020204,True
39,HippocampusNorm,-84.02728338370159,True
39,WholeBrainNorm,98.05672895214643,True
39,FusiformNorm,-151.0212494927275,True
39,ABETA,16.536658031533676,True
39,MMSE,-106.03096459547172,True
40,ADAS13,-157.1215377862012,True
40,EntorhinalNorm,79.34435609056578,True
40,RAVLT_immediate,-144.07100912479933,True
40,TAU,38.65530245428066,True
40,VentricleNorm,-154.07681380761207,True
40,MidTempNorm,47.41136643081924,True
40,PTAU,67.34498548456038,True
40,HippocampusNorm,-190.35934663470042,True
40,WholeBrainNorm,-17.24736297520246,True
40,FusiformNorm,84.53889772194557,True
40,ABETA,15.689347589280061,True
40,MMSE,-92.34575393813348,True
41,ADAS13,477.2195452136357,True
41,EntorhinalNorm,28.49461867047597,True
41,RAVLT_immediate,-53.71410411761097,True
41,TAU,15.209375072109545,True
41,VentricleNorm,-101.05465677783752,True
41,MidTempNorm,458.8246638674894,True
41,PTAU,-26.871085943555318,True
41,HippocampusNorm,-13.218087146812934,True
41,WholeBrainNorm,-26.535448504435234,True
41,FusiformNorm,-209.74398125577727,True
41,ABETA,163.711833847692,True
41,MMSE,-102.02361306980981,True
42,ADAS13,-532.1127198983755,False
42,EntorhinalNorm,4.011815407837645,False
42,RAVLT_immediate,111.31966813443161,False
42,TAU,-37.28689796877029,False
42,VentricleNorm,-310.3585465086546,False
42,MidTempNorm,117.66578337046482,False
42,PTAU,-53.843801685792876,False
42,HippocampusNorm,-209.7038516013534,False
42,WholeBrainNorm,12.232808485649892,False
42,FusiformNorm,326.649716553608,False
42,ABETA,236.2047533580655,False
42,MMSE,-101.89325215828728,False
43,ADAS13,101.38021767308018,True
43,EntorhinalNorm,85.54873794982242,True
43,RAVLT_immediate,-234.65065557169856,True
43,TAU,27.917830264758507,True
43,VentricleNorm,-39.89667702055658,True
43,MidTempNorm,341.2019667563202,True
43,PTAU,65.25490402898599,True
43,HippocampusNorm,-60.06550785595593,True
43,WholeBrainNorm,-0.7534716704556425,True
43,FusiformNorm,717.9149278518566,True
43,ABETA,282.6753033647685,True
43,MMSE,-97.11354115544371,True
44,ADAS13,310.72082882599517,True
44,EntorhinalNorm,-16.53855510599751,True
44,RAVLT_immediate,102.91603441866539,True
44,TAU,10.849909482184223,True
44,VentricleNorm,-131.68901524660092,True
44,MidTempNorm,-277.8675756224091,True
44,PTAU,-64.82290951333846,True
44,HippocampusNorm,-96.30090803598627,True
44,WholeBrainNorm,-35.72476722318851,True
44,FusiformNorm,181.57396986358913,True
44,ABETA,-197.80942969715454,True
44,MMSE,-98.57558635537129,True
45,ADAS13,258.04484097909375,True
45,EntorhinalNorm,47.02531097626777,True
45,RAVLT_immediate,-48.88187632759735,True
45,TAU,21.957887946125545,True
45,VentricleNorm,-100.03633217322083,True
45,MidTempNorm,65.68958011055315,True
45,PTAU,63.352734062907466,True
45,HippocampusNorm,-155.21499544861712,True
45,WholeBrainNorm,-27.44871133979214,True
45,FusiformNorm,280.9246603946262,True
45,ABETA,47.770293050187064,True
45,MMSE,-110.25864305692306,True
46,ADAS13,248.34447354839952,True
46,EntorhinalNorm,7.94168305944536,True
46,RAVLT_immediate,-203.59819921379233,True
46,TAU,-31.05550513997597,True
46,VentricleNorm,-178.61696263393387,True
46,MidTempNorm,392.03342321905313,True
46,PTAU,-34.89643224234823,True
46,HippocampusNorm,-164.19323129236201,True
46,WholeBrainNorm,-18.557689036884565,True
46,FusiformNorm,-1.692545448257306,True
46,ABETA,150.9599612808248,True
46,MMSE,-93.58626377140884,True
47,ADAS13,-543.6440045994635,False
47,EntorhinalNorm,25.714006539737138,False
47,RAVLT_immediate,-199.2695572319823,False
47,TAU,-98.00566449251883,False
47,VentricleNorm,199.25592052841597,False
47,MidTempNorm,499.7582795607023,False
47,PTAU,-80.07386884876485,False
47,HippocampusNorm,-133.47559451365072,False
47,WholeBrainNorm,-16.467405245974497,False
47,FusiformNorm,260.6911388228774,False
47,ABETA,24.446646989627155,False
47,MMSE,-95.53895831233523,False
48,ADAS13,-545.3682420082665,False
48,EntorhinalNorm,-12.481953858286573,False
48,RAVLT_immediate,11.098399984253334,False
48,TAU,-153.61442609064716,False
48,VentricleNorm,-265.6094104990332,False
48,MidTempNorm,-144.49484532408496,False
48,PTAU,-92.23527695232127,False
48,HippocampusNorm,-111.22853868473076,False
48,WholeBrainNorm,1.3274986883034166,False
48,FusiformNorm,477.1752595806223,False
48,ABETA,12.930598506947206,False
48,MMSE,-99.54254468569339,False
49,ADAS13,-584.319864715511,False
49,EntorhinalNorm,21.727034834315482,False
49,RAVLT_immediate,1.744735189164217,False
49,TAU,-122.01482732341499,False
49,VentricleNorm,145.73628570477675,False
49,MidTempNorm,412.97419095919054,False
49,PTAU,-70.18310773548754,False
49,HippocampusNorm,-126.97185960741702,False
49,WholeBrainNorm,13.529224979623763,False
49,FusiformNorm,123.9172976523021,False
49,ABETA,17.32085260489822,False
49,MMSE,-102.60329221067495,False
50,ADAS13,87.68113591656027,True
50,EntorhinalNorm,46.219030843477185,True
50,RAVLT_immediate,-157.52252110799296,True
50,TAU,15.093666470472474,True
50,VentricleNorm,-141.80364398316604,True
50,MidTempNorm,-61.14314429890109,True
50,PTAU,78.76588085840403,True
50,HippocampusNorm,-7.190544072556975,True
50,WholeBrainNorm,16.507336864988073,True
50,FusiformNorm,-337.6440469744608,True
50,ABETA,210.12709539737915,True
50,MMSE,-98.01099292788666,True
51,ADAS13,769.0308226430018,True
51,EntorhinalNorm,39.86968319240609,True
51,RAVLT_immediate,-91.8948947646327,True
51,TAU,-94.9672642002814,True
51,VentricleNorm,-49.745333048932196,True
51,MidTempNorm,416.91551998466264,True
51,PTAU,1.772783160910727,True
51,HippocampusNorm,-106.79124726976033,True
51,WholeBrainNorm,10.451228551943137,True
51,FusiformNorm,396.201683519437,True
51,ABETA,114.52869757101496,True
51,MMSE,-89.50251690482578,True
52,ADAS13,323.59887842020873,True
52,EntorhinalNorm,55.242310309665214,True
52,RAVLT_immediate,-177.6436129360428,True
52,TAU,26.01417507485136,True
52,VentricleNorm,-327.5688446754963,True
52,MidTempNorm,204.01466982563107,True
52,PTAU,62.593273527821516,True
52,HippocampusNorm,-97.32968643891309,True
52,WholeBrainNorm,-25.356298555493385,True
52,FusiformNorm,864.7308568523274,True
52,ABETA,31.404460317809594,True
52,MMSE,-85.87839253917463,True
53,ADAS13,714.1265294555138,True
53,EntorhinalNorm,99.37465846465126,True
53,RAVLT_immediate,-162.29800200355504,True
53,TAU,-0.36660925641753295,True
53,VentricleNorm,-137.26837626854464,True
53,MidTempNorm,186.26599570107987,True
53,PTAU,-39.412323376621686,True
53,HippocampusNorm,-165.1897695679889,True
53,WholeBrainNorm,-39.425747732135164,True
53,FusiformNorm,487.24450442997994,True
53,ABETA,102.71643415888168,True
53,MMSE,-98.31350694216833,True
54,ADAS13,238.8412846037652,True
54,EntorhinalNorm,66.24865863463,True
54,RAVLT_immediate,-213.44622851691454,True
54,TAU,20.320033568337536,True
54,VentricleNorm,-101.25676515512204,True
54,MidTempNorm,427.403891900394,True
54,PTAU,73.94418068298494,True
54,HippocampusNorm,-238.16234805947482,True
54,WholeBrainNorm,36.73583809260129,True
54,FusiformNorm,1021.1736190146817,True
54,ABETA,185.9708544007916,True
54,MMSE,-99.53265471936449,True
55,ADAS13,97.40054000584749,True
55,EntorhinalNorm,-41.43233858646942,True
55,RAVLT_immediate,-117.34361834991135,True
55,TAU,15.551477032990235,True
55,VentricleNorm,113.8527778139046,True
55,MidTempNorm,-79.45197412139021,True
55,PTAU,-88.33009964787614,True
55,HippocampusNorm,-122.31458729074593,True
55,WholeBrainNorm,11.930238662727865,True
55,FusiformNorm,95.2953366289565,True
55,ABETA,4.763798489573162,True
55,MMSE,-95.04970858504923,True
56,ADAS13,-521.9212131845098,False
56,EntorhinalNorm,3.768689359654486,False
56,RAVLT_immediate,135.8428748538252,False
56,TAU,-85.16756855567692,False
56,VentricleNorm,289.8401472180851,False
56,MidTempNorm,477.0137175646446,False
56,PTAU,-96.94796847384481,False
56,HippocampusNorm,-65.98604028818578,False
56,WholeBrainNorm,-18.811571078611337,False
56,FusiformNorm,171.05971805118435,False
56,ABETA,-66.21378659220375,False
56,MMSE,-95.3909137802696,False
57,ADAS13,352.97501348954813,True
57,EntorhinalNorm,76.8721138393773,True
57,RAVLT_immediate,0.6271989489334544,True
57,TAU,-0.6351411877660116,True
57,VentricleNorm,111.91893717905643,True
57,MidTempNorm,544.3374584133935,True
57,PTAU,-10.565400672185547,True
57,HippocampusNorm,-154.56804857001288,True
57,WholeBrainNorm,39.01070482521272,True
57,FusiformNorm,366.08081258113003,True
57,ABETA,66.88892842807591,True
57,MMSE,-99.12951199003754,True
58,ADAS13,591.5746260690538,True
58,EntorhinalNorm,10.746541522122925,True
58,RAVLT_immediate,-246.6333846650421,True
58,TAU,8.546078267094444,True
58,VentricleNorm,-92.53035081063136,True
58,MidTempNorm,179.06880630765366,True
58,PTAU,52.62836850188631,True
58,HippocampusNorm,-143.62147812987726,True
58,WholeBrainNorm,5.457583752091598,True
58,FusiformNorm,385.5446901294014,True
58,ABETA,-7.473707070613386,True
58,MMSE,-99.66954064634352,True
59,ADAS13,237.8215827813393,True
59,EntorhinalNorm,73.89021094797454,True
59,RAVLT_immediate,120.07726552877608,True
59,TAU,-0.3267651539557903,True
59,VentricleNorm,-252.5586810566195,True
59,MidTempNorm,78.64306012384661,True
59,PTAU,69.24479207275192,True
59,HippocampusNorm,-66.39636755043153,True
59,WholeBrainNorm,-15.976068288859132,True
59,FusiformNorm,91.0193835430336,True
59,ABETA,241.39413236492885,True
59,MMSE,-91.32760780555897,True
60,ADAS13,-477.4952917170386,False
60,EntorhinalNorm,1.81061049517474,False
60,RAVLT_immediate,-163.02110566876297,False
60,TAU,-85.96644427220704,False
60,VentricleNorm,342.606939806863,False
60,MidTempNorm,775.9999878897686,False
60,PTAU,-47.43402067276774,False
60,HippocampusNorm,-191.97422540600155,False
60,WholeBrainNorm,2.0019260107702843,False
60,FusiformNorm,223.27886161959086,False
60,ABETA,291.6963199085683,False
60,MMSE,-96.49930979382135,False
61,ADAS13,-405.5218196469718,False
61,EntorhinalNorm,-1.329610366038854,False
61,RAVLT_immediate,-75.34857172495114,False
61,TAU,-63.34921405705994,False
61,VentricleNorm,128.38502210679871,False
61,MidTempNorm,246.7109649221057,False
61,PTAU,-41.427254926775554,False
61,HippocampusNorm,-150.99613884687517,False
61,WholeBrainNorm,10.046634358032321,False
61,FusiformNorm,-31.826677784677827,False
61,ABETA,258.607756627046,False
61,MMSE,-94.59966304450474,False
62,ADAS13,-457.83437267645513,False
62,EntorhinalNorm,13.971124792307752,False
62,RAVLT_immediate,-34.32108338317945,False
62,TAU,-115.69428298917849,False
62,VentricleNorm,24.01383001224886,False
62,MidTempNorm,474.38345143397277,False
62,PTAU,-87.07692589262547,False
62,HippocampusNorm,-135.73032851975537,False
62,WholeBrainNorm,4.813602588542704,False
62,FusiformNorm,257.3949866804404,False
62,ABETA,331.29633169110787,False
62,MMSE,-97.88701112915824,False
63,ADAS13,57.169980779352215,True
63,EntorhinalNorm,37.4520796458741,True
63,RAVLT_immediate,-197.38427655110587,True
63,TAU,38.07315504885327,True
63,VentricleNorm,199.49543182363436,True
63,MidTempNorm,262.85519391128884,True
63,PTAU,-48.357443026137865,True
63,HippocampusNorm,-142.71279763140515,True
63,WholeBrainNorm,0.5108794763262405,True
63,FusiformNorm,433.5435633378694,True
63,ABETA,139.23087837682868,True
63,MMSE,-91.00488573057544,True
64,ADAS13,372.4080221849896,True
64,EntorhinalNorm,11.87166298534035,True
64,RAVLT_immediate,-201.0919089552678,True
64,TAU,25.871461394816038,True
64,VentricleNorm,-181.24307291233504,True
64,MidTempNorm,295.2278568646906,True
64,PTAU,-94.36206156877134,True
64,HippocampusNorm,-171.1314351888422,True
64,WholeBrainNorm,-29.404109791670216,True
64,FusiformNorm,490.6023989473818,True
64,ABETA,263.7275663588874,True
64,MMSE,-103.99554939315423,True
65,ADAS13,650.4634985129296,True
65,EntorhinalNorm,48.511846661752465,True
65,RAVLT_immediate,-180.76922067606625,True
65,TAU,45.012810201310806,True
65,VentricleNorm,-263.7202736890618,True
65,MidTempNorm,89.7362749904416,True
65,PTAU,70.76408840282947,True
65,HippocampusNorm,-114.392569220697,True
65,WholeBrainNorm,1.0380405381840252,True
65,FusiformNorm,369.5753543717118,True
65,ABETA,-78.91353703507653,True
65,MMSE,-100.91353757433332,True
66,ADAS13,-615.6791723099767,False
66,EntorhinalNorm,-19.96635872644671,False
66,RAVLT_immediate,111.79269110029837,False
66,TAU,-130.4805026995906,False
66,VentricleNorm,517.9259112958432,False
66,MidTempNorm,124.48157132297823,False
66,PTAU,-142.65803926665143,False
66,HippocampusNorm,-76.64868990748624,False
66,WholeBrainNorm,29.38131937224725,False
66,FusiformNorm,733.7089366531341,False
66,ABETA,50.67649305132653,False
66,MMSE,-100.37055635777156,False
67,ADAS13,437.60978429305067,True
67,EntorhinalNorm,32.330654938332316,True
67,RAVLT_immediate,-148.41652943701234,True
67,TAU,-94.10469093100214,True
67,VentricleNorm,-14.502351522541176,True
67,MidTempNorm,425.363927385628,True
67,PTAU,-22.40270623148176,True
67,HippocampusNorm,-81.24136336094088,True
67,WholeBrainNorm,20.562797495795902,True
67,FusiformNorm,517.027074135686,True
67,ABETA,-197.89372430209795,True
67,MMSE,-99.1856504686821,True
68,ADAS13,24.364249605669386,True
68,EntorhinalNorm,12.769629683188327,True
68,RAVLT_immediate,-205.9995047703407,True
68,TAU,31.93654052947209,True
68,VentricleNorm,130.26182041610602,True
68,MidTempNorm,537.232506026068,True
68,PTAU,-43.103414451744456,True
68,HippocampusNorm,-166.76711327348207,True
68,WholeBrainNorm,-25.01400273942875,True
68,FusiformNorm,531.8101750736809,True
68,ABETA,343.1443386359694,True
68,MMSE,-100.92845818287265,True
69,ADAS13,418.01717792110924,True
69,EntorhinalNorm,48.71880534197448,True
69,RAVLT_immediate,-199.46490308331443,True
69,TAU,34.87484057654699,True
69,VentricleNorm,37.494743616181495,True
69,MidTempNorm,137.55852211896382,True
69,PTAU,-43.87681402138659,True
69,HippocampusNorm,-148.4244749001272,True
69,WholeBrainNorm,-33.64771239257361,True
69,FusiformNorm,617.4127245412192,True
69,ABETA,262.49615558923824,True
69,MMSE,-92.57594601602348,True
70,ADAS13,89.89079486327103,True
70,EntorhinalNorm,64.73666979358659,True
70,RAVLT_immediate,-94.22020741260403,True
70,TAU,24.733343942956136,True
70,VentricleNorm,-216.5729318443424,True
70,MidTempNorm,134.18590552910047,True
70,PTAU,58.674990098712136,True
70,HippocampusNorm,-138.16898134762755,True
70,WholeBrainNorm,274.85690421383777,True
70,FusiformNorm,298.33288320114013,True
70,ABETA,-18.747448912380264,True
70,MMSE,-96.61359078627963,True
71,ADAS13,-1.7908966231625527,True
71,EntorhinalNorm,23.36732945124849,True
71,RAVLT_immediate,-204.48198584606237,True
71,TAU,65.77333264244713,True
71,VentricleNorm,-149.70810736095333,True
71,MidTempNorm,556.6035467774135,True
71,PTAU,78.08676258894286,True
71,HippocampusNorm,-140.39301275535553,True
71,WholeBrainNorm,-3.610448689509419,True
71,FusiformNorm,239.85359585336448,True
71,ABETA,-48.10879256743968,True
71,MMSE,-96.70251558339342,True
72,ADAS13,230.0565284880267,True
72,EntorhinalNorm,73.33998719494554,True
72,RAVLT_immediate,-254.88341221053344,True
72,TAU,-19.29459064462082,True
72,VentricleNorm,-165.6528115806484,True
72,MidTempNorm,549.4563716961935,True
72,PTAU,63.17072163342885,True
72,HippocampusNorm,-142.53452699756846,True
72,WholeBrainNorm,14.34935394248104,True
72,FusiformNorm,126.76783876731807,True
72,ABETA,180.4774712257674,True
72,MMSE,-102.11400909340931,True
73,ADAS13,629.2224000446362,True
73,EntorhinalNorm,42.48942727585842,True
73,RAVLT_immediate,-144.72842928033782,True
73,TAU,45.41215866743854,True
73,VentricleNorm,-221.33792594319982,True
73,MidTempNorm,95.01365256245722,True
73,PTAU,-37.895852469654336,True
73,HippocampusNorm,-114.46785314578361,True
73,WholeBrainNorm,12.35376733547173,True
73,FusiformNorm,443.1362858065954,True
73,ABETA,39.745222566133265,True
73,MMSE,-101.88857152010263,True
74,ADAS13,169.5992865954848,True
74,EntorhinalNorm,-24.495574204636277,True
74,RAVLT_immediate,-157.14231186749595,True
74,TAU,1.0983353164380105,True
74,VentricleNorm,-191.66671601089237,True
74,MidTempNorm,244.55277091722553,True
74,PTAU,65.4423691620332,True
74,HippocampusNorm,-177.9271721916793,True
74,WholeBrainNorm,-3.8460985185854986,True
74,FusiformNorm,399.207461440528,True
74,ABETA,31.55868818944282,True
74,MMSE,-93.31570076496709,True
75,ADAS13,283.9326855036456,True
75,EntorhinalNorm,70.05018592446125,True
75,RAVLT_immediate,-112.52453657176866,True
75,TAU,-22.925535104002044,True
75,VentricleNorm,290.27972693750144,True
75,MidTempNorm,35.27291429387631,True
75,PTAU,-50.06194869035436,True
75,HippocampusNorm,-69.07548206569079,True
75,WholeBrainNorm,-20.35004763433553,True
75,FusiformNorm,146.17306480311365,True
75,ABETA,554.8027170059115,True
75,MMSE,-94.9048533099688,True
76,ADAS13,490.05563351477906,True
76,EntorhinalNorm,80.10975410032495,True
76,RAVLT_immediate,-142.02290038912167,True
76,TAU,1.3830332089584907,True
76,VentricleNorm,-260.4243156512807,True
76,MidTempNorm,-4.823335608547325,True
76,PTAU,11.305374615447576,True
76,HippocampusNorm,-146.9163063281007,True
76,WholeBrainNorm,-41.211612845151784,True
76,FusiformNorm,371.47855410550795,True
76,ABETA,118.28676596690262,True
76,MMSE,-94.50800941887407,True
77,ADAS13,-58.06843069879312,True
77,EntorhinalNorm,-14.933159010945111,True
77,RAVLT_immediate,-85.44127723529704,True
77,TAU,11.21717542931702,True
77,VentricleNorm,-86.47268548181029,True
77,MidTempNorm,287.86414579740193,True
77,PTAU,62.523244569262935,True
77,HippocampusNorm,-121.07775681506183,True
77,WholeBrainNorm,-9.225681271034412,True
77,FusiformNorm,566.521173761092,True
77,ABETA,79.59659629005826,True
77,MMSE,-95.49676705628195,True
78,ADAS13,291.7709068097349,True
78,EntorhinalNorm,22.422828316490104,True
78,RAVLT_immediate,53.63762605085387,True
78,TAU,0.22522608695525115,True
78,VentricleNorm,-201.3693139264259,True
78,MidTempNorm,314.96200564114815,True
78,PTAU,-64.57716823512465,True
78,HippocampusNorm,-39.14244679850535,True
78,WholeBrainNorm,-10.746238227227318,True
78,FusiformNorm,73.82080135393556,True
78,ABETA,149.04228863987916,True
78,MMSE,-97.2947073104633,True
79,ADAS13,-590.7255296496373,False
79,EntorhinalNorm,-16.035171913218857,False
79,RAVLT_immediate,2.624226070315842,False
79,TAU,-101.13859710484779,False
79,VentricleNorm,87.74700899373882,False
79,MidTempNorm,526.0460453202879,False
79,PTAU,-34.28620326764258,False
79,HippocampusNorm,-142.29265632450452,False
79,WholeBrainNorm,10.942326584808033,False
79,FusiformNorm,435.64769584285375,False
79,ABETA,504.5022469408982,False
79,MMSE,-96.29753189394137,False
80,ADAS13,572.3879044488785,True
80,EntorhinalNorm,-12.399800457511681,True
80,RAVLT_immediate,-126.82895175639588,True
80,TAU,20.547808188106842,True
80,VentricleNorm,139.52511506916952,True
80,MidTempNorm,489.37435742782463,True
80,PTAU,-78.83921757319733,True
80,HippocampusNorm,-158.06592451284322,True
80,WholeBrainNorm,19.10409898230328,True
80,FusiformNorm,356.75187949670766,True
80,ABETA,296.7577132112808,True
80,MMSE,-104.10398878374272,True
81,ADAS13,410.7087927567501,True
81,EntorhinalNorm,25.506006778320874,True
81,RAVLT_immediate,-186.85843725177818,True
81,TAU,4.901896189127795,True
81,VentricleNorm,-230.80022983481027,True
81,MidTempNorm,-114.73478988920337,True
81,PTAU,-20.024458394978943,True
81,HippocampusNorm,-165.44406077852722,True
81,WholeBrainNorm,17.423592021209306,True
81,FusiformNorm,285.83737991901467,True
81,ABETA,123.94825175787248,True
81,MMSE,-94.22802018979684,True
82,ADAS13,310.81830193603963,True
82,EntorhinalNorm,21.066262351884802,True
82,RAVLT_immediate,-111.05348780444865,True
82,TAU,13.057428631383173,True
82,VentricleNorm,-62.49731716563289,True
82,MidTempNorm,202.7714441139795,True
82,PTAU,64.59000579368087,True
82,HippocampusNorm,-102.60364848366504,True
82,WholeBrainNorm,167.78738388236613,True
82,FusiformNorm,940.6724237832706,True
82,ABETA,84.05106516164777,True
82,MMSE,-96.12854625374409,True
83,ADAS13,301.4765646209064,True
83,EntorhinalNorm,8.164721417979656,True
83,RAVLT_immediate,-176.85523059568612,True
83,TAU,-124.56835783903294,True
83,VentricleNorm,412.97301447853135,True
83,MidTempNorm,381.868836420526,True
83,PTAU,-79.21821859668151,True
83,HippocampusNorm,-138.88897243133295,True
83,WholeBrainNorm,-19.26932184852096,True
83,FusiformNorm,663.1429641203429,True
83,ABETA,-160.87725266289493,True
83,MMSE,-99.23517599986663,True
84,ADAS13,236.4017752763913,True
84,EntorhinalNorm,45.143918247390985,True
84,RAVLT_immediate,12.778863417580453,True
84,TAU,60.390447232241165,True
84,VentricleNorm,-190.4201134514515,True
84,MidTempNorm,316.4464766854366,True
84,PTAU,-63.09073359218363,True
84,HippocampusNorm,-186.70351619490265,True
84,WholeBrainNorm,-7.481253912915753,True
84,FusiformNorm,334.5540057774541,True
84,ABETA,132.4523789452064,True
84,MMSE,-100.58457893168988,True
85,ADAS13,51.558144855429674,True
85,EntorhinalNorm,63.38591098534344,True
85,RAVLT_immediate,7.747173907141956,True
85,TAU,33.9672036679127,True
85,VentricleNorm,-147.41902601607686,True
85,MidTempNorm,498.41222279150315,True
85,PTAU,50.02197446975899,True
85,HippocampusNorm,207.96911579817117,True
85,WholeBrainNorm,-1.4035705447452358,True
85,FusiformNorm,324.63586477896,True
85,ABETA,450.51959262025804,True
85,MMSE,-98.26854580870256,True
86,ADAS13,306.9947932945629,True
86,EntorhinalNorm,61.945285664159286,True
86,RAVLT_immediate,-79.05888237036473,True
86,TAU,27.038292397796226,True
86,VentricleNorm,-161.30342945998063,True
86,MidTempNorm,-44.01405599212677,True
86,PTAU,71.2500107325806,True
86,HippocampusNorm,-166.4510817649484,True
86,WholeBrainNorm,218.38558609212356,True
86,FusiformNorm,675.4372497131608,True
86,ABETA,171.29348000732344,True
86,MMSE,-93.19854327039107,True
87,ADAS13,128.99641755589778,True
87,EntorhinalNorm,83.24617325891376,True
87,RAVLT_immediate,-187.22338456927514,True
87,TAU,32.883080911813664,True
87,VentricleNorm,-242.90663636130608,True
87,MidTempNorm,374.8498402225357,True
87,PTAU,-79.59926470305996,True
87,HippocampusNorm,-152.33425964031406,True
87,WholeBrainNorm,4.214337880268264,True
87,FusiformNorm,225.22105053934035,True
87,ABETA,105.30401110749145,True
87,MMSE,-98.8922698944747,True
88,ADAS13,381.8977380810443,True
88,EntorhinalNorm,140.99024743215725,True
88,RAVLT_immediate,-179.42555913386488,True
88,TAU,-1.1619664079532672,True
88,VentricleNorm,34.9794625428742,True
88,MidTempNorm,452.7928946749216,True
88,PTAU,-58.93451804323711,True
88,HippocampusNorm,-166.03609669627193,True
88,WholeBrainNorm,3.4296536501246413,True
88,FusiformNorm,449.51389882911036,True
88,ABETA,168.82192755709914,True
88,MMSE,-98.61637763464697,True
89,ADAS13,66.57315916579083,True
89,EntorhinalNorm,69.19729788067562,True
89,RAVLT_immediate,-106.75564573902642,True
89,TAU,-4.738452340847791,True
89,VentricleNorm,-76.13181463992302,True
89,MidTempNorm,469.88938342686276,True
89,PTAU,69.9342205590656,True
89,HippocampusNorm,134.85361350544403,True
89,WholeBrainNorm,-32.820753280964624,True
89,FusiformNorm,615.5338795291623,True
89,ABETA,334.06931324345175,True
89,MMSE,-95.10553028651114,True
90,ADAS13,-584.0670187163249,False
90,EntorhinalNorm,-30.23741170312783,False
90,RAVLT_immediate,5.948152758139855,False
90,TAU,-82.53331745473369,False
90,VentricleNorm,314.12522166562576,False
90,MidTempNorm,263.1863325355188,False
90,PTAU,-51.793343949916085,False
90,HippocampusNorm,-184.22560353236872,False
90,WholeBrainNorm,-10.345881095902586,False
90,FusiformNorm,-118.17553522327927,False
90,ABETA,390.1320984580809,False
90,MMSE,-103.01522412550462,False
91,ADAS13,-583.5734914412327,False
91,EntorhinalNorm,-8.801651591510105,False
91,RAVLT_immediate,-33.7675589601161,False
91,TAU,-94.40805273856834,False
91,VentricleNorm,-36.599115560340636,False
91,MidTempNorm,455.40163827751894,False
91,PTAU,-91.82282468099643,False
91,HippocampusNorm,-130.90070804697143,False
91,WholeBrainNorm,51.8256121310592,False
91,FusiformNorm,140.72970065173027,False
91,ABETA,311.3820697703136,False
91,MMSE,-94.07409895017643,False
92,ADAS13,109.862453242659,True
92,EntorhinalNorm,29.431921746334503,True
92,RAVLT_immediate,-212.86292206297816,True
92,TAU,7.779922661063987,True
92,VentricleNorm,-98.05636397757152,True
92,MidTempNorm,365.8266415417297,True
92,PTAU,-11.718306190674639,True
92,HippocampusNorm,-125.37928349496492,True
92,WholeBrainNorm,-13.96494566606021,True
92,FusiformNorm,126.3849514736172,True
92,ABETA,-244.80840263662952,True
92,MMSE,-95.85885362744936,True
93,ADAS13,429.91212982745094,True
93,EntorhinalNorm,34.049482706772764,True
93,RAVLT_immediate,-181.2397734931204,True
93,TAU,-9.143634375929116,True
93,VentricleNorm,-188.75815934291134,True
93,MidTempNorm,278.30262684038894,True
93,PTAU,4.040932755123215,True
93,HippocampusNorm,-102.42925273532788,True
93,WholeBrainNorm,-5.909754108086981,True
93,FusiformNorm,-395.0361391809978,True
93,ABETA,61.087339934239694,True
93,MMSE,-99.00131873589001,True
94,ADAS13,490.0835118684297,True
94,EntorhinalNorm,63.80102461346951,True
94,RAVLT_immediate,-140.4691964664203,True
94,TAU,-4.962294970376865,True
94,VentricleNorm,-275.0453612823154,True
94,MidTempNorm,405.65793001388505,True
94,PTAU,62.11338285371615,True
94,HippocampusNorm,-152.5153954421914,True
94,WholeBrainNorm,-36.51299171065954,True
94,FusiformNorm,707.0414983381004,True
94,ABETA,104.99528711437459,True
94,MMSE,-107.37242912341796,True
95,ADAS13,628.5160600390409,True
95,EntorhinalNorm,7.841110001490193,True
95,RAVLT_immediate,-213.05442907377892,True
95,TAU,-8.285802517136196,True
95,VentricleNorm,-225.7946167662099,True
95,MidTempNorm,165.5309304651961,True
95,PTAU,63.15054146361582,True
95,HippocampusNorm,-111.81921224043074,True
95,WholeBrainNorm,1.2115122969464396,True
95,FusiformNorm,781.0458419587894,True
95,ABETA,96.85818894739232,True
95,MMSE,-97.58727257743254,True
96,ADAS13,364.65397914895004,True
96,EntorhinalNorm,76.90496600886296,True
96,RAVLT_immediate,70.32647538905795,True
96,TAU,8.375188535281886,True
96,VentricleNorm,-148.6196421066095,True
96,MidTempNorm,62.922278714352444,True
96,PTAU,71.4273633546763,True
96,HippocampusNorm,-67.71735626582495,True
96,WholeBrainNorm,-0.4317615084013048,True
96,FusiformNorm,-111.14514412049465,True
96,ABETA,-62.498301721514025,True
96,MMSE,-100.2746400811165,True
97,ADAS13,152.75254777122856,True
97,EntorhinalNorm,1.7550155052486147,True
97,RAVLT_immediate,-158.1147864834188,True
97,TAU,41.319565552530676,True
97,VentricleNorm,-79.50091100172844,True
97,MidTempNorm,273.09082409341875,True
97,PTAU,-67.81374745600375,True
97,HippocampusNorm,-135.60504722013815,True
97,WholeBrainNorm,6.563296085746731,True
97,FusiformNorm,505.9512910087732,True
97,ABETA,-35.77974918944105,True
97,MMSE,-93.75179186833,True
98,ADAS13,-540.1030225098991,False
98,EntorhinalNorm,12.711832305544316,False
98,RAVLT_immediate,79.40016664398742,False
98,TAU,-110.07891684086664,False
98,VentricleNorm,274.9681668866982,False
98,MidTempNorm,-342.8343456393107,False
98,PTAU,-44.85454421516405,False
98,HippocampusNorm,-178.8459047741424,False
98,WholeBrainNorm,20.90167899456989,False
98,FusiformNorm,455.9141704747324,False
98,ABETA,112.38841258633701,False
98,MMSE,-94.59374631541276,False
99,ADAS13,233.2763408326769,True
99,EntorhinalNorm,70.22335177964048,True
99,RAVLT_immediate,-99.78399394146345,True
99,TAU,-48.67588487918827,True
99,VentricleNorm,387.2842413318506,True
99,MidTempNorm,-23.97532306250463,True
99,PTAU,-83.79250710885496,True
99,HippocampusNorm,-142.68398900767542,True
99,WholeBrainNorm,23.412772277769502,True
99,FusiformNorm,273.50628248466796,True
99,ABETA,-9.089175301006776,True
99,MMSE,-93.89990472819143,True
100,ADAS13,382.3188283714052,True
100,EntorhinalNorm,87.57831789199253,True
100,RAVLT_immediate,-136.21266924078785,True
100,TAU,-126.24189009102219,True
100,VentricleNorm,43.35396343501988,True
100,MidTempNorm,229.4805896414422,True
100,PTAU,-45.32077356321703,True
100,HippocampusNorm,-74.6378862046641,True
100,WholeBrainNorm,28.056415363653766,True
100,FusiformNorm,212.10845389857496,True
100,ABETA,490.046048500396,True
100,MMSE,-92.11333120113551,True
101,ADAS13,-550.9357895379602,False
101,EntorhinalNorm,40.38762438098837,False
101,RAVLT_immediate,-185.88385987045143,False
101,TAU,-142.59232783085787,False
101,VentricleNorm,425.5409345910248,False
101,MidTempNorm,386.5029746737258,False
101,PTAU,-69.28050995368204,False
101,HippocampusNorm,-104.53683281131522,False
101,WholeBrainNorm,12.382597498419038,False
101,FusiformNorm,70.81859209567835,False
101,ABETA,302.77278775663314,False
101,MMSE,-93.15187761117677,False
102,ADAS13,-84.49761440626446,True
102,EntorhinalNorm,-42.29094352530037,True
102,RAVLT_immediate,-13.182492655919361,True
102,TAU,-13.645492814388634,True
102,VentricleNorm,-207.21641996952002,True
102,MidTempNorm,267.28466428268905,True
102,PTAU,69.48137053378659,True
102,HippocampusNorm,-89.72114679209574,True
102,WholeBrainNorm,-8.747348402810484,True
102,FusiformNorm,319.13435415531285,True
102,ABETA,111.57214046847807,True
102,MMSE,-107.62757546626038,True
103,ADAS13,347.7478858665676,True
103,EntorhinalNorm,35.08811418159068,True
103,RAVLT_immediate,-203.20367226169594,True
103,TAU,31.551972451439134,True
103,VentricleNorm,-200.84494759337434,True
103,MidTempNorm,168.93884804174607,True
103,PTAU,61.49898304874045,True
103,HippocampusNorm,-272.4579052166099,True
103,WholeBrainNorm,-24.065456420806687,True
103,FusiformNorm,64.08903878140814,True
103,ABETA,49.78466727833812,True
103,MMSE,-95.5895904471522,True
104,ADAS13,378.4288199940613,True
104,EntorhinalNorm,108.42044508634199,True
104,RAVLT_immediate,-105.22956130118172,True
104,TAU,-31.465351867007207,True
104,VentricleNorm,-189.02977109072054,True
104,MidTempNorm,138.09967695665512,True
104,PTAU,-73.28239053321991,True
104,HippocampusNorm,-80.43271406284907,True
104,WholeBrainNorm,-9.770174856804076,True
104,FusiformNorm,-162.0582961010668,True
104,ABETA,245.31304790827164,True
104,MMSE,-93.62666445510017,True
105,ADAS13,153.00690436231716,True
105,EntorhinalNorm,83.51488904321512,True
105,RAVLT_immediate,-277.56375268668455,True
105,TAU,19.469881024947206,True
105,VentricleNorm,-174.30632499510222,True
105,MidTempNorm,185.21595315562925,True
105,PTAU,75.30425508079891,True
105,HippocampusNorm,-97.10684424883755,True
105,WholeBrainNorm,31.84619852347663,True
105,FusiformNorm,226.62059743487293,True
105,ABETA,369.9536174737714,True
105,MMSE,-105.69311766720635,True
106,ADAS13,170.23566643885525,True
106,EntorhinalNorm,99.61079538626234,True
106,RAVLT_immediate,-374.39520526867227,True
106,TAU,-2.083565520105571,True
106,VentricleNorm,-177.80596629739168,True
106,MidTempNorm,493.08509161611914,True
106,PTAU,-19.27098444011657,True
106,HippocampusNorm,-128.35284896507298,True
106,WholeBrainNorm,17.605769527514365,True
106,FusiformNorm,809.5889881746036,True
106,ABETA,340.6663996887616,True
106,MMSE,-95.71519338909978,True
107,ADAS13,291.95308434462527,True
107,EntorhinalNorm,-26.0220337263276,True
107,RAVLT_immediate,-202.49638893184,True
107,TAU,18.096746421480393,True
107,VentricleNorm,484.66934995409656,True
107,MidTempNorm,414.46632013690896,True
107,PTAU,-39.20426106641224,True
107,HippocampusNorm,-193.13302126224764,True
107,WholeBrainNorm,21.17789227299155,True
107,FusiformNorm,296.0510099188912,True
107,ABETA,67.7184147073764,True
107,MMSE,-102.52125379053902,True
108,ADAS13,163.03928998746767,True
108,EntorhinalNorm,90.27848307058304,True
108,RAVLT_immediate,36.73281276504267,True
108,TAU,36.74697571422357,True
108,VentricleNorm,-180.93518299566642,True
108,MidTempNorm,145.96116133503162,True
108,PTAU,55.89353330369265,True
108,HippocampusNorm,-81.16633886435794,True
108,WholeBrainNorm,83.03490162805161,True
108,FusiformNorm,350.3984324568597,True
108,ABETA,46.43770014059611,True
108,MMSE,-105.2091826020839,True
109,ADAS13,550.0235642235017,True
109,EntorhinalNorm,90.36934668114138,True
109,RAVLT_immediate,-281.1615121745639,True
109,TAU,25.403220805213575,True
109,VentricleNorm,-311.1859261706131,True
109,MidTempNorm,-124.62605120041826,True
109,PTAU,-41.220070134901185,True
109,HippocampusNorm,-184.3871478780062,True
109,WholeBrainNorm,43.0742738425327,True
109,FusiformNorm,43.64427072403322,True
109,ABETA,-54.64108132358075,True
109,MMSE,-95.56381939861166,True
110,ADAS13,324.49708792682304,True
110,EntorhinalNorm,80.45209309207826,True
110,RAVLT_immediate,106.64063062691491,True
110,TAU,12.080342346777911,True
110,VentricleNorm,-173.8398295016408,True
110,MidTempNorm,79.84442508013638,True
110,PTAU,73.43777369888222,True
110,HippocampusNorm,-114.58501990899185,True
110,WholeBrainNorm,6.265922321092548,True
110,FusiformNorm,-651.6948174549118,True
110,ABETA,141.64861863132478,True
110,MMSE,-94.58170259324874,True
111,ADAS13,387.9233230473907,True
111,EntorhinalNorm,27.89529414824521,True
111,RAVLT_immediate,-72.64838197582644,True
111,TAU,-83.25013706436975,True
111,VentricleNorm,66.34034355260644,True
111,MidTempNorm,237.29766519704106,True
111,PTAU,-23.282396484768626,True
111,HippocampusNorm,-90.70616171997537,True
111,WholeBrainNorm,-2.1720265298640324,True
111,FusiformNorm,169.70957061950526,True
111,ABETA,183.8221787356127,True
111,MMSE,-100.97358448926956,True
112,ADAS13,173.38663446891675,True
112,EntorhinalNorm,78.3701520020585,True
112,RAVLT_immediate,47.27742840341335,True
112,TAU,58.0138504089554,True
112,VentricleNorm,-268.80235293685854,True
112,MidTempNorm,357.04754436109647,True
112,PTAU,60.24843384539277,True
112,HippocampusNorm,-93.08165565957884,True
112,WholeBrainNorm,5.402080674913095,True
112,FusiformNorm,636.4891764325782,True
112,ABETA,194.89009113050184,True
112,MMSE,-105.94289489365967,True
113,ADAS13,282.3589028491713,True
113,EntorhinalNorm,75.85067773585703,True
113,RAVLT_immediate,-0.4527136511044745,True
113,TAU,45.49292935890848,True
113,VentricleNorm,415.93956473752246,True
113,MidTempNorm,620.6317604989424,True
113,PTAU,-22.898888042639953,True
113,HippocampusNorm,-87.75854392593175,True
113,WholeBrainNorm,-45.74859739377704,True
113,FusiformNorm,302.7583743052948,True
113,ABETA,230.58136650068684,True
113,MMSE,-96.22967135157468,True
114,ADAS13,327.2358378892275,True
114,EntorhinalNorm,130.20642035435785,True
114,RAVLT_immediate,-110.27614471879964,True
114,TAU,30.11728767828589,True
114,VentricleNorm,-187.62180568391412,True
114,MidTempNorm,-184.79041969202578,True
114,PTAU,76.18139270446203,True
114,HippocampusNorm,-195.04122874239198,True
114,WholeBrainNorm,168.9250517874618,True
114,FusiformNorm,282.2522030426491,True
114,ABETA,409.68583367754684,True
114,MMSE,-99.51844659804489,True
115,ADAS13,374.2322005195669,True
115,EntorhinalNorm,74.23104613101694,True
115,RAVLT_immediate,-61.6659641715011,True
115,TAU,31.911283139192854,True
115,VentricleNorm,-92.75961147977311,True
115,MidTempNorm,90.08483826760333,True
115,PTAU,-127.08379783351215,True
115,HippocampusNorm,-224.59452290822168,True
115,WholeBrainNorm,-10.638520136645628,True
115,FusiformNorm,1000.2815389135669,True
115,ABETA,242.21844875605058,True
115,MMSE,-105.25348308661944,True
116,ADAS13,654.9132400640408,True
116,EntorhinalNorm,114.89326105671935,True
116,RAVLT_immediate,-267.1911287992475,True
116,TAU,28.843555713784927,True
116,VentricleNorm,-129.01000765864785,True
116,MidTempNorm,138.1227293401456,True
116,PTAU,-63.25463093669336,True
116,HippocampusNorm,-148.78169836784087,True
116,WholeBrainNorm,27.600690529489903,True
116,FusiformNorm,1099.9733850032994,True
116,ABETA,145.04619709158658,True
116,MMSE,-92.37222333534714,True
117,ADAS13,227.83243294733336,True
117,EntorhinalNorm,69.17982427455031,True
117,RAVLT_immediate,-108.30866102317745,True
117,TAU,13.010678698504108,True
117,VentricleNorm,-85.46134276350581,True
117,MidTempNorm,176.23170711408102,True
117,PTAU,-126.12016253640778,True
117,HippocampusNorm,-127.64067145958765,True
117,WholeBrainNorm,10.519188656451885,True
117,FusiformNorm,-309.2481045594943,True
117,ABETA,232.18549981467902,True
117,MMSE,-103.10332117261842,True
118,ADAS13,404.3167368713824,True
118,EntorhinalNorm,101.90612697306747,True
118,RAVLT_immediate,-135.4085013375681,True
118,TAU,-33.05541103411666,True
118,VentricleNorm,-186.83250198678934,True
118,MidTempNorm,-215.0641220112664,True
118,PTAU,-56.79901087843422,True
118,HippocampusNorm,-105.76700750279872,True
118,WholeBrainNorm,6.017991816847254,True
118,FusiformNorm,597.0459522190577,True
118,ABETA,-238.47611049981776,True
118,MMSE,-96.64186552742414,True
119,ADAS13,856.5773288579447,True
119,EntorhinalNorm,78.87757919576242,True
119,RAVLT_immediate,-140.02642382173732,True
119,TAU,-24.981965144283123,True
119,VentricleNorm,-110.21236562490502,True
119,MidTempNorm,-197.10559161013504,True
119,PTAU,-22.286580729667577,True
119,HippocampusNorm,-83.19088900067648,True
119,WholeBrainNorm,-11.264220400553224,True
119,FusiformNorm,663.1978454531238,True
119,ABETA,489.9405671501625,True
119,MMSE,-95.27045152373054,True
120,ADAS13,114.97388763735597,True
120,EntorhinalNorm,10.970515260669593,True
120,RAVLT_immediate,-292.4965375006636,True
120,TAU,25.992752269259583,True
120,VentricleNorm,-107.8217206310851,True
120,MidTempNorm,68.8831957190425,True
120,PTAU,50.89138362708467,True
120,HippocampusNorm,-119.37513901535027,True
120,WholeBrainNorm,322.2406858977331,True
120,FusiformNorm,644.1872238957158,True
120,ABETA,-215.83099297287902,True
120,MMSE,-106.5594823759736,True
121,ADAS13,603.9776053694795,True
121,EntorhinalNorm,9.622569848356491,True
121,RAVLT_immediate,-159.59895637182524,True
121,TAU,26.905127641059174,True
121,VentricleNorm,-56.151797562785276,True
121,MidTempNorm,565.7015689866718,True
121,PTAU,51.86233102239332,True
121,HippocampusNorm,53.45410819402164,True
121,WholeBrainNorm,128.58474243143263,True
121,FusiformNorm,399.2732002794031,True
121,ABETA,123.2162951668167,True
121,MMSE,-101.64124068480693,True
122,ADAS13,561.1733647659075,True
122,EntorhinalNorm,87.72385579517427,True
122,RAVLT_immediate,-158.62395322718132,True
122,TAU,57.84115283822467,True
122,VentricleNorm,-189.06473344994484,True
122,MidTempNorm,245.22928458335542,True
122,PTAU,-104.97246010858561,True
122,HippocampusNorm,-138.76665394555957,True
122,WholeBrainNorm,-24.98087756963251,True
122,FusiformNorm,543.4947271807025,True
122,ABETA,301.5999895237207,True
122,MMSE,-95.58339747016319,True
123,ADAS13,-552.1995587480836,False
123,EntorhinalNorm,44.20668441784363,False
123,RAVLT_immediate,-240.1137511303935,False
123,TAU,-108.05413332083516,False
123,VentricleNorm,-39.30928198217697,False
123,MidTempNorm,-28.237916773357142,False
123,PTAU,6.938182548525461,False
123,HippocampusNorm,-166.85594414002844,False
123,WholeBrainNorm,0.5453520294309879,False
123,FusiformNorm,-529.7421747125328,False
123,ABETA,-76.12985839858311,False
123,MMSE,-97.64550433073133,False
124,ADAS13,582.8340646736239,True
124,EntorhinalNorm,47.58961438684392,True
124,RAVLT_immediate,-93.34648712036726,True
124,TAU,41.15366865342708,True
124,VentricleNorm,-277.34240195922814,True
124,MidTempNorm,32.13755325629745,True
124,PTAU,69.20980658410963,True
124,HippocampusNorm,-149.43005403411044,True
124,WholeBrainNorm,15.888198205793769,True
124,FusiformNorm,59.243911800918625,True
124,ABETA,173.13689553168558,True
124,MMSE,-100.44994119021663,True
125,ADAS13,462.7207138748238,True
125,EntorhinalNorm,36.766994209521215,True
125,RAVLT_immediate,-262.5854792726663,True
125,TAU,8.356559039588618,True
125,VentricleNorm,-365.74257967395977,True
125,MidTempNorm,-22.346803349002982,True
125,PTAU,-90.9443583365223,True
125,HippocampusNorm,-122.37160915953021,True
125,WholeBrainNorm,-27.094034440135992,True
125,FusiformNorm,385.6507962372812,True
125,ABETA,75.66549338014407,True
125,MMSE,-92.91636078551367,True
126,ADAS13,414.44819264329954,True
126,EntorhinalNorm,32.27136504364661,True
126,RAVLT_immediate,-93.82333939913758,True
126,TAU,2.7043397265344407,True
126,VentricleNorm,-106.55727672634461,True
126,MidTempNorm,471.98026420648205,True
126,PTAU,61.259886927331394,True
126,HippocampusNorm,-172.43740922563146,True
126,WholeBrainNorm,28.04602764868326,True
126,FusiformNorm,362.36358453765445,True
126,ABETA,272.49425024959373,True
126,MMSE,-94.68620504626819,True
127,ADAS13,-488.93802548695174,False
127,EntorhinalNorm,-33.04726256820081,False
127,RAVLT_immediate,-205.92520133344965,False
127,TAU,-76.31990377038613,False
127,VentricleNorm,-40.211968515007015,False
127,MidTempNorm,-328.3565594984071,False
127,PTAU,-48.40316396476017,False
127,HippocampusNorm,-63.73457578719294,False
127,WholeBrainNorm,13.703909014136732,False
127,FusiformNorm,105.48379384286278,False
127,ABETA,163.35822742313186,False
127,MMSE,-98.63381293898667,False
128,ADAS13,687.1725038531577,True
128,EntorhinalNorm,86.99479027629472,True
128,RAVLT_immediate,-0.9169384641540717,True
128,TAU,18.27216209268076,True
128,VentricleNorm,-183.1100185896535,True
128,MidTempNorm,-98.58209530802489,True
128,PTAU,-35.41593029688025,True
128,HippocampusNorm,-209.4476517715949,True
128,WholeBrainNorm,-14.835379111961883,True
128,FusiformNorm,383.4965046479445,True
128,ABETA,-55.719329827475576,True
128,MMSE,-99.22339217579196,True
129,ADAS13,164.6338834552011,True
129,EntorhinalNorm,87.17186259069476,True
129,RAVLT_immediate,-106.4939132030497,True
129,TAU,29.534018806263767,True
129,VentricleNorm,-125.82800415996059,True
129,MidTempNorm,353.3452439478313,True
129,PTAU,-26.439637938602594,True
129,HippocampusNorm,-113.91436844962408,True
129,WholeBrainNorm,-25.777024618454885,True
129,FusiformNorm,403.48880388679083,True
129,ABETA,284.4702622541349,True
129,MMSE,-103.45874174165374,True
130,ADAS13,467.19447953847055,True
130,EntorhinalNorm,16.81378287318439,True
130,RAVLT_immediate,-167.19360532075984,True
130,TAU,-12.670158739576602,True
130,VentricleNorm,-212.0817435720229,True
130,MidTempNorm,362.0993572483118,True
130,PTAU,4.131886611514048,True
130,HippocampusNorm,-139.6256431409137,True
130,WholeBrainNorm,-27.971600826907117,True
130,FusiformNorm,281.7430435054138,True
130,ABETA,326.69677909087096,True
130,MMSE,-93.06479701964496,True
131,ADAS13,162.77581018638566,True
131,EntorhinalNorm,3.5297906461793502,True
131,RAVLT_immediate,7.35305490970083,True
131,TAU,16.827889256876727,True
131,VentricleNorm,4.043215126793797,True
131,MidTempNorm,117.79876988663794,True
131,PTAU,71.00556781402159,True
131,HippocampusNorm,-99.31648733216706,True
131,WholeBrainNorm,4.016402509803881,True
131,FusiformNorm,99.42301448491489,True
131,ABETA,-48.94083691540757,True
131,MMSE,-99.70496553960643,True
132,ADAS13,-63.12354185746233,True
132,EntorhinalNorm,115.0851375095456,True
132,RAVLT_immediate,-298.6771052778944,True
132,TAU,19.007365919840126,True
132,VentricleNorm,-208.16089177595606,True
132,MidTempNorm,390.8519138400932,True
132,PTAU,-93.24977117794411,True
132,HippocampusNorm,-143.04932230083907,True
132,WholeBrainNorm,11.499911546184357,True
132,FusiformNorm,278.40546390305155,True
132,ABETA,403.4940329136974,True
132,MMSE,-103.70904039902675,True
133,ADAS13,707.4985466822129,True
133,EntorhinalNorm,46.931984872997596,True
133,RAVLT_immediate,-162.87635652353342,True
133,TAU,-4.278464416076483,True
133,VentricleNorm,-146.36612028966778,True
133,MidTempNorm,165.5456541317006,True
133,PTAU,76.38853278564449,True
133,HippocampusNorm,-138.82865925188025,True
133,WholeBrainNorm,10.526818914265904,True
133,FusiformNorm,689.4475679271843,True
133,ABETA,-0.6820165993897547,True
133,MMSE,-97.99351171104686,True
134,ADAS13,582.0812877334544,True
134,EntorhinalNorm,45.81201268690936,True
134,RAVLT_immediate,-208.92109976141063,True
134,TAU,-10.467274056064197,True
134,VentricleNorm,-225.6244024568791,True
134,MidTempNorm,-21.49072809531208,True
134,PTAU,-136.73768565290317,True
134,HippocampusNorm,-108.08485563323151,True
134,WholeBrainNorm,2.0311518686261847,True
134,FusiformNorm,302.2142953347586,True
134,ABETA,119.06130610523451,True
134,MMSE,-96.52525275710059,True
135,ADAS13,397.4098562095782,True
135,EntorhinalNorm,75.59884809996343,True
135,RAVLT_immediate,-120.41630884306238,True
135,TAU,11.522904231199519,True
135,VentricleNorm,-248.7234750372455,True
135,MidTempNorm,728.9866274830089,True
135,PTAU,33.29080584721737,True
135,HippocampusNorm,-100.81271238088262,True
135,WholeBrainNorm,4.321847450577873,True
135,FusiformNorm,138.4842442491095,True
135,ABETA,-169.3590343801494,True
135,MMSE,-98.06621045567965,True
136,ADAS13,2.4617210780994583,True
136,EntorhinalNorm,94.64984829797639,True
136,RAVLT_immediate,-75.01834192260226,True
136,TAU,44.97272509951046,True
136,VentricleNorm,-210.79849454877984,True
136,MidTempNorm,369.0162750967407,True
136,PTAU,70.49814563217234,True
136,HippocampusNorm,-73.4072333141294,True
136,WholeBrainNorm,-7.729849046337271,True
136,FusiformNorm,622.7984364477616,True
136,ABETA,115.55928105338575,True
136,MMSE,-91.59878045682109,True
137,ADAS13,373.4935411674431,True
137,EntorhinalNorm,60.90172532391886,True
137,RAVLT_immediate,-82.75487964027923,True
137,TAU,-0.9810917848401814,True
137,VentricleNorm,-149.05614851907504,True
137,MidTempNorm,165.36896411356338,True
137,PTAU,-56.08391976694735,True
137,HippocampusNorm,-40.76503472977345,True
137,WholeBrainNorm,0.3879319615230774,True
137,FusiformNorm,281.05957485986403,True
137,ABETA,185.95072967502585,True
137,MMSE,-98.7914879312218,True
138,ADAS13,798.8333334563816,True
138,EntorhinalNorm,2.1305519575675405,True
138,RAVLT_immediate,-60.73711721257056,True
138,TAU,2.46824664723818,True
138,VentricleNorm,-148.38125648137046,True
138,MidTempNorm,376.7859362109885,True
138,PTAU,-47.990901841799875,True
138,HippocampusNorm,-211.97858571434182,True
138,WholeBrainNorm,-5.877546707797575,True
138,FusiformNorm,266.80303837824135,True
138,ABETA,144.10117525894645,True
138,MMSE,-106.95069857886436,True
139,ADAS13,-75.70830734263791,True
139,EntorhinalNorm,72.29597366190598,True
139,RAVLT_immediate,-62.937555686608064,True
139,TAU,14.14416516280547,True
139,VentricleNorm,-144.18194442921734,True
139,MidTempNorm,235.84904065360578,True
139,PTAU,52.238027974342835,True
139,HippocampusNorm,-126.52125712124051,True
139,WholeBrainNorm,-48.62461535642825,True
139,FusiformNorm,530.8413556406912,True
139,ABETA,-10.976126491056988,True
139,MMSE,-93.1240972617891,True
140,ADAS13,-521.4259279170983,False
140,EntorhinalNorm,-27.089836081376315,False
140,RAVLT_immediate,58.8210907292344,False
140,TAU,-131.7267759295168,False
140,VentricleNorm,272.82313917578506,False
140,MidTempNorm,-65.54234274124622,False
140,PTAU,-129.33858036514707,False
140,HippocampusNorm,-154.84099970107752,False
140,WholeBrainNorm,-23.706613452251045,False
140,FusiformNorm,-66.55426300374359,False
140,ABETA,-37.54228099174827,False
140,MMSE,-106.21567088938379,False
141,ADAS13,-81.9452914461001,True
141,EntorhinalNorm,32.339922158620276,True
141,RAVLT_immediate,-132.9404922370337,True
141,TAU,33.84305405433667,True
141,VentricleNorm,-84.48021693892335,True
141,MidTempNorm,263.7471781599914,True
141,PTAU,59.65998670121567,True
141,HippocampusNorm,-95.28717094069226,True
141,WholeBrainNorm,154.08570009618097,True
141,FusiformNorm,303.41206880594314,True
141,ABETA,323.4701140491959,True
141,MMSE,-90.93348367667446,True
142,ADAS13,-155.7376089497294,True
142,EntorhinalNorm,70.04914929106283,True
142,RAVLT_immediate,-268.51192007212364,True
142,TAU,2.067209246047719,True
142,VentricleNorm,45.689513310211794,True
142,MidTempNorm,319.76406049205286,True
142,PTAU,51.406638402375066,True
142,HippocampusNorm,117.05007753693138,True
142,WholeBrainNorm,-37.69201532417074,True
142,FusiformNorm,535.1830663963261,True
142,ABETA,257.6000289426771,True
142,MMSE,-101.53926484091856,True
143,ADAS13,483.3093226800585,True
143,EntorhinalNorm,85.91882143999959,True
143,RAVLT_immediate,61.0513382553159,True
143,TAU,-120.20638458330362,True
143,VentricleNorm,-642.0979206133212,True
143,MidTempNorm,242.7444018174768,True
143,PTAU,-50.66147203646613,True
143,HippocampusNorm,-86.14453837465197,True
143,WholeBrainNorm,1.458171044265889,True
143,FusiformNorm,395.6000727445823,True
143,ABETA,-86.06333910519672,True
143,MMSE,-105.0068397421325,True
144,ADAS13,331.6082758912912,True
144,EntorhinalNorm,15.019357713896959,True
144,RAVLT_immediate,-160.2952754271201,True
144,TAU,4.807733412679358,True
144,VentricleNorm,-208.29958171815525,True
144,MidTempNorm,761.1068731456527,True
144,PTAU,-9.151148566926572,True
144,HippocampusNorm,-94.4375026768038,True
144,WholeBrainNorm,-26.489236997397082,True
144,FusiformNorm,116.78575864037958,True
144,ABETA,-22.86568171835279,True
144,MMSE,-107.4099984980397,True
145,ADAS13,-155.24861384884787,True
145,EntorhinalNorm,66.8651968778837,True
145,RAVLT_immediate,-233.73261831838386,True
145,TAU,-26.583569256380443,True
145,VentricleNorm,-156.14496609646972,True
145,MidTempNorm,233.78555844934994,True
145,PTAU,-79.8578999109236,True
145,HippocampusNorm,-104.23276312150932,True
145,WholeBrainNorm,9.363476895542677,True
145,FusiformNorm,241.5836225082393,True
145,ABETA,463.70122963859467,True
145,MMSE,-92.98108179164991,True
146,ADAS13,452.7467728333768,True
146,EntorhinalNorm,23.007992544301732,True
146,RAVLT_immediate,-109.51682813486225,True
146,TAU,20.952342895563167,True
146,VentricleNorm,217.93190977039944,True
146,MidTempNorm,547.5466190969628,True
146,PTAU,-60.1074682458146,True
146,HippocampusNorm,-109.69391468165023,True
146,WholeBrainNorm,-4.512033879774036,True
146,FusiformNorm,-440.62642987802644,True
146,ABETA,142.45858234192792,True
146,MMSE,-108.33727083678744,True
147,ADAS13,131.78881533739053,True
147,EntorhinalNorm,65.05189698586413,True
147,RAVLT_immediate,-170.26741810150128,True
147,TAU,-15.375783902660915,True
147,VentricleNorm,-164.64775460154993,True
147,MidTempNorm,200.34609844318808,True
147,PTAU,72.7298286687354,True
147,HippocampusNorm,102.00129341091625,True
147,WholeBrainNorm,25.231677446361832,True
147,FusiformNorm,68.48514495998216,True
147,ABETA,182.46554619422432,True
147,MMSE,-96.3368693073657,True
148,ADAS13,389.13756425950044,True
148,EntorhinalNorm,3.815059591044111,True
148,RAVLT_immediate,-182.08454980383144,True
148,TAU,18.84746139955046,True
148,VentricleNorm,-166.60086354347175,True
148,MidTempNorm,93.42769112921738,True
148,PTAU,-4.80949861048871,True
148,HippocampusNorm,-101.69289813206073,True
148,WholeBrainNorm,2.0799521272208814,True
148,FusiformNorm,266.4166097492604,True
148,ABETA,63.42308691052847,True
148,MMSE,-108.82561837748857,True
149,ADAS13,749.3038710230687,True
149,EntorhinalNorm,-25.022109769535682,True
149,RAVLT_immediate,-85.04511062374843,True
149,TAU,57.73198866275839,True
149,VentricleNorm,-86.6833181422576,True
149,MidTempNorm,409.06115134766765,True
149,PTAU,-50.96643953799695,True
149,HippocampusNorm,-115.76757908526768,True
149,WholeBrainNorm,-39.38813786496028,True
149,FusiformNorm,129.53208275294674,True
149,ABETA,120.72414178152806,True
149,MMSE,-102.98207097825312,True
150,ADAS13,384.0268028147778,True
150,EntorhinalNorm,57.51844270299688,True
150,RAVLT_immediate,-93.02637877683783,True
150,TAU,19.086221463897445,True
150,VentricleNorm,-22.538075538173928,True
150,MidTempNorm,274.88297477733545,True
150,PTAU,68.73989257604046,True
150,HippocampusNorm,-49.705403892303345,True
150,WholeBrainNorm,165.85549720812838,True
150,FusiformNorm,-6.977024926160084,True
150,ABETA,32.47676734585805,True
150,MMSE,-103.16900987268009,True
151,ADAS13,-74.35173044418144,True
151,EntorhinalNorm,136.53530504550758,True
151,RAVLT_immediate,-136.70321425932264,True
151,TAU,-13.904261508096615,True
151,VentricleNorm,-79.92606748601769,True
151,MidTempNorm,9.261275626794855,True
151,PTAU,68.69564718866718,True
151,HippocampusNorm,51.77243003423672,True
151,WholeBrainNorm,251.90194856110838,True
151,FusiformNorm,752.6256156250563,True
151,ABETA,463.7472430649505,True
151,MMSE,-95.23322687930118,True
152,ADAS13,264.33207923528335,True
152,EntorhinalNorm,44.136681517249365,True
152,RAVLT_immediate,-140.1762031635275,True
152,TAU,11.62097850423962,True
152,VentricleNorm,-348.1343286835378,True
152,MidTempNorm,235.81311678047308,True
152,PTAU,-37.088641734027355,True
152,HippocampusNorm,-153.78635046466425,True
152,WholeBrainNorm,-22.699766254937398,True
152,FusiformNorm,573.7521882197518,True
152,ABETA,145.3180425201008,True
152,MMSE,-95.58489998654248,True
153,ADAS13,-523.4841875091691,False
153,EntorhinalNorm,-12.33496701743086,False
153,RAVLT_immediate,1.0689073375993132,False
153,TAU,-119.23536768244597,False
153,VentricleNorm,139.6842619089868,False
153,MidTempNorm,442.16935037757884,False
153,PTAU,-65.82940264328083,False
153,HippocampusNorm,-130.20885692145657,False
153,WholeBrainNorm,13.253625819902965,False
153,FusiformNorm,-281.9031176205324,False
153,ABETA,71.46300558926963,False
153,MMSE,-100.53831006575304,False
154,ADAS13,258.7648464396634,True
154,EntorhinalNorm,15.627280989111341,True
154,RAVLT_immediate,-211.4267329203738,True
154,TAU,8.129152580143463,True
154,VentricleNorm,-43.21082983346386,True
154,MidTempNorm,314.70870596838347,True
154,PTAU,59.9568153795351,True
154,HippocampusNorm,-154.07926956269972,True
154,WholeBrainNorm,202.4224340902186,True
154,FusiformNorm,110.02640895662714,True
154,ABETA,-119.62924010000592,True
154,MMSE,-95.94992202923578,True
155,ADAS13,192.07960128031226,True
155,EntorhinalNorm,-61.5453060821097,True
155,RAVLT_immediate,-116.56177340825607,True
155,TAU,24.76083566193376,True
155,VentricleNorm,-251.9043894314441,True
155,MidTempNorm,674.8063936030221,True
155,PTAU,54.21954849342105,True
155,HippocampusNorm,-277.0377487185832,True
155,WholeBrainNorm,172.96285168876588,True
155,FusiformNorm,83.91889922262115,True
155,ABETA,206.3289132592039,True
155,MMSE,-91.64611836534758,True
156,ADAS13,-629.0682580756041,False
156,EntorhinalNorm,-55.19736421046267,False
156,RAVLT_immediate,4.4781197241405835,False
156,TAU,-130.3434552873837,False
156,VentricleNorm,64.14508034322859,False
156,MidTempNorm,178.69300668550366,False
156,PTAU,-52.24613825848162,False
156,HippocampusNorm,-192.6234145127463,False
156,WholeBrainNorm,-15.168934759246682,False
156,FusiformNorm,285.44346003101856,False
156,ABETA,239.78750131580213,False
156,MMSE,-100.89441944221885,False
157,ADAS13,-520.9365598534737,False
157,EntorhinalNorm,33.263260143799656,False
157,RAVLT_immediate,90.54634675451241,False
157,TAU,-121.83780912618191,False
157,VentricleNorm,-171.72750660521464,False
157,MidTempNorm,271.3339373642881,False
157,PTAU,-40.10720028658163,False
157,HippocampusNorm,-187.94751221797344,False
157,WholeBrainNorm,-11.953529814062446,False
157,FusiformNorm,457.44965919270976,False
157,ABETA,31.484730556652607,False
157,MMSE,-94.47271667402173,False
158,ADAS13,354.22818294997097,True
158,EntorhinalNorm,85.62970191444214,True
158,RAVLT_immediate,0.707976420719092,True
158,TAU,5.385851349567991,True
158,VentricleNorm,-280.01312785591904,True
158,MidTempNorm,124.85060874913893,True
158,PTAU,64.4640014972967,True
158,HippocampusNorm,-131.86864517616695,True
158,WholeBrainNorm,-8.938910232113221,True
158,FusiformNorm,46.705965808621045,True
158,ABETA,106.23965392037046,True
158,MMSE,-97.55215089994307,True
159,ADAS13,254.57639908602852,True
159,EntorhinalNorm,119.4597923524284,True
159,RAVLT_immediate,-41.97823614781379,True
159,TAU,-141.38170756932283,True
159,VentricleNorm,68.66894720046179,True
159,MidTempNorm,53.43088443058477,True
159,PTAU,-92.5483081139669,True
159,HippocampusNorm,-135.5113951118146,True
159,WholeBrainNorm,11.989878460666603,True
159,FusiformNorm,296.14863283942395,True
159,ABETA,221.57980717360374,True
159,MMSE,-99.71756702462056,True
160,ADAS13,-513.4520271846693,False
160,EntorhinalNorm,7.2060134544941095,False
160,RAVLT_immediate,-186.4524990615089,False
160,TAU,-71.19962227450222,False
160,VentricleNorm,5.675080889765354,False
160,MidTempNorm,231.3195868938015,False
160,PTAU,-37.84128855671912,False
160,HippocampusNorm,-130.14729839929763,False
160,WholeBrainNorm,-0.08439904582166369,False
160,FusiformNorm,307.2957758712292,False
160,ABETA,-98.44729092216664,False
160,MMSE,-93.41087233150772,False
161,ADAS13,670.4040609345693,True
161,EntorhinalNorm,41.365890869970656,True
161,RAVLT_immediate,-116.3440440829115,True
161,TAU,54.16402087207081,True
161,VentricleNorm,-186.2973831046767,True
161,MidTempNorm,-13.736631542688826,True
161,PTAU,51.90178709370337,True
161,HippocampusNorm,-44.14194717765692,True
161,WholeBrainNorm,-33.508354680774,True
161,FusiformNorm,-67.72062233272362,True
161,ABETA,-2.528334857571565,True
161,MMSE,-93.61216967371315,True
162,ADAS13,377.31122922920883,True
162,EntorhinalNorm,34.55466707846163,True
162,RAVLT_immediate,-83.73516846359409,True
162,TAU,25.968078919976712,True
162,VentricleNorm,-259.28982740358816,True
162,MidTempNorm,191.61438595778185,True
162,PTAU,58.633967984437575,True
162,HippocampusNorm,44.02055797864756,True
162,WholeBrainNorm,174.145024918182,True
162,FusiformNorm,807.3706887404405,True
162,ABETA,394.59437521807786,True
162,MMSE,-99.52323872771899,True
163,ADAS13,-579.397015801489,False
163,EntorhinalNorm,-48.263237701324584,False
163,RAVLT_immediate,-259.72386572119746,False
163,TAU,-95.53314341858585,False
163,VentricleNorm,46.46036184047786,False
163,MidTempNorm,241.8027961671884,False
163,PTAU,-72.15466997119296,False
163,HippocampusNorm,-174.12071925933586,False
163,WholeBrainNorm,6.182167690654184,False
163,FusiformNorm,471.3463885075977,False
163,ABETA,135.42408847841486,False
163,MMSE,-92.40860201514782,False
164,ADAS13,-278.60872822605427,True
164,EntorhinalNorm,51.249506456317924,True
164,RAVLT_immediate,-103.66544821578282,True
164,TAU,22.954170886047322,True
164,VentricleNorm,-252.17010343323977,True
164,MidTempNorm,-15.780020768641663,True
164,PTAU,58.425553993013644,True
164,HippocampusNorm,-181.18460615119028,True
164,WholeBrainNorm,104.89704415116273,True
164,FusiformNorm,17.851422360896436,True
164,ABETA,35.53767281770392,True
164,MMSE,-96.71766954520923,True
165,ADAS13,134.46973121030018,True
165,EntorhinalNorm,58.10362491054421,True
165,RAVLT_immediate,-152.33482850953527,True
165,TAU,18.29578791292475,True
165,VentricleNorm,-199.7359755809043,True
165,MidTempNorm,185.62638628941554,True
165,PTAU,-42.975041945785335,True
165,HippocampusNorm,-115.48479132971951,True
165,WholeBrainNorm,-17.560780469269584,True
165,FusiformNorm,-56.55017871564837,True
165,ABETA,31.521072746630722,True
165,MMSE,-97.3182679517174,True
166,ADAS13,-529.1864452806207,False
166,EntorhinalNorm,-28.688386868794435,False
166,RAVLT_immediate,-164.84722352481867,False
166,TAU,-75.99575570790354,False
166,VentricleNorm,-13.154721976453175,False
166,MidTempNorm,1050.7688141096082,False
166,PTAU,-79.61516960120612,False
166,HippocampusNorm,-154.61614824232655,False
166,WholeBrainNorm,-33.067071855267535,False
166,FusiformNorm,8.765259022235341,False
166,ABETA,198.82073580991207,False
166,MMSE,-95.18653318094614,False
167,ADAS13,472.6994575127635,True
167,EntorhinalNorm,4.450021285847086,True
167,RAVLT_immediate,-151.14459829893758,True
167,TAU,19.263091164330262,True
167,VentricleNorm,-276.83394235254843,True
167,MidTempNorm,245.35041106515501,True
167,PTAU,-88.09317333711908,True
167,HippocampusNorm,-81.33987291326552,True
167,WholeBrainNorm,-1.8903481149801276,True
167,FusiformNorm,147.4246661448021,True
167,ABETA,216.75792887851503,True
167,MMSE,-104.40667931583613,True
168,ADAS13,319.75062281936124,True
168,EntorhinalNorm,92.45147899426212,True
168,RAVLT_immediate,-113.09750045341488,True
168,TAU,-51.25495337525464,True
168,VentricleNorm,-106.92723579932932,True
168,MidTempNorm,181.0359818250222,True
168,PTAU,55.556388153030625,True
168,HippocampusNorm,-135.3311094648264,True
168,WholeBrainNorm,-12.549707979635878,True
168,FusiformNorm,449.8063321477231,True
168,ABETA,132.28484651230687,True
168,MMSE,-94.29082284014218,True
169,ADAS13,426.3272538505937,True
169,EntorhinalNorm,76.67960291648271,True
169,RAVLT_immediate,-326.12653494053916,True
169,TAU,-15.515276181151625,True
169,VentricleNorm,-197.72095898303175,True
169,MidTempNorm,162.4255345851139,True
169,PTAU,86.12062530322203,True
169,HippocampusNorm,-117.03344616691588,True
169,WholeBrainNorm,66.57175885169498,True
169,FusiformNorm,278.2629896142347,True
169,ABETA,-38.29067220450756,True
169,MMSE,-97.381997499522,True
170,ADAS13,-21.331374527652315,True
170,EntorhinalNorm,-60.45331557091935,True
170,RAVLT_immediate,41.02663352637134,True
170,TAU,-21.89690909427528,True
170,VentricleNorm,-287.28475434559977,True
170,MidTempNorm,-0.004121099665837846,True
170,PTAU,-83.5998500814982,True
170,HippocampusNorm,-118.42075500732533,True
170,WholeBrainNorm,-24.837530531761367,True
170,FusiformNorm,301.65371681517763,True
170,ABETA,254.5085414177288,True
170,MMSE,-106.34522667682552,True
171,ADAS13,475.6461747600828,True
171,EntorhinalNorm,16.171997670805755,True
171,RAVLT_immediate,67.4670043537611,True
171,TAU,24.430864871111247,True
171,VentricleNorm,-112.81034098690539,True
171,MidTempNorm,175.2858781891502,True
171,PTAU,-104.15929828751098,True
171,HippocampusNorm,-182.7712017572729,True
171,WholeBrainNorm,23.30027594058773,True
171,FusiformNorm,321.7674538053939,True
171,ABETA,102.0569084826499,True
171,MMSE,-95.96100652780223,True
172,ADAS13,230.63196147040358,True
172,EntorhinalNorm,-6.420648538300455,True
172,RAVLT_immediate,-102.5759626794298,True
172,TAU,3.9760625131624234,True
172,VentricleNorm,-88.32630649142646,True
172,MidTempNorm,243.45851559896954,True
172,PTAU,59.76117703066079,True
172,HippocampusNorm,-69.72284350739478,True
172,WholeBrainNorm,-26.732633826886655,True
172,FusiformNorm,467.5689948236392,True
172,ABETA,-153.40156576951574,True
172,MMSE,-102.12346802236571,True
173,ADAS13,-507.25133966083314,False
173,EntorhinalNorm,82.21739404636006,False
173,RAVLT_immediate,-310.8449065611279,False
173,TAU,-113.87116488514474,False
173,VentricleNorm,375.21393520275444,False
173,MidTempNorm,314.4755349468202,False
173,PTAU,-29.30826858736208,False
173,HippocampusNorm,-17.639418942197423,False
173,WholeBrainNorm,-2.882232118680548,False
173,FusiformNorm,339.1764002248934,False
173,ABETA,-121.41092903801024,False
173,MMSE,-98.77987838102007,False
174,ADAS13,245.83568590816873,True
174,EntorhinalNorm,119.96457275958582,True
174,RAVLT_immediate,-126.25069114620999,True
174,TAU,3.625569061387168,True
174,VentricleNorm,-150.671250001876,True
174,MidTempNorm,-105.56723776163759,True
174,PTAU,62.58030310027629,True
174,HippocampusNorm,-142.92090735074905,True
174,WholeBrainNorm,112.26295921631683,True
174,FusiformNorm,427.81303630688086,True
174,ABETA,146.81087244766056,True
174,MMSE,-98.4423280411075,True
175,ADAS13,-504.6857242460263,False
175,EntorhinalNorm,-5.982795351863815,False
175,RAVLT_immediate,-116.03295030760839,False
175,TAU,-154.5535832031543,False
175,VentricleNorm,145.99266979226425,False
175,MidTempNorm,-151.5662978259778,False
175,PTAU,-6.8385095675940875,False
175,HippocampusNorm,-81.64566677985314,False
175,WholeBrainNorm,21.535295521401036,False
175,FusiformNorm,1.0441778978001253,False
175,ABETA,104.72294825550595,False
175,MMSE,-98.1277383719051,False
176,ADAS13,554.9527502451464,True
176,EntorhinalNorm,2.5146861176345894,True
176,RAVLT_immediate,-34.75130911280401,True
176,TAU,36.327742373220836,True
176,VentricleNorm,-354.0154476835791,True
176,MidTempNorm,101.00598487676581,True
176,PTAU,72.67308764447246,True
176,HippocampusNorm,-142.53624646278442,True
176,WholeBrainNorm,-16.640651101624034,True
176,FusiformNorm,-228.58073174566277,True
176,ABETA,-18.234486831937488,True
176,MMSE,-95.79987295652538,True
177,ADAS13,96.21254824996751,True
177,EntorhinalNorm,73.33317667317877,True
177,RAVLT_immediate,-73.0795588717154,True
177,TAU,-31.87141927033494,True
177,VentricleNorm,-105.8320826841323,True
177,MidTempNorm,-54.31745917474575,True
177,PTAU,-48.983895321929424,True
177,HippocampusNorm,-147.1956959820387,True
177,WholeBrainNorm,3.1049735367448914,True
177,FusiformNorm,396.15497190807946,True
177,ABETA,193.2245426414658,True
177,MMSE,-99.38371508528938,True
178,ADAS13,80.35752953642336,True
178,EntorhinalNorm,65.83713542490506,True
178,RAVLT_immediate,23.649350587366854,True
178,TAU,22.011199299355916,True
178,VentricleNorm,3.324738463050238,True
178,MidTempNorm,235.96068649011056,True
178,PTAU,-107.28504424462031,True
178,HippocampusNorm,-137.03600523634253,True
178,WholeBrainNorm,13.815354324841225,True
178,FusiformNorm,218.37007867087402,True
178,ABETA,418.2563765678869,True
178,MMSE,-97.42240322208187,True
179,ADAS13,344.5830792376596,True
179,EntorhinalNorm,-12.599433795695504,True
179,RAVLT_immediate,75.87657232163087,True
179,TAU,-8.19978008402015,True
179,VentricleNorm,-150.67342027142615,True
179,MidTempNorm,59.482526140827645,True
179,PTAU,59.267378625569386,True
179,HippocampusNorm,-118.83991638310899,True
179,WholeBrainNorm,3.102804795732439,True
179,FusiformNorm,429.7512619525952,True
179,ABETA,315.30804052557096,True
179,MMSE,-93.53766317753404,True
180,ADAS13,266.55487806401925,True
180,EntorhinalNorm,65.10431638966259,True
180,RAVLT_immediate,-220.41368407741584,True
180,TAU,49.563390947360936,True
180,VentricleNorm,-281.9711436316618,True
180,MidTempNorm,246.50778242266716,True
180,PTAU,-64.9235389593934,True
180,HippocampusNorm,-132.1683790298943,True
180,WholeBrainNorm,-16.616831173187308,True
180,FusiformNorm,476.628162379852,True
180,ABETA,277.8215802757124,True
180,MMSE,-97.91637498100606,True
181,ADAS13,426.42462712836306,True
181,EntorhinalNorm,14.111751724720506,True
181,RAVLT_immediate,-38.68358556406477,True
181,TAU,-113.48773773403471,True
181,VentricleNorm,96.04651393957374,True
181,MidTempNorm,303.98684572052724,True
181,PTAU,-56.25479681925529,True
181,HippocampusNorm,-54.188574324037106,True
181,WholeBrainNorm,10.18645900895858,True
181,FusiformNorm,178.83836123492796,True
181,ABETA,277.3558846187428,True
181,MMSE,-102.0886091707669,True
182,ADAS13,374.80512648281825,True
182,EntorhinalNorm,17.253909789768112,True
182,RAVLT_immediate,-17.501072063490895,True
182,TAU,48.18829247189879,True
182,VentricleNorm,-151.40111055056448,True
182,MidTempNorm,425.06255683770814,True
182,PTAU,-25.08349106009922,True
182,HippocampusNorm,-130.17333796550457,True
182,WholeBrainNorm,-4.552835291858755,True
182,FusiformNorm,141.6173494055605,True
182,ABETA,303.43183239718144,True
182,MMSE,-100.33122024138281,True
183,ADAS13,224.99538961799877,True
183,EntorhinalNorm,119.30340342163419,True
183,RAVLT_immediate,-193.8520515499145,True
183,TAU,3.833529989814929,True
183,VentricleNorm,-410.2686196559984,True
183,MidTempNorm,159.9485609977737,True
183,PTAU,14.934145918388921,True
183,HippocampusNorm,-132.63060578521828,True
183,WholeBrainNorm,-6.217528373107898,True
183,FusiformNorm,-44.636096393476635,True
183,ABETA,164.569773301564,True
183,MMSE,-94.20271125588663,True
184,ADAS13,225.24715834456774,True
184,EntorhinalNorm,47.597111682699065,True
184,RAVLT_immediate,-87.4408548365834,True
184,TAU,11.56903890632862,True
184,VentricleNorm,-166.7092232482229,True
184,MidTempNorm,137.56760718569637,True
184,PTAU,-96.87684223325815,True
184,HippocampusNorm,-124.1635640636125,True
184,WholeBrainNorm,45.194708343208504,True
184,FusiformNorm,495.0363894721762,True
184,ABETA,324.95735216226944,True
184,MMSE,-109.42847997170068,True
185,ADAS13,563.8908432509395,True
185,EntorhinalNorm,28.64422687928769,True
185,RAVLT_immediate,-228.82243557098695,True
185,TAU,23.211588786426084,True
185,VentricleNorm,-162.70158660203361,True
185,MidTempNorm,315.7342046954001,True
185,PTAU,65.08215787476672,True
185,HippocampusNorm,-103.52276048986616,True
185,WholeBrainNorm,258.42935898653315,True
185,FusiformNorm,430.3426954766559,True
185,ABETA,438.52561511793033,True
185,MMSE,-101.5194682054391,True
186,ADAS13,479.91982159592055,True
186,EntorhinalNorm,10.122478400030765,True
186,RAVLT_immediate,-12.474068233979665,True
186,TAU,17.453010250290845,True
186,VentricleNorm,-199.93664260052094,True
186,MidTempNorm,210.57923374188235,True
186,PTAU,74.32942682829128,True
186,HippocampusNorm,-171.39595133114125,True
186,WholeBrainNorm,22.36260499188376,True
186,FusiformNorm,565.09172809267,True
186,ABETA,182.95278176976115,True
186,MMSE,-98.58883854608138,True
187,ADAS13,-549.6312657225357,False
187,EntorhinalNorm,-13.520673383024679,False
187,RAVLT_immediate,-36.53188639307043,False
187,TAU,-82.72938133565981,False
187,VentricleNorm,354.04506688915563,False
187,MidTempNorm,282.0570228897321,False
187,PTAU,-37.98093293024478,False
187,HippocampusNorm,-62.93019519015102,False
187,WholeBrainNorm,18.77650313661411,False
187,FusiformNorm,156.46397789448494,False
187,ABETA,203.5440227694706,False
187,MMSE,-99.34705280429014,False
188,ADAS13,446.4832749023391,True
188,EntorhinalNorm,56.40876951004999,True
188,RAVLT_immediate,-223.75556801587157,True
188,TAU,-3.0137315836671323,True
188,VentricleNorm,-46.21074038206106,True
188,MidTempNorm,211.02304120795637,True
188,PTAU,68.86122202798968,True
188,HippocampusNorm,-37.46983650137983,True
188,WholeBrainNorm,-24.666286380746005,True
188,FusiformNorm,450.54737955548694,True
188,ABETA,162.1125902208465,True
188,MMSE,-98.12488743460418,True
189,ADAS13,531.5878347009452,True
189,EntorhinalNorm,7.415689154264697,True
189,RAVLT_immediate,-167.01147542835142,True
189,TAU,-2.469789152405607,True
189,VentricleNorm,-147.51072363420147,True
189,MidTempNorm,168.7046412319661,True
189,PTAU,66.4296920229195,True
189,HippocampusNorm,-177.92751967862057,True
189,WholeBrainNorm,-27.732938587961197,True
189,FusiformNorm,535.5079942028076,True
189,ABETA,80.94214982123991,True
189,MMSE,-97.63172817251751,True
190,ADAS13,442.6742618069852,True
190,EntorhinalNorm,48.23161724337998,True
190,RAVLT_immediate,-370.1242492302607,True
190,TAU,18.305057458145452,True
190,VentricleNorm,-203.4322243819519,True
190,MidTempNorm,-9.420119285298625,True
190,PTAU,61.109981048613314,True
190,HippocampusNorm,125.33113158866635,True
190,WholeBrainNorm,-36.35049015712187,True
190,FusiformNorm,587.2674834467384,True
190,ABETA,340.3087306545538,True
190,MMSE,-102.39199531245964,True
191,ADAS13,290.352128799197,True
191,EntorhinalNorm,127.71299558717959,True
191,RAVLT_immediate,-22.977719943926104,True
191,TAU,-118.44274764737914,True
191,VentricleNorm,65.85307495309709,True
191,MidTempNorm,-86.3043986418042,True
191,PTAU,-100.78087223755836,True
191,HippocampusNorm,-201.42013266376142,True
191,WholeBrainNorm,-16.090430141193604,True
191,FusiformNorm,225.2218750586348,True
191,ABETA,156.2129659433951,True
191,MMSE,-92.20697608660888,True
192,ADAS13,240.1163176292798,True
192,EntorhinalNorm,23.26979143063575,True
192,RAVLT_immediate,-214.52502528146704,True
192,TAU,18.102253212061267,True
192,VentricleNorm,-91.29503145708024,True
192,MidTempNorm,119.15880472577813,True
192,PTAU,70.5747189277971,True
192,HippocampusNorm,-24.986199297860324,True
192,WholeBrainNorm,193.7106792536841,True
192,FusiformNorm,-36.291256038936694,True
192,ABETA,206.0080408705393,True
192,MMSE,-101.96827838903539,True
193,ADAS13,-525.6665996717056,False
193,EntorhinalNorm,64.80381026204356,False
193,RAVLT_immediate,-259.6518765993054,False
193,TAU,-182.60077726279604,False
193,VentricleNorm,130.74026235456785,False
193,MidTempNorm,365.72507509370195,False
193,PTAU,-22.99276259205972,False
193,HippocampusNorm,-126.21115800941355,False
193,WholeBrainNorm,-3.073623593958394,False
193,FusiformNorm,515.9514340912679,False
193,ABETA,206.1621700633005,False
193,MMSE,-98.78774102016783,False
194,ADAS13,359.3676327654127,True
194,EntorhinalNorm,88.83712649610874,True
194,RAVLT_immediate,-11.674719750609768,True
194,TAU,21.261787965325617,True
194,VentricleNorm,-85.81789211864388,True
194,MidTempNorm,411.99202586016395,True
194,PTAU,-27.66195973920364,True
194,HippocampusNorm,-125.32932914669507,True
194,WholeBrainNorm,10.313968489994487,True
194,FusiformNorm,424.57108091588304,True
194,ABETA,294.9016325111369,True
194,MMSE,-99.93931398571536,True
195,ADAS13,520.1960857790864,True
195,EntorhinalNorm,56.07383563902328,True
195,RAVLT_immediate,-160.06823714552056,True
195,TAU,3.79648464772373,True
195,VentricleNorm,-242.33232571771083,True
195,MidTempNorm,253.90288039587284,True
195,PTAU,68.30315077976222,True
195,HippocampusNorm,-104.3404214054068,True
195,WholeBrainNorm,18.37730715118449,True
195,FusiformNorm,-156.40304326364912,True
195,ABETA,-110.88133559364258,True
195,MMSE,-97.25338954756187,True
196,ADAS13,91.09001135416705,True
196,EntorhinalNorm,-15.601458383255398,True
196,RAVLT_immediate,-84.65827138681254,True
196,TAU,12.290640284245411,True
196,VentricleNorm,-140.3755274133817,True
196,MidTempNorm,753.7640410293819,True
196,PTAU,-111.49302095609907,True
196,HippocampusNorm,-188.71428521515807,True
196,WholeBrainNorm,-37.08661630184319,True
196,FusiformNorm,124.01014593812224,True
196,ABETA,-61.55079208203233,True
196,MMSE,-97.12417331757938,True
197,ADAS13,111.38545537116795,True
197,EntorhinalNorm,67.33036749167107,True
197,RAVLT_immediate,-187.68289396659054,True
197,TAU,42.37862770634911,True
197,VentricleNorm,-243.51563438814685,True
197,MidTempNorm,343.2176051436529,True
197,PTAU,69.03834157048111,True
197,HippocampusNorm,-157.53359241071334,True
197,WholeBrainNorm,-20.218058964919237,True
197,FusiformNorm,126.55591364734829,True
197,ABETA,195.43262068655386,True
197,MMSE,-98.58089222680935,True
198,ADAS13,585.9972977056545,True
198,EntorhinalNorm,38.22822975667622,True
198,RAVLT_immediate,-178.95789865032222,True
198,TAU,15.31395012453688,True
198,VentricleNorm,-191.38555330219148,True
198,MidTempNorm,588.4409108044642,True
198,PTAU,-63.76091995337852,True
198,HippocampusNorm,-69.37429915823616,True
198,WholeBrainNorm,-3.3225138635519142,True
198,FusiformNorm,-24.745367340338817,True
198,ABETA,278.12492998955224,True
198,MMSE,-97.67251159552012,True
199,ADAS13,450.1840553066844,True
199,EntorhinalNorm,73.95797868320747,True
199,RAVLT_immediate,-44.83044074431971,True
199,TAU,16.15596663045902,True
199,VentricleNorm,-126.19360376623442,True
199,MidTempNorm,-9.640986509255583,True
199,PTAU,55.679588752800484,True
199,HippocampusNorm,-119.77724516109026,True
199,WholeBrainNorm,-6.440669850529383,True
199,FusiformNorm,366.2805487823196,True
199,ABETA,364.7373536527484,True
199,MMSE,-94.8458744218026,True
200,ADAS13,235.73419970417666,True
200,EntorhinalNorm,17.31307523059383,True
200,RAVLT_immediate,-23.258277239923245,True
200,TAU,26.713290920217904,True
200,VentricleNorm,-99.0634887201175,True
200,MidTempNorm,625.7764878143144,True
200,PTAU,-58.20129665264385,True
200,HippocampusNorm,-171.33108267438752,True
200,WholeBrainNorm,-20.930679884824073,True
200,FusiformNorm,419.7916500114274,True
200,ABETA,112.11371660173813,True
200,MMSE,-93.44149595850138,True
201,ADAS13,659.2903919571406,True
201,EntorhinalNorm,55.41493497094899,True
201,RAVLT_immediate,-219.77134633156157,True
201,TAU,-85.78284361490972,True
201,VentricleNorm,232.76865009467582,True
201,MidTempNorm,461.02154580795764,True
201,PTAU,-93.76709685923367,True
201,HippocampusNorm,-146.44318296123532,True
201,WholeBrainNorm,7.494782067259952,True
201,FusiformNorm,232.72200619056548,True
201,ABETA,-266.3562414296618,True
201,MMSE,-98.96432819257451,True
202,ADAS13,-65.98214138402312,True
202,EntorhinalNorm,41.89001287054207,True
202,RAVLT_immediate,-61.20640767597163,True
202,TAU,21.755840866248526,True
202,VentricleNorm,329.4889542386701,True
202,MidTempNorm,126.95684247111328,True
202,PTAU,-68.24271822643713,True
202,HippocampusNorm,-142.4825827206971,True
202,WholeBrainNorm,-4.448341454666798,True
202,FusiformNorm,0.9866374690564044,True
202,ABETA,303.71473604474335,True
202,MMSE,-96.15310983601287,True
203,ADAS13,386.9137874540227,True
203,EntorhinalNorm,50.67619238550293,True
203,RAVLT_immediate,-134.98286486041474,True
203,TAU,37.8422447906991,True
203,VentricleNorm,-149.20929788338748,True
203,MidTempNorm,159.99533639749112,True
203,PTAU,8.139741359600421,True
203,HippocampusNorm,-152.86167591610229,True
203,WholeBrainNorm,-2.3131782288867253,True
203,FusiformNorm,157.383255164096,True
203,ABETA,-58.86698706793521,True
203,MMSE,-100.99959829055219,True
204,ADAS13,318.12807867958884,True
204,EntorhinalNorm,31.82108895482072,True
204,RAVLT_immediate,-333.34872345916756,True
204,TAU,-7.154284929136198,True
204,VentricleNorm,-155.60575939227172,True
204,MidTempNorm,-256.09189054188073,True
204,PTAU,-56.41357144155095,True
204,HippocampusNorm,-128.85341945656896,True
204,WholeBrainNorm,-10.928775930747022,True
204,FusiformNorm,95.55666609463123,True
204,ABETA,298.5438369994818,True
204,MMSE,-101.32488776566736,True
205,ADAS13,94.67322718965514,True
205,EntorhinalNorm,108.33051300557167,True
205,RAVLT_immediate,-104.0375225428392,True
205,TAU,-5.312187342058666,True
205,VentricleNorm,-109.71688928059791,True
205,MidTempNorm,81.78791525951483,True
205,PTAU,-34.75628560018235,True
205,HippocampusNorm,-147.08974105655128,True
205,WholeBrainNorm,-5.990110220623981,True
205,FusiformNorm,98.26817983876487,True
205,ABETA,153.86070643255235,True
205,MMSE,-101.08401313873279,True
206,ADAS13,533.4383149898853,True
206,EntorhinalNorm,41.18713112814662,True
206,RAVLT_immediate,-19.368652271750975,True
206,TAU,27.33604374419316,True
206,VentricleNorm,-128.8271694391334,True
206,MidTempNorm,518.1860882964718,True
206,PTAU,69.08232845829518,True
206,HippocampusNorm,-155.58346654168082,True
206,WholeBrainNorm,0.3024970423193072,True
206,FusiformNorm,372.6465235306828,True
206,ABETA,-24.700757534152558,True
206,MMSE,-102.91816644805043,True
207,ADAS13,377.9769109395514,True
207,EntorhinalNorm,-23.893438450050745,True
207,RAVLT_immediate,-138.78088946161756,True
207,TAU,19.70603209557439,True
207,VentricleNorm,-152.07102287559127,True
207,MidTempNorm,242.36229226897404,True
207,PTAU,64.05830277085042,True
207,HippocampusNorm,-106.68322380689007,True
207,WholeBrainNorm,30.262132592778688,True
207,FusiformNorm,-10.498191035246293,True
207,ABETA,92.32040794532678,True
207,MMSE,-103.82726921567765,True
208,ADAS13,-559.4115686956783,False
208,EntorhinalNorm,-23.768938420766876,False
208,RAVLT_immediate,-14.960492771894401,False
208,TAU,-131.85353262001485,False
208,VentricleNorm,70.87003473648319,False
208,MidTempNorm,145.96424528107994,False
208,PTAU,-82.98000986463987,False
208,HippocampusNorm,-122.52416432911302,False
208,WholeBrainNorm,-12.714230774678645,False
208,FusiformNorm,-137.79663620561473,False
208,ABETA,19.04178328240485,False
208,MMSE,-92.9183759795066,False
209,ADAS13,436.0947684598167,True
209,EntorhinalNorm,46.33142363998566,True
209,RAVLT_immediate,-13.882298187551072,True
209,TAU,21.65292125393023,True
209,VentricleNorm,-226.07490851661265,True
209,MidTempNorm,27.068937262664605,True
209,PTAU,42.864470088880395,True
209,HippocampusNorm,-68.72452067861478,True
209,WholeBrainNorm,250.72964035526132,True
209,FusiformNorm,57.342193255104064,True
209,ABETA,-72.39764171532508,True
209,MMSE,-101.8567363533971,True
210,ADAS13,268.3577243771574,True
210,EntorhinalNorm,71.24462286118114,True
210,RAVLT_immediate,51.815936178344344,True
210,TAU,-104.6142917817867,True
210,VentricleNorm,435.9796188517679,True
210,MidTempNorm,661.201538086556,True
210,PTAU,-60.03051796308835,True
210,HippocampusNorm,-105.43826651834982,True
210,WholeBrainNorm,5.932671664091828,True
210,FusiformNorm,854.5528490463955,True
210,ABETA,169.2995935861298,True
210,MMSE,-101.74569286066212,True
211,ADAS13,484.00890482487137,True
211,EntorhinalNorm,39.99751846340141,True
211,RAVLT_immediate,32.39596485592432,True
211,TAU,5.350439528250728,True
211,VentricleNorm,-87.5814541887843,True
211,MidTempNorm,233.4685644937127,True
211,PTAU,62.38026464358366,True
211,HippocampusNorm,-81.52005030912531,True
211,WholeBrainNorm,223.7989180336342,True
211,FusiformNorm,668.9018810283633,True
211,ABETA,181.66888523668717,True
211,MMSE,-99.58339632568024,True
212,ADAS13,-577.1622435494451,False
212,EntorhinalNorm,7.539016143140816,False
212,RAVLT_immediate,122.26630557006483,False
212,TAU,-52.77189200233563,False
212,VentricleNorm,328.38810004766293,False
212,MidTempNorm,-127.02871556891017,False
212,PTAU,-26.271721364091377,False
212,HippocampusNorm,-93.1543402111031,False
212,WholeBrainNorm,-7.5100832800181605,False
212,FusiformNorm,723.0891264723989,False
212,ABETA,16.065338931558557,False
212,MMSE,-104.85051108499623,False
213,ADAS13,239.06324518966673,True
213,EntorhinalNorm,18.511386416583594,True
213,RAVLT_immediate,-212.68163744469314,True
213,TAU,-94.09650731378728,True
213,VentricleNorm,-229.19306185927312,True
213,MidTempNorm,607.9699361342086,True
213,PTAU,-60.71084122798298,True
213,HippocampusNorm,-152.75084092188914,True
213,WholeBrainNorm,-4.972450970071749,True
213,FusiformNorm,173.20007289428358,True
213,ABETA,17.38553901535451,True
213,MMSE,-105.94589538816844,True
214,ADAS13,244.14208358609324,True
214,EntorhinalNorm,101.00256836970526,True
214,RAVLT_immediate,-147.27130119723483,True
214,TAU,28.502883803568373,True
214,VentricleNorm,-198.76864526639628,True
214,MidTempNorm,232.35010401645184,True
214,PTAU,53.63819431682501,True
214,HippocampusNorm,-136.2236695274718,True
214,WholeBrainNorm,4.207884057789023,True
214,FusiformNorm,260.11763257784315,True
214,ABETA,14.823400719308069,True
214,MMSE,-93.17075816805205,True
215,ADAS13,346.85048089304917,True
215,EntorhinalNorm,93.94412187449974,True
215,RAVLT_immediate,-245.42584573330745,True
215,TAU,15.742120578420693,True
215,VentricleNorm,10.057425198861921,True
215,MidTempNorm,351.4264064286048,True
215,PTAU,41.173170122164606,True
215,HippocampusNorm,-68.25517924121205,True
215,WholeBrainNorm,187.16683583578833,True
215,FusiformNorm,251.5035480290727,True
215,ABETA,156.0943091181852,True
215,MMSE,-104.78532246952115,True
216,ADAS13,14.824216399920829,True
216,EntorhinalNorm,70.79696069250964,True
216,RAVLT_immediate,-77.15757732550593,True
216,TAU,-91.90058035606188,True
216,VentricleNorm,-248.24715452920432,True
216,MidTempNorm,560.8519007805389,True
216,PTAU,-6.086066112963344,True
216,HippocampusNorm,-110.20252626910207,True
216,WholeBrainNorm,31.047396710885632,True
216,FusiformNorm,149.6143191177983,True
216,ABETA,374.85924476366745,True
216,MMSE,-90.04947433038225,True
217,ADAS13,400.0603433535694,True
217,EntorhinalNorm,-3.3375985514420776,True
217,RAVLT_immediate,-103.3301546005785,True
217,TAU,10.78621549266919,True
217,VentricleNorm,-172.76300652345756,True
217,MidTempNorm,269.50421274111073,True
217,PTAU,-57.806738859479175,True
217,HippocampusNorm,-106.18794718612398,True
217,WholeBrainNorm,-8.527880947880025,True
217,FusiformNorm,334.92573370323487,True
217,ABETA,10.218024741179676,True
217,MMSE,-106.61480428497077,True
218,ADAS13,247.97196263716611,True
218,EntorhinalNorm,82.2649729278812,True
218,RAVLT_immediate,-79.07356322691356,True
218,TAU,41.706179288152214,True
218,VentricleNorm,-318.5747776076048,True
218,MidTempNorm,48.631367849676536,True
218,PTAU,-16.140884126557566,True
218,HippocampusNorm,-77.11485724963492,True
218,WholeBrainNorm,-41.61764408996394,True
218,FusiformNorm,325.7224800044052,True
218,ABETA,115.41941230481777,True
218,MMSE,-94.1072849400865,True
219,ADAS13,391.12127035731504,True
219,EntorhinalNorm,75.94543241170194,True
219,RAVLT_immediate,-154.44999334417784,True
219,TAU,15.712021013140175,True
219,VentricleNorm,-189.1184683610242,True
219,MidTempNorm,135.41954999496716,True
219,PTAU,-18.638003059696814,True
219,HippocampusNorm,-173.30007607899174,True
219,WholeBrainNorm,-56.22958808830909,True
219,FusiformNorm,648.8701026114304,True
219,ABETA,185.86241693250125,True
219,MMSE,-94.6835241945065,True
220,ADAS13,194.2160178789457,True
220,EntorhinalNorm,23.63835431997549,True
220,RAVLT_immediate,-14.803318879124305,True
220,TAU,30.73949137793489,True
220,VentricleNorm,-210.156204747048,True
220,MidTempNorm,60.83279195995888,True
220,PTAU,-69.19698223555973,True
220,HippocampusNorm,-66.88895300196249,True
220,WholeBrainNorm,-3.7184773436160423,True
220,FusiformNorm,14.540115945233936,True
220,ABETA,146.94413790285614,True
220,MMSE,-96.51618532783812,True
221,ADAS13,214.03304243266766,True
221,EntorhinalNorm,88.63427116752533,True
221,RAVLT_immediate,-94.94038063955433,True
221,TAU,42.368633963402836,True
221,VentricleNorm,-169.346538321241,True
221,MidTempNorm,259.16149467468057,True
221,PTAU,78.28386673745877,True
221,HippocampusNorm,-217.6731089379739,True
221,WholeBrainNorm,320.3526712010538,True
221,FusiformNorm,75.35044357039718,True
221,ABETA,336.36630614890646,True
221,MMSE,-91.76100628599684,True
222,ADAS13,135.98816278165597,True
222,EntorhinalNorm,56.16773045346008,True
222,RAVLT_immediate,-287.60366906875925,True
222,TAU,-9.265409269880559,True
222,VentricleNorm,-144.86524211727016,True
222,MidTempNorm,479.0420195821738,True
222,PTAU,51.210874066272794,True
222,HippocampusNorm,-68.74985334096777,True
222,WholeBrainNorm,244.79431804720218,True
222,FusiformNorm,640.1201551766599,True
222,ABETA,130.33475228238183,True
222,MMSE,-98.14520412287965,True
223,ADAS13,219.70727271044046,True
223,EntorhinalNorm,55.59952590212268,True
223,RAVLT_immediate,-34.73020733457005,True
223,TAU,79.84280791925171,True
223,VentricleNorm,-147.40550813526835,True
223,MidTempNorm,-32.48207841487482,True
223,PTAU,8.121636603083815,True
223,HippocampusNorm,-142.32736279838227,True
223,WholeBrainNorm,9.21323490960875,True
223,FusiformNorm,605.0609533726351,True
223,ABETA,250.22056788553803,True
223,MMSE,-97.66016197282978,True
224,ADAS13,478.3018682509194,True
224,EntorhinalNorm,16.129035918633324,True
224,RAVLT_immediate,-169.79893495286174,True
224,TAU,-18.61795720879293,True
224,VentricleNorm,-209.13992842025357,True
224,MidTempNorm,79.56717465143095,True
224,PTAU,-42.959248742605354,True
224,HippocampusNorm,-183.37444321385345,True
224,WholeBrainNorm,3.2439388951530566,True
224,FusiformNorm,-126.49082748599426,True
224,ABETA,306.9983449312314,True
224,MMSE,-94.85258989426586,True
225,ADAS13,-552.405301067043,False
225,EntorhinalNorm,-18.090432344790603,False
225,RAVLT_immediate,15.095753490128374,False
225,TAU,-104.66572014574777,False
225,VentricleNorm,40.89163755645541,False
225,MidTempNorm,881.5098304766902,False
225,PTAU,-71.35190213035969,False
225,HippocampusNorm,-106.32389514319958,False
225,WholeBrainNorm,34.16927564215866,False
225,FusiformNorm,-114.20013017424964,False
225,ABETA,140.94011960373504,False
225,MMSE,-104.30099849332326,False
226,ADAS13,-600.5113226008314,False
226,EntorhinalNorm,3.8875159576087728,False
226,RAVLT_immediate,-40.45916869995634,False
226,TAU,-125.5833576606216,False
226,VentricleNorm,168.09905865511794,False
226,MidTempNorm,-53.228248288162604,False
226,PTAU,-128.6976933757951,False
226,HippocampusNorm,-89.40744484645042,False
226,WholeBrainNorm,13.442181591634723,False
226,FusiformNorm,255.27911209496796,False
226,ABETA,335.3713575172004,False
226,MMSE,-84.74540586293611,False
227,ADAS13,501.61659223092374,True
227,EntorhinalNorm,0.2760603741135128,True
227,RAVLT_immediate,-313.38725809419213,True
227,TAU,-139.54605159164942,True
227,VentricleNorm,-106.62323122807194,True
227,MidTempNorm,481.1332992827246,True
227,PTAU,-108.50016678007367,True
227,HippocampusNorm,-161.62568043800724,True
227,WholeBrainNorm,-2.6498357438528015,True
227,FusiformNorm,-221.96816760055037,True
227,ABETA,388.84090084940385,True
227,MMSE,-100.76777389426358,True
228,ADAS13,312.6715811944138,True
228,EntorhinalNorm,6.839925665616022,True
228,RAVLT_immediate,-50.447475119479165,True
228,TAU,13.820782412223238,True
228,VentricleNorm,-295.8396179990069,True
228,MidTempNorm,813.4185752315227,True
228,PTAU,-50.652900611429615,True
228,HippocampusNorm,-56.61081234305735,True
228,WholeBrainNorm,-17.024291901192562,True
228,FusiformNorm,199.17748859221246,True
228,ABETA,85.87140164142482,True
228,MMSE,-91.49137610386009,True
229,ADAS13,580.285522510712,True
229,EntorhinalNorm,18.214609595586296,True
229,RAVLT_immediate,17.1079434771067,True
229,TAU,24.95037767865219,True
229,VentricleNorm,86.3058216677685,True
229,MidTempNorm,151.73943989243486,True
229,PTAU,-4.37435142671967,True
229,HippocampusNorm,-96.99342566279728,True
229,WholeBrainNorm,-0.6664181553398333,True
229,FusiformNorm,592.6137112577367,True
229,ABETA,147.7746872938697,True
229,MMSE,-100.56760743411112,True
230,ADAS13,264.98320691026663,True
230,EntorhinalNorm,19.862216496770884,True
230,RAVLT_immediate,-55.8876021751909,True
230,TAU,1.168727129065008,True
230,VentricleNorm,-177.30797547489288,True
230,MidTempNorm,90.82446062986837,True
230,PTAU,-41.89706142291247,True
230,HippocampusNorm,-192.62684812633051,True
230,WholeBrainNorm,-13.55866108105759,True
230,FusiformNorm,441.18881261653667,True
230,ABETA,364.03621506897775,True
230,MMSE,-88.85133934891657,True
231,ADAS13,189.28646836258105,True
231,EntorhinalNorm,46.741873594818465,True
231,RAVLT_immediate,-129.5381321481911,True
231,TAU,13.654511390173155,True
231,VentricleNorm,326.23418497886496,True
231,MidTempNorm,626.7296410997634,True
231,PTAU,-53.97756951668921,True
231,HippocampusNorm,-78.54615738578471,True
231,WholeBrainNorm,-27.943423773470926,True
231,FusiformNorm,518.4443900609143,True
231,ABETA,293.17679919329544,True
231,MMSE,-101.85294900237965,True
232,ADAS13,-476.2464585890704,False
232,EntorhinalNorm,2.5552136040840154,False
232,RAVLT_immediate,-233.40719936265816,False
232,TAU,-166.11646198621375,False
232,VentricleNorm,-107.24533323037306,False
232,MidTempNorm,748.9990164861264,False
232,PTAU,-12.385258686697924,False
232,HippocampusNorm,-124.35800518645766,False
232,WholeBrainNorm,17.297992900170076,False
232,FusiformNorm,173.77721759879344,False
232,ABETA,265.9056692413512,False
232,MMSE,-102.05146923930081,False
233,ADAS13,214.26600356618422,True
233,EntorhinalNorm,48.78003878724454,True
233,RAVLT_immediate,-186.5639150076682,True
233,TAU,22.911539017901788,True
233,VentricleNorm,-164.39326809172653,True
233,MidTempNorm,154.21656287938873,True
233,PTAU,61.50829088206438,True
233,HippocampusNorm,-24.20471852446456,True
233,WholeBrainNorm,27.88753274665542,True
233,FusiformNorm,-83.43920093548178,True
233,ABETA,346.8030460108329,True
233,MMSE,-92.97360980590983,True
234,ADAS13,-471.2846574025576,False
234,EntorhinalNorm,13.473556626555261,False
234,RAVLT_immediate,-169.0759618505872,False
234,TAU,-117.44274617345292,False
234,VentricleNorm,443.25452339703315,False
234,MidTempNorm,661.6124819268936,False
234,PTAU,-85.08933724661054,False
234,HippocampusNorm,-76.16037308629532,False
234,WholeBrainNorm,16.343238064524297,False
234,FusiformNorm,479.7501833052258,False
234,ABETA,-104.33079289387777,False
234,MMSE,-97.1855041707079,False
235,ADAS13,-491.9282946992378,False
235,EntorhinalNorm,-1.2001951663424233,False
235,RAVLT_immediate,-77.40782929509794,False
235,TAU,-108.32221490691946,False
235,VentricleNorm,268.6390413816944,False
235,MidTempNorm,21.530927518037544,False
235,PTAU,-40.64706747719585,False
235,HippocampusNorm,-57.64329419846253,False
235,WholeBrainNorm,-36.94308933950911,False
235,FusiformNorm,324.57980354728255,False
235,ABETA,209.61095933335997,False
235,MMSE,-99.58783127175124,False
236,ADAS13,173.31248710393015,True
236,EntorhinalNorm,49.770156318966684,True
236,RAVLT_immediate,-2.4370923012854036,True
236,TAU,11.044370612166068,True
236,VentricleNorm,-120.79590028885627,True
236,MidTempNorm,205.11110222328995,True
236,PTAU,-43.80866449849294,True
236,HippocampusNorm,-126.98157269471172,True
236,WholeBrainNorm,-3.063506873864668,True
236,FusiformNorm,191.4362149771631,True
236,ABETA,338.3465849822285,True
236,MMSE,-98.8233507169706,True
237,ADAS13,496.4994748886281,True
237,EntorhinalNorm,-17.33661188505055,True
237,RAVLT_immediate,-255.07761493332984,True
237,TAU,-115.67193062064167,True
237,VentricleNorm,-170.70950477255278,True
237,MidTempNorm,320.37259281906404,True
237,PTAU,-72.23168328633723,True
237,HippocampusNorm,-20.173812527144776,True
237,WholeBrainNorm,19.59131951233319,True
237,FusiformNorm,645.7579497869006,True
237,ABETA,404.17393488217203,True
237,MMSE,-97.86078518813909,True
238,ADAS13,550.9438248600583,True
238,EntorhinalNorm,64.45693811399057,True
238,RAVLT_immediate,-39.08825148221452,True
238,TAU,29.67012165229034,True
238,VentricleNorm,-130.49888220225702,True
238,MidTempNorm,127.65043396600784,True
238,PTAU,73.22043563594829,True
238,HippocampusNorm,-113.91876370190087,True
238,WholeBrainNorm,3.3351199347624236,True
238,FusiformNorm,425.30341886663507,True
238,ABETA,95.18117322251626,True
238,MMSE,-99.52663565455374,True
239,ADAS13,368.507056395721,True
239,EntorhinalNorm,31.41430773829804,True
239,RAVLT_immediate,-90.80543364666582,True
239,TAU,-17.35780844352371,True
239,VentricleNorm,-274.59156177680455,True
239,MidTempNorm,29.390070818707926,True
239,PTAU,77.83598776356916,True
239,HippocampusNorm,-105.3969994017491,True
239,WholeBrainNorm,-1.9505017792034203,True
239,FusiformNorm,218.42848448943084,True
239,ABETA,494.2986889546514,True
239,MMSE,-96.79314715627554,True
240,ADAS13,581.3731447373343,True
240,EntorhinalNorm,30.932265848582094,True
240,RAVLT_immediate,-84.50514420968983,True
240,TAU,5.435876697104047,True
240,VentricleNorm,-137.15233400500688,True
240,MidTempNorm,16.364192339732313,True
240,PTAU,62.526540731787485,True
240,HippocampusNorm,-164.28421779684646,True
240,WholeBrainNorm,-2.5602188874169722,True
240,FusiformNorm,557.4499402975728,True
240,ABETA,403.605082865245,True
240,MMSE,-99.68443920831751,True
241,ADAS13,-509.7354664711251,False
241,EntorhinalNorm,31.451879002938888,False
241,RAVLT_immediate,-225.0897911496686,False
241,TAU,-120.71438273809056,False
241,VentricleNorm,353.90585512080304,False
241,MidTempNorm,634.9097051785236,False
241,PTAU,-106.57231737584657,False
241,HippocampusNorm,-139.0938052864054,False
241,WholeBrainNorm,-1.2963075781520155,False
241,FusiformNorm,234.57343115543298,False
241,ABETA,83.9748469189524,False
241,MMSE,-107.37719129654587,False
242,ADAS13,464.89891151517537,True
242,EntorhinalNorm,20.03693655480539,True
242,RAVLT_immediate,-142.69484802727422,True
242,TAU,24.856104501425186,True
242,VentricleNorm,-81.09966652150038,True
242,MidTempNorm,483.1064760575439,True
242,PTAU,-49.47883579995193,True
242,HippocampusNorm,-69.16649671010774,True
242,WholeBrainNorm,-44.0162273518697,True
242,FusiformNorm,686.6065041717054,True
242,ABETA,86.03115406071763,True
242,MMSE,-92.56034934797475,True
243,ADAS13,482.9154489295212,True
243,EntorhinalNorm,76.2214145460757,True
243,RAVLT_immediate,161.76191801278756,True
243,TAU,13.254419811075838,True
243,VentricleNorm,-216.7694994458339,True
243,MidTempNorm,252.8702482392732,True
243,PTAU,67.48335903669002,True
243,HippocampusNorm,-2.74299374615876,True
243,WholeBrainNorm,148.7190543166849,True
243,FusiformNorm,40.036653538811095,True
243,ABETA,188.14087662520132,True
243,MMSE,-108.3222667114833,True
244,ADAS13,109.79784737935253,True
244,EntorhinalNorm,68.11572700069563,True
244,RAVLT_immediate,-199.8808313910239,True
244,TAU,29.944675670880244,True
244,VentricleNorm,-58.24137351139963,True
244,MidTempNorm,-136.01828750660397,True
244,PTAU,-73.34652476821401,True
244,HippocampusNorm,-143.6119927114189,True
244,WholeBrainNorm,34.55343176360546,True
244,FusiformNorm,679.1800798007397,True
244,ABETA,34.66297110239702,True
244,MMSE,-107.12498636524705,True
245,ADAS13,-12.164183061097674,True
245,EntorhinalNorm,32.55808157155579,True
245,RAVLT_immediate,12.112076494204416,True
245,TAU,-43.18434247727626,True
245,VentricleNorm,-129.65705915844865,True
245,MidTempNorm,55.3457976750407,True
245,PTAU,-85.43777959040297,True
245,HippocampusNorm,-120.75024908070728,True
245,WholeBrainNorm,26.38826325634767,True
245,FusiformNorm,262.0395671770461,True
245,ABETA,326.53513857967744,True
245,MMSE,-101.27301721698342,True
246,ADAS13,502.313956405931,True
246,EntorhinalNorm,45.579700813184665,True
246,RAVLT_immediate,-62.65923442022601,True
246,TAU,14.881983703853132,True
246,VentricleNorm,-236.30488493461843,True
246,MidTempNorm,58.78527223331264,True
246,PTAU,-14.845423125720345,True
246,HippocampusNorm,-92.37300103984163,True
246,WholeBrainNorm,4.406440936014864,True
246,FusiformNorm,-135.2127522171271,True
246,ABETA,269.2979431569298,True
246,MMSE,-98.46462036163165,True
247,ADAS13,318.39960661952136,True
247,EntorhinalNorm,60.20018600447301,True
247,RAVLT_immediate,-33.14044340780673,True
247,TAU,14.228718607305607,True
247,VentricleNorm,-51.00699663461445,True
247,MidTempNorm,-35.97947586284704,True
247,PTAU,84.8816190096999,True
247,HippocampusNorm,40.39516385704741,True
247,WholeBrainNorm,239.2442548778139,True
247,FusiformNorm,51.32876894610371,True
247,ABETA,71.78231418824768,True
247,MMSE,-98.13570012030203,True
248,ADAS13,560.832887235732,True
248,EntorhinalNorm,76.40447252325617,True
248,RAVLT_immediate,-94.75396400242799,True
248,TAU,61.616771847517505,True
248,VentricleNorm,-78.22292801501806,True
248,MidTempNorm,-58.09756850203476,True
248,PTAU,-7.851823251266374,True
248,HippocampusNorm,-114.99656568953678,True
248,WholeBrainNorm,-4.649557632821852,True
248,FusiformNorm,861.5655354184577,True
248,ABETA,250.93219819506675,True
248,MMSE,-99.32561966452725,True
249,ADAS13,169.74968579571575,True
249,EntorhinalNorm,-35.46945915876899,True
249,RAVLT_immediate,-210.75711490594585,True
249,TAU,17.75765078710821,True
249,VentricleNorm,-169.62199308431437,True
249,MidTempNorm,140.37853629179492,True
249,PTAU,74.68049963037714,True
249,HippocampusNorm,-96.68640651205774,True
249,WholeBrainNorm,-10.26112999273814,True
249,FusiformNorm,430.9153461455569,True
249,ABETA,139.56744659481987,True
249,MMSE,-97.93514501229853,True
250,ADAS13,379.80849140901074,True
250,EntorhinalNorm,52.07793993708428,True
250,RAVLT_immediate,-55.353318068113424,True
250,TAU,7.728826653452607,True
250,VentricleNorm,268.43227506486494,True
250,MidTempNorm,-31.580296342875215,True
250,PTAU,-55.122936225182094,True
250,HippocampusNorm,-69.46588184609301,True
250,WholeBrainNorm,13.597581455097338,True
250,FusiformNorm,859.7939206447384,True
250,ABETA,91.91877295596234,True
250,MMSE,-92.57412799727558,True
251,ADAS13,-552.8946839740261,False
251,EntorhinalNorm,-20.42520251873127,False
251,RAVLT_immediate,-161.7888242166423,False
251,TAU,-94.78255710830027,False
251,VentricleNorm,493.437045657918,False
251,MidTempNorm,350.3321586502035,False
251,PTAU,-92.27038769300506,False
251,HippocampusNorm,-174.75416728768542,False
251,WholeBrainNorm,-9.901612899790294,False
251,FusiformNorm,456.1868961131105,False
251,ABETA,299.2071048605002,False
251,MMSE,-92.39711975266867,False
252,ADAS13,-477.0104292799459,False
252,EntorhinalNorm,26.878254604094312,False
252,RAVLT_immediate,-49.34176057164714,False
252,TAU,-92.23683248438336,False
252,VentricleNorm,-51.33237713506361,False
252,MidTempNorm,402.0132058040622,False
252,PTAU,-107.37562860500339,False
252,HippocampusNorm,-143.7035465872272,False
252,WholeBrainNorm,-11.681738744886747,False
252,FusiformNorm,458.3282178611042,False
252,ABETA,80.638867797318,False
252,MMSE,-98.03945983142113,False
253,ADAS13,359.10053441490453,True
253,EntorhinalNorm,75.40843863476708,True
253,RAVLT_immediate,-86.02488735110094,True
253,TAU,-0.5227598388466568,True
253,VentricleNorm,-240.56647652615004,True
253,MidTempNorm,121.26902487434579,True
253,PTAU,72.11833226560694,True
253,HippocampusNorm,-215.80123950969895,True
253,WholeBrainNorm,-8.620186954125199,True
253,FusiformNorm,491.591100345772,True
253,ABETA,47.37437972124589,True
253,MMSE,-99.79512226319838,True
254,ADAS13,113.39394052723065,True
254,EntorhinalNorm,52.303677030766046,True
254,RAVLT_immediate,-124.71074420287101,True
254,TAU,26.1775090945377,True
254,VentricleNorm,-90.82730096231326,True
254,MidTempNorm,204.92563656687867,True
254,PTAU,-40.297079866320416,True
254,HippocampusNorm,-182.04597924075688,True
254,WholeBrainNorm,-0.32880473666249665,True
254,FusiformNorm,349.22843709168234,True
254,ABETA,89.76988818432214,True
254,MMSE,-95.21865230361972,True
255,ADAS13,206.38219214951505,True
255,EntorhinalNorm,10.735850817890302,True
255,RAVLT_immediate,-104.55371950935238,True
255,TAU,4.217547188473013,True
255,VentricleNorm,154.27628031497554,True
255,MidTempNorm,244.83932491353212,True
255,PTAU,-95.03545917569474,True
255,HippocampusNorm,-49.17205347521036,True
255,WholeBrainNorm,-42.26252134810583,True
255,FusiformNorm,436.6340652467402,True
255,ABETA,167.10735345055633,True
255,MMSE,-91.80903375039124,True
256,ADAS13,229.45531151810363,True
256,EntorhinalNorm,-20.248503104445724,True
256,RAVLT_immediate,-48.86317134864843,True
256,TAU,47.296353567983495,True
256,VentricleNorm,-187.82446049679558,True
256,MidTempNorm,412.74503029092193,True
256,PTAU,60.20681945916186,True
256,HippocampusNorm,-90.28166273879141,True
256,WholeBrainNorm,-22.315652026392925,True
256,FusiformNorm,343.85167700014097,True
256,ABETA,233.58392517850587,True
256,MMSE,-102.1509245193552,True
257,ADAS13,373.06535799304277,True
257,EntorhinalNorm,99.23012507177357,True
257,RAVLT_immediate,39.99433398587405,True
257,TAU,29.31300898026103,True
257,VentricleNorm,-258.89721845073586,True
257,MidTempNorm,-333.3713420820865,True
257,PTAU,-44.330463322045546,True
257,HippocampusNorm,-203.622532538661,True
257,WholeBrainNorm,-21.223905534078824,True
257,FusiformNorm,395.2468001246883,True
257,ABETA,162.8034818618969,True
257,MMSE,-105.63654684155529,True
258,ADAS13,585.0071155090343,True
258,EntorhinalNorm,19.0449447820852,True
258,RAVLT_immediate,-172.48558890396356,True
258,TAU,-13.75008279529938,True
258,VentricleNorm,171.12207423862864,True
258,MidTempNorm,855.4199847179636,True
258,PTAU,-43.27536439864352,True
258,HippocampusNorm,-112.28842080112048,True
258,WholeBrainNorm,-2.5154488550071585,True
258,FusiformNorm,621.97108259317,True
258,ABETA,389.3352937195061,True
258,MMSE,-97.1584930704962,True
259,ADAS13,307.5498634877221,True
259,EntorhinalNorm,-2.571991311862199,True
259,RAVLT_immediate,-155.93568672704615,True
259,TAU,13.120830468585444,True
259,VentricleNorm,0.9530754108502606,True
259,MidTempNorm,177.91953182263234,True
259,PTAU,80.11109264308179,True
259,HippocampusNorm,-138.70989259776823,True
259,WholeBrainNorm,1.4305505205403108,True
259,FusiformNorm,341.7962783513227,True
259,ABETA,-86.92457476831632,True
259,MMSE,-96.29089632003846,True
260,ADAS13,285.3218318521839,True
260,EntorhinalNorm,56.49347753382523,True
260,RAVLT_immediate,-225.65247321189963,True
260,TAU,20.56570905999253,True
260,VentricleNorm,-301.8370441529364,True
260,MidTempNorm,59.30339237165697,True
260,PTAU,68.61144260709943,True
260,HippocampusNorm,-70.51110178442535,True
260,WholeBrainNorm,-6.5614383336475885,True
260,FusiformNorm,2.6009905491714562,True
260,ABETA,318.3747914116408,True
260,MMSE,-97.67061158977643,True
261,ADAS13,326.8407378774779,True
261,EntorhinalNorm,38.2037088350078,True
261,RAVLT_immediate,15.275589656628355,True
261,TAU,27.12630300493401,True
261,VentricleNorm,-110.38614485287054,True
261,MidTempNorm,421.40619102325707,True
261,PTAU,68.27588118252439,True
261,HippocampusNorm,-147.30113843759446,True
261,WholeBrainNorm,5.5474576842765355,True
261,FusiformNorm,496.88735975466784,True
261,ABETA,98.30931483117988,True
261,MMSE,-100.82913860637179,True
262,ADAS13,-528.9491930308259,False
262,EntorhinalNorm,65.3639923601247,False
262,RAVLT_immediate,41.01380144916632,False
262,TAU,-166.60887668851439,False
262,VentricleNorm,-47.28040785965311,False
262,MidTempNorm,120.17601440721393,False
262,PTAU,-60.66849582964658,False
262,HippocampusNorm,-44.696632873564866,False
262,WholeBrainNorm,-4.747035102759715,False
262,FusiformNorm,488.37454591002836,False
262,ABETA,-194.17321185809874,False
262,MMSE,-98.97507779092608,False
263,ADAS13,-530.7745396372961,False
263,EntorhinalNorm,-29.22262549557023,False
263,RAVLT_immediate,-124.91423144842435,False
263,TAU,-96.59622079581293,False
263,VentricleNorm,351.18313884402403,False
263,MidTempNorm,162.08521538703403,False
263,PTAU,-42.68246368662135,False
263,HippocampusNorm,-127.37982583445488,False
263,WholeBrainNorm,-30.427737057375396,False
263,FusiformNorm,853.5967149010769,False
263,ABETA,305.8361443967924,False
263,MMSE,-100.86934247178688,False
264,ADAS13,-456.6682580837586,False
264,EntorhinalNorm,3.674072812344697,False
264,RAVLT_immediate,-7.7337731003375865,False
264,TAU,-96.19047129107534,False
264,VentricleNorm,-26.741694894209303,False
264,MidTempNorm,109.25966909168457,False
264,PTAU,-78.97608918849625,False
264,HippocampusNorm,-166.50322161827873,False
264,WholeBrainNorm,28.805208160992688,False
264,FusiformNorm,640.1027623369739,False
264,ABETA,-47.91535434555519,False
264,MMSE,-96.49781161280501,False
265,ADAS13,-598.5065397766818,False
265,EntorhinalNorm,60.34772764400049,False
265,RAVLT_immediate,14.7550079281108,False
265,TAU,-114.20106376575619,False
265,VentricleNorm,69.08999805687347,False
265,MidTempNorm,-28.74663906801584,False
265,PTAU,-23.175486600847385,False
265,HippocampusNorm,-151.19031378121377,False
265,WholeBrainNorm,-21.731338954579375,False
265,FusiformNorm,85.30317238130161,False
265,ABETA,283.5716586271988,False
265,MMSE,-98.72653978681447,False
266,ADAS13,184.1072659027911,True
266,EntorhinalNorm,68.18065802025875,True
266,RAVLT_immediate,-247.08381739563876,True
266,TAU,30.03815136534297,True
266,VentricleNorm,-203.51331532121432,True
266,MidTempNorm,70.25640654196891,True
266,PTAU,-42.79714275047204,True
266,HippocampusNorm,-145.10611017077866,True
266,WholeBrainNorm,18.43679581208195,True
266,FusiformNorm,417.5914837641228,True
266,ABETA,-74.45909848390687,True
266,MMSE,-98.46212089392908,True
267,ADAS13,-551.7694339451352,False
267,EntorhinalNorm,-39.147267591993426,False
267,RAVLT_immediate,199.0251880322661,False
267,TAU,-86.4918108423179,False
267,VentricleNorm,141.53396547929515,False
267,MidTempNorm,423.5359517826255,False
267,PTAU,-32.086356413063115,False
267,HippocampusNorm,-106.14074298015927,False
267,WholeBrainNorm,8.222808347606952,False
267,FusiformNorm,-249.4629161511192,False
267,ABETA,-87.7279380265328,False
267,MMSE,-95.80181010773615,False
268,ADAS13,154.91501182908866,True
268,EntorhinalNorm,2.8631462584478484,True
268,RAVLT_immediate,-152.11991849862892,True
268,TAU,-3.7660087703498544,True
268,VentricleNorm,-208.66801127278146,True
268,MidTempNorm,-69.001425065566,True
268,PTAU,73.81364434422004,True
268,HippocampusNorm,28.23278707555899,True
268,WholeBrainNorm,7.298523664239153,True
268,FusiformNorm,815.8300263362619,True
268,ABETA,97.31082901376791,True
268,MMSE,-95.29839280073257,True
269,ADAS13,398.4614156645085,True
269,EntorhinalNorm,31.99108656283827,True
269,RAVLT_immediate,12.71808231632609,True
269,TAU,5.463487472464331,True
269,VentricleNorm,-191.17878247140055,True
269,MidTempNorm,83.0022577150832,True
269,PTAU,-26.96840923561533,True
269,HippocampusNorm,-121.1972057311043,True
269,WholeBrainNorm,7.474045232131886,True
269,FusiformNorm,549.5455694739547,True
269,ABETA,-95.24258522019971,True
269,MMSE,-94.25207181351003,True
270,ADAS13,-618.6086840049796,False
270,EntorhinalNorm,-5.583078535643835,False
270,RAVLT_immediate,-130.90412543694237,False
270,TAU,-87.80827385162573,False
270,VentricleNorm,192.02142842235205,False
270,MidTempNorm,352.97054687651104,False
270,PTAU,-45.57723610922581,False
270,HippocampusNorm,-195.68081206922687,False
270,WholeBrainNorm,-21.8542129709276,False
270,FusiformNorm,70.03652015518512,False
270,ABETA,-74.44038654787093,False
270,MMSE,-100.69105627801083,False
271,ADAS13,-461.54355622743867,False
271,EntorhinalNorm,-40.487685019726605,False
271,RAVLT_immediate,-56.828759470291885,False
271,TAU,-197.3101043041666,False
271,VentricleNorm,469.11483083242956,False
271,MidTempNorm,77.16481864938129,False
271,PTAU,-78.87360066179097,False
271,HippocampusNorm,-115.31974066491858,False
271,WholeBrainNorm,17.152833296826863,False
271,FusiformNorm,485.47410805217066,False
271,ABETA,122.10399561189543,False
271,MMSE,-100.39331240728036,False
272,ADAS13,74.74781895233113,True
272,EntorhinalNorm,24.851062246793052,True
272,RAVLT_immediate,-3.168870812696966,True
272,TAU,16.751630219767613,True
272,VentricleNorm,-173.8862126455745,True
272,MidTempNorm,238.33161433922191,True
272,PTAU,67.4555886842889,True
272,HippocampusNorm,-99.12705994874153,True
272,WholeBrainNorm,-44.76921673086418,True
272,FusiformNorm,50.909874888559386,True
272,ABETA,5.1481634076610305,True
272,MMSE,-98.66774709205255,True
273,ADAS13,399.07547177809965,True
273,EntorhinalNorm,41.24453810865689,True
273,RAVLT_immediate,-226.85189218456924,True
273,TAU,44.647319891720244,True
273,VentricleNorm,-77.72534519188291,True
273,MidTempNorm,473.83270506217184,True
273,PTAU,68.27186885132735,True
273,HippocampusNorm,-175.6718985518985,True
273,WholeBrainNorm,30.349800497594522,True
273,FusiformNorm,361.5359391777119,True
273,ABETA,166.47843731230185,True
273,MMSE,-94.75891241757951,True
274,ADAS13,341.5453163552981,True
274,EntorhinalNorm,31.129923756992618,True
274,RAVLT_immediate,-133.60274671496452,True
274,TAU,2.582432201256367,True
274,VentricleNorm,-247.55599305281947,True
274,MidTempNorm,-114.54796717155827,True
274,PTAU,-45.384557130840356,True
274,HippocampusNorm,-104.40961335145252,True
274,WholeBrainNorm,10.359348870795772,True
274,FusiformNorm,193.6916370776347,True
274,ABETA,25.019178079441375,True
274,MMSE,-98.32054092972885,True
275,ADAS13,472.41495551333014,True
275,EntorhinalNorm,27.159001237194683,True
275,RAVLT_immediate,-220.17595006145683,True
275,TAU,26.859493801337532,True
275,VentricleNorm,-267.9082382582193,True
275,MidTempNorm,356.57263360681776,True
275,PTAU,65.20495621449383,True
275,HippocampusNorm,-113.38096748155826,True
275,WholeBrainNorm,-17.555074908397426,True
275,FusiformNorm,353.2539258840677,True
275,ABETA,319.4260809106805,True
275,MMSE,-99.86089923877724,True
276,ADAS13,126.26865081617873,True
276,EntorhinalNorm,44.246503976816626,True
276,RAVLT_immediate,-112.3946990274175,True
276,TAU,14.511316605714375,True
276,VentricleNorm,260.7379839623396,True
276,MidTempNorm,-78.99934542819102,True
276,PTAU,-121.72041721090801,True
276,HippocampusNorm,-171.8234641194357,True
276,WholeBrainNorm,-31.370419102417085,True
276,FusiformNorm,885.3876033944302,True
276,ABETA,320.8334813321807,True
276,MMSE,-96.65946004122927,True
277,ADAS13,826.776506284702,True
277,EntorhinalNorm,39.782941153273015,True
277,RAVLT_immediate,-117.27129485983419,True
277,TAU,27.753361471288763,True
277,VentricleNorm,-222.4229593054844,True
277,MidTempNorm,-194.97868413265385,True
277,PTAU,57.34256906931459,True
277,HippocampusNorm,-92.77570131054304,True
277,WholeBrainNorm,-4.941521191294577,True
277,FusiformNorm,284.03388833683624,True
277,ABETA,285.0787728656477,True
277,MMSE,-101.11730882757993,True
278,ADAS13,-519.1472427098798,False
278,EntorhinalNorm,-55.002963909979904,False
278,RAVLT_immediate,-108.45240468025267,False
278,TAU,-91.3109512791626,False
278,VentricleNorm,-118.25545761510571,False
278,MidTempNorm,-130.4674567753088,False
278,PTAU,-72.49634669443836,False
278,HippocampusNorm,-139.80076383206367,False
278,WholeBrainNorm,6.668782864302574,False
278,FusiformNorm,-314.74588979885766,False
278,ABETA,89.63309246855187,False
278,MMSE,-91.03356779558175,False
279,ADAS13,363.09128122432617,True
279,EntorhinalNorm,-37.34747774411584,True
279,RAVLT_immediate,-246.65942571200858,True
279,TAU,37.419873041009645,True
279,VentricleNorm,-156.39593536074622,True
279,MidTempNorm,13.347130120862602,True
279,PTAU,56.12686938272801,True
279,HippocampusNorm,-27.36163005345191,True
279,WholeBrainNorm,-24.88562741471589,True
279,FusiformNorm,-295.55154876917777,True
279,ABETA,226.07138605324434,True
279,MMSE,-95.30379899949489,True
280,ADAS13,461.1524990982836,True
280,EntorhinalNorm,86.56032994166668,True
280,RAVLT_immediate,-143.19727332294076,True
280,TAU,19.992831203552228,True
280,VentricleNorm,-301.41972265489096,True
280,MidTempNorm,-126.98943615701845,True
280,PTAU,66.63074869810038,True
280,HippocampusNorm,-126.69174657188766,True
280,WholeBrainNorm,8.676027037437278,True
280,FusiformNorm,480.2414695035817,True
280,ABETA,257.42252015870883,True
280,MMSE,-97.10831815851765,True
281,ADAS13,173.8194046972569,True
281,EntorhinalNorm,44.56906914409052,True
281,RAVLT_immediate,-152.89498293767292,True
281,TAU,5.305135567462211,True
281,VentricleNorm,57.72738544030362,True
281,MidTempNorm,472.2317053914194,True
281,PTAU,-117.29924349218803,True
281,HippocampusNorm,-123.91839933235482,True
281,WholeBrainNorm,7.6120005655983,True
281,FusiformNorm,179.12623544980187,True
281,ABETA,181.77510323808207,True
281,MMSE,-94.02728035956743,True
282,ADAS13,307.8727079903691,True
282,EntorhinalNorm,11.769704253551339,True
282,RAVLT_immediate,-123.81908279124886,True
282,TAU,30.561957630416785,True
282,VentricleNorm,-177.26668551549312,True
282,MidTempNorm,403.89905387565614,True
282,PTAU,-28.06235987404658,True
282,HippocampusNorm,-161.16752226874775,True
282,WholeBrainNorm,17.731562342230266,True
282,FusiformNorm,-79.52161742946907,True
282,ABETA,88.83674062509027,True
282,MMSE,-95.06993721042467,True
283,ADAS13,-521.0106425703485,False
283,EntorhinalNorm,28.251040070781496,False
283,RAVLT_immediate,21.895068273156753,False
283,TAU,-133.9170301641559,False
283,VentricleNorm,-12.688475384039776,False
283,MidTempNorm,159.6125039823035,False
283,PTAU,-141.9904897471871,False
283,HippocampusNorm,-128.76009884117474,False
283,WholeBrainNorm,-21.034019423078004,False
283,FusiformNorm,719.5883917216113,False
283,ABETA,40.83476278890417,False
283,MMSE,-98.82176814691233,False
284,ADAS13,229.16549513451753,True
284,EntorhinalNorm,47.379098759231105,True
284,RAVLT_immediate,-146.23940455495529,True
284,TAU,23.05614558695286,True
284,VentricleNorm,-274.51813510786826,True
284,MidTempNorm,248.50727544483033,True
284,PTAU,-83.85338119725573,True
284,HippocampusNorm,-128.83959864074598,True
284,WholeBrainNorm,-14.235439576307066,True
284,FusiformNorm,301.74247515160255,True
284,ABETA,278.0187318972964,True
284,MMSE,-100.312889530817,True
285,ADAS13,-534.4287249829756,False
285,EntorhinalNorm,23.431133753557766,False
285,RAVLT_immediate,-46.92990317116214,False
285,TAU,-93.28043093877294,False
285,VentricleNorm,512.5258255032517,False
285,MidTempNorm,100.7592415233118,False
285,PTAU,-29.152135660246916,False
285,HippocampusNorm,-151.577022891177,False
285,WholeBrainNorm,18.114109516597868,False
285,FusiformNorm,185.3733906619832,False
285,ABETA,29.11431519413304,False
285,MMSE,-93.35454774069397,False
286,ADAS13,160.30284396835643,True
286,EntorhinalNorm,0.09469545397737278,True
286,RAVLT_immediate,-16.861303683731308,True
286,TAU,1.67943466224051,True
286,VentricleNorm,-116.36517206681575,True
286,MidTempNorm,-228.32442135672392,True
286,PTAU,-50.16241977590185,True
286,HippocampusNorm,-171.75461740914437,True
286,WholeBrainNorm,26.05440897504175,True
286,FusiformNorm,546.0668050626406,True
286,ABETA,28.366603398289357,True
286,MMSE,-106.32714167866853,True
287,ADAS13,245.8092679365507,True
287,EntorhinalNorm,15.978843200382535,True
287,RAVLT_immediate,-213.39433910141796,True
287,TAU,11.006097522951364,True
287,VentricleNorm,-117.89491803303662,True
287,MidTempNorm,68.18512758511423,True
287,PTAU,77.15412443711017,True
287,HippocampusNorm,26.155962196690766,True
287,WholeBrainNorm,201.06053335944387,True
287,FusiformNorm,308.37183147689467,True
287,ABETA,116.0503049337475,True
287,MMSE,-100.93530862028805,True
288,ADAS13,47.31736043717575,True
288,EntorhinalNorm,-15.10539990928094,True
288,RAVLT_immediate,-21.93909261418044,True
288,TAU,21.27850305405856,True
288,VentricleNorm,-104.33313494395459,True
288,MidTempNorm,-101.30056837219351,True
288,PTAU,66.0393627123599,True
288,HippocampusNorm,-183.4695466385458,True
288,WholeBrainNorm,-10.150942250071203,True
288,FusiformNorm,84.91973360633534,True
288,ABETA,200.3461101559302,True
288,MMSE,-100.41407836737658,True
289,ADAS13,512.4146195929897,True
289,EntorhinalNorm,29.5867042204269,True
289,RAVLT_immediate,-27.833742124888104,True
289,TAU,20.041194107312887,True
289,VentricleNorm,-254.05200812359828,True
289,MidTempNorm,176.0133212226055,True
289,PTAU,51.514669994680155,True
289,HippocampusNorm,-0.695449516217991,True
289,WholeBrainNorm,121.43763425305497,True
289,FusiformNorm,-490.8194821507983,True
289,ABETA,225.4411838672356,True
289,MMSE,-104.94372618410522,True
290,ADAS13,195.55726946396206,True
290,EntorhinalNorm,0.04150030754185963,True
290,RAVLT_immediate,-53.179798842538226,True
290,TAU,7.637224796676689,True
290,VentricleNorm,-116.12085207024474,True
290,MidTempNorm,158.96106758422354,True
290,PTAU,60.616700722046154,True
290,HippocampusNorm,-202.16510469921863,True
290,WholeBrainNorm,-62.43162708513819,True
290,FusiformNorm,453.27513795157824,True
290,ABETA,247.17481456304668,True
290,MMSE,-103.35439453599442,True
291,ADAS13,405.61154308596167,True
291,EntorhinalNorm,63.17178584986615,True
291,RAVLT_immediate,-110.87970154178744,True
291,TAU,49.528306930727865,True
291,VentricleNorm,-192.11110483356987,True
291,MidTempNorm,60.31449417417778,True
291,PTAU,69.80373270118696,True
291,HippocampusNorm,-86.10001454857066,True
291,WholeBrainNorm,26.87518802508469,True
291,FusiformNorm,763.8375283236574,True
291,ABETA,265.4899125795446,True
291,MMSE,-101.55688575012854,True
292,ADAS13,190.4647625842414,True
292,EntorhinalNorm,61.91078826876184,True
292,RAVLT_immediate,-136.29479263067307,True
292,TAU,23.812796853086883,True
292,VentricleNorm,-211.72117364029668,True
292,MidTempNorm,-37.171507410717595,True
292,PTAU,-105.4234770216432,True
292,HippocampusNorm,-107.89756845546434,True
292,WholeBrainNorm,8.56166876100823,True
292,FusiformNorm,461.34434434017385,True
292,ABETA,99.61488929257465,True
292,MMSE,-96.36248612652906,True
293,ADAS13,315.24289536600946,True
293,EntorhinalNorm,73.62176933065095,True
293,RAVLT_immediate,-153.98317876972624,True
293,TAU,33.03501609640238,True
293,VentricleNorm,-144.693589725714,True
293,MidTempNorm,121.35517376080139,True
293,PTAU,74.62187729635608,True
293,HippocampusNorm,-81.14196288901184,True
293,WholeBrainNorm,172.51471447681448,True
293,FusiformNorm,-381.3684367222513,True
293,ABETA,347.76816913681466,True
293,MMSE,-93.62568764599129,True
294,ADAS13,-525.2052988612616,False
294,EntorhinalNorm,-12.310864373363518,False
294,RAVLT_immediate,-224.84460475065612,False
294,TAU,-163.59495454044412,False
294,VentricleNorm,82.90024280109128,False
294,MidTempNorm,516.1614965204469,False
294,PTAU,-41.504215213800435,False
294,HippocampusNorm,-170.09308995383557,False
294,WholeBrainNorm,23.905737004251247,False
294,FusiformNorm,349.76263488026655,False
294,ABETA,116.08296993938293,False
294,MMSE,-99.31056568450593,False
295,ADAS13,341.9279946896813,True
295,EntorhinalNorm,64.73512724968096,True
295,RAVLT_immediate,-213.6358398371735,True
295,TAU,16.283813161043973,True
295,VentricleNorm,393.96439350047467,True
295,MidTempNorm,648.3856249794235,True
295,PTAU,-42.883706679459706,True
295,HippocampusNorm,-191.12208586144135,True
295,WholeBrainNorm,14.29706961678043,True
295,FusiformNorm,691.161900204823,True
295,ABETA,-43.21997923952196,True
295,MMSE,-100.68864973309736,True
296,ADAS13,431.92464944615426,True
296,EntorhinalNorm,57.5020383010239,True
296,RAVLT_immediate,-275.5035052656199,True
296,TAU,25.23917157947553,True
296,VentricleNorm,-205.71243279996423,True
296,MidTempNorm,108.24036622621662,True
296,PTAU,64.2184643409116,True
296,HippocampusNorm,-146.91482244763756,True
296,WholeBrainNorm,32.81224246824512,True
296,FusiformNorm,405.1644893775218,True
296,ABETA,394.26218484620114,True
296,MMSE,-105.92978660554128,True
297,ADAS13,-468.2796322351877,False
297,EntorhinalNorm,-57.897453949138594,False
297,RAVLT_immediate,14.062555111462643,False
297,TAU,-145.32351138443858,False
297,VentricleNorm,163.86725505335394,False
297,MidTempNorm,881.7969699132416,False
297,PTAU,-62.08222859506898,False
297,HippocampusNorm,-94.64360745747877,False
297,WholeBrainNorm,13.067697721163023,False
297,FusiformNorm,223.33046065177768,False
297,ABETA,63.90524359027002,False
297,MMSE,-95.74696623906023,False
298,ADAS13,459.63926144952785,True
298,EntorhinalNorm,61.83010366264332,True
298,RAVLT_immediate,-140.15288984693797,True
298,TAU,10.820560584795547,True
298,VentricleNorm,-200.153320754866,True
298,MidTempNorm,-81.97728261331085,True
298,PTAU,-70.81567545515878,True
298,HippocampusNorm,-107.68010762534088,True
298,WholeBrainNorm,26.454535979565627,True
298,FusiformNorm,824.8879106801926,True
298,ABETA,330.0843030020868,True
298,MMSE,-93.80985172887775,True
299,ADAS13,155.76521587483109,True
299,EntorhinalNorm,40.94544442043011,True
299,RAVLT_immediate,-186.7865475139394,True
299,TAU,51.523814219498604,True
299,VentricleNorm,-133.19574527267798,True
299,MidTempNorm,-11.269260668487902,True
299,PTAU,68.12684251835981,True
299,HippocampusNorm,-90.84956345426411,True
299,WholeBrainNorm,-40.63935603260395,True
299,FusiformNorm,-163.9082236823537,True
299,ABETA,90.01298955920083,True
299,MMSE,-100.65784229408082,True
300,ADAS13,68.23000209796723,True
300,EntorhinalNorm,110.06730748887452,True
300,RAVLT_immediate,-141.05850149757896,True
300,TAU,22.351553652262275,True
300,VentricleNorm,-181.84913531075654,True
300,MidTempNorm,-4.040291465492771,True
300,PTAU,46.32655147557901,True
300,HippocampusNorm,72.95831501460015,True
300,WholeBrainNorm,239.02018837388738,True
300,FusiformNorm,-232.93711177423768,True
300,ABETA,252.25369639758244,True
300,MMSE,-98.59853840367767,True
301,ADAS13,403.8229564646233,True
301,EntorhinalNorm,115.84451608718865,True
301,RAVLT_immediate,-203.01444864047187,True
301,TAU,-16.363383424925836,True
301,VentricleNorm,-263.38875139977523,True
301,MidTempNorm,-131.04887392836238,True
301,PTAU,55.88674417166493,True
301,HippocampusNorm,-89.36557975831025,True
301,WholeBrainNorm,-18.772958155250482,True
301,FusiformNorm,113.75291987627418,True
301,ABETA,196.1907924261133,True
301,MMSE,-99.38358103765891,True
302,ADAS13,-44.50542722039427,True
302,EntorhinalNorm,58.006358802473414,True
302,RAVLT_immediate,-168.59986437465577,True
302,TAU,-8.82811594001438,True
302,VentricleNorm,-177.02365793594097,True
302,MidTempNorm,261.9085340100768,True
302,PTAU,67.67140801380386,True
302,HippocampusNorm,38.41870527734548,True
302,WholeBrainNorm,13.85211637200602,True
302,FusiformNorm,-499.2568867349711,True
302,ABETA,128.07454212268897,True
302,MMSE,-99.27709430645486,True
303,ADAS13,494.64781178770136,True
303,EntorhinalNorm,83.35621474087039,True
303,RAVLT_immediate,-18.74356729984038,True
303,TAU,-26.604190889287004,True
303,VentricleNorm,-162.34842399004077,True
303,MidTempNorm,219.38935317355197,True
303,PTAU,69.52644701181315,True
303,HippocampusNorm,-150.8560500074846,True
303,WholeBrainNorm,2.8064386616424066,True
303,FusiformNorm,351.3087929257994,True
303,ABETA,143.6631836139046,True
303,MMSE,-99.56925207849969,True
304,ADAS13,79.02672537139955,True
304,EntorhinalNorm,-37.39022836294048,True
304,RAVLT_immediate,-68.85785321383453,True
304,TAU,8.804037095613527,True
304,VentricleNorm,-95.96664705541359,True
304,MidTempNorm,137.4878661981448,True
304,PTAU,-49.814687152802904,True
304,HippocampusNorm,-87.15746818973787,True
304,WholeBrainNorm,6.464050134867237,True
304,FusiformNorm,514.9600230859306,True
304,ABETA,79.01182807683443,True
304,MMSE,-107.0432373305223,True
305,ADAS13,372.9617379504335,True
305,EntorhinalNorm,90.71126971123732,True
305,RAVLT_immediate,-244.1596230649245,True
305,TAU,-26.179954014780066,True
305,VentricleNorm,-132.1476764640049,True
305,MidTempNorm,240.75623773709574,True
305,PTAU,62.388938161992364,True
305,HippocampusNorm,1.0340319848473456,True
305,WholeBrainNorm,244.37645027436196,True
305,FusiformNorm,133.28765976600198,True
305,ABETA,182.00200828587379,True
305,MMSE,-98.87972446565045,True
306,ADAS13,-446.6049540172381,False
306,EntorhinalNorm,74.54308805725823,False
306,RAVLT_immediate,-4.365837076886805,False
306,TAU,-89.47956011448684,False
306,VentricleNorm,-42.91672509196553,False
306,MidTempNorm,93.54393088584061,False
306,PTAU,-42.584000235400794,False
306,HippocampusNorm,-128.49368813041576,False
306,WholeBrainNorm,-5.3194500017734825,False
306,FusiformNorm,382.8084565850131,False
306,ABETA,152.50414838260815,False
306,MMSE,-104.48896695370564,False
307,ADAS13,-555.597201018303,False
307,EntorhinalNorm,41.59921956132992,False
307,RAVLT_immediate,133.6336784417153,False
307,TAU,-135.35123343088048,False
307,VentricleNorm,180.47877717011397,False
307,MidTempNorm,309.9563247861464,False
307,PTAU,-79.93187278986728,False
307,HippocampusNorm,-117.98752375355225,False
307,WholeBrainNorm,-6.296043773577439,False
307,FusiformNorm,-52.637716725764506,False
307,ABETA,560.3828944903505,False
307,MMSE,-100.38461947099518,False
308,ADAS13,425.1375635852676,True
308,EntorhinalNorm,84.14154468461936,True
308,RAVLT_immediate,-267.0880256721902,True
308,TAU,10.68675731468879,True
308,VentricleNorm,-219.64179179900165,True
308,MidTempNorm,200.14740487026677,True
308,PTAU,-59.4252499950336,True
308,HippocampusNorm,-210.466040945788,True
308,WholeBrainNorm,1.2758826006704853,True
308,FusiformNorm,94.46054683133656,True
308,ABETA,31.62055054602223,True
308,MMSE,-93.71910939864426,True
309,ADAS13,283.46874306770354,True
309,EntorhinalNorm,88.9049267131411,True
309,RAVLT_immediate,-125.99539380135529,True
309,TAU,-8.427882016926015,True
309,VentricleNorm,-186.88938873786418,True
309,MidTempNorm,265.54705998508865,True
309,PTAU,54.03169121862927,True
309,HippocampusNorm,-133.59429631633034,True
309,WholeBrainNorm,-2.910194948528585,True
309,FusiformNorm,-349.11138971015816,True
309,ABETA,-16.11715765689189,True
309,MMSE,-99.2026866772118,True
310,ADAS13,154.07702706609984,True
310,EntorhinalNorm,99.33939156514248,True
310,RAVLT_immediate,-207.3034759475878,True
310,TAU,-15.621263838518205,True
310,VentricleNorm,-113.6214230433289,True
310,MidTempNorm,20.004619690278872,True
310,PTAU,-88.25136088571622,True
310,HippocampusNorm,-65.64270106939138,True
310,WholeBrainNorm,-39.28559111235757,True
310,FusiformNorm,493.4907443342885,True
310,ABETA,128.69290619430302,True
310,MMSE,-99.91502640410623,True
311,ADAS13,704.9661614575608,True
311,EntorhinalNorm,34.9968734039965,True
311,RAVLT_immediate,-104.29304804835391,True
311,TAU,17.879803168418896,True
311,VentricleNorm,-246.0412800769335,True
311,MidTempNorm,198.56669723367222,True
311,PTAU,-60.69022450046441,True
311,HippocampusNorm,-141.00861937132942,True
311,WholeBrainNorm,11.730664499880108,True
311,FusiformNorm,339.07216804863594,True
311,ABETA,14.416967556196568,True
311,MMSE,-93.77467377992413,True
312,ADAS13,228.6538624455315,True
312,EntorhinalNorm,19.086931517619814,True
312,RAVLT_immediate,-138.26119821793975,True
312,TAU,67.03366340493908,True
312,VentricleNorm,-156.04339225103112,True
312,MidTempNorm,-61.555712290107294,True
312,PTAU,-60.58259238432936,True
312,HippocampusNorm,-104.06281645108734,True
312,WholeBrainNorm,16.439546134956835,True
312,FusiformNorm,259.97730585635804,True
312,ABETA,209.5202060781529,True
312,MMSE,-98.27039074345846,True
313,ADAS13,284.60557746145827,True
313,EntorhinalNorm,-15.682507176839053,True
313,RAVLT_immediate,54.45205802417138,True
313,TAU,7.83328804507185,True
313,VentricleNorm,-147.5167406042455,True
313,MidTempNorm,95.09615533853218,True
313,PTAU,-95.06143105269646,True
313,HippocampusNorm,-163.2887925044277,True
313,WholeBrainNorm,-28.786303973741735,True
313,FusiformNorm,-33.72929493274347,True
313,ABETA,23.719628480775768,True
313,MMSE,-99.77195136700321,True
314,ADAS13,285.68528526615216,True
314,EntorhinalNorm,34.23980499929881,True
314,RAVLT_immediate,-110.00777828119205,True
314,TAU,-101.77943819122837,True
314,VentricleNorm,40.29989265778252,True
314,MidTempNorm,158.39427664869095,True
314,PTAU,-61.16858398375305,True
314,HippocampusNorm,-133.55381303358686,True
314,WholeBrainNorm,10.607967963853113,True
314,FusiformNorm,36.60342858301408,True
314,ABETA,-66.75207051695611,True
314,MMSE,-93.38899687550271,True
315,ADAS13,330.5229037314796,True
315,EntorhinalNorm,60.17275180881547,True
315,RAVLT_immediate,-95.0976323889004,True
315,TAU,1.013544308750994,True
315,VentricleNorm,-175.86272420997824,True
315,MidTempNorm,-48.793273000519434,True
315,PTAU,59.47796687947135,True
315,HippocampusNorm,-176.7336470853745,True
315,WholeBrainNorm,9.994805504474783,True
315,FusiformNorm,207.410042606959,True
315,ABETA,-56.16941625253651,True
315,MMSE,-96.22589758989278,True
316,ADAS13,-573.5129423176706,False
316,EntorhinalNorm,1.2532346304134965,False
316,RAVLT_immediate,-153.0267956151697,False
316,TAU,-86.0412120618467,False
316,VentricleNorm,148.02779373452995,False
316,MidTempNorm,-220.54530672520536,False
316,PTAU,-68.12112079306787,False
316,HippocampusNorm,-50.37907165706065,False
316,WholeBrainNorm,-24.490264408829404,False
316,FusiformNorm,317.86223945900343,False
316,ABETA,304.7521771050506,False
316,MMSE,-100.92836422746095,False
317,ADAS13,-188.94795924979678,True
317,EntorhinalNorm,73.17729956449037,True
317,RAVLT_immediate,-108.38645642541304,True
317,TAU,-18.155647266836972,True
317,VentricleNorm,-242.03331756765104,True
317,MidTempNorm,520.6422921856051,True
317,PTAU,68.64781513205737,True
317,HippocampusNorm,-161.6073649342893,True
317,WholeBrainNorm,54.238968532258596,True
317,FusiformNorm,208.21859326054894,True
317,ABETA,127.13361952877564,True
317,MMSE,-102.70329678003924,True
318,ADAS13,188.78461503740044,True
318,EntorhinalNorm,68.77937380642973,True
318,RAVLT_immediate,-102.24763678129223,True
318,TAU,-24.87466285664273,True
318,VentricleNorm,-326.2036010498729,True
318,MidTempNorm,225.1234946831363,True
318,PTAU,-55.92561715973816,True
318,HippocampusNorm,-109.97397052046668,True
318,WholeBrainNorm,-22.19143363730372,True
318,FusiformNorm,211.8462792235386,True
318,ABETA,217.06373041359328,True
318,MMSE,-102.1148023394643,True
319,ADAS13,-490.13847155533335,False
319,EntorhinalNorm,-53.539364836448804,False
319,RAVLT_immediate,-84.36595425647931,False
319,TAU,-131.96577657917553,False
319,VentricleNorm,124.8236176457675,False
319,MidTempNorm,223.60491024153956,False
319,PTAU,-83.51621811225328,False
319,HippocampusNorm,-78.6682582667755,False
319,WholeBrainNorm,19.549131841240825,False
319,FusiformNorm,65.34102593383915,False
319,ABETA,49.11495230193529,False
319,MMSE,-92.09567203097957,False
320,ADAS13,367.3675820763903,True
320,EntorhinalNorm,45.292206721803424,True
320,RAVLT_immediate,-165.80872783428862,True
320,TAU,4.9852082648614715,True
320,VentricleNorm,83.44840115485403,True
320,MidTempNorm,338.0311812987386,True
320,PTAU,76.95980728495528,True
320,HippocampusNorm,-146.3563309877666,True
320,WholeBrainNorm,14.89065426754007,True
320,FusiformNorm,-180.54261541886262,True
320,ABETA,-14.682665222638974,True
320,MMSE,-92.503496667086,True
321,ADAS13,393.28863259694117,True
321,EntorhinalNorm,116.23681631927286,True
321,RAVLT_immediate,-181.5100945219453,True
321,TAU,1.3176092577233671,True
321,VentricleNorm,-167.2121376987014,True
321,MidTempNorm,97.92885135900471,True
321,PTAU,-38.98520117986001,True
321,HippocampusNorm,-110.80159445266669,True
321,WholeBrainNorm,13.460815132409877,True
321,FusiformNorm,-29.142944363045785,True
321,ABETA,76.75943224319755,True
321,MMSE,-94.24708321763575,True
322,ADAS13,152.03791970246792,True
322,EntorhinalNorm,35.636355927333796,True
322,RAVLT_immediate,-62.57291634940484,True
322,TAU,50.866580777394205,True
322,VentricleNorm,-203.2884967939408,True
322,MidTempNorm,455.02187355769263,True
322,PTAU,57.56217160726884,True
322,HippocampusNorm,-140.90299948350648,True
322,WholeBrainNorm,-18.77124771595937,True
322,FusiformNorm,-120.63489224391691,True
322,ABETA,162.93243871844777,True
322,MMSE,-97.78937517885242,True
323,ADAS13,-521.391270434978,False
323,EntorhinalNorm,39.600315440571215,False
323,RAVLT_immediate,-223.66267084800808,False
323,TAU,-10.684075918546085,False
323,VentricleNorm,617.6207130404458,False
323,MidTempNorm,684.7846960723037,False
323,PTAU,-48.53580385160316,False
323,HippocampusNorm,-124.58672909300168,False
323,WholeBrainNorm,28.751277317531727,False
323,FusiformNorm,512.0036127689143,False
323,ABETA,289.3732143179352,False
323,MMSE,-105.76088422955401,False
324,ADAS13,-526.0528641056527,False
324,EntorhinalNorm,-27.8100958462019,False
324,RAVLT_immediate,-125.09834585015771,False
324,TAU,-125.12977262052047,False
324,VentricleNorm,316.74045272881676,False
324,MidTempNorm,401.8992060545597,False
324,PTAU,-66.40471434718344,False
324,HippocampusNorm,-134.35955984553252,False
324,WholeBrainNorm,15.739150902752472,False
324,FusiformNorm,487.5013337454697,False
324,ABETA,-49.293332282676886,False
324,MMSE,-106.79856094288421,False
325,ADAS13,346.0892270782735,True
325,EntorhinalNorm,29.248139175987678,True
325,RAVLT_immediate,-174.41603407826744,True
325,TAU,10.222849971549682,True
325,VentricleNorm,-224.75524296491,True
325,MidTempNorm,536.1596394894771,True
325,PTAU,-107.72257905617283,True
325,HippocampusNorm,-212.06798034542354,True
325,WholeBrainNorm,-11.331532251615487,True
325,FusiformNorm,275.7963416766673,True
325,ABETA,240.1372518112613,True
325,MMSE,-103.27917113327031,True
326,ADAS13,620.423767509456,True
326,EntorhinalNorm,35.81844290523295,True
326,RAVLT_immediate,-106.74487241921865,True
326,TAU,-118.91796378503832,True
326,VentricleNorm,-172.15400184106315,True
326,MidTempNorm,371.3047709705579,True
326,PTAU,-59.54714860476874,True
326,HippocampusNorm,-145.0388451282909,True
326,WholeBrainNorm,1.2149547093802988,True
326,FusiformNorm,-132.0158452506297,True
326,ABETA,-54.551642307795504,True
326,MMSE,-98.14843460248095,True
327,ADAS13,59.3460284645372,True
327,EntorhinalNorm,156.8270556090474,True
327,RAVLT_immediate,-129.704562718422,True
327,TAU,-17.2779217509675,True
327,VentricleNorm,-153.21702838387222,True
327,MidTempNorm,402.3159479623759,True
327,PTAU,51.74449928522528,True
327,HippocampusNorm,-98.4836237735086,True
327,WholeBrainNorm,-15.272261432900562,True
327,FusiformNorm,153.8073938218502,True
327,ABETA,52.21285767303098,True
327,MMSE,-100.05901024812222,True
328,ADAS13,346.7469706730218,True
328,EntorhinalNorm,58.21385138732641,True
328,RAVLT_immediate,-173.15267802619445,True
328,TAU,3.0232615192058176,True
328,VentricleNorm,-130.22325529688166,True
328,MidTempNorm,199.7238956396199,True
328,PTAU,-69.53125685835052,True
328,HippocampusNorm,-216.52443911341788,True
328,WholeBrainNorm,-14.300872283765539,True
328,FusiformNorm,317.7995495181923,True
328,ABETA,106.05765319406089,True
328,MMSE,-97.8066771352414,True
329,ADAS13,174.78358046760835,True
329,EntorhinalNorm,19.94384019723551,True
329,RAVLT_immediate,-73.66797348398123,True
329,TAU,-21.781945891167318,True
329,VentricleNorm,-62.995047976759906,True
329,MidTempNorm,416.881418015139,True
329,PTAU,-71.0994714992996,True
329,HippocampusNorm,-96.79444314504093,True
329,WholeBrainNorm,-6.051989842778469,True
329,FusiformNorm,-131.30283505463075,True
329,ABETA,8.181382702933917,True
329,MMSE,-102.16307538507922,True
330,ADAS13,-556.3668842136236,False
330,EntorhinalNorm,4.269374870900776,False
330,RAVLT_immediate,-240.63073624092442,False
330,TAU,-24.837485990271603,False
330,VentricleNorm,205.09263004193173,False
330,MidTempNorm,111.35832461939836,False
330,PTAU,-111.47932311111245,False
330,HippocampusNorm,-82.5463043369157,False
330,WholeBrainNorm,12.642337523031891,False
330,FusiformNorm,347.79162350061455,False
330,ABETA,-81.67923745901189,False
330,MMSE,-105.0022549613836,False
331,ADAS13,-524.0559319357101,False
331,EntorhinalNorm,-37.09919521435471,False
331,RAVLT_immediate,99.95878442541142,False
331,TAU,-82.99939848145816,False
331,VentricleNorm,309.70915504367986,False
331,MidTempNorm,250.9953284122051,False
331,PTAU,-63.60691440886709,False
331,HippocampusNorm,-73.13092328150235,False
331,WholeBrainNorm,-7.897022791270014,False
331,FusiformNorm,132.57421211709405,False
331,ABETA,331.2816715247167,False
331,MMSE,-102.88409968367797,False
332,ADAS13,111.38682696463528,True
332,EntorhinalNorm,38.40220813335744,True
332,RAVLT_immediate,-49.05357036047378,True
332,TAU,-17.01375740559594,True
332,VentricleNorm,-308.99596256446307,True
332,MidTempNorm,203.08761050259278,True
332,PTAU,78.92260283553858,True
332,HippocampusNorm,-167.80418219860638,True
332,WholeBrainNorm,-31.04477698590936,True
332,FusiformNorm,255.35805244636083,True
332,ABETA,94.68538714508963,True
332,MMSE,-98.51552684732413,True
333,ADAS13,388.2283471971733,True
333,EntorhinalNorm,48.6655569334439,True
333,RAVLT_immediate,38.311632607834014,True
333,TAU,7.613813720317473,True
333,VentricleNorm,-199.32414402357247,True
333,MidTempNorm,473.79345183344253,True
333,PTAU,-64.11755578235632,True
333,HippocampusNorm,-106.27337232521542,True
333,WholeBrainNorm,28.52237066334927,True
333,FusiformNorm,42.13592979519484,True
333,ABETA,55.82721636186193,True
333,MMSE,-100.132472242147,True
334,ADAS13,-545.4100709004954,False
334,EntorhinalNorm,31.05847003585923,False
334,RAVLT_immediate,-102.2635806837628,False
334,TAU,-132.1839413266092,False
334,VentricleNorm,169.19883346882543,False
334,MidTempNorm,458.18521144659195,False
334,PTAU,-50.36410714110729,False
334,HippocampusNorm,-95.44494236051969,False
334,WholeBrainNorm,-27.6023073578055,False
334,FusiformNorm,621.4171196523131,False
334,ABETA,315.14291913488535,False
334,MMSE,-94.42039570668773,False
335,ADAS13,173.34685178937283,True
335,EntorhinalNorm,53.81891406054185,True
335,RAVLT_immediate,-165.34741268634264,True
335,TAU,25.731466393470907,True
335,VentricleNorm,-198.55641282406566,True
335,MidTempNorm,99.12620322602652,True
335,PTAU,-52.868095040417586,True
335,HippocampusNorm,-98.3278036506639,True
335,WholeBrainNorm,-24.407095708639797,True
335,FusiformNorm,445.3096691715717,True
335,ABETA,263.654579104294,True
335,MMSE,-99.77478236755555,True
336,ADAS13,-444.3354209814067,False
336,EntorhinalNorm,-18.361740627289297,False
336,RAVLT_immediate,-145.62940135389755,False
336,TAU,-164.46437647971177,False
336,VentricleNorm,-252.96715641951377,False
336,MidTempNorm,625.614462457221,False
336,PTAU,-102.63710342089837,False
336,HippocampusNorm,-139.82015759260898,False
336,WholeBrainNorm,-18.20416398483364,False
336,FusiformNorm,476.45845462417424,False
336,ABETA,84.71114910646142,False
336,MMSE,-93.16174738350854,False
337,ADAS13,402.87858346105844,True
337,EntorhinalNorm,36.7842086601685,True
337,RAVLT_immediate,-91.67794284833938,True
337,TAU,-35.37852383261975,True
337,VentricleNorm,-296.7071373070165,True
337,MidTempNorm,140.60710616799898,True
337,PTAU,80.94754989921566,True
337,HippocampusNorm,-193.89036189256933,True
337,WholeBrainNorm,98.60122856792084,True
337,FusiformNorm,154.86270708725635,True
337,ABETA,97.64598298346586,True
337,MMSE,-94.09210690799695,True
338,ADAS13,-561.3345477671911,False
338,EntorhinalNorm,-43.80269076770317,False
338,RAVLT_immediate,-284.5495793123663,False
338,TAU,-104.46981954679661,False
338,VentricleNorm,129.40102266645675,False
338,MidTempNorm,401.14564610589434,False
338,PTAU,-59.94236238521947,False
338,HippocampusNorm,-105.03226556271139,False
338,WholeBrainNorm,-9.487669620432031,False
338,FusiformNorm,510.2105194610995,False
338,ABETA,112.7689159216101,False
338,MMSE,-96.40502435453486,False
339,ADAS13,-534.1678545441783,False
339,EntorhinalNorm,51.62271298713255,False
339,RAVLT_immediate,-194.09366027636835,False
339,TAU,-103.84631817251451,False
339,VentricleNorm,-358.5431186318167,False
339,MidTempNorm,466.13592673160656,False
339,PTAU,-10.28106297901747,False
339,HippocampusNorm,-98.67318622665536,False
339,WholeBrainNorm,46.330935155738274,False
339,FusiformNorm,695.6406966894731,False
339,ABETA,171.4541397343222,False
339,MMSE,-94.7663744704013,False
340,ADAS13,126.9705095289201,True
340,EntorhinalNorm,61.17711391855282,True
340,RAVLT_immediate,-153.6267685562878,True
340,TAU,51.94048399335603,True
340,VentricleNorm,-253.93023245424638,True
340,MidTempNorm,199.15648610700282,True
340,PTAU,-93.23842853405387,True
340,HippocampusNorm,-165.40494967334078,True
340,WholeBrainNorm,-53.43387087519654,True
340,FusiformNorm,458.50535868723193,True
340,ABETA,118.6479984036342,True
340,MMSE,-102.3443355643114,True
341,ADAS13,159.02873522291776,True
341,EntorhinalNorm,73.02837707847284,True
341,RAVLT_immediate,-28.59713374930797,True
341,TAU,18.909042550712915,True
341,VentricleNorm,-291.22485499108325,True
341,MidTempNorm,50.404603619725606,True
341,PTAU,61.50429819947633,True
341,HippocampusNorm,-187.16441367084053,True
341,WholeBrainNorm,-7.528296927234843,True
341,FusiformNorm,421.8403023658941,True
341,ABETA,432.1605643326037,True
341,MMSE,-101.02430999664837,True
342,ADAS13,139.19805087754983,True
342,EntorhinalNorm,80.49240308942043,True
342,RAVLT_immediate,-218.2937885040309,True
342,TAU,32.077507460844934,True
342,VentricleNorm,-188.0514761047252,True
342,MidTempNorm,209.32159053146802,True
342,PTAU,-71.65860097146624,True
342,HippocampusNorm,-147.6424702123283,True
342,WholeBrainNorm,29.531411108625672,True
342,FusiformNorm,161.09199718223178,True
342,ABETA,287.86477436016753,True
342,MMSE,-105.76725555096797,True
343,ADAS13,334.3278828080113,True
343,EntorhinalNorm,44.1982464094681,True
343,RAVLT_immediate,-44.748252961790854,True
343,TAU,13.986779606244772,True
343,VentricleNorm,-38.68197683685975,True
343,MidTempNorm,74.53081371317924,True
343,PTAU,56.39840900524212,True
343,HippocampusNorm,-118.49808707193942,True
343,WholeBrainNorm,-2.245243124308232,True
343,FusiformNorm,-191.0718254735898,True
343,ABETA,140.63725916744906,True
343,MMSE,-103.08842320847356,True
344,ADAS13,109.59395361990806,True
344,EntorhinalNorm,92.17911358002287,True
344,RAVLT_immediate,-320.1272515534431,True
344,TAU,-3.825452981656694,True
344,VentricleNorm,-251.3364690556491,True
344,MidTempNorm,223.89291755430668,True
344,PTAU,51.17165362655496,True
344,HippocampusNorm,-87.3904051262582,True
344,WholeBrainNorm,12.434298192591898,True
344,FusiformNorm,291.42246619344877,True
344,ABETA,-41.35807988522066,True
344,MMSE,-102.65685297928238,True
345,ADAS13,-514.5790082554073,False
345,EntorhinalNorm,-12.480463573361806,False
345,RAVLT_immediate,-132.02169205618634,False
345,TAU,-107.57907837335834,False
345,VentricleNorm,543.0887117901484,False
345,MidTempNorm,-4.4107331838045525,False
345,PTAU,-45.073953237648084,False
345,HippocampusNorm,-161.6473329888671,False
345,WholeBrainNorm,-27.05781824786055,False
345,FusiformNorm,316.188719943131,False
345,ABETA,108.28776487307155,False
345,MMSE,-100.21186230665243,False
346,ADAS13,-564.4836655601948,False
346,EntorhinalNorm,-9.028964203869574,False
346,RAVLT_immediate,-166.02402559157275,False
346,TAU,-67.92082478254903,False
346,VentricleNorm,180.3278301533027,False
346,MidTempNorm,144.5796235358713,False
346,PTAU,-60.936633609106046,False
346,HippocampusNorm,-244.6558455192462,False
346,WholeBrainNorm,-14.673352445532922,False
346,FusiformNorm,599.260106890759,False
346,ABETA,104.67752595672604,False
346,MMSE,-97.27705698657701,False
347,ADAS13,600.2236529426567,True
347,EntorhinalNorm,76.04455643327408,True
347,RAVLT_immediate,-104.08890175587106,True
347,TAU,7.373081898714048,True
347,VentricleNorm,-296.50268686021565,True
347,MidTempNorm,349.9774896105281,True
347,PTAU,63.817380524116004,True
347,HippocampusNorm,-120.89606490663651,True
347,WholeBrainNorm,26.011681571795812,True
347,FusiformNorm,593.8351894518537,True
347,ABETA,247.37846257493817,True
347,MMSE,-96.36681333201277,True
348,ADAS13,372.529395684571,True
348,EntorhinalNorm,133.6400893968117,True
348,RAVLT_immediate,-160.47812396954606,True
348,TAU,4.116129370871416,True
348,VentricleNorm,-18.814434213403814,True
348,MidTempNorm,221.03632260671537,True
348,PTAU,-84.4818982011545,True
348,HippocampusNorm,-89.62814082525918,True
348,WholeBrainNorm,34.105467595523045,True
348,FusiformNorm,-11.815045191502975,True
348,ABETA,28.70292412075031,True
348,MMSE,-102.56831927860918,True
349,ADAS13,-194.5746308547964,True
349,EntorhinalNorm,79.83330010831043,True
349,RAVLT_immediate,-37.8471957446982,True
349,TAU,28.68179079934219,True
349,VentricleNorm,-190.15453806671394,True
349,MidTempNorm,278.7451162173619,True
349,PTAU,86.46876942051351,True
349,HippocampusNorm,-113.09400415726732,True
349,WholeBrainNorm,-20.499113229371464,True
349,FusiformNorm,452.7582500764821,True
349,ABETA,-98.68076375865678,True
349,MMSE,-105.9874069256116,True
350,ADAS13,238.14639150915377,True
350,EntorhinalNorm,80.2370095282066,True
350,RAVLT_immediate,-199.39598864699585,True
350,TAU,9.462113164438106,True
350,VentricleNorm,-193.14567354659567,True
350,MidTempNorm,-95.27755051684366,True
350,PTAU,77.61959318651151,True
350,HippocampusNorm,78.81531246213544,True
350,WholeBrainNorm,263.878824064079,True
350,FusiformNorm,-60.27017442250502,True
350,ABETA,61.96425110140308,True
350,MMSE,-90.52535949915811,True
351,ADAS13,230.00271839687605,True
351,EntorhinalNorm,33.88380561941897,True
351,RAVLT_immediate,-170.72000261564193,True
351,TAU,30.778137768149392,True
351,VentricleNorm,-164.08911208343477,True
351,MidTempNorm,-49.821174943919004,True
351,PTAU,62.430055025970034,True
351,HippocampusNorm,-90.98563740097416,True
351,WholeBrainNorm,272.7668255393317,True
351,FusiformNorm,554.9830708716112,True
351,ABETA,102.04456420838721,True
351,MMSE,-103.57291664159455,True
352,ADAS13,-3.884601528194935,True
352,EntorhinalNorm,82.81749793996936,True
352,RAVLT_immediate,-295.7714399655228,True
352,TAU,15.657577213733395,True
352,VentricleNorm,141.70157543461318,True
352,MidTempNorm,-19.802199728887558,True
352,PTAU,-66.42519679836211,True
352,HippocampusNorm,-112.1631868551098,True
352,WholeBrainNorm,11.490573564228503,True
352,FusiformNorm,-189.77547426266898,True
352,ABETA,-79.8967669387217,True
352,MMSE,-99.22746543295945,True
353,ADAS13,296.2611099638357,True
353,EntorhinalNorm,96.85684888261824,True
353,RAVLT_immediate,-233.4979953268213,True
353,TAU,53.048820748590295,True
353,VentricleNorm,0.8163587391367457,True
353,MidTempNorm,347.97941436226796,True
353,PTAU,72.86060318912044,True
353,HippocampusNorm,-94.78947080831769,True
353,WholeBrainNorm,-22.9752481548497,True
353,FusiformNorm,230.3788019522014,True
353,ABETA,74.16879679212282,True
353,MMSE,-99.67983642819242,True
354,ADAS13,466.5227369710293,True
354,EntorhinalNorm,21.913155989150635,True
354,RAVLT_immediate,-44.798668070394946,True
354,TAU,-4.839540994230537,True
354,VentricleNorm,-151.96196341417416,True
354,MidTempNorm,1.270636081206277,True
354,PTAU,60.85065163511927,True
354,HippocampusNorm,-48.61949382272428,True
354,WholeBrainNorm,194.0395057249163,True
354,FusiformNorm,-138.51160884348417,True
354,ABETA,-108.70216567479605,True
354,MMSE,-99.35258394680898,True
355,ADAS13,561.9359323682329,True
355,EntorhinalNorm,21.52293654431029,True
355,RAVLT_immediate,-83.22935840387169,True
355,TAU,-7.529094561946922,True
355,VentricleNorm,-133.18610840550315,True
355,MidTempNorm,227.31736477173516,True
355,PTAU,-40.75825433596338,True
355,HippocampusNorm,-98.9133497983936,True
355,WholeBrainNorm,-0.32039883703389216,True
355,FusiformNorm,728.9052506570245,True
355,ABETA,347.9337897338828,True
355,MMSE,-97.69679627421479,True
356,ADAS13,-487.3603660266019,False
356,EntorhinalNorm,0.9803413613104359,False
356,RAVLT_immediate,-90.42059583677363,False
356,TAU,-105.45401173290865,False
356,VentricleNorm,246.13103277024754,False
356,MidTempNorm,106.00149719130678,False
356,PTAU,-5.548031694556883,False
356,HippocampusNorm,-132.25818880368593,False
356,WholeBrainNorm,-8.986732606212612,False
356,FusiformNorm,9.110858840374476,False
356,ABETA,200.5328564060954,False
356,MMSE,-99.90099599732336,False
357,ADAS13,536.7946402362091,True
357,EntorhinalNorm,67.07758203473661,True
357,RAVLT_immediate,-311.52222246541396,True
357,TAU,-10.643285310011924,True
357,VentricleNorm,-71.0647453821725,True
357,MidTempNorm,-134.93413858578543,True
357,PTAU,-54.42813808570057,True
357,HippocampusNorm,-65.98449498157996,True
357,WholeBrainNorm,-45.50226390143755,True
357,FusiformNorm,585.2286700011259,True
357,ABETA,-68.12952397237999,True
357,MMSE,-101.61917428667013,True
358,ADAS13,157.53231466771825,True
358,EntorhinalNorm,65.5607451687912,True
358,RAVLT_immediate,-171.79624336306452,True
358,TAU,7.593626248913074,True
358,VentricleNorm,-46.26752336263476,True
358,MidTempNorm,-153.76573335334498,True
358,PTAU,78.48123549083763,True
358,HippocampusNorm,-265.38835042861905,True
358,WholeBrainNorm,202.15337989399723,True
358,FusiformNorm,-484.0273812883984,True
358,ABETA,155.76800933401043,True
358,MMSE,-95.43655123992413,True
359,ADAS13,-573.0225075042875,False
359,EntorhinalNorm,28.537140746053208,False
359,RAVLT_immediate,38.27773409632607,False
359,TAU,-169.45647945100177,False
359,VentricleNorm,-202.25709576683047,False
359,MidTempNorm,381.0687511035127,False
359,PTAU,-73.2115218254034,False
359,HippocampusNorm,-127.2464767870398,False
359,WholeBrainNorm,-8.563925069738154,False
359,FusiformNorm,887.481240309602,False
359,ABETA,6.164379803624655,False
359,MMSE,-94.46262115726037,False
360,ADAS13,229.56329907757328,True
360,EntorhinalNorm,79.01244296819274,True
360,RAVLT_immediate,-48.01454630818404,True
360,TAU,29.986149590869275,True
360,VentricleNorm,-144.1707107182831,True
360,MidTempNorm,151.49646852088642,True
360,PTAU,62.264056438213075,True
360,HippocampusNorm,-54.94460191371601,True
360,WholeBrainNorm,217.32874909226462,True
360,FusiformNorm,-307.6023743327742,True
360,ABETA,400.7115258789064,True
360,MMSE,-98.05738554039009,True
361,ADAS13,87.07237399945407,True
361,EntorhinalNorm,90.93004938832152,True
361,RAVLT_immediate,-183.69186260122444,True
361,TAU,23.018186424338545,True
361,VentricleNorm,-180.70672803028515,True
361,MidTempNorm,146.19967806038693,True
361,PTAU,65.571805063282,True
361,HippocampusNorm,-117.9135185688361,True
361,WholeBrainNorm,-18.154221299942048,True
361,FusiformNorm,724.442654899897,True
361,ABETA,96.15202989944446,True
361,MMSE,-96.58427488962997,True
362,ADAS13,252.15827562574574,True
362,EntorhinalNorm,29.568186685582965,True
362,RAVLT_immediate,-182.6666721367059,True
362,TAU,4.644666678040226,True
362,VentricleNorm,-208.2262379796572,True
362,MidTempNorm,448.7992611456196,True
362,PTAU,69.1289076015211,True
362,HippocampusNorm,-194.87338432042992,True
362,WholeBrainNorm,253.54424126220366,True
362,FusiformNorm,234.72787567141148,True
362,ABETA,-145.42941053999198,True
362,MMSE,-97.41714849025095,True
363,ADAS13,210.41654212032992,True
363,EntorhinalNorm,44.62355627198219,True
363,RAVLT_immediate,-90.14550986754625,True
363,TAU,35.72524911892203,True
363,VentricleNorm,-284.48958281223435,True
363,MidTempNorm,666.7862785892762,True
363,PTAU,-52.10716751388279,True
363,HippocampusNorm,-65.03643850365158,True
363,WholeBrainNorm,-36.12000908955427,True
363,FusiformNorm,15.321654438479356,True
363,ABETA,40.6713296288286,True
363,MMSE,-101.83442211499026,True
364,ADAS13,200.55949491302312,True
364,EntorhinalNorm,32.57026505244413,True
364,RAVLT_immediate,116.9649414048709,True
364,TAU,-14.718184603018477,True
364,VentricleNorm,-180.804330334304,True
364,MidTempNorm,105.49685253683106,True
364,PTAU,67.31014204211311,True
364,HippocampusNorm,45.95229170028222,True
364,WholeBrainNorm,102.22919397211801,True
364,FusiformNorm,469.54200526341475,True
364,ABETA,451.18914250733286,True
364,MMSE,-100.45423582190685,True
365,ADAS13,301.15294802181614,True
365,EntorhinalNorm,74.62255035413506,True
365,RAVLT_immediate,-44.54592124446187,True
365,TAU,-79.26842879068703,True
365,VentricleNorm,196.2034023952363,True
365,MidTempNorm,-367.21169477574614,True
365,PTAU,-84.18440307577924,True
365,HippocampusNorm,-100.04648821183446,True
365,WholeBrainNorm,-30.298507534177936,True
365,FusiformNorm,408.28124750391186,True
365,ABETA,60.9782851441728,True
365,MMSE,-105.73264906628495,True
366,ADAS13,576.8651208919619,True
366,EntorhinalNorm,0.04803673910051032,True
366,RAVLT_immediate,-45.31927764886283,True
366,TAU,65.20067432452973,True
366,VentricleNorm,350.4531128769271,True
366,MidTempNorm,110.641690576976,True
366,PTAU,-60.47604190601384,True
366,HippocampusNorm,-66.66930476841236,True
366,WholeBrainNorm,-19.383242943398606,True
366,FusiformNorm,181.73080250988338,True
366,ABETA,185.82246276423925,True
366,MMSE,-92.26758456452036,True
367,ADAS13,238.39286311461015,True
367,EntorhinalNorm,67.25340652703606,True
367,RAVLT_immediate,-165.15155847889423,True
367,TAU,-29.99417877308028,True
367,VentricleNorm,-133.1327398168693,True
367,MidTempNorm,-82.82659557169373,True
367,PTAU,-92.36897090127792,True
367,HippocampusNorm,-162.49223018508377,True
367,WholeBrainNorm,-1.7447369387044713,True
367,FusiformNorm,356.98681448814943,True
367,ABETA,200.9086558910123,True
367,MMSE,-97.49728635054932,True
368,ADAS13,-160.81994645170784,True
368,EntorhinalNorm,27.810436203384036,True
368,RAVLT_immediate,-90.5496479706169,True
368,TAU,34.71318822759557,True
368,VentricleNorm,-262.9792679641017,True
368,MidTempNorm,350.4564375475542,True
368,PTAU,79.70020415586396,True
368,HippocampusNorm,-120.89807376215204,True
368,WholeBrainNorm,12.878211305389236,True
368,FusiformNorm,31.27647541612373,True
368,ABETA,398.0639252559281,True
368,MMSE,-85.59543199873616,True
369,ADAS13,194.68383985892396,True
369,EntorhinalNorm,95.2731639185601,True
369,RAVLT_immediate,-125.3100366092799,True
369,TAU,23.655533559145564,True
369,VentricleNorm,-90.8603869603971,True
369,MidTempNorm,483.1491145518927,True
369,PTAU,80.60262854835653,True
369,HippocampusNorm,166.2442507217166,True
369,WholeBrainNorm,332.147924978687,True
369,FusiformNorm,486.72215021847467,True
369,ABETA,615.3043127524754,True
369,MMSE,-96.970096784427,True
370,ADAS13,-66.46654187328312,True
370,EntorhinalNorm,47.821380912519075,True
370,RAVLT_immediate,11.411939511109011,True
370,TAU,-5.388864722386179,True
370,VentricleNorm,-153.13227842672583,True
370,MidTempNorm,136.85106806630387,True
370,PTAU,-68.88537651993919,True
370,HippocampusNorm,-148.0537936665101,True
370,WholeBrainNorm,19.167379792367303,True
370,FusiformNorm,262.60373225117144,True
370,ABETA,198.98045028387548,True
370,MMSE,-94.02377352100908,True
371,ADAS13,249.97336575264669,True
371,EntorhinalNorm,107.18936777144621,True
371,RAVLT_immediate,113.050938197784,True
371,TAU,25.355030761431227,True
371,VentricleNorm,-91.87993601692332,True
371,MidTempNorm,520.1065839177378,True
371,PTAU,65.90591836390212,True
371,HippocampusNorm,-96.60894522559111,True
371,WholeBrainNorm,179.0180847166747,True
371,FusiformNorm,229.0947463613201,True
371,ABETA,67.08393510365887,True
371,MMSE,-102.50923860755528,True
372,ADAS13,412.1435818650625,True
372,EntorhinalNorm,44.65610255266063,True
372,RAVLT_immediate,-192.55524288303258,True
372,TAU,0.5433471533593366,True
372,VentricleNorm,-268.70557974844,True
372,MidTempNorm,96.89139629831118,True
372,PTAU,57.28547739035179,True
372,HippocampusNorm,-83.76340951811544,True
372,WholeBrainNorm,-11.223748290998298,True
372,FusiformNorm,367.82358156805515,True
372,ABETA,371.28625004700143,True
372,MMSE,-100.61911663014858,True
373,ADAS13,465.40413046599076,True
373,EntorhinalNorm,44.06390990087047,True
373,RAVLT_immediate,-114.15808067475515,True
373,TAU,-5.710976981325194,True
373,VentricleNorm,-8.507060700263452,True
373,MidTempNorm,143.6821158679807,True
373,PTAU,61.46928317134557,True
373,HippocampusNorm,-134.0381563453533,True
373,WholeBrainNorm,-1.0269896377291476,True
373,FusiformNorm,15.60498117831736,True
373,ABETA,-136.59899933752507,True
373,MMSE,-94.29313846606969,True
374,ADAS13,457.42176982936894,True
374,EntorhinalNorm,77.29322770778164,True
374,RAVLT_immediate,-141.61839620270504,True
374,TAU,-91.86969984865354,True
374,VentricleNorm,408.76741706838004,True
374,MidTempNorm,-376.94779680202015,True
374,PTAU,-115.60449419584583,True
374,HippocampusNorm,-125.89229029499641,True
374,WholeBrainNorm,-13.92196643680093,True
374,FusiformNorm,-131.4237439993148,True
374,ABETA,13.281202940466443,True
374,MMSE,-95.34802587550142,True
375,ADAS13,291.8694503384146,True
375,EntorhinalNorm,87.7393518317935,True
375,RAVLT_immediate,-244.65125412952972,True
375,TAU,-1.844495945532083,True
375,VentricleNorm,-134.1318565713276,True
375,MidTempNorm,498.8281684159173,True
375,PTAU,50.85344751674556,True
375,HippocampusNorm,-81.46975677311968,True
375,WholeBrainNorm,-43.96248296379904,True
375,FusiformNorm,-236.67478301002893,True
375,ABETA,283.9388711300502,True
375,MMSE,-98.74656972398891,True
376,ADAS13,352.7517140478464,True
376,EntorhinalNorm,61.26274332188536,True
376,RAVLT_immediate,-183.76748017265504,True
376,TAU,36.55674080081412,True
376,VentricleNorm,-107.8320480868069,True
376,MidTempNorm,215.38397392844223,True
376,PTAU,51.56699809457354,True
376,HippocampusNorm,-24.317476174189252,True
376,WholeBrainNorm,17.353317150241285,True
376,FusiformNorm,220.8725994378974,True
376,ABETA,205.42191458486522,True
376,MMSE,-102.97418381371237,True
377,ADAS13,428.8669977133503,True
377,EntorhinalNorm,71.34489440013712,True
377,RAVLT_immediate,-76.99588255223854,True
377,TAU,-86.17923069295577,True
377,VentricleNorm,116.0524993766999,True
377,MidTempNorm,-20.93479065467477,True
377,PTAU,-46.64156258815083,True
377,HippocampusNorm,-141.5932062572507,True
377,WholeBrainNorm,9.062736084211798,True
377,FusiformNorm,505.21798022095,True
377,ABETA,515.303529067867,True
377,MMSE,-100.19425667767565,True
378,ADAS13,242.26291873851687,True
378,EntorhinalNorm,70.16795507495104,True
378,RAVLT_immediate,-59.114044935352155,True
378,TAU,2.7369198359696085,True
378,VentricleNorm,-76.00070044556689,True
378,MidTempNorm,140.7581257182248,True
378,PTAU,69.52399940437704,True
378,HippocampusNorm,-201.13915807722992,True
378,WholeBrainNorm,-36.76641492063364,True
378,FusiformNorm,590.1547142211439,True
378,ABETA,-252.3661988789711,True
378,MMSE,-101.03826284114265,True
379,ADAS13,-563.2518623687268,False
379,EntorhinalNorm,-11.526569665147406,False
379,RAVLT_immediate,8.387073882102115,False
379,TAU,-107.85875067852146,False
379,VentricleNorm,-15.611662136558607,False
379,MidTempNorm,299.70843636032834,False
379,PTAU,-61.621207606484525,False
379,HippocampusNorm,-162.77620644999516,False
379,WholeBrainNorm,18.531561889260175,False
379,FusiformNorm,393.3472012437469,False
379,ABETA,361.18561002226886,False
379,MMSE,-97.3073954692167,False
380,ADAS13,157.6863071715552,True
380,EntorhinalNorm,64.33934144275815,True
380,RAVLT_immediate,-117.82925259511337,True
380,TAU,5.9506339598116575,True
380,VentricleNorm,-86.1800578822045,True
380,MidTempNorm,153.57549562031,True
380,PTAU,-44.77968274572778,True
380,HippocampusNorm,-128.1678263177648,True
380,WholeBrainNorm,-15.159246924219925,True
380,FusiformNorm,151.05950143237743,True
380,ABETA,401.85155958356063,True
380,MMSE,-94.14809978158371,True
381,ADAS13,309.21827657537995,True
381,EntorhinalNorm,97.15383239384258,True
381,RAVLT_immediate,30.829210157448358,True
381,TAU,-7.009000173948484,True
381,VentricleNorm,76.9033786979413,True
381,MidTempNorm,293.6962302513127,True
381,PTAU,15.05613661603195,True
381,HippocampusNorm,-85.30117521631695,True
381,WholeBrainNorm,-1.3708250808858995,True
381,FusiformNorm,712.5286914504813,True
381,ABETA,290.3760207610452,True
381,MMSE,-98.14165577052023,True
382,ADAS13,63.707174831016715,True
382,EntorhinalNorm,87.44055212503963,True
382,RAVLT_immediate,-53.96051939940804,True
382,TAU,29.9897109592765,True
382,VentricleNorm,-129.347905195719,True
382,MidTempNorm,440.73043843294664,True
382,PTAU,75.41414672547216,True
382,HippocampusNorm,21.39364767989551,True
382,WholeBrainNorm,149.9473770058498,True
382,FusiformNorm,135.81394881226,True
382,ABETA,249.2048323281789,True
382,MMSE,-98.59347837375573,True
383,ADAS13,577.201377330281,True
383,EntorhinalNorm,27.860766778640393,True
383,RAVLT_immediate,-169.4183543420803,True
383,TAU,27.541382948944452,True
383,VentricleNorm,-232.3276229393859,True
383,MidTempNorm,522.9298731844558,True
383,PTAU,62.82045516588251,True
383,HippocampusNorm,-85.20394805905107,True
383,WholeBrainNorm,-5.757096123419556,True
383,FusiformNorm,95.84935788996665,True
383,ABETA,-100.19920666481426,True
383,MMSE,-92.33859631504099,True
384,ADAS13,126.55028616211746,True
384,EntorhinalNorm,56.19400735410423,True
384,RAVLT_immediate,106.05420828775195,True
384,TAU,-8.972590501388089,True
384,VentricleNorm,-120.11069481725936,True
384,MidTempNorm,191.53379176589618,True
384,PTAU,64.70703002753524,True
384,HippocampusNorm,-102.45859533109771,True
384,WholeBrainNorm,13.586142773828863,True
384,FusiformNorm,-35.35675389288991,True
384,ABETA,152.26169054245588,True
384,MMSE,-93.95926826891551,True
385,ADAS13,-570.8897448442871,False
385,EntorhinalNorm,-0.30591309122461574,False
385,RAVLT_immediate,-124.12842758914948,False
385,TAU,-98.49776844708752,False
385,VentricleNorm,213.53956084925045,False
385,MidTempNorm,811.4347344949292,False
385,PTAU,-27.94495313517875,False
385,HippocampusNorm,-174.9930104276055,False
385,WholeBrainNorm,3.423801676053376,False
385,FusiformNorm,448.2331523764562,False
385,ABETA,-55.8161598268056,False
385,MMSE,-100.50362482348183,False
386,ADAS13,356.30033518492587,True
386,EntorhinalNorm,16.40755773685217,True
386,RAVLT_immediate,-110.44957226592668,True
386,TAU,-32.66418776773738,True
386,VentricleNorm,-199.14550975988183,True
386,MidTempNorm,448.9288515588474,True
386,PTAU,60.84123976501542,True
386,HippocampusNorm,-61.31754405192645,True
386,WholeBrainNorm,0.7681828589314843,True
386,FusiformNorm,681.2320403459628,True
386,ABETA,438.74359707517556,True
386,MMSE,-92.67141026884124,True
387,ADAS13,490.19545271687616,True
387,EntorhinalNorm,33.86855089150216,True
387,RAVLT_immediate,-337.438308032265,True
387,TAU,17.333868002144364,True
387,VentricleNorm,-296.6428723509696,True
387,MidTempNorm,520.7457631174776,True
387,PTAU,58.52726139656424,True
387,HippocampusNorm,-86.3480581410644,True
387,WholeBrainNorm,93.96598150421154,True
387,FusiformNorm,-210.45628113950255,True
387,ABETA,155.20758083382512,True
387,MMSE,-102.78665727597779,True
388,ADAS13,529.9475240810532,True
388,EntorhinalNorm,107.35411126673438,True
388,RAVLT_immediate,62.97881552733227,True
388,TAU,-106.26881164712981,True
388,VentricleNorm,176.13298040186632,True
388,MidTempNorm,557.9323559582798,True
388,PTAU,-43.2569683415073,True
388,HippocampusNorm,-87.73386713926993,True
388,WholeBrainNorm,9.94588986072893,True
388,FusiformNorm,492.55895619291016,True
388,ABETA,29.326624225380797,True
388,MMSE,-103.28416615325,True
389,ADAS13,427.68268389641497,True
389,EntorhinalNorm,0.5088524666496639,True
389,RAVLT_immediate,-184.8241620678367,True
389,TAU,17.224868042465694,True
389,VentricleNorm,-284.2313659391635,True
389,MidTempNorm,557.2968565826471,True
389,PTAU,-80.44649179682106,True
389,HippocampusNorm,-113.67765665508546,True
389,WholeBrainNorm,6.3542730109349534,True
389,FusiformNorm,533.5313352635786,True
389,ABETA,46.997602766072774,True
389,MMSE,-101.09869410411841,True
390,ADAS13,240.52687449528344,True
390,EntorhinalNorm,31.429755531382686,True
390,RAVLT_immediate,-205.33803498050108,True
390,TAU,15.127630280735074,True
390,VentricleNorm,-170.77520569147325,True
390,MidTempNorm,-198.4782565775106,True
390,PTAU,-53.56002090421067,True
390,HippocampusNorm,-121.35218500672376,True
390,WholeBrainNorm,-9.833631473474423,True
390,FusiformNorm,685.9165819993357,True
390,ABETA,-36.16713568161529,True
390,MMSE,-107.04630392955323,True
391,ADAS13,722.3637288391938,True
391,EntorhinalNorm,47.16214896633973,True
391,RAVLT_immediate,-147.40277547544343,True
391,TAU,46.70184868530759,True
391,VentricleNorm,-110.81074692546973,True
391,MidTempNorm,1260.702540199452,True
391,PTAU,-88.91938280959275,True
391,HippocampusNorm,-125.07715612629377,True
391,WholeBrainNorm,-11.998547093335544,True
391,FusiformNorm,866.599695664105,True
391,ABETA,254.10772131274135,True
391,MMSE,-94.95898388754374,True
392,ADAS13,-505.4770262477744,False
392,EntorhinalNorm,31.930906955159866,False
392,RAVLT_immediate,-8.48247195068322,False
392,TAU,-149.33696062496693,False
392,VentricleNorm,387.35794801029033,False
392,MidTempNorm,377.08783062987743,False
392,PTAU,-83.46199869674528,False
392,HippocampusNorm,-169.52032998965362,False
392,WholeBrainNorm,-19.867732196141944,False
392,FusiformNorm,322.65552117166993,False
392,ABETA,70.23040580940588,False
392,MMSE,-92.10341783890634,False
393,ADAS13,172.9324104409034,True
393,EntorhinalNorm,80.2930798107345,True
393,RAVLT_immediate,-276.4874067147154,True
393,TAU,40.92958651762707,True
393,VentricleNorm,-155.8720973898657,True
393,MidTempNorm,105.05938066425841,True
393,PTAU,63.65862613046771,True
393,HippocampusNorm,-145.78868113585108,True
393,WholeBrainNorm,-4.525463007514735,True
393,FusiformNorm,27.408966452553386,True
393,ABETA,82.6993447892339,True
393,MMSE,-94.22819174672513,True
394,ADAS13,506.705583462557,True
394,EntorhinalNorm,42.49046414103552,True
394,RAVLT_immediate,-107.18625850891196,True
394,TAU,24.698394060694994,True
394,VentricleNorm,-192.27040933644983,True
394,MidTempNorm,496.31528806130916,True
394,PTAU,57.67627420342066,True
394,HippocampusNorm,-83.62333172680324,True
394,WholeBrainNorm,226.37098992048513,True
394,FusiformNorm,775.6759436897609,True
394,ABETA,183.73073519305913,True
394,MMSE,-99.35475287992891,True
395,ADAS13,249.41530898247262,True
395,EntorhinalNorm,45.88854325420852,True
395,RAVLT_immediate,-275.1659826534767,True
395,TAU,50.18735381264621,True
395,VentricleNorm,-64.45837088819594,True
395,MidTempNorm,347.6191343233279,True
395,PTAU,53.723814956722876,True
395,HippocampusNorm,-18.166877263619497,True
395,WholeBrainNorm,252.3340532585348,True
395,FusiformNorm,545.6019654854263,True
395,ABETA,94.27272674296688,True
395,MMSE,-103.73414492701599,True
396,ADAS13,-482.6712805525569,False
396,EntorhinalNorm,30.557989373295825,False
396,RAVLT_immediate,-177.63870286053935,False
396,TAU,-105.47214575939104,False
396,VentricleNorm,402.5215236744966,False
396,MidTempNorm,693.8461317464436,False
396,PTAU,-96.21533647412878,False
396,HippocampusNorm,-118.89666545109262,False
396,WholeBrainNorm,-15.34507349113603,False
396,FusiformNorm,633.9191305997703,False
396,ABETA,139.5542446740643,False
396,MMSE,-99.71720969886773,False
397,ADAS13,-593.4284900728437,False
397,EntorhinalNorm,-18.89947410727685,False
397,RAVLT_immediate,14.54097964153614,False
397,TAU,-96.03123055788589,False
397,VentricleNorm,-122.8095200384478,False
397,MidTempNorm,-237.54565830152757,False
397,PTAU,-110.93490258382641,False
397,HippocampusNorm,-140.89174225791868,False
397,WholeBrainNorm,-13.60456206571007,False
397,FusiformNorm,13.571976733399993,False
397,ABETA,190.8657424999896,False
397,MMSE,-97.83275292882226,False
398,ADAS13,-521.291051696709,False
398,EntorhinalNorm,8.996521411478717,False
398,RAVLT_immediate,-210.0601005632751,False
398,TAU,-42.72671026461351,False
398,VentricleNorm,406.5777358370592,False
398,MidTempNorm,88.07804807718975,False
398,PTAU,-75.21488589816,False
398,HippocampusNorm,-87.33003284588276,False
398,WholeBrainNorm,-4.80363476261664,False
398,FusiformNorm,864.3759041116654,False
398,ABETA,135.0011518218195,False
398,MMSE,-103.33083829960478,False
399,ADAS13,156.55275001632555,True
399,EntorhinalNorm,43.35774543751498,True
399,RAVLT_immediate,-118.71520789207253,True
399,TAU,-5.334307983458308,True
399,VentricleNorm,-382.6777188582006,True
399,MidTempNorm,4.058332636819017,True
399,PTAU,69.5065388298332,True
399,HippocampusNorm,-73.76602613315129,True
399,WholeBrainNorm,101.81452178910678,True
399,FusiformNorm,7.827618757394589,True
399,ABETA,111.34179717740865,True
399,MMSE,-99.44409665955365,True
400,ADAS13,331.26596273481925,True
400,EntorhinalNorm,67.56153849483755,True
400,RAVLT_immediate,2.3262945679576177,True
400,TAU,43.38005362060574,True
400,VentricleNorm,-4.9569941859275275,True
400,MidTempNorm,16.41600171329415,True
400,PTAU,75.00103153386773,True
400,HippocampusNorm,-21.857420478966013,True
400,WholeBrainNorm,22.70331907684324,True
400,FusiformNorm,398.3000258618256,True
400,ABETA,335.81330283272024,True
400,MMSE,-100.92956569840909,True
401,ADAS13,225.93076346429407,True
401,EntorhinalNorm,46.30473850927441,True
401,RAVLT_immediate,-39.256318381205574,True
401,TAU,16.662224412300205,True
401,VentricleNorm,-123.5887548992474,True
401,MidTempNorm,482.1768775666409,True
401,PTAU,-29.110449651487595,True
401,HippocampusNorm,-126.6297261538864,True
401,WholeBrainNorm,5.249444457477989,True
401,FusiformNorm,166.4910381581898,True
401,ABETA,171.04122537718598,True
401,MMSE,-107.36490639205971,True
402,ADAS13,379.36938710023844,True
402,EntorhinalNorm,78.16862069597067,True
402,RAVLT_immediate,-53.31178348958602,True
402,TAU,6.0679273321761915,True
402,VentricleNorm,-217.08606325457265,True
402,MidTempNorm,189.4284844585904,True
402,PTAU,-38.08285684354058,True
402,HippocampusNorm,-140.0467850681825,True
402,WholeBrainNorm,13.275473575326181,True
402,FusiformNorm,114.03054216641601,True
402,ABETA,126.43767715372513,True
402,MMSE,-89.74823484271536,True
403,ADAS13,214.00704961621858,True
403,EntorhinalNorm,7.393827353882074,True
403,RAVLT_immediate,-162.19296206983955,True
403,TAU,-80.14084407342284,True
403,VentricleNorm,465.0923385187697,True
403,MidTempNorm,545.0630395345902,True
403,PTAU,-47.386317320323386,True
403,HippocampusNorm,-123.87465417972693,True
403,WholeBrainNorm,10.953806795853788,True
403,FusiformNorm,371.05400543984297,True
403,ABETA,91.04065641841426,True
403,MMSE,-97.16512913032994,True
404,ADAS13,133.680619099056,True
404,EntorhinalNorm,86.50428984464858,True
404,RAVLT_immediate,-69.62966625954087,True
404,TAU,-27.592628136654007,True
404,VentricleNorm,-102.57544141759587,True
404,MidTempNorm,598.7801850704643,True
404,PTAU,-79.02914643006808,True
404,HippocampusNorm,-170.98800490441693,True
404,WholeBrainNorm,-15.822649789097161,True
404,FusiformNorm,32.77566003424175,True
404,ABETA,-57.01272693618611,True
404,MMSE,-93.94629912286426,True
405,ADAS13,264.1344505900316,True
405,EntorhinalNorm,125.34490258640494,True
405,RAVLT_immediate,-185.2232728810485,True
405,TAU,-32.07778965570081,True
405,VentricleNorm,-259.8853784885834,True
405,MidTempNorm,-124.62979944456632,True
405,PTAU,55.48460980552635,True
405,HippocampusNorm,-169.9373967653418,True
405,WholeBrainNorm,15.997752568891142,True
405,FusiformNorm,419.09672638715335,True
405,ABETA,416.3473048978314,True
405,MMSE,-106.63576026028406,True
406,ADAS13,-560.9126314352849,False
406,EntorhinalNorm,-1.4378698929713378,False
406,RAVLT_immediate,-208.07931593799304,False
406,TAU,-118.64639841364026,False
406,VentricleNorm,171.6742594514129,False
406,MidTempNorm,826.8221709908069,False
406,PTAU,-24.067064998954642,False
406,HippocampusNorm,-169.60288549622527,False
406,WholeBrainNorm,10.185299380997938,False
406,FusiformNorm,865.4321868334405,False
406,ABETA,162.94554943078737,False
406,MMSE,-101.63385891503053,False
407,ADAS13,739.7213380664574,True
407,EntorhinalNorm,139.44767350445247,True
407,RAVLT_immediate,-180.80542414163222,True
407,TAU,16.446618200714294,True
407,VentricleNorm,-142.57898121653426,True
407,MidTempNorm,-160.40373202839825,True
407,PTAU,72.6769255542095,True
407,HippocampusNorm,-106.84996918339091,True
407,WholeBrainNorm,10.448347308811657,True
407,FusiformNorm,209.34478420050993,True
407,ABETA,176.91358433644842,True
407,MMSE,-102.62404727323153,True
408,ADAS13,-608.0374823423099,False
408,EntorhinalNorm,-82.98572045902463,False
408,RAVLT_immediate,161.4027097543747,False
408,TAU,-110.92688966652739,False
408,VentricleNorm,-5.9178338825862795,False
408,MidTempNorm,-324.53443035877257,False
408,PTAU,-123.07789895418766,False
408,HippocampusNorm,-85.84914636599184,False
408,WholeBrainNorm,-29.878584382293635,False
408,FusiformNorm,419.5040053981518,False
408,ABETA,19.310175107419354,False
408,MMSE,-100.8631667178976,False
409,ADAS13,-528.8465283485785,False
409,EntorhinalNorm,-38.3378496156887,False
409,RAVLT_immediate,45.5531267021707,False
409,TAU,-96.8318751149,False
409,VentricleNorm,523.5869018391221,False
409,MidTempNorm,886.2507382700717,False
409,PTAU,-22.538289151777406,False
409,HippocampusNorm,-67.20816584676554,False
409,WholeBrainNorm,7.75147813710814,False
409,FusiformNorm,41.9583369018215,False
409,ABETA,239.44747693744233,False
409,MMSE,-95.28232831942479,False
410,ADAS13,-537.8279936794386,False
410,EntorhinalNorm,-26.5864562199892,False
410,RAVLT_immediate,-54.011221789402995,False
410,TAU,-106.65703018066634,False
410,VentricleNorm,20.97375444412286,False
410,MidTempNorm,207.34419671459887,False
410,PTAU,-76.59205421928095,False
410,HippocampusNorm,-76.02095435771571,False
410,WholeBrainNorm,0.5961991819142138,False
410,FusiformNorm,825.4379403192843,False
410,ABETA,198.43447338138972,False
410,MMSE,-101.38498165964911,False
411,ADAS13,142.95366945002252,True
411,EntorhinalNorm,131.20827849838594,True
411,RAVLT_immediate,-48.75567975091115,True
411,TAU,46.60200451114865,True
411,VentricleNorm,-241.89842122120686,True
411,MidTempNorm,502.9959154191812,True
411,PTAU,60.33387929818022,True
411,HippocampusNorm,-175.94481714467588,True
411,WholeBrainNorm,1.8854467965484456,True
411,FusiformNorm,198.06032188246633,True
411,ABETA,184.18178497763472,True
411,MMSE,-100.4994267931551,True
412,ADAS13,388.4208209142984,True
412,EntorhinalNorm,62.0990529257582,True
412,RAVLT_immediate,-266.53248713918174,True
412,TAU,-43.000228093367156,True
412,VentricleNorm,-115.15596582916962,True
412,MidTempNorm,476.33942635436733,True
412,PTAU,-72.32308764988407,True
412,HippocampusNorm,-68.65188660135864,True
412,WholeBrainNorm,17.74054111541576,True
412,FusiformNorm,391.1298751472566,True
412,ABETA,459.54078364205236,True
412,MMSE,-96.74069036250869,True
413,ADAS13,-75.4965033585816,True
413,EntorhinalNorm,26.197723691680192,True
413,RAVLT_immediate,-39.95065301307616,True
413,TAU,35.21980023060383,True
413,VentricleNorm,-320.6061273625262,True
413,MidTempNorm,162.18173491998004,True
413,PTAU,63.501951837228546,True
413,HippocampusNorm,-175.2928204780952,True
413,WholeBrainNorm,-29.839949794544165,True
413,FusiformNorm,526.4485594152843,True
413,ABETA,188.38878403389484,True
413,MMSE,-92.5524992625991,True
414,ADAS13,145.09593175023596,True
414,EntorhinalNorm,16.43135321233617,True
414,RAVLT_immediate,-213.4036889617916,True
414,TAU,-12.664943386555914,True
414,VentricleNorm,-217.59470329645725,True
414,MidTempNorm,79.11212337563292,True
414,PTAU,-27.377131606258732,True
414,HippocampusNorm,-107.55829508796742,True
414,WholeBrainNorm,-16.770077694261204,True
414,FusiformNorm,73.3682951679842,True
414,ABETA,36.98374414852239,True
414,MMSE,-96.85407747903042,True
415,ADAS13,498.6035721830067,True
415,EntorhinalNorm,51.815902808711456,True
415,RAVLT_immediate,-7.312938654069626,True
415,TAU,23.22628341297112,True
415,VentricleNorm,-194.1167589102708,True
415,MidTempNorm,408.2018125110437,True
415,PTAU,-42.31624355357974,True
415,HippocampusNorm,-148.3544025729699,True
415,WholeBrainNorm,-5.416917287830679,True
415,FusiformNorm,185.56285767676445,True
415,ABETA,148.8514559602743,True
415,MMSE,-89.69666037049298,True
416,ADAS13,209.11169053459355,True
416,EntorhinalNorm,29.6137275072693,True
416,RAVLT_immediate,-81.11041333335652,True
416,TAU,-8.399632750745743,True
416,VentricleNorm,-14.853844578945683,True
416,MidTempNorm,-64.37260475950634,True
416,PTAU,-47.59576133897713,True
416,HippocampusNorm,-64.88905639708693,True
416,WholeBrainNorm,24.83974934505695,True
416,FusiformNorm,704.8697146662275,True
416,ABETA,266.82564801449877,True
416,MMSE,-105.61744040469529,True
417,ADAS13,-531.9289656391917,False
417,EntorhinalNorm,4.222847756890578,False
417,RAVLT_immediate,-145.9960855330101,False
417,TAU,-118.19755202950498,False
417,VentricleNorm,169.89532108901506,False
417,MidTempNorm,-93.58532263191131,False
417,PTAU,-82.25283744079975,False
417,HippocampusNorm,-125.44721531657646,False
417,WholeBrainNorm,-41.305306694938416,False
417,FusiformNorm,645.245194620443,False
417,ABETA,196.9118320910055,False
417,MMSE,-97.85165501986829,False
418,ADAS13,331.88159380872133,True
418,EntorhinalNorm,41.15267188927559,True
418,RAVLT_immediate,-154.00713075985215,True
418,TAU,8.24427475805736,True
418,VentricleNorm,-197.45458594070587,True
418,MidTempNorm,41.97185039228498,True
418,PTAU,54.942438968900944,True
418,HippocampusNorm,-111.12520212323082,True
418,WholeBrainNorm,-35.6682567715186,True
418,FusiformNorm,640.6314917560079,True
418,ABETA,174.2355498626323,True
418,MMSE,-98.95569097217815,True
419,ADAS13,328.6330055783358,True
419,EntorhinalNorm,65.92689320680915,True
419,RAVLT_immediate,134.49290119926044,True
419,TAU,-1.1342658759656494,True
419,VentricleNorm,-137.98164814318474,True
419,MidTempNorm,177.63578829034137,True
419,PTAU,-55.221965558797855,True
419,HippocampusNorm,-155.08555850098267,True
419,WholeBrainNorm,-25.804423162144055,True
419,FusiformNorm,381.1181482820542,True
419,ABETA,108.49691080278762,True
419,MMSE,-98.34254729953375,True
420,ADAS13,584.9084501358916,True
420,EntorhinalNorm,34.658745465234425,True
420,RAVLT_immediate,-199.18480258596932,True
420,TAU,51.681368326302675,True
420,VentricleNorm,-120.8579915846862,True
420,MidTempNorm,346.439199937401,True
420,PTAU,63.820619933619966,True
420,HippocampusNorm,-126.7639275181931,True
420,WholeBrainNorm,16.456195377967717,True
420,FusiformNorm,142.19240356711367,True
420,ABETA,-94.3006357241332,True
420,MMSE,-98.63449478212664,True
421,ADAS13,437.7330892544618,True
421,EntorhinalNorm,14.970680657750542,True
421,RAVLT_immediate,-31.313146023836566,True
421,TAU,51.60189918047707,True
421,VentricleNorm,-118.47445885474411,True
421,MidTempNorm,190.14563746778634,True
421,PTAU,-43.63433670179874,True
421,HippocampusNorm,-137.5075399098105,True
421,WholeBrainNorm,-23.510522376873208,True
421,FusiformNorm,529.7413938063768,True
421,ABETA,400.1174898785566,True
421,MMSE,-94.51617328074501,True
422,ADAS13,-213.10004563134282,True
422,EntorhinalNorm,77.05455846048557,True
422,RAVLT_immediate,29.99294968559505,True
422,TAU,22.28441347788568,True
422,VentricleNorm,-175.53397146015058,True
422,MidTempNorm,261.78051489150334,True
422,PTAU,-101.22689134619091,True
422,HippocampusNorm,-167.38174021710597,True
422,WholeBrainNorm,7.148310078293217,True
422,FusiformNorm,606.6575194603341,True
422,ABETA,86.24689018260668,True
422,MMSE,-95.21824857265035,True
423,ADAS13,-555.8659118874668,False
423,EntorhinalNorm,38.99112834093553,False
423,RAVLT_immediate,98.33541426423402,False
423,TAU,-123.51892190200226,False
423,VentricleNorm,139.48118362772993,False
423,MidTempNorm,-20.001979111248716,False
423,PTAU,-79.24950778333391,False
423,HippocampusNorm,-162.22681117421791,False
423,WholeBrainNorm,-41.01290044918422,False
423,FusiformNorm,310.62329153950816,False
423,ABETA,50.382319601050526,False
423,MMSE,-97.87337778113246,False
424,ADAS13,340.45463062254385,True
424,EntorhinalNorm,51.86596267538311,True
424,RAVLT_immediate,13.367455077713117,True
424,TAU,-67.44503091303159,True
424,VentricleNorm,135.10836307987995,True
424,MidTempNorm,-253.04556797741265,True
424,PTAU,-88.69509143183353,True
424,HippocampusNorm,-123.20760445245467,True
424,WholeBrainNorm,-22.45094803647936,True
424,FusiformNorm,200.03203037238347,True
424,ABETA,221.36681359825886,True
424,MMSE,-96.04326120280331,True
425,ADAS13,558.5945085756985,True
425,EntorhinalNorm,62.41921877618644,True
425,RAVLT_immediate,-245.20877331304337,True
425,TAU,50.99297097348545,True
425,VentricleNorm,-50.50694220282952,True
425,MidTempNorm,-3.8285811629999955,True
425,PTAU,59.90224399744254,True
425,HippocampusNorm,-104.7440364621488,True
425,WholeBrainNorm,8.630737592778496,True
425,FusiformNorm,288.10571104954323,True
425,ABETA,-57.484763877335155,True
425,MMSE,-94.41349798869422,True
426,ADAS13,86.46445799502942,True
426,EntorhinalNorm,-11.309697635654182,True
426,RAVLT_immediate,-124.86061172239413,True
426,TAU,23.847316536886026,True
426,VentricleNorm,-352.63087796795435,True
426,MidTempNorm,237.9285922495228,True
426,PTAU,-70.45695491274346,True
426,HippocampusNorm,-115.03992506814805,True
426,WholeBrainNorm,4.669663297935477,True
426,FusiformNorm,-164.62132872863924,True
426,ABETA,147.6844905852304,True
426,MMSE,-100.56857445246999,True
427,ADAS13,371.6159942142301,True
427,EntorhinalNorm,32.542809566164635,True
427,RAVLT_immediate,-145.9026821431069,True
427,TAU,-76.65013914293343,True
427,VentricleNorm,244.0713355601194,True
427,MidTempNorm,399.1150566142819,True
427,PTAU,-42.101627731917766,True
427,HippocampusNorm,-180.72079623033375,True
427,WholeBrainNorm,-19.7335815139759,True
427,FusiformNorm,435.05953588212765,True
427,ABETA,180.0763659807142,True
427,MMSE,-100.24428918515727,True
428,ADAS13,140.56539567756727,True
428,EntorhinalNorm,5.076779035815768,True
428,RAVLT_immediate,-196.445363951319,True
428,TAU,-123.34928489724437,True
428,VentricleNorm,42.95558373626737,True
428,MidTempNorm,-79.93094653209602,True
428,PTAU,-93.47358866956914,True
428,HippocampusNorm,-149.52586217892755,True
428,WholeBrainNorm,-37.95273524781311,True
428,FusiformNorm,243.69448953991892,True
428,ABETA,153.2442789610764,True
428,MMSE,-108.1585263663362,True
429,ADAS13,598.7136565181681,True
429,EntorhinalNorm,7.547000193024033,True
429,RAVLT_immediate,-185.8016846442646,True
429,TAU,-112.20728390236036,True
429,VentricleNorm,306.33176544448634,True
429,MidTempNorm,570.2800630789263,True
429,PTAU,-75.63791639422006,True
429,HippocampusNorm,-50.430299977478214,True
429,WholeBrainNorm,25.144284649602632,True
429,FusiformNorm,229.83820627419234,True
429,ABETA,376.41882397118343,True
429,MMSE,-106.79590557351621,True
430,ADAS13,530.1944324766957,True
430,EntorhinalNorm,29.99153600201284,True
430,RAVLT_immediate,45.407525264598775,True
430,TAU,-134.8464314127247,True
430,VentricleNorm,505.5801015146152,True
430,MidTempNorm,307.156354867761,True
430,PTAU,9.627535592633663,True
430,HippocampusNorm,-64.50013569540776,True
430,WholeBrainNorm,12.15131011227246,True
430,FusiformNorm,-34.998533256284475,True
430,ABETA,20.113775178797397,True
430,MMSE,-95.15911074426431,True
431,ADAS13,770.4879510476383,True
431,EntorhinalNorm,58.010907038740505,True
431,RAVLT_immediate,-75.6548093793588,True
431,TAU,25.060415646499546,True
431,VentricleNorm,-142.9042106053486,True
431,MidTempNorm,-27.83228645102966,True
431,PTAU,59.52960187478819,True
431,HippocampusNorm,-107.54170412629446,True
431,WholeBrainNorm,69.17753719941322,True
431,FusiformNorm,-349.8321507171221,True
431,ABETA,41.95400907473635,True
431,MMSE,-110.13776075301331,True
432,ADAS13,410.30344453890746,True
432,EntorhinalNorm,103.94444458865124,True
432,RAVLT_immediate,-307.52656424792593,True
432,TAU,14.01086355773505,True
432,VentricleNorm,-169.6619843121125,True
432,MidTempNorm,-129.53359272265467,True
432,PTAU,59.938411955183334,True
432,HippocampusNorm,-111.43442959710917,True
432,WholeBrainNorm,-11.711390498262727,True
432,FusiformNorm,752.586520613919,True
432,ABETA,41.09324949091163,True
432,MMSE,-93.70957666614831,True
433,ADAS13,257.4930886518325,True
433,EntorhinalNorm,17.62709028925324,True
433,RAVLT_immediate,-20.21160593521151,True
433,TAU,24.844994539012994,True
433,VentricleNorm,-279.2664066814923,True
433,MidTempNorm,704.5001289084496,True
433,PTAU,-75.95711471133663,True
433,HippocampusNorm,-113.15090052323346,True
433,WholeBrainNorm,0.9411060584954385,True
433,FusiformNorm,2.965534503617448,True
433,ABETA,295.3639664341695,True
433,MMSE,-99.26791202660284,True
434,ADAS13,274.532248752316,True
434,EntorhinalNorm,2.854811436769232,True
434,RAVLT_immediate,-87.9503971193187,True
434,TAU,9.94773396967919,True
434,VentricleNorm,-132.5873712259494,True
434,MidTempNorm,182.47241107477873,True
434,PTAU,51.33391206170056,True
434,HippocampusNorm,-10.813802086279438,True
434,WholeBrainNorm,25.907828779343806,True
434,FusiformNorm,318.1248816810458,True
434,ABETA,194.8229055226128,True
434,MMSE,-97.6189822861607,True
435,ADAS13,191.23509228039836,True
435,EntorhinalNorm,-13.950473159632836,True
435,RAVLT_immediate,-206.7942484652566,True
435,TAU,-15.689249751138421,True
435,VentricleNorm,45.109970377174534,True
435,MidTempNorm,485.9554436349472,True
435,PTAU,-40.38170424603844,True
435,HippocampusNorm,-130.0208379136145,True
435,WholeBrainNorm,9.021950895423403,True
435,FusiformNorm,532.9015796719732,True
435,ABETA,-71.96445290992483,True
435,MMSE,-98.09583124600898,True
436,ADAS13,509.9102836394328,True
436,EntorhinalNorm,-7.901679705878465,True
436,RAVLT_immediate,4.724070775732088,True
436,TAU,8.705658768654938,True
436,VentricleNorm,-271.78040251759785,True
436,MidTempNorm,158.9868483862461,True
436,PTAU,-14.961054576753327,True
436,HippocampusNorm,-121.57498487685746,True
436,WholeBrainNorm,22.046451204637275,True
436,FusiformNorm,-76.37498536539647,True
436,ABETA,390.86399780193784,True
436,MMSE,-96.61144153584108,True
437,ADAS13,538.1643110179398,True
437,EntorhinalNorm,10.842371666141105,True
437,RAVLT_immediate,-147.7879558654863,True
437,TAU,33.91903441585475,True
437,VentricleNorm,-197.79479862790157,True
437,MidTempNorm,588.082299811913,True
437,PTAU,77.37702364183106,True
437,HippocampusNorm,-195.4304905556827,True
437,WholeBrainNorm,167.00926850717377,True
437,FusiformNorm,112.48105630055119,True
437,ABETA,183.89816461677307,True
437,MMSE,-92.04587995027201,True
438,ADAS13,368.4171562870889,True
438,EntorhinalNorm,55.625568013643274,True
438,RAVLT_immediate,-133.96572626815598,True
438,TAU,-10.886696289985233,True
438,VentricleNorm,13.610224497126865,True
438,MidTempNorm,636.4391298150751,True
438,PTAU,-147.77641970344575,True
438,HippocampusNorm,-83.48555045176994,True
438,WholeBrainNorm,-29.00027642901608,True
438,FusiformNorm,443.14875562620574,True
438,ABETA,490.1103977923969,True
438,MMSE,-95.24555830755818,True
439,ADAS13,450.26229872992786,True
439,EntorhinalNorm,10.022929918508282,True
439,RAVLT_immediate,-17.23703748619201,True
439,TAU,9.385965878504205,True
439,VentricleNorm,-93.9593680040746,True
439,MidTempNorm,26.228021610175517,True
439,PTAU,46.94987680809453,True
439,HippocampusNorm,-177.1723434712281,True
439,WholeBrainNorm,28.822105583322067,True
439,FusiformNorm,766.1797780080392,True
439,ABETA,115.1317598814471,True
439,MMSE,-108.90389399938437,True
440,ADAS13,478.21478035602667,True
440,EntorhinalNorm,64.19562056378682,True
440,RAVLT_immediate,-165.2714726555945,True
440,TAU,11.683500273024299,True
440,VentricleNorm,-259.75155940743343,True
440,MidTempNorm,357.0796994163188,True
440,PTAU,74.65955112649338,True
440,HippocampusNorm,-119.51529369490828,True
440,WholeBrainNorm,-26.92780116318382,True
440,FusiformNorm,273.1460549843949,True
440,ABETA,275.48017840865515,True
440,MMSE,-94.21758217514736,True
441,ADAS13,250.3925245024966,True
441,EntorhinalNorm,69.15405553455378,True
441,RAVLT_immediate,-251.27721672800723,True
441,TAU,-98.06690026545448,True
441,VentricleNorm,63.6267734761922,True
441,MidTempNorm,184.71971981834662,True
441,PTAU,-71.56940171791376,True
441,HippocampusNorm,-158.5764992293861,True
441,WholeBrainNorm,36.11895596253187,True
441,FusiformNorm,-61.94479087821918,True
441,ABETA,342.19218152530834,True
441,MMSE,-97.0817691547497,True
442,ADAS13,-517.165192287129,False
442,EntorhinalNorm,-41.414331589466535,False
442,RAVLT_immediate,209.09052538519734,False
442,TAU,-160.05746856179894,False
442,VentricleNorm,58.05670723971082,False
442,MidTempNorm,111.84830070859928,False
442,PTAU,-35.54264367591373,False
442,HippocampusNorm,-103.08745563241263,False
442,WholeBrainNorm,-15.70799233013609,False
442,FusiformNorm,613.699944313265,False
442,ABETA,97.29748263749573,False
442,MMSE,-89.80622080316381,False
443,ADAS13,112.28360559927654,True
443,EntorhinalNorm,71.27504249848396,True
443,RAVLT_immediate,-234.905831751791,True
443,TAU,-10.917663252346324,True
443,VentricleNorm,220.42010245887968,True
443,MidTempNorm,675.2927290681596,True
443,PTAU,-74.62240747229649,True
443,HippocampusNorm,-125.28847229335051,True
443,WholeBrainNorm,16.751340380412774,True
443,FusiformNorm,5.283067089171823,True
443,ABETA,211.68568933265885,True
443,MMSE,-97.26252721208344,True
444,ADAS13,-497.91427627347514,False
444,EntorhinalNorm,17.926656254823985,False
444,RAVLT_immediate,-151.95500457619835,False
444,TAU,-126.42851126218213,False
444,VentricleNorm,54.78827679395857,False
444,MidTempNorm,226.02398111367827,False
444,PTAU,9.09968644012828,False
444,HippocampusNorm,-120.97087929482977,False
444,WholeBrainNorm,13.397161674837408,False
444,FusiformNorm,777.5100068174632,False
444,ABETA,50.970184406040076,False
444,MMSE,-102.91987815806209,False
445,ADAS13,90.06896870351238,True
445,EntorhinalNorm,87.21507561956732,True
445,RAVLT_immediate,2.873910059590088,True
445,TAU,-109.46224553603608,True
445,VentricleNorm,102.41152239950611,True
445,MidTempNorm,454.54030697911264,True
445,PTAU,-56.49545370968449,True
445,HippocampusNorm,-71.04980175638893,True
445,WholeBrainNorm,-8.34391989342898,True
445,FusiformNorm,214.5005955493749,True
445,ABETA,141.49252636052836,True
445,MMSE,-97.45465056996068,True
446,ADAS13,-506.4786677601029,False
446,EntorhinalNorm,10.41436814304249,False
446,RAVLT_immediate,-87.46469034679778,False
446,TAU,-111.18158648133388,False
446,VentricleNorm,93.00740442398859,False
446,MidTempNorm,370.5293803173996,False
446,PTAU,-58.50103393889152,False
446,HippocampusNorm,-66.53443369147224,False
446,WholeBrainNorm,14.779603309292808,False
446,FusiformNorm,419.01807961185284,False
446,ABETA,67.36731468752352,False
446,MMSE,-99.05491978333156,False
447,ADAS13,-523.2764601356953,False
447,EntorhinalNorm,-19.357364903527465,False
447,RAVLT_immediate,-37.5827538637714,False
447,TAU,-130.33168087384232,False
447,VentricleNorm,120.32381606489935,False
447,MidTempNorm,372.018823912911,False
447,PTAU,-60.73022950283355,False
447,HippocampusNorm,-103.26975190009168,False
447,WholeBrainNorm,28.220484801980326,False
447,FusiformNorm,410.59137490373195,False
447,ABETA,93.61876526608606,False
447,MMSE,-98.82245877351492,False
448,ADAS13,230.2542795417038,True
448,EntorhinalNorm,61.331708979518766,True
448,RAVLT_immediate,-165.37976514033872,True
448,TAU,4.648773932487485,True
448,VentricleNorm,-193.87360022883962,True
448,MidTempNorm,331.691052045047,True
448,PTAU,63.35615192125902,True
448,HippocampusNorm,-122.77085353466899,True
448,WholeBrainNorm,10.925181759014025,True
448,FusiformNorm,291.19419497792467,True
448,ABETA,207.7258186175846,True
448,MMSE,-97.81024615191332,True
449,ADAS13,50.155051782339115,True
449,EntorhinalNorm,39.70967498317914,True
449,RAVLT_immediate,-154.06288734855056,True
449,TAU,46.993692513219216,True
449,VentricleNorm,-118.2429954859735,True
449,MidTempNorm,-156.38005677416223,True
449,PTAU,69.88206837395721,True
449,HippocampusNorm,-24.50219943746373,True
449,WholeBrainNorm,119.96155543394795,True
449,FusiformNorm,271.4743595610273,True
449,ABETA,165.16146588623073,True
449,MMSE,-97.21310685195876,True
450,ADAS13,-469.69711275982417,False
450,EntorhinalNorm,9.30461902963813,False
450,RAVLT_immediate,14.55922140828659,False
450,TAU,-78.85685273668595,False
450,VentricleNorm,9.800913870498817,False
450,MidTempNorm,647.6007739758991,False
450,PTAU,-86.78412018606903,False
450,HippocampusNorm,-102.04501080953835,False
450,WholeBrainNorm,6.61994356146289,False
450,FusiformNorm,638.2736943387838,False
450,ABETA,274.0896761578584,False
450,MMSE,-99.50043196852442,False
451,ADAS13,298.26883408861784,True
451,EntorhinalNorm,32.102288706511224,True
451,RAVLT_immediate,-130.5944327713126,True
451,TAU,39.12836723889568,True
451,VentricleNorm,-203.75304244163814,True
451,MidTempNorm,441.0575280060841,True
451,PTAU,-23.0852871176331,True
451,HippocampusNorm,-64.20204764069103,True
451,WholeBrainNorm,-13.925476021517467,True
451,FusiformNorm,258.3949610463859,True
451,ABETA,236.857980421455,True
451,MMSE,-103.35293088294644,True
452,ADAS13,377.6243647279804,True
452,EntorhinalNorm,59.97632879806608,True
452,RAVLT_immediate,-225.72091766491616,True
452,TAU,-17.332944240771425,True
452,VentricleNorm,-207.81285670104202,True
452,MidTempNorm,296.9156175301874,True
452,PTAU,-21.170228514422632,True
452,HippocampusNorm,-127.69880876554099,True
452,WholeBrainNorm,-9.645332541434133,True
452,FusiformNorm,517.6693189734606,True
452,ABETA,53.65069547617037,True
452,MMSE,-100.3239421821516,True
453,ADAS13,357.3565112145002,True
453,EntorhinalNorm,37.044207940361446,True
453,RAVLT_immediate,-135.2067990278903,True
453,TAU,-7.940357676135447,True
453,VentricleNorm,-33.18777412924837,True
453,MidTempNorm,273.86733388381003,True
453,PTAU,52.877043444505375,True
453,HippocampusNorm,-125.1439062090938,True
453,WholeBrainNorm,-32.86938438479064,True
453,FusiformNorm,358.617752825364,True
453,ABETA,107.36954148277727,True
453,MMSE,-99.66210501844378,True
454,ADAS13,280.51573958701243,True
454,EntorhinalNorm,-3.492097247815849,True
454,RAVLT_immediate,-164.74027535654477,True
454,TAU,49.59067245145055,True
454,VentricleNorm,-287.4784184384217,True
454,MidTempNorm,336.10695141305024,True
454,PTAU,55.550600901094896,True
454,HippocampusNorm,-147.30859509601495,True
454,WholeBrainNorm,121.51543521326174,True
454,FusiformNorm,267.27423851457246,True
454,ABETA,96.13731751808496,True
454,MMSE,-101.37293955555985,True
455,ADAS13,43.360863880867555,True
455,EntorhinalNorm,25.78547328129351,True
455,RAVLT_immediate,21.502883347367046,True
455,TAU,45.80256129187901,True
455,VentricleNorm,-218.00696803810445,True
455,MidTempNorm,323.6661783568875,True
455,PTAU,-55.349892100986345,True
455,HippocampusNorm,-120.2876772361654,True
455,WholeBrainNorm,2.023411424135026,True
455,FusiformNorm,308.11345897656037,True
455,ABETA,-61.55914694879789,True
455,MMSE,-101.35231399975014,True
456,ADAS13,471.5924492339506,True
456,EntorhinalNorm,77.13224141259843,True
456,RAVLT_immediate,-100.52077705057634,True
456,TAU,15.260183554486412,True
456,VentricleNorm,-260.2054149677697,True
456,MidTempNorm,344.00630004738423,True
456,PTAU,-33.756685064656324,True
456,HippocampusNorm,-136.74791535155418,True
456,WholeBrainNorm,13.912442967700139,True
456,FusiformNorm,-49.887241150623595,True
456,ABETA,235.21138865353606,True
456,MMSE,-98.14589638020367,True
457,ADAS13,-506.3772539407544,False
457,EntorhinalNorm,47.035398003385865,False
457,RAVLT_immediate,-56.124460197751446,False
457,TAU,-94.01562690262605,False
457,VentricleNorm,-15.504153011181359,False
457,MidTempNorm,805.9445003651322,False
457,PTAU,-28.135006642857718,False
457,HippocampusNorm,-24.314347751841737,False
457,WholeBrainNorm,-13.739965206695663,False
457,FusiformNorm,172.77428622493255,False
457,ABETA,215.90537516341314,False
457,MMSE,-101.26290829350705,False
458,ADAS13,233.39664732789598,True
458,EntorhinalNorm,100.5617210690853,True
458,RAVLT_immediate,-69.9228755309515,True
458,TAU,5.836960313793222,True
458,VentricleNorm,-144.54936618352482,True
458,MidTempNorm,446.9606294565302,True
458,PTAU,-64.73891076652822,True
458,HippocampusNorm,-88.15018063064022,True
458,WholeBrainNorm,-16.360150095014728,True
458,FusiformNorm,505.9494448370021,True
458,ABETA,92.99360122271072,True
458,MMSE,-103.09702220784251,True
459,ADAS13,-598.0847161692849,False
459,EntorhinalNorm,-65.62563195147021,False
459,RAVLT_immediate,-330.6901990641794,False
459,TAU,-83.7535193174345,False
459,VentricleNorm,178.67559437410654,False
459,MidTempNorm,269.460090335458,False
459,PTAU,-53.72078538851725,False
459,HippocampusNorm,-106.42032303140945,False
459,WholeBrainNorm,-3.9476881775874144,False
459,FusiformNorm,79.34576300468265,False
459,ABETA,331.44914300416724,False
459,MMSE,-101.00188132800801,False
460,ADAS13,368.1834137799026,True
460,EntorhinalNorm,-1.8903002342489685,True
460,RAVLT_immediate,-62.885861777081665,True
460,TAU,-9.893514744634023,True
460,VentricleNorm,-96.78385420285868,True
460,MidTempNorm,-74.5081665663109,True
460,PTAU,53.337707467934926,True
460,HippocampusNorm,-96.59021573052102,True
460,WholeBrainNorm,-19.777881263360605,True
460,FusiformNorm,3.079820800352138,True
460,ABETA,216.53533710319795,True
460,MMSE,-92.93432139405292,True
461,ADAS13,-112.1188786230586,True
461,EntorhinalNorm,80.4883593354192,True
461,RAVLT_immediate,-124.01692531684427,True
461,TAU,-2.8905138501885386,True
461,VentricleNorm,-111.73866464084114,True
461,MidTempNorm,-16.333083105090395,True
461,PTAU,-66.64821859036604,True
461,HippocampusNorm,-131.69262830951965,True
461,WholeBrainNorm,-13.625280380850121,True
461,FusiformNorm,450.46153658347066,True
461,ABETA,177.88675004618165,True
461,MMSE,-91.05538384755869,True
462,ADAS13,385.00303948524413,True
462,EntorhinalNorm,69.24412078923578,True
462,RAVLT_immediate,-224.04926534579903,True
462,TAU,31.395219899652844,True
462,VentricleNorm,-207.95993050983017,True
462,MidTempNorm,49.85335620173339,True
462,PTAU,-22.10448120153542,True
462,HippocampusNorm,-140.8943169003286,True
462,WholeBrainNorm,-46.533923310320645,True
462,FusiformNorm,498.02999392465017,True
462,ABETA,165.55480679220497,True
462,MMSE,-94.56546999624398,True
463,ADAS13,56.62929813592828,True
463,EntorhinalNorm,101.61510543338113,True
463,RAVLT_immediate,-117.53732517392383,True
463,TAU,3.7529402561847824,True
463,VentricleNorm,-307.6886780228007,True
463,MidTempNorm,575.5781396772087,True
463,PTAU,-103.53602914968522,True
463,HippocampusNorm,-111.23602809241324,True
463,WholeBrainNorm,3.8178132357593686,True
463,FusiformNorm,63.00509539005236,True
463,ABETA,14.398725632037298,True
463,MMSE,-93.93679287001464,True
464,ADAS13,70.71983280958852,True
464,EntorhinalNorm,16.57568073943146,True
464,RAVLT_immediate,-33.499276268488515,True
464,TAU,12.468955898280054,True
464,VentricleNorm,-58.49729334399905,True
464,MidTempNorm,255.69885863182455,True
464,PTAU,-41.10071453897557,True
464,HippocampusNorm,-160.92314057479732,True
464,WholeBrainNorm,15.672033372261469,True
464,FusiformNorm,517.248129108708,True
464,ABETA,460.55343841351254,True
464,MMSE,-98.10939554195241,True
465,ADAS13,-432.13834623586166,False
465,EntorhinalNorm,-68.91262101388719,False
465,RAVLT_immediate,54.698765627815746,False
465,TAU,-99.0550245085947,False
465,VentricleNorm,99.71446792041625,False
465,MidTempNorm,287.3812723157562,False
465,PTAU,-59.263523316603425,False
465,HippocampusNorm,-221.72664718985988,False
465,WholeBrainNorm,-35.76309330627776,False
465,FusiformNorm,758.5923281724358,False
465,ABETA,-29.835781619766806,False
465,MMSE,-102.79073996871583,False
466,ADAS13,231.7013026149184,True
466,EntorhinalNorm,60.50478636328596,True
466,RAVLT_immediate,-98.28583436335794,True
466,TAU,19.243391315423583,True
466,VentricleNorm,-225.1558863984012,True
466,MidTempNorm,240.85297858401862,True
466,PTAU,6.330722841908781,True
466,HippocampusNorm,-122.34735372805346,True
466,WholeBrainNorm,-32.157008692356534,True
466,FusiformNorm,923.1163962197536,True
466,ABETA,58.00499666530834,True
466,MMSE,-102.45001233305709,True
467,ADAS13,231.46237019521814,True
467,EntorhinalNorm,45.11989458920789,True
467,RAVLT_immediate,128.30310689153603,True
467,TAU,20.004332216011363,True
467,VentricleNorm,-191.39023721639606,True
467,MidTempNorm,313.77990744880003,True
467,PTAU,-40.87912228704093,True
467,HippocampusNorm,-84.08125810962031,True
467,WholeBrainNorm,1.5833555842735223,True
467,FusiformNorm,503.54820358822656,True
467,ABETA,20.74529365736356,True
467,MMSE,-106.49918788438528,True
468,ADAS13,600.4139007048484,True
468,EntorhinalNorm,45.93943319449723,True
468,RAVLT_immediate,-136.02209529876092,True
468,TAU,-104.47571880543023,True
468,VentricleNorm,86.73764933375743,True
468,MidTempNorm,75.38966933868463,True
468,PTAU,15.40721217902096,True
468,HippocampusNorm,-167.59034262211597,True
468,WholeBrainNorm,9.92795778046401,True
468,FusiformNorm,526.1244101330515,True
468,ABETA,124.84164972633222,True
468,MMSE,-103.24215540197704,True
469,ADAS13,104.9420892623022,True
469,EntorhinalNorm,73.70259966072462,True
469,RAVLT_immediate,-37.63036897619044,True
469,TAU,-12.078585291673383,True
469,VentricleNorm,-94.985384982367,True
469,MidTempNorm,-132.62557723885172,True
469,PTAU,70.90004407711776,True
469,HippocampusNorm,1.817850975316631,True
469,WholeBrainNorm,-13.63615632074267,True
469,FusiformNorm,46.732539268676476,True
469,ABETA,126.86085206368224,True
469,MMSE,-96.51253179167371,True
470,ADAS13,213.7798946515658,True
470,EntorhinalNorm,66.97923429872542,True
470,RAVLT_immediate,-140.23624710710385,True
470,TAU,26.314587213263003,True
470,VentricleNorm,50.00786327057055,True
470,MidTempNorm,-467.3150777952007,True
470,PTAU,-70.57863825939131,True
470,HippocampusNorm,-163.3545269142804,True
470,WholeBrainNorm,-32.84402009736508,True
470,FusiformNorm,-97.62024855436789,True
470,ABETA,111.05566673993945,True
470,MMSE,-97.33865273018539,True
471,ADAS13,-600.2124981999316,False
471,EntorhinalNorm,-60.641120794324934,False
471,RAVLT_immediate,-206.12873766698027,False
471,TAU,-107.38344867690937,False
471,VentricleNorm,95.22730475161303,False
471,MidTempNorm,-353.5423684116774,False
471,PTAU,-89.87385416838407,False
471,HippocampusNorm,-120.79100322221575,False
471,WholeBrainNorm,-37.263245534807886,False
471,FusiformNorm,71.87214176147711,False
471,ABETA,404.3098316368659,False
471,MMSE,-93.7768764837213,False
472,ADAS13,347.64940644338066,True
472,EntorhinalNorm,51.82385143767151,True
472,RAVLT_immediate,-206.6861660262106,True
472,TAU,11.66464164670225,True
472,VentricleNorm,-186.4745574106044,True
472,MidTempNorm,-390.29533649471364,True
472,PTAU,-77.84766039604517,True
472,HippocampusNorm,-137.62863333903817,True
472,WholeBrainNorm,23.65245358124287,True
472,FusiformNorm,541.7217152052395,True
472,ABETA,148.5551395641373,True
472,MMSE,-98.0082377560654,True
473,ADAS13,696.5143481324912,True
473,EntorhinalNorm,-15.705379279425607,True
473,RAVLT_immediate,-102.43198258749378,True
473,TAU,54.76777253495604,True
473,VentricleNorm,-227.7380110971131,True
473,MidTempNorm,18.175277979487078,True
473,PTAU,88.53622034671008,True
473,HippocampusNorm,-2.762201213568389,True
473,WholeBrainNorm,269.7656727471848,True
473,FusiformNorm,45.61070422104194,True
473,ABETA,-7.1275534406641725,True
473,MMSE,-100.19372000571862,True
474,ADAS13,239.1779930682877,True
474,EntorhinalNorm,4.23223341854731,True
474,RAVLT_immediate,-9.73280350671547,True
474,TAU,-110.2601027439732,True
474,VentricleNorm,183.06959364997365,True
474,MidTempNorm,274.54701438843506,True
474,PTAU,-32.10524773618752,True
474,HippocampusNorm,-74.86647672017958,True
474,WholeBrainNorm,-4.427923187626965,True
474,FusiformNorm,380.22127218204076,True
474,ABETA,29.894061751599494,True
474,MMSE,-95.84753200167181,True
475,ADAS13,130.46565959465525,True
475,EntorhinalNorm,133.6427339298709,True
475,RAVLT_immediate,-148.4039804222016,True
475,TAU,-25.952376328169102,True
475,VentricleNorm,422.7190264214006,True
475,MidTempNorm,629.2682793184575,True
475,PTAU,-57.76424595823056,True
475,HippocampusNorm,-110.10155086831601,True
475,WholeBrainNorm,-3.2527118484073116,True
475,FusiformNorm,79.97447527082926,True
475,ABETA,-112.38712426803255,True
475,MMSE,-100.33812341478169,True
476,ADAS13,582.6083610269768,True
476,EntorhinalNorm,71.02605885952343,True
476,RAVLT_immediate,-92.78835961209101,True
476,TAU,34.775880666500214,True
476,VentricleNorm,-136.9072268607699,True
476,MidTempNorm,696.8969397017211,True
476,PTAU,-53.155893744074376,True
476,HippocampusNorm,-233.88800537055482,True
476,WholeBrainNorm,11.563394924004402,True
476,FusiformNorm,328.2218494632656,True
476,ABETA,-89.36984866638139,True
476,MMSE,-100.12083924587697,True
477,ADAS13,236.01308855299962,True
477,EntorhinalNorm,71.27416136220054,True
477,RAVLT_immediate,-110.11218534095153,True
477,TAU,-23.007741206245704,True
477,VentricleNorm,-28.60888500209171,True
477,MidTempNorm,339.21735080962435,True
477,PTAU,12.899689948082525,True
477,HippocampusNorm,-161.83979470156805,True
477,WholeBrainNorm,0.21120623715140785,True
477,FusiformNorm,419.0132086159747,True
477,ABETA,219.69358698960139,True
477,MMSE,-95.98368277487498,True
478,ADAS13,62.683865246624805,True
478,EntorhinalNorm,28.000662465741055,True
478,RAVLT_immediate,71.32320847247138,True
478,TAU,32.919040342065294,True
478,VentricleNorm,-198.1987162549221,True
478,MidTempNorm,498.52248169114523,True
478,PTAU,-70.32483927863133,True
478,HippocampusNorm,-115.0024454444222,True
478,WholeBrainNorm,20.53152028289317,True
478,FusiformNorm,397.1222628057257,True
478,ABETA,237.12543721834652,True
478,MMSE,-91.15843142760852,True
479,ADAS13,385.10329042343324,True
479,EntorhinalNorm,42.14838569240776,True
479,RAVLT_immediate,-236.65684910737366,True
479,TAU,37.94413620754138,True
479,VentricleNorm,-238.16316856516514,True
479,MidTempNorm,-415.6408585923369,True
479,PTAU,-45.668214746473694,True
479,HippocampusNorm,-93.86197830642294,True
479,WholeBrainNorm,22.343441235889724,True
479,FusiformNorm,705.1317969775831,True
479,ABETA,96.70300388332821,True
479,MMSE,-98.05557574819316,True
480,ADAS13,-104.41718455739203,True
480,EntorhinalNorm,68.86608694457729,True
480,RAVLT_immediate,107.37507310341476,True
480,TAU,20.75619962421554,True
480,VentricleNorm,-277.65461809606575,True
480,MidTempNorm,126.77509748989574,True
480,PTAU,72.71086040837615,True
480,HippocampusNorm,74.38034908644997,True
480,WholeBrainNorm,-25.750658729571136,True
480,FusiformNorm,-31.791815527957112,True
480,ABETA,269.7968190531372,True
480,MMSE,-97.58515712183038,True
481,ADAS13,509.02086836121254,True
481,EntorhinalNorm,123.26386423821427,True
481,RAVLT_immediate,-206.5639401281994,True
481,TAU,46.35578173751549,True
481,VentricleNorm,-167.19696151919734,True
481,MidTempNorm,-40.95025940717454,True
481,PTAU,68.87467047784466,True
481,HippocampusNorm,-134.0229204723088,True
481,WholeBrainNorm,37.611836992357304,True
481,FusiformNorm,406.61385557361507,True
481,ABETA,-70.61687065830591,True
481,MMSE,-98.01305853990858,True
482,ADAS13,-503.4949799411665,False
482,EntorhinalNorm,53.00334580396841,False
482,RAVLT_immediate,-105.13046485970547,False
482,TAU,-93.96098987695684,False
482,VentricleNorm,207.17747887536996,False
482,MidTempNorm,305.810909000332,False
482,PTAU,-114.9722306380443,False
482,HippocampusNorm,-120.39905698375865,False
482,WholeBrainNorm,-42.05993147548063,False
482,FusiformNorm,89.46598071131828,False
482,ABETA,323.1252715121906,False
482,MMSE,-106.77898269451222,False
483,ADAS13,289.4281448190559,True
483,EntorhinalNorm,15.765947467035616,True
483,RAVLT_immediate,-141.5476735679178,True
483,TAU,-10.56886025135311,True
483,VentricleNorm,-65.44957627109643,True
483,MidTempNorm,87.38266279376678,True
483,PTAU,64.6208547040528,True
483,HippocampusNorm,-112.90691299859876,True
483,WholeBrainNorm,19.692657623624335,True
483,FusiformNorm,325.2366879833989,True
483,ABETA,285.2728955540794,True
483,MMSE,-99.77366204883812,True
484,ADAS13,-501.6309406198843,False
484,EntorhinalNorm,13.410741518464047,False
484,RAVLT_immediate,20.418000441870717,False
484,TAU,-115.23994028677286,False
484,VentricleNorm,420.4114729549101,False
484,MidTempNorm,266.687476490974,False
484,PTAU,-66.07593581199879,False
484,HippocampusNorm,-118.0361636389307,False
484,WholeBrainNorm,-16.984358905702116,False
484,FusiformNorm,628.1732347048155,False
484,ABETA,56.52235316412781,False
484,MMSE,-105.15453785468354,False
485,ADAS13,392.1418280234934,True
485,EntorhinalNorm,119.81664597036786,True
485,RAVLT_immediate,39.43676481346543,True
485,TAU,-168.46790395900038,True
485,VentricleNorm,339.8878509983359,True
485,MidTempNorm,475.31026372921724,True
485,PTAU,-123.17461547155574,True
485,HippocampusNorm,-105.26782702919863,True
485,WholeBrainNorm,-1.7188437843966025,True
485,FusiformNorm,371.6453494822435,True
485,ABETA,313.37189915840236,True
485,MMSE,-95.20635329193986,True
486,ADAS13,-11.647273119653619,True
486,EntorhinalNorm,20.424870286445167,True
486,RAVLT_immediate,-23.05627447707917,True
486,TAU,-12.784558901253414,True
486,VentricleNorm,-224.97468417881726,True
486,MidTempNorm,-9.628099974236278,True
486,PTAU,3.4703747477770435,True
486,HippocampusNorm,-84.7589211809522,True
486,WholeBrainNorm,6.628566894945835,True
486,FusiformNorm,669.7416457425102,True
486,ABETA,248.70945536475426,True
486,MMSE,-98.72012744560689,True
487,ADAS13,-519.3744292004482,False
487,EntorhinalNorm,36.491906949687284,False
487,RAVLT_immediate,12.828346196487487,False
487,TAU,-133.9674926291183,False
487,VentricleNorm,154.34206389144182,False
487,MidTempNorm,453.5452169529956,False
487,PTAU,-30.945365998526686,False
487,HippocampusNorm,-176.29421872005173,False
487,WholeBrainNorm,-14.760429873647352,False
487,FusiformNorm,-49.65134902849343,False
487,ABETA,-255.7880063043948,False
487,MMSE,-101.47996099421087,False
488,ADAS13,319.3830136748888,True
488,EntorhinalNorm,53.81678343864459,True
488,RAVLT_immediate,-287.4616416089666,True
488,TAU,23.181593055891742,True
488,VentricleNorm,-106.90315153946447,True
488,MidTempNorm,195.50018030233292,True
488,PTAU,66.26098200925372,True
488,HippocampusNorm,-7.295635432762452,True
488,WholeBrainNorm,-2.3374500469371227,True
488,FusiformNorm,425.8958264983481,True
488,ABETA,407.7142430171357,True
488,MMSE,-98.04968828354225,True
489,ADAS13,340.0019490427335,True
489,EntorhinalNorm,20.432358319480176,True
489,RAVLT_immediate,-30.332756143405874,True
489,TAU,3.8424803013047555,True
489,VentricleNorm,130.77742330238542,True
489,MidTempNorm,456.0490366635745,True
489,PTAU,-127.70012614206156,True
489,HippocampusNorm,-137.83754478292738,True
489,WholeBrainNorm,-21.012649693959506,True
489,FusiformNorm,296.57621926375884,True
489,ABETA,411.87306887713413,True
489,MMSE,-98.35430531720787,True
490,ADAS13,415.4335534260318,True
490,EntorhinalNorm,0.8238911556160318,True
490,RAVLT_immediate,-53.46227484953182,True
490,TAU,-29.923862883817854,True
490,VentricleNorm,-96.38564364843039,True
490,MidTempNorm,839.2228627214024,True
490,PTAU,-26.83164063863083,True
490,HippocampusNorm,-133.69810534547707,True
490,WholeBrainNorm,-25.815023407040083,True
490,FusiformNorm,331.023825741631,True
490,ABETA,40.349750766970544,True
490,MMSE,-97.10986051233911,True
491,ADAS13,438.7437404775352,True
491,EntorhinalNorm,-9.630693265579701,True
491,RAVLT_immediate,-126.55871933343838,True
491,TAU,-2.395663216538736,True
491,VentricleNorm,-35.04074402741546,True
491,MidTempNorm,-34.08505255180344,True
491,PTAU,63.08551160334395,True
491,HippocampusNorm,-159.32007389279002,True
491,WholeBrainNorm,35.86518337044564,True
491,FusiformNorm,145.96383642546056,True
491,ABETA,-67.52397471084791,True
491,MMSE,-95.52224167572814,True
492,ADAS13,573.354900258508,True
492,EntorhinalNorm,71.51556792437623,True
492,RAVLT_immediate,-255.51559651153957,True
492,TAU,-11.387981025084295,True
492,VentricleNorm,-128.7692618404096,True
492,MidTempNorm,456.6098255428829,True
492,PTAU,-92.43551146907853,True
492,HippocampusNorm,-72.01389286292175,True
492,WholeBrainNorm,-24.926006823671447,True
492,FusiformNorm,559.3195826455192,True
492,ABETA,461.3585554779443,True
492,MMSE,-96.16447683315391,True
493,ADAS13,356.53696725306486,True
493,EntorhinalNorm,133.80210736012933,True
493,RAVLT_immediate,27.29049701280502,True
493,TAU,8.993925758829288,True
493,VentricleNorm,-57.37677140605139,True
493,MidTempNorm,393.75302276494034,True
493,PTAU,65.84103355004518,True
493,HippocampusNorm,-118.47548841283754,True
493,WholeBrainNorm,-11.869134458139122,True
493,FusiformNorm,222.52059352026174,True
493,ABETA,432.69746813185634,True
493,MMSE,-99.44424581905987,True
494,ADAS13,-524.3791874020927,False
494,EntorhinalNorm,-37.289205875303004,False
494,RAVLT_immediate,30.467538244271196,False
494,TAU,-73.32246358781106,False
494,VentricleNorm,91.95990520024743,False
494,MidTempNorm,123.49340821160237,False
494,PTAU,-40.12601678753256,False
494,HippocampusNorm,-188.9329729111668,False
494,WholeBrainNorm,-30.553123364445597,False
494,FusiformNorm,478.35619236717,False
494,ABETA,173.74318725673214,False
494,MMSE,-102.85147072080538,False
495,ADAS13,661.3290287509569,True
495,EntorhinalNorm,48.847919769904465,True
495,RAVLT_immediate,-189.5535037689724,True
495,TAU,1.2484737735415763,True
495,VentricleNorm,-213.4512687831063,True
495,MidTempNorm,130.80550848798342,True
495,PTAU,-71.27295180229446,True
495,HippocampusNorm,-138.28949829048852,True
495,WholeBrainNorm,2.5678046080322403,True
495,FusiformNorm,890.8070386777254,True
495,ABETA,39.64364603592601,True
495,MMSE,-100.0224822933102,True
496,ADAS13,-531.2892840834612,False
496,EntorhinalNorm,16.327383147522525,False
496,RAVLT_immediate,187.60522707439895,False
496,TAU,-97.44283393205153,False
496,VentricleNorm,403.4532033904493,False
496,MidTempNorm,-127.17508846736024,False
496,PTAU,-50.4351389766864,False
496,HippocampusNorm,-127.30120782927852,False
496,WholeBrainNorm,27.747705360081614,False
496,FusiformNorm,311.93286717042633,False
496,ABETA,192.69767533095393,False
496,MMSE,-97.89111686188845,False
497,ADAS13,313.2673804009805,True
497,EntorhinalNorm,97.73579214372742,True
497,RAVLT_immediate,-25.1323837885966,True
497,TAU,28.157445090879033,True
497,VentricleNorm,-332.9673275484961,True
497,MidTempNorm,238.77976723206166,True
497,PTAU,70.6496155953015,True
497,HippocampusNorm,-162.32060148685088,True
497,WholeBrainNorm,240.5056229084351,True
497,FusiformNorm,-131.39044300664875,True
497,ABETA,289.13996460314536,True
497,MMSE,-101.42742621631686,True
498,ADAS13,745.7403901533537,True
498,EntorhinalNorm,102.76968243379976,True
498,RAVLT_immediate,-82.5314582511852,True
498,TAU,-110.34831616038609,True
498,VentricleNorm,391.5142784775778,True
498,MidTempNorm,418.0447404500711,True
498,PTAU,-30.307230053049626,True
498,HippocampusNorm,-119.30801820633077,True
498,WholeBrainNorm,15.021558108411087,True
498,FusiformNorm,440.1954745325285,True
498,ABETA,136.08723102333693,True
498,MMSE,-99.318369349081,True
499,ADAS13,317.27700657277944,True
499,EntorhinalNorm,65.06864736317777,True
499,RAVLT_immediate,-258.84513066103295,True
499,TAU,-9.548169054964573,True
499,VentricleNorm,-239.41259567012716,True
499,MidTempNorm,74.90531873954791,True
499,PTAU,-83.71542725906949,True
499,HippocampusNorm,-180.63727897363364,True
499,WholeBrainNorm,-30.523979535020327,True
499,FusiformNorm,22.885703149287053,True
499,ABETA,296.8324553732982,True
499,MMSE,-92.92895244337124,True
500,ADAS13,-598.3517640655677,False
500,EntorhinalNorm,42.35409433842095,False
500,RAVLT_immediate,-1.8736664361444468,False
500,TAU,-71.55777243699751,False
500,VentricleNorm,56.65881404233818,False
500,MidTempNorm,-193.83052029200127,False
500,PTAU,-21.868964830818683,False
500,HippocampusNorm,-135.91378240323294,False
500,WholeBrainNorm,33.166182584316786,False
500,FusiformNorm,338.8808248529014,False
500,ABETA,343.925752106559,False
500,MMSE,-98.69797007169797,False
501,ADAS13,112.53075235607051,True
501,EntorhinalNorm,113.50414180874577,True
501,RAVLT_immediate,-101.65124214250386,True
501,TAU,27.594122731566003,True
501,VentricleNorm,-27.689709872790644,True
501,MidTempNorm,145.61696457797032,True
501,PTAU,58.543188296071484,True
501,HippocampusNorm,-177.44785270271512,True
501,WholeBrainNorm,2.1161217604189115,True
501,FusiformNorm,493.09943027429904,True
501,ABETA,319.79438050499596,True
501,MMSE,-95.7320505249414,True
502,ADAS13,253.64588850549825,True
502,EntorhinalNorm,15.268918542256351,True
502,RAVLT_immediate,9.836145569539738,True
502,TAU,-38.79034431825487,True
502,VentricleNorm,-308.4999016259537,True
502,MidTempNorm,-21.684266104860654,True
502,PTAU,-37.41642379391139,True
502,HippocampusNorm,-127.20694000281901,True
502,WholeBrainNorm,14.438983008710702,True
502,FusiformNorm,-69.46348037980289,True
502,ABETA,-263.9731842086675,True
502,MMSE,-97.95198233245321,True
503,ADAS13,336.31242678961905,True
503,EntorhinalNorm,77.47159874329398,True
503,RAVLT_immediate,-243.3187911811822,True
503,TAU,12.755892186853263,True
503,VentricleNorm,-137.39253405027762,True
503,MidTempNorm,403.1571109219567,True
503,PTAU,-13.59349951626399,True
503,HippocampusNorm,-137.58069814562046,True
503,WholeBrainNorm,-15.01360108274075,True
503,FusiformNorm,7.072201711498451,True
503,ABETA,112.1543672437094,True
503,MMSE,-95.36268732545552,True
504,ADAS13,476.80328419456947,True
504,EntorhinalNorm,21.198967025824793,True
504,RAVLT_immediate,-163.0753449005584,True
504,TAU,22.505292030017316,True
504,VentricleNorm,-140.73008562614928,True
504,MidTempNorm,250.1035669693278,True
504,PTAU,75.33620396013455,True
504,HippocampusNorm,-26.366263095044957,True
504,WholeBrainNorm,151.74872965543733,True
504,FusiformNorm,190.12328282376959,True
504,ABETA,249.46254447223032,True
504,MMSE,-92.95823876213736,True
505,ADAS13,105.85030416593614,True
505,EntorhinalNorm,-90.36287964220179,True
505,RAVLT_immediate,-62.49796529717442,True
505,TAU,-52.56870620636165,True
505,VentricleNorm,-133.44801564933277,True
505,MidTempNorm,172.95842934059456,True
505,PTAU,63.163434160037525,True
505,HippocampusNorm,-297.0783445504683,True
505,WholeBrainNorm,131.4702499167169,True
505,FusiformNorm,254.46302487752214,True
505,ABETA,384.6350191705319,True
505,MMSE,-98.43019702639482,True
506,ADAS13,287.2841588307524,True
506,EntorhinalNorm,80.25602659084524,True
506,RAVLT_immediate,-153.48758536861462,True
506,TAU,2.0807188026258263,True
506,VentricleNorm,-215.19357897258266,True
506,MidTempNorm,219.30049221169844,True
506,PTAU,65.51435322206162,True
506,HippocampusNorm,67.51112849876594,True
506,WholeBrainNorm,161.46723207295932,True
506,FusiformNorm,-288.3210373825565,True
506,ABETA,225.56906453266805,True
506,MMSE,-97.53425974725816,True
507,ADAS13,600.9118842412536,True
507,EntorhinalNorm,45.52279979910908,True
507,RAVLT_immediate,62.23281171547205,True
507,TAU,-6.374896525726468,True
507,VentricleNorm,-248.08783362544875,True
507,MidTempNorm,-103.04780883311804,True
507,PTAU,-57.826398323932096,True
507,HippocampusNorm,-181.27954568595203,True
507,WholeBrainNorm,6.54921649006312,True
507,FusiformNorm,854.7193671477328,True
507,ABETA,-10.199116186591056,True
507,MMSE,-95.54359822573701,True
508,ADAS13,-575.4006694741593,False
508,EntorhinalNorm,-57.21038159348583,False
508,RAVLT_immediate,-66.98269290617753,False
508,TAU,-90.83579797766491,False
508,VentricleNorm,256.95067713009826,False
508,MidTempNorm,543.2334190354564,False
508,PTAU,-93.60493026544583,False
508,HippocampusNorm,-91.16382738650765,False
508,WholeBrainNorm,2.3967341089596124,False
508,FusiformNorm,460.60018670700913,False
508,ABETA,24.509415827425627,False
508,MMSE,-101.11444873097186,False
509,ADAS13,335.0993875614995,True
509,EntorhinalNorm,-3.242824891506011,True
509,RAVLT_immediate,-187.2065087476767,True
509,TAU,7.0958043128050985,True
509,VentricleNorm,-126.19093223005413,True
509,MidTempNorm,332.2330122516174,True
509,PTAU,62.947011783545925,True
509,HippocampusNorm,-156.0795027833657,True
509,WholeBrainNorm,-2.878968290962452,True
509,FusiformNorm,147.37680691917677,True
509,ABETA,223.91279983677362,True
509,MMSE,-87.77155681282,True
510,ADAS13,613.5550512527211,True
510,EntorhinalNorm,44.83711400186752,True
510,RAVLT_immediate,-261.11312316288775,True
510,TAU,-2.9639939708213685,True
510,VentricleNorm,-118.62351801855219,True
510,MidTempNorm,232.362183286667,True
510,PTAU,-85.7291415313814,True
510,HippocampusNorm,-96.18873193060276,True
510,WholeBrainNorm,7.923629967478067,True
510,FusiformNorm,3.888885954742875,True
510,ABETA,250.85287937184256,True
510,MMSE,-100.69088482355389,True
511,ADAS13,369.6815999683404,True
511,EntorhinalNorm,114.52856273631633,True
511,RAVLT_immediate,-39.54407740775598,True
511,TAU,-30.149452504500232,True
511,VentricleNorm,-270.4076302122905,True
511,MidTempNorm,81.1467480002627,True
511,PTAU,-32.19785505643567,True
511,HippocampusNorm,-155.09064757861253,True
511,WholeBrainNorm,19.907953717212052,True
511,FusiformNorm,-20.376496502817474,True
511,ABETA,232.8764073915414,True
511,MMSE,-95.1150925311401,True
512,ADAS13,314.1418805591745,True
512,EntorhinalNorm,23.90622116041893,True
512,RAVLT_immediate,-103.22006423512099,True
512,TAU,34.93165897967506,True
512,VentricleNorm,-93.96045475705733,True
512,MidTempNorm,-19.083857765044854,True
512,PTAU,60.82896188226349,True
512,HippocampusNorm,-213.5415249372797,True
512,WholeBrainNorm,2.098598899754565,True
512,FusiformNorm,169.8905695184921,True
512,ABETA,349.5967257451041,True
512,MMSE,-106.86712223479668,True
513,ADAS13,542.8186946781556,True
513,EntorhinalNorm,36.56848271669742,True
513,RAVLT_immediate,-53.51089549437941,True
513,TAU,24.390558036631283,True
513,VentricleNorm,-166.11630687580842,True
513,MidTempNorm,175.91298442485933,True
513,PTAU,63.474132729899466,True
513,HippocampusNorm,-210.33613986082355,True
513,WholeBrainNorm,-42.20572336367189,True
513,FusiformNorm,85.51864813251447,True
513,ABETA,269.07081014190044,True
513,MMSE,-101.13718098874062,True
514,ADAS13,267.7943719275515,True
514,EntorhinalNorm,84.28333385062992,True
514,RAVLT_immediate,-145.13828751986347,True
514,TAU,39.377936720628185,True
514,VentricleNorm,-292.53690996229705,True
514,MidTempNorm,332.5026216849478,True
514,PTAU,53.436979479680346,True
514,HippocampusNorm,-72.80916229223214,True
514,WholeBrainNorm,-9.971474265147032,True
514,FusiformNorm,-244.46660055344887,True
514,ABETA,-5.300155488961224,True
514,MMSE,-102.72861815829339,True
515,ADAS13,28.492553472821896,True
515,EntorhinalNorm,14.283257869920043,True
515,RAVLT_immediate,-97.36857335384616,True
515,TAU,-7.490243089163274,True
515,VentricleNorm,-233.02790229835597,True
515,MidTempNorm,581.3312633416342,True
515,PTAU,-20.724227701801247,True
515,HippocampusNorm,-90.74323853962996,True
515,WholeBrainNorm,7.104692033470124,True
515,FusiformNorm,682.7847401717563,True
515,ABETA,56.12371509318167,True
515,MMSE,-108.5127037548034,True
516,ADAS13,-463.2278822739478,False
516,EntorhinalNorm,15.121206755364778,False
516,RAVLT_immediate,-66.47904287815979,False
516,TAU,-82.42903954141184,False
516,VentricleNorm,610.3085102725653,False
516,MidTempNorm,189.12202308031522,False
516,PTAU,-91.55841488291097,False
516,HippocampusNorm,-120.9754659039175,False
516,WholeBrainNorm,-12.193198496683765,False
516,FusiformNorm,537.592692511532,False
516,ABETA,210.08721229190556,False
516,MMSE,-99.79965560182166,False
517,ADAS13,-2.4593075787147995,True
517,EntorhinalNorm,27.412951839343496,True
517,RAVLT_immediate,-79.14236335265574,True
517,TAU,25.55306710784331,True
517,VentricleNorm,-156.28007804251192,True
517,MidTempNorm,32.59509747498046,True
517,PTAU,55.9209690168361,True
517,HippocampusNorm,73.8519764649188,True
517,WholeBrainNorm,113.86282968829691,True
517,FusiformNorm,241.46579576709723,True
517,ABETA,-62.78027984477225,True
517,MMSE,-99.76757211554717,True
518,ADAS13,250.3484316127525,True
518,EntorhinalNorm,70.00675863585889,True
518,RAVLT_immediate,-122.79350718524417,True
518,TAU,20.91550798687627,True
518,VentricleNorm,-278.63528709899424,True
518,MidTempNorm,25.926276605506928,True
518,PTAU,70.33960948117478,True
518,HippocampusNorm,-206.20852381745593,True
518,WholeBrainNorm,163.2295890517748,True
518,FusiformNorm,505.3738802612111,True
518,ABETA,167.43346705395186,True
518,MMSE,-93.22246646021274,True
519,ADAS13,-505.3767537954256,False
519,EntorhinalNorm,-15.561165091934921,False
519,RAVLT_immediate,-153.03658773376017,False
519,TAU,-80.88468122125416,False
519,VentricleNorm,333.67723142600335,False
519,MidTempNorm,-7.688655348541431,False
519,PTAU,-8.737081889035302,False
519,HippocampusNorm,-25.423341931545806,False
519,WholeBrainNorm,-26.58864727979849,False
519,FusiformNorm,309.5445923494589,False
519,ABETA,119.93281849748219,False
519,MMSE,-95.0893327772927,False
520,ADAS13,317.2460921967097,True
520,EntorhinalNorm,97.46762845553447,True
520,RAVLT_immediate,-160.50538016918503,True
520,TAU,-98.69380620936874,True
520,VentricleNorm,176.45525508158886,True
520,MidTempNorm,396.6829462982805,True
520,PTAU,-82.09337258928709,True
520,HippocampusNorm,-160.05616455364253,True
520,WholeBrainNorm,4.923821581282518,True
520,FusiformNorm,21.50624504020709,True
520,ABETA,-43.8363168482812,True
520,MMSE,-102.59582266365292,True
521,ADAS13,273.6068262852906,True
521,EntorhinalNorm,52.31853657273964,True
521,RAVLT_immediate,-66.29981197716495,True
521,TAU,0.6582751468224934,True
521,VentricleNorm,-147.0589177977749,True
521,MidTempNorm,547.8890050300272,True
521,PTAU,-22.048784877197505,True
521,HippocampusNorm,-150.1325864843726,True
521,WholeBrainNorm,2.0282629257494635,True
521,FusiformNorm,-61.10065414867876,True
521,ABETA,199.7863734335214,True
521,MMSE,-88.9749492014271,True
522,ADAS13,-443.2420024352248,False
522,EntorhinalNorm,17.522551180283276,False
522,RAVLT_immediate,-187.9229520045736,False
522,TAU,-102.19138210727976,False
522,VentricleNorm,-83.04602972394022,False
522,MidTempNorm,-389.1156389448768,False
522,PTAU,-85.92599506377553,False
522,HippocampusNorm,-204.63725073111846,False
522,WholeBrainNorm,-1.3598055989089746,False
522,FusiformNorm,227.42750840001236,False
522,ABETA,-261.08866433408036,False
522,MMSE,-99.76921480768306,False
523,ADAS13,363.1904296869278,True
523,EntorhinalNorm,34.66286739300608,True
523,RAVLT_immediate,77.41641092814933,True
523,TAU,3.9095313078660894,True
523,VentricleNorm,-249.00600508465243,True
523,MidTempNorm,-140.87004879064662,True
523,PTAU,65.82950669917766,True
523,HippocampusNorm,-142.50398007468348,True
523,WholeBrainNorm,12.03997501658863,True
523,FusiformNorm,198.13525784977202,True
523,ABETA,417.38480900114195,True
523,MMSE,-100.9408081702694,True
524,ADAS13,-549.1774962183944,False
524,EntorhinalNorm,27.540260601112205,False
524,RAVLT_immediate,-37.863172530087716,False
524,TAU,-107.74543216672517,False
524,VentricleNorm,494.6067504465203,False
524,MidTempNorm,755.0892677819318,False
524,PTAU,-12.252992127696842,False
524,HippocampusNorm,-145.02600617725986,False
524,WholeBrainNorm,7.564568766376174,False
524,FusiformNorm,-400.03467599193846,False
524,ABETA,149.05698472388275,False
524,MMSE,-93.96600482717535,False
525,ADAS13,298.4640954865288,True
525,EntorhinalNorm,64.24174991645415,True
525,RAVLT_immediate,-197.23432737194938,True
525,TAU,66.67613469625336,True
525,VentricleNorm,-21.766503762198653,True
525,MidTempNorm,420.22356440597935,True
525,PTAU,-66.56213310517207,True
525,HippocampusNorm,-116.8566537215261,True
525,WholeBrainNorm,6.4979342861701985,True
525,FusiformNorm,491.95136822758144,True
525,ABETA,329.15565293150723,True
525,MMSE,-93.88169447580906,True
526,ADAS13,52.065706715676896,True
526,EntorhinalNorm,102.87268521751469,True
526,RAVLT_immediate,-63.612399711236996,True
526,TAU,26.357336946148536,True
526,VentricleNorm,133.20090451918512,True
526,MidTempNorm,-344.25596038730345,True
526,PTAU,-25.34660133627184,True
526,HippocampusNorm,-50.68322780513506,True
526,WholeBrainNorm,37.86117405648191,True
526,FusiformNorm,394.94506298523515,True
526,ABETA,288.28401138117187,True
526,MMSE,-95.08145512945698,True
527,ADAS13,388.09991633314223,True
527,EntorhinalNorm,-7.134942955037644,True
527,RAVLT_immediate,-117.62728250825778,True
527,TAU,-3.713071419226976,True
527,VentricleNorm,-264.34399475224967,True
527,MidTempNorm,431.1055101374396,True
527,PTAU,63.63849469501799,True
527,HippocampusNorm,-144.2012923297246,True
527,WholeBrainNorm,-7.229042902790032,True
527,FusiformNorm,468.0491305890047,True
527,ABETA,-53.92734944966537,True
527,MMSE,-104.92549355487378,True
528,ADAS13,267.1692312670702,True
528,EntorhinalNorm,-14.445921530315282,True
528,RAVLT_immediate,-78.15964323412868,True
528,TAU,8.900143114435878,True
528,VentricleNorm,246.48590864996277,True
528,MidTempNorm,606.7767981088516,True
528,PTAU,-82.05644430392897,True
528,HippocampusNorm,-168.21094659703067,True
528,WholeBrainNorm,0.8385633101114587,True
528,FusiformNorm,72.32912537760294,True
528,ABETA,219.3445690682658,True
528,MMSE,-99.85972956906315,True
529,ADAS13,277.1843454508686,True
529,EntorhinalNorm,-21.799625106566104,True
529,RAVLT_immediate,-6.779738301097609,True
529,TAU,22.18630651730237,True
529,VentricleNorm,-138.19287972641837,True
529,MidTempNorm,137.1527451542924,True
529,PTAU,11.026919878932418,True
529,HippocampusNorm,-43.796628978266014,True
529,WholeBrainNorm,-3.353344670681607,True
529,FusiformNorm,767.1338916232899,True
529,ABETA,-147.3013386063738,True
529,MMSE,-97.20985162989233,True
530,ADAS13,383.0998570759448,True
530,EntorhinalNorm,31.112801081665637,True
530,RAVLT_immediate,0.35317915639996045,True
530,TAU,-30.292664038594523,True
530,VentricleNorm,-213.93770697443605,True
530,MidTempNorm,182.90675242890137,True
530,PTAU,-17.30711011523354,True
530,HippocampusNorm,-100.23565070239829,True
530,WholeBrainNorm,27.544398736296287,True
530,FusiformNorm,388.6057936815826,True
530,ABETA,60.323227852939425,True
530,MMSE,-91.67826471773581,True
531,ADAS13,325.35973519758176,True
531,EntorhinalNorm,54.49854691133003,True
531,RAVLT_immediate,8.400534673404408,True
531,TAU,-92.97183122018608,True
531,VentricleNorm,386.71422416553594,True
531,MidTempNorm,199.85108343689797,True
531,PTAU,-83.44980158073683,True
531,HippocampusNorm,-84.024584952092,True
531,WholeBrainNorm,-9.783305038313305,True
531,FusiformNorm,766.6832131893073,True
531,ABETA,233.61507939012705,True
531,MMSE,-99.59625641148388,True
532,ADAS13,114.58160526284021,True
532,EntorhinalNorm,74.57092630106635,True
532,RAVLT_immediate,-118.52193837317219,True
532,TAU,27.254722191613517,True
532,VentricleNorm,-88.52816287476199,True
532,MidTempNorm,739.8465905324506,True
532,PTAU,-98.92219328307566,True
532,HippocampusNorm,-61.12926889249296,True
532,WholeBrainNorm,-12.249755670412709,True
532,FusiformNorm,-449.54975579937627,True
532,ABETA,371.215867775112,True
532,MMSE,-93.34972350485877,True
533,ADAS13,256.61442909380355,True
533,EntorhinalNorm,13.536801038941256,True
533,RAVLT_immediate,-66.7147593391957,True
533,TAU,10.282726467711676,True
533,VentricleNorm,-266.86879359435414,True
533,MidTempNorm,138.58399162791582,True
533,PTAU,70.58611941167844,True
533,HippocampusNorm,148.1932325430729,True
533,WholeBrainNorm,91.3800804293344,True
533,FusiformNorm,328.5153441980197,True
533,ABETA,179.60715392842408,True
533,MMSE,-104.9547994853902,True
534,ADAS13,-56.45474660976231,True
534,EntorhinalNorm,48.532396467492504,True
534,RAVLT_immediate,19.544895381303633,True
534,TAU,23.216830311293187,True
534,VentricleNorm,95.25067047067641,True
534,MidTempNorm,326.74369139739775,True
534,PTAU,-108.43253342002329,True
534,HippocampusNorm,-165.2535166173702,True
534,WholeBrainNorm,-5.2543228711751695,True
534,FusiformNorm,496.7706545744044,True
534,ABETA,357.6001716977593,True
534,MMSE,-98.47682490593006,True
535,ADAS13,-452.8684289451134,False
535,EntorhinalNorm,-17.022193650254327,False
535,RAVLT_immediate,-154.02166767340628,False
535,TAU,-114.1789084067508,False
535,VentricleNorm,199.57203686326392,False
535,MidTempNorm,631.3721888595481,False
535,PTAU,-85.76758527711529,False
535,HippocampusNorm,-123.04733548656122,False
535,WholeBrainNorm,25.417864300512203,False
535,FusiformNorm,202.64792671295444,False
535,ABETA,30.321913617729734,False
535,MMSE,-101.58601055015686,False
536,ADAS13,-478.3564705212674,False
536,EntorhinalNorm,30.469284377442488,False
536,RAVLT_immediate,72.67883086599433,False
536,TAU,-90.05536339499344,False
536,VentricleNorm,433.25919461466754,False
536,MidTempNorm,244.47444168921987,False
536,PTAU,-123.25697064488108,False
536,HippocampusNorm,-41.813492246571045,False
536,WholeBrainNorm,1.3217074701045275,False
536,FusiformNorm,291.95717799530973,False
536,ABETA,185.3399532531842,False
536,MMSE,-103.62248659871086,False
537,ADAS13,440.14340416856487,True
537,EntorhinalNorm,24.599667793230818,True
537,RAVLT_immediate,-160.87168212737618,True
537,TAU,-21.90411563252144,True
537,VentricleNorm,-190.61625719810618,True
537,MidTempNorm,45.13781216308817,True
537,PTAU,-47.3248042219665,True
537,HippocampusNorm,-110.14620606615014,True
537,WholeBrainNorm,-11.737057549013914,True
537,FusiformNorm,524.9560232084166,True
537,ABETA,77.32481126662513,True
537,MMSE,-102.10272388726816,True
538,ADAS13,32.87556942175064,True
538,EntorhinalNorm,-20.68246984696139,True
538,RAVLT_immediate,-89.55022547787374,True
538,TAU,-0.38175428412087165,True
538,VentricleNorm,-247.98684175095622,True
538,MidTempNorm,-31.599889992870146,True
538,PTAU,-77.50358167963145,True
538,HippocampusNorm,-98.27929764548117,True
538,WholeBrainNorm,31.009214424769706,True
538,FusiformNorm,975.8992605954381,True
538,ABETA,196.56239527257492,True
538,MMSE,-90.07386282336978,True
539,ADAS13,324.3553765868675,True
539,EntorhinalNorm,64.807108923962,True
539,RAVLT_immediate,-108.63750913820108,True
539,TAU,-20.029577617098433,True
539,VentricleNorm,-185.47335913381553,True
539,MidTempNorm,292.38746661408925,True
539,PTAU,-60.27972507450485,True
539,HippocampusNorm,-136.90770266066554,True
539,WholeBrainNorm,-0.8608142767044193,True
539,FusiformNorm,536.6000482080495,True
539,ABETA,29.053618767412857,True
539,MMSE,-99.4997104068858,True
540,ADAS13,479.3298590470971,True
540,EntorhinalNorm,38.666759709142426,True
540,RAVLT_immediate,-193.55517003582122,True
540,TAU,-1.0312277342205025,True
540,VentricleNorm,255.13821837209417,True
540,MidTempNorm,323.9084514466387,True
540,PTAU,-87.26776716429775,True
540,HippocampusNorm,-169.5524606894973,True
540,WholeBrainNorm,-11.923563377103795,True
540,FusiformNorm,-198.50014898195457,True
540,ABETA,436.5148533971061,True
540,MMSE,-98.16451474742681,True
541,ADAS13,445.62876489727523,True
541,EntorhinalNorm,29.08231643961242,True
541,RAVLT_immediate,-100.51449606794532,True
541,TAU,-18.506479335183023,True
541,VentricleNorm,-185.909759235036,True
541,MidTempNorm,318.5802751686799,True
541,PTAU,53.017097730768164,True
541,HippocampusNorm,-141.76184494464445,True
541,WholeBrainNorm,72.34748677468254,True
541,FusiformNorm,133.54680164935445,True
541,ABETA,248.31025349439602,True
541,MMSE,-93.30897823069667,True
542,ADAS13,295.99374841610665,True
542,EntorhinalNorm,87.89081671991076,True
542,RAVLT_immediate,-130.03614142192976,True
542,TAU,-23.486571377762644,True
542,VentricleNorm,52.10053887433229,True
542,MidTempNorm,481.8099439934557,True
542,PTAU,-109.73115613131601,True
542,HippocampusNorm,-204.76417361336328,True
542,WholeBrainNorm,28.619711879093547,True
542,FusiformNorm,858.6281811619887,True
542,ABETA,244.2146855582199,True
542,MMSE,-91.56370921990307,True
543,ADAS13,752.9065514393726,True
543,EntorhinalNorm,102.632934272972,True
543,RAVLT_immediate,-162.38738907134803,True
543,TAU,-1.2340862688803629,True
543,VentricleNorm,-132.2901522499193,True
543,MidTempNorm,5.010178822506987,True
543,PTAU,-87.17176329994862,True
543,HippocampusNorm,-187.0600453118568,True
543,WholeBrainNorm,-1.7057457773536906,True
543,FusiformNorm,512.3536209428248,True
543,ABETA,281.8081681650127,True
543,MMSE,-95.26973621729776,True
544,ADAS13,302.6735550640416,True
544,EntorhinalNorm,114.94826599094031,True
544,RAVLT_immediate,-179.42567219317343,True
544,TAU,-24.813152026555336,True
544,VentricleNorm,-110.51085602942189,True
544,MidTempNorm,591.0287227530204,True
544,PTAU,55.03817279112057,True
544,HippocampusNorm,-215.25547665241115,True
544,WholeBrainNorm,176.7890912510046,True
544,FusiformNorm,573.9423167279875,True
544,ABETA,152.6049338798332,True
544,MMSE,-93.97767504826007,True
545,ADAS13,412.8158014206132,True
545,EntorhinalNorm,106.68523875097539,True
545,RAVLT_immediate,-149.51571984202948,True
545,TAU,-0.06686869034282594,True
545,VentricleNorm,-47.375344797036234,True
545,MidTempNorm,474.038640997775,True
545,PTAU,-59.501988487609054,True
545,HippocampusNorm,-236.51608092191412,True
545,WholeBrainNorm,9.688125274027128,True
545,FusiformNorm,410.3441090829892,True
545,ABETA,139.40127952389716,True
545,MMSE,-99.99077358837584,True
546,ADAS13,72.75065612306511,True
546,EntorhinalNorm,32.10091695523443,True
546,RAVLT_immediate,-19.38438886799176,True
546,TAU,2.8433110033031994,True
546,VentricleNorm,-208.27555399425452,True
546,MidTempNorm,373.45006997991356,True
546,PTAU,-44.457653899907555,True
546,HippocampusNorm,-45.900480935491686,True
546,WholeBrainNorm,-13.76253641289255,True
546,FusiformNorm,421.8123524940967,True
546,ABETA,-108.49666906898597,True
546,MMSE,-104.13598520710327,True
547,ADAS13,60.816472350537964,True
547,EntorhinalNorm,95.02286408838066,True
547,RAVLT_immediate,-179.32263723902233,True
547,TAU,15.728526148565416,True
547,VentricleNorm,-140.38360867445317,True
547,MidTempNorm,167.39924720682896,True
547,PTAU,54.854306995699716,True
547,HippocampusNorm,-70.57335399890167,True
547,WholeBrainNorm,254.12070064883844,True
547,FusiformNorm,321.260168680315,True
547,ABETA,314.8942887663457,True
547,MMSE,-102.3600892883417,True
548,ADAS13,200.4138293845368,True
548,EntorhinalNorm,33.08192546118741,True
548,RAVLT_immediate,84.84029731701642,True
548,TAU,-6.5744697492154796,True
548,VentricleNorm,-278.0077848994546,True
548,MidTempNorm,28.26096773246732,True
548,PTAU,49.65868757580933,True
548,HippocampusNorm,-125.24903828030028,True
548,WholeBrainNorm,-15.14931302340897,True
548,FusiformNorm,537.5895067568713,True
548,ABETA,131.4972700595659,True
548,MMSE,-91.69458036489898,True
549,ADAS13,507.5561460780423,True
549,EntorhinalNorm,18.3534877348133,True
549,RAVLT_immediate,-178.30841332469234,True
549,TAU,-104.88741479971834,True
549,VentricleNorm,252.43107556709734,True
549,MidTempNorm,-212.97666124392856,True
549,PTAU,-19.500342856429896,True
549,HippocampusNorm,-143.02276765810478,True
549,WholeBrainNorm,6.263657727144053,True
549,FusiformNorm,456.0612551068841,True
549,ABETA,143.80122685490318,True
549,MMSE,-95.07088740225763,True
550,ADAS13,210.32181886603558,True
550,EntorhinalNorm,94.68067408124898,True
550,RAVLT_immediate,-100.55319381531673,True
550,TAU,7.481944217962298,True
550,VentricleNorm,-118.58055609576746,True
550,MidTempNorm,303.33141341986044,True
550,PTAU,-40.125545880929565,True
550,HippocampusNorm,-73.93237418190012,True
550,WholeBrainNorm,-5.722888706091798,True
550,FusiformNorm,855.6606029866913,True
550,ABETA,51.1513700418826,True
550,MMSE,-103.28474453855476,True
551,ADAS13,45.581761281965754,True
551,EntorhinalNorm,-5.062395930720697,True
551,RAVLT_immediate,-137.7551559200365,True
551,TAU,-1.133619226369042,True
551,VentricleNorm,-224.30851072527912,True
551,MidTempNorm,57.12972452563761,True
551,PTAU,56.2773641857601,True
551,HippocampusNorm,-166.81871864505294,True
551,WholeBrainNorm,4.225151303960932,True
551,FusiformNorm,730.5507771941986,True
551,ABETA,108.86222866106203,True
551,MMSE,-92.38039761312983,True
552,ADAS13,256.00114685141546,True
552,EntorhinalNorm,54.9410701259984,True
552,RAVLT_immediate,-174.17482394043378,True
552,TAU,33.05773193159102,True
552,VentricleNorm,-104.74391986192914,True
552,MidTempNorm,294.69588649805866,True
552,PTAU,1.1012373847851222,True
552,HippocampusNorm,-142.8143350280714,True
552,WholeBrainNorm,-31.383466974376397,True
552,FusiformNorm,660.1286669616643,True
552,ABETA,-51.37782531847458,True
552,MMSE,-103.78204285952113,True
553,ADAS13,-480.2369211978891,False
553,EntorhinalNorm,-36.02093812760772,False
553,RAVLT_immediate,-43.54683277358788,False
553,TAU,-90.59065202691504,False
553,VentricleNorm,-139.83350563183748,False
553,MidTempNorm,270.3165095822675,False
553,PTAU,-116.81165583986352,False
553,HippocampusNorm,-145.16134445268594,False
553,WholeBrainNorm,3.20180520100436,False
553,FusiformNorm,271.31403640066696,False
553,ABETA,199.27668014889295,False
553,MMSE,-96.22451136468679,False
554,ADAS13,333.76458243779086,True
554,EntorhinalNorm,23.250651028090743,True
554,RAVLT_immediate,-64.499619378876,True
554,TAU,25.873968204466763,True
554,VentricleNorm,-157.5469693432242,True
554,MidTempNorm,180.25909354793208,True
554,PTAU,-69.45345491672884,True
554,HippocampusNorm,-182.7279168066271,True
554,WholeBrainNorm,18.08611897032851,True
554,FusiformNorm,233.17811256622826,True
554,ABETA,114.71123993313842,True
554,MMSE,-108.4455643807998,True
555,ADAS13,355.98291886948914,True
555,EntorhinalNorm,78.71309982469363,True
555,RAVLT_immediate,-161.8569219078603,True
555,TAU,-9.72948256610009,True
555,VentricleNorm,454.2976129312701,True
555,MidTempNorm,608.122050505617,True
555,PTAU,-16.423458713541024,True
555,HippocampusNorm,-71.04049232948316,True
555,WholeBrainNorm,-18.798397067250246,True
555,FusiformNorm,530.7700365657001,True
555,ABETA,-161.21507855678925,True
555,MMSE,-95.56395516644456,True
556,ADAS13,191.6063815069757,True
556,EntorhinalNorm,106.53914262919727,True
556,RAVLT_immediate,21.735732452833147,True
556,TAU,18.617538663541204,True
556,VentricleNorm,-36.54659975270559,True
556,MidTempNorm,653.1872278347228,True
556,PTAU,72.55777397759002,True
556,HippocampusNorm,-23.429972846166407,True
556,WholeBrainNorm,-32.79752749198797,True
556,FusiformNorm,94.01355797372261,True
556,ABETA,114.95596357883467,True
556,MMSE,-96.90312252925834,True
557,ADAS13,139.017162032877,True
557,EntorhinalNorm,55.76021653933706,True
557,RAVLT_immediate,-114.7996462307856,True
557,TAU,-0.7333548167090083,True
557,VentricleNorm,-129.4481370892148,True
557,MidTempNorm,590.3377122977031,True
557,PTAU,-38.78420232217694,True
557,HippocampusNorm,-144.83772691285762,True
557,WholeBrainNorm,-44.423033814448544,True
557,FusiformNorm,437.4936952945629,True
557,ABETA,259.9556928514493,True
557,MMSE,-97.41442854339792,True
558,ADAS13,-566.6635224348374,False
558,EntorhinalNorm,22.91743866982803,False
558,RAVLT_immediate,-145.97279965488696,False
558,TAU,-115.86942203659136,False
558,VentricleNorm,-143.71608365103205,False
558,MidTempNorm,473.6514091367594,False
558,PTAU,-21.85876473285382,False
558,HippocampusNorm,-124.27339413028534,False
558,WholeBrainNorm,7.045236022924207,False
558,FusiformNorm,969.0507492072899,False
558,ABETA,359.67495797248534,False
558,MMSE,-95.59808369237199,False
559,ADAS13,386.8054364534378,True
559,EntorhinalNorm,24.668340434402516,True
559,RAVLT_immediate,-34.18803772183281,True
559,TAU,-1.449607120729505,True
559,VentricleNorm,-169.16873593518534,True
559,MidTempNorm,297.6951510778739,True
559,PTAU,-37.32536800922439,True
559,HippocampusNorm,-77.20607406278987,True
559,WholeBrainNorm,29.812271364805465,True
559,FusiformNorm,136.97692392890932,True
559,ABETA,289.88444586079197,True
559,MMSE,-92.30668263609105,True
560,ADAS13,-532.0102935338427,False
560,EntorhinalNorm,-25.805689652565523,False
560,RAVLT_immediate,-56.95284537701737,False
560,TAU,-112.3054197712516,False
560,VentricleNorm,-115.96225409825891,False
560,MidTempNorm,293.297273425693,False
560,PTAU,-82.35570327406637,False
560,HippocampusNorm,-107.69568329731128,False
560,WholeBrainNorm,-10.94673949456343,False
560,FusiformNorm,167.7035088862903,False
560,ABETA,131.84737897525264,False
560,MMSE,-97.09027621290724,False
561,ADAS13,493.3224332564175,True
561,EntorhinalNorm,93.8964975083625,True
561,RAVLT_immediate,72.85339180343394,True
561,TAU,-4.515213884254708,True
561,VentricleNorm,-278.1534429623031,True
561,MidTempNorm,-231.72290376692106,True
561,PTAU,52.33897239564741,True
561,HippocampusNorm,-121.10517556676558,True
561,WholeBrainNorm,0.24220182258028466,True
561,FusiformNorm,540.7161019707626,True
561,ABETA,115.2611892796981,True
561,MMSE,-106.24143708765854,True
562,ADAS13,-538.4333354980741,False
562,EntorhinalNorm,15.654237590484172,False
562,RAVLT_immediate,85.39055581713053,False
562,TAU,-104.1897815931145,False
562,VentricleNorm,10.539466955245132,False
562,MidTempNorm,255.6584720535929,False
562,PTAU,-93.76738683282511,False
562,HippocampusNorm,-124.00648528635986,False
562,WholeBrainNorm,-38.69803152177218,False
562,FusiformNorm,411.7356787596115,False
562,ABETA,-107.5858825441938,False
562,MMSE,-99.05699965774106,False
563,ADAS13,-464.2696052696459,False
563,EntorhinalNorm,17.282950642925332,False
563,RAVLT_immediate,297.38993202799827,False
563,TAU,-107.92437525886506,False
563,VentricleNorm,-32.156963528331744,False
563,MidTempNorm,476.1325184579007,False
563,PTAU,-76.21261041185605,False
563,HippocampusNorm,-110.82549919667638,False
563,WholeBrainNorm,-3.162335179931383,False
563,FusiformNorm,410.2267778804008,False
563,ABETA,135.259415800841,False
563,MMSE,-104.03956094051296,False
564,ADAS13,-1.144241993098774,True
564,EntorhinalNorm,101.13098841176836,True
564,RAVLT_immediate,-10.749925002459662,True
564,TAU,7.915679211526643,True
564,VentricleNorm,-185.47767389944946,True
564,MidTempNorm,389.61992020272214,True
564,PTAU,54.276604809400936,True
564,HippocampusNorm,-148.42474115169236,True
564,WholeBrainNorm,21.185070259646192,True
564,FusiformNorm,339.21959359990433,True
564,ABETA,161.04668759858322,True
564,MMSE,-105.79211994648622,True
565,ADAS13,717.0100512652192,True
565,EntorhinalNorm,60.108235825180145,True
565,RAVLT_immediate,-125.8508344059603,True
565,TAU,22.22103216537679,True
565,VentricleNorm,-244.02242985330093,True
565,MidTempNorm,46.49567565447484,True
565,PTAU,53.34844754740044,True
565,HippocampusNorm,-132.14545664148295,True
565,WholeBrainNorm,-23.468036497517318,True
565,FusiformNorm,379.0603240071302,True
565,ABETA,153.34230552258802,True
565,MMSE,-96.37690687958029,True
566,ADAS13,187.53031227532202,True
566,EntorhinalNorm,52.75711557187701,True
566,RAVLT_immediate,-318.89445117160153,True
566,TAU,-1.4876613000139045,True
566,VentricleNorm,-116.83895755429036,True
566,MidTempNorm,-95.55479451831027,True
566,PTAU,62.85845057313205,True
566,HippocampusNorm,-43.40511541183342,True
566,WholeBrainNorm,70.95983726766303,True
566,FusiformNorm,560.7471498862233,True
566,ABETA,189.2792548231624,True
566,MMSE,-97.49381581615728,True
567,ADAS13,439.5707007382347,True
567,EntorhinalNorm,35.47158566223791,True
567,RAVLT_immediate,-136.0806597549366,True
567,TAU,-7.798372789622926,True
567,VentricleNorm,-194.460260312419,True
567,MidTempNorm,336.10230175014215,True
567,PTAU,79.73590079810964,True
567,HippocampusNorm,-5.341205569868535,True
567,WholeBrainNorm,18.116280396292623,True
567,FusiformNorm,96.34168884683467,True
567,ABETA,223.4900897194313,True
567,MMSE,-98.12628593306216,True
568,ADAS13,302.44399843578515,True
568,EntorhinalNorm,66.97080522532644,True
568,RAVLT_immediate,-96.15732852704132,True
568,TAU,-32.911769909634565,True
568,VentricleNorm,-157.95475119513716,True
568,MidTempNorm,59.39401452551107,True
568,PTAU,74.84248277672734,True
568,HippocampusNorm,82.12881292301054,True
568,WholeBrainNorm,-27.457093595658932,True
568,FusiformNorm,-111.40092360386404,True
568,ABETA,150.5007810793092,True
568,MMSE,-100.27196903261508,True
569,ADAS13,-547.2985125566614,False
569,EntorhinalNorm,-16.881284100903258,False
569,RAVLT_immediate,-163.38724245329144,False
569,TAU,-62.54230258166726,False
569,VentricleNorm,167.66315606402912,False
569,MidTempNorm,231.25097258154454,False
569,PTAU,-37.345313446076226,False
569,HippocampusNorm,-156.11342556521132,False
569,WholeBrainNorm,7.110625651716577,False
569,FusiformNorm,992.9586505860328,False
569,ABETA,316.6235815519486,False
569,MMSE,-102.7003855077357,False
570,ADAS13,-446.4540895872425,False
570,EntorhinalNorm,-20.756057035717753,False
570,RAVLT_immediate,-242.15553284944963,False
570,TAU,-152.99087119066934,False
570,VentricleNorm,398.1064014577282,False
570,MidTempNorm,11.593251900627763,False
570,PTAU,-63.23873862169382,False
570,HippocampusNorm,-137.26938595285168,False
570,WholeBrainNorm,-16.8520657588201,False
570,FusiformNorm,779.8420231600311,False
570,ABETA,-3.1838078980462683,False
570,MMSE,-95.0923894212209,False
571,ADAS13,401.217788480625,True
571,EntorhinalNorm,0.6230652188061185,True
571,RAVLT_immediate,-101.88408490213162,True
571,TAU,-118.09951578240829,True
571,VentricleNorm,359.7501829411706,True
571,MidTempNorm,58.0444459675891,True
571,PTAU,-100.6254009263339,True
571,HippocampusNorm,-133.9945256563619,True
571,WholeBrainNorm,7.602943097386425,True
571,FusiformNorm,218.26492637684564,True
571,ABETA,5.913438685630325,True
571,MMSE,-90.45047730709615,True
572,ADAS13,-517.2521615821879,False
572,EntorhinalNorm,-22.592167594978225,False
572,RAVLT_immediate,-228.4230516793436,False
572,TAU,-111.8131527511988,False
572,VentricleNorm,159.97045591175322,False
572,MidTempNorm,458.0472498854173,False
572,PTAU,-70.40914410010365,False
572,HippocampusNorm,-96.05648345973366,False
572,WholeBrainNorm,-0.2368282085895841,False
572,FusiformNorm,520.0188667452579,False
572,ABETA,6.131421235937637,False
572,MMSE,-102.18631791411461,False
573,ADAS13,-444.9289970455236,False
573,EntorhinalNorm,7.53019372876129,False
573,RAVLT_immediate,-87.67902788296475,False
573,TAU,-108.8157144593265,False
573,VentricleNorm,93.1083487662803,False
573,MidTempNorm,216.60636553791582,False
573,PTAU,-73.7980763287308,False
573,HippocampusNorm,-92.35282316376794,False
573,WholeBrainNorm,-42.12013646605022,False
573,FusiformNorm,427.0666377469179,False
573,ABETA,405.07536033760994,False
573,MMSE,-97.13331439996249,False
574,ADAS13,798.4116682418168,True
574,EntorhinalNorm,89.52589448547909,True
574,RAVLT_immediate,-44.71583410093267,True
574,TAU,-160.59666956993294,True
574,VentricleNorm,164.4851031164457,True
574,MidTempNorm,248.1529551772792,True
574,PTAU,-146.82538077589157,True
574,HippocampusNorm,-77.78490196815417,True
574,WholeBrainNorm,9.491266397891993,True
574,FusiformNorm,-75.13619990912207,True
574,ABETA,124.59463257984821,True
574,MMSE,-102.0656709989101,True
575,ADAS13,-532.0901302872871,False
575,EntorhinalNorm,13.164061226476605,False
575,RAVLT_immediate,-62.59762286455567,False
575,TAU,-113.95803372575082,False
575,VentricleNorm,176.0500973348322,False
575,MidTempNorm,90.07345880322453,False
575,PTAU,-14.88915959135538,False
575,HippocampusNorm,-159.65638946585003,False
575,WholeBrainNorm,-19.652902294604797,False
575,FusiformNorm,681.2415413082203,False
575,ABETA,-7.775440654711275,False
575,MMSE,-94.97938124063194,False
576,ADAS13,-494.38049758168535,False
576,EntorhinalNorm,-18.594502150707008,False
576,RAVLT_immediate,4.034210686896898,False
576,TAU,-143.93290753119103,False
576,VentricleNorm,238.55324793110344,False
576,MidTempNorm,-98.00791269701637,False
576,PTAU,-76.43924341272843,False
576,HippocampusNorm,-180.37783483380815,False
576,WholeBrainNorm,-6.9137847474149075,False
576,FusiformNorm,-287.9630242066096,False
576,ABETA,132.39878223483427,False
576,MMSE,-96.68722661104505,False
577,ADAS13,374.23370791502566,True
577,EntorhinalNorm,43.50409587260585,True
577,RAVLT_immediate,-28.9980003178584,True
577,TAU,-6.795682693667517,True
577,VentricleNorm,-169.6582986075864,True
577,MidTempNorm,283.7483074192942,True
577,PTAU,25.09558875023771,True
577,HippocampusNorm,-166.13322302144508,True
577,WholeBrainNorm,11.19750874986758,True
577,FusiformNorm,279.3817194592968,True
577,ABETA,290.23576531442075,True
577,MMSE,-86.53660391523846,True
578,ADAS13,398.5294457608712,True
578,EntorhinalNorm,119.82311530387952,True
578,RAVLT_immediate,-258.1088903990212,True
578,TAU,19.655495097262015,True
578,VentricleNorm,-134.61555223518192,True
578,MidTempNorm,120.29602121436479,True
578,PTAU,-21.646584344219832,True
578,HippocampusNorm,-90.19812530919708,True
578,WholeBrainNorm,13.111173416389859,True
578,FusiformNorm,562.9598679793074,True
578,ABETA,81.67195729204249,True
578,MMSE,-99.58722296080846,True
579,ADAS13,213.137812081795,True
579,EntorhinalNorm,-25.986902727188074,True
579,RAVLT_immediate,117.35231956286435,True
579,TAU,33.130079147049834,True
579,VentricleNorm,-167.3706236097412,True
579,MidTempNorm,118.62063604171617,True
579,PTAU,-36.41063876795238,True
579,HippocampusNorm,-180.25230077304371,True
579,WholeBrainNorm,-29.03702444820477,True
579,FusiformNorm,733.7031186730105,True
579,ABETA,325.05950685533855,True
579,MMSE,-103.53352364589928,True
580,ADAS13,-507.68578050585825,False
580,EntorhinalNorm,-29.97532714649449,False
580,RAVLT_immediate,24.95145489310427,False
580,TAU,-99.73524419475305,False
580,VentricleNorm,159.96025977557102,False
580,MidTempNorm,-250.38183484322013,False
580,PTAU,-67.82425475181412,False
580,HippocampusNorm,-56.60025403791599,False
580,WholeBrainNorm,10.464086506842413,False
580,FusiformNorm,440.5762778878296,False
580,ABETA,-135.77461789922114,False
580,MMSE,-92.68705539484118,False
581,ADAS13,-441.76674746076776,False
581,EntorhinalNorm,10.577214342655273,False
581,RAVLT_immediate,-138.95988685426212,False
581,TAU,-118.9517401759621,False
581,VentricleNorm,325.7681664822403,False
581,MidTempNorm,400.6868485974603,False
581,PTAU,-51.42149540153526,False
581,HippocampusNorm,-141.15643569453886,False
581,WholeBrainNorm,4.5230590642466755,False
581,FusiformNorm,322.69318847585805,False
581,ABETA,84.73470460600001,False
581,MMSE,-98.72015957195724,False
582,ADAS13,93.63391751791951,True
582,EntorhinalNorm,93.99315379468631,True
582,RAVLT_immediate,-36.244878506717214,True
582,TAU,25.79137734636449,True
582,VentricleNorm,-223.12198803667806,True
582,MidTempNorm,195.09277862601758,True
582,PTAU,-121.95896938521923,True
582,HippocampusNorm,-197.76297891841588,True
582,WholeBrainNorm,7.501177761594456,True
582,FusiformNorm,-61.728315143619625,True
582,ABETA,237.38711337999104,True
582,MMSE,-102.47441956444487,True
583,ADAS13,363.6947602258975,True
583,EntorhinalNorm,-5.593456041122444,True
583,RAVLT_immediate,185.89964111454705,True
583,TAU,1.614355172380261,True
583,VentricleNorm,195.94328224718828,True
583,MidTempNorm,546.4616322438881,True
583,PTAU,-101.3526847656411,True
583,HippocampusNorm,-103.28487385934139,True
583,WholeBrainNorm,-31.31801298334783,True
583,FusiformNorm,496.34696584435693,True
583,ABETA,34.1526615189793,True
583,MMSE,-87.59013500698137,True
584,ADAS13,331.22244208263174,True
584,EntorhinalNorm,107.46395170189575,True
584,RAVLT_immediate,-50.61399092498627,True
584,TAU,2.2047227699995666,True
584,VentricleNorm,-276.3169818652238,True
584,MidTempNorm,203.69352329516846,True
584,PTAU,-110.62044161249965,True
584,HippocampusNorm,-173.31883473973377,True
584,WholeBrainNorm,-6.977492576639011,True
584,FusiformNorm,614.5600086470729,True
584,ABETA,349.1414699250353,True
584,MMSE,-102.45383694029067,True
585,ADAS13,196.39958483890538,True
585,EntorhinalNorm,43.62914499462325,True
585,RAVLT_immediate,18.82317847510251,True
585,TAU,-5.081802522475039,True
585,VentricleNorm,-217.1194586051583,True
585,MidTempNorm,484.82591127494163,True
585,PTAU,60.50525043456336,True
585,HippocampusNorm,-50.76801233795352,True
585,WholeBrainNorm,99.36390232824036,True
585,FusiformNorm,569.1357863758305,True
585,ABETA,178.3954886965273,True
585,MMSE,-103.90307648739649,True
586,ADAS13,455.17120199193346,True
586,EntorhinalNorm,-5.810161689925927,True
586,RAVLT_immediate,-247.55299136551525,True
586,TAU,14.014733124253645,True
586,VentricleNorm,-63.42253884482086,True
586,MidTempNorm,292.20092929228537,True
586,PTAU,-44.603441432807585,True
586,HippocampusNorm,-79.98649766922131,True
586,WholeBrainNorm,56.82984235462357,True
586,FusiformNorm,19.787140620829575,True
586,ABETA,457.2491959775101,True
586,MMSE,-93.95110426766547,True
587,ADAS13,-505.5668274208855,False
587,EntorhinalNorm,-20.45302587584157,False
587,RAVLT_immediate,16.046271493905195,False
587,TAU,-102.76349858707098,False
587,VentricleNorm,369.1610342761214,False
587,MidTempNorm,206.38742159756342,False
587,PTAU,-80.03890065863959,False
587,HippocampusNorm,-154.25618139123023,False
587,WholeBrainNorm,-17.693800941331496,False
587,FusiformNorm,719.8085366834962,False
587,ABETA,134.9783959724425,False
587,MMSE,-99.65458638118888,False
588,ADAS13,363.6213639750225,True
588,EntorhinalNorm,38.72439582485463,True
588,RAVLT_immediate,-28.381182091276187,True
588,TAU,33.21034628281846,True
588,VentricleNorm,-158.33596314555066,True
588,MidTempNorm,27.07019870620681,True
588,PTAU,-120.59737537223418,True
588,HippocampusNorm,-154.70059047211456,True
588,WholeBrainNorm,14.738100371857142,True
588,FusiformNorm,385.1254760398432,True
588,ABETA,331.09377975273634,True
588,MMSE,-102.91724581973668,True
589,ADAS13,294.08875712014026,True
589,EntorhinalNorm,20.04654538759199,True
589,RAVLT_immediate,-69.60827476236734,True
589,TAU,22.092704122563624,True
589,VentricleNorm,-144.08203077816293,True
589,MidTempNorm,348.10127568861276,True
589,PTAU,72.56808782256027,True
589,HippocampusNorm,69.41168860149014,True
589,WholeBrainNorm,145.06409675458184,True
589,FusiformNorm,161.63882401428037,True
589,ABETA,118.80079487887234,True
589,MMSE,-99.2007017444459,True
590,ADAS13,522.8152628641866,True
590,EntorhinalNorm,59.64584177726621,True
590,RAVLT_immediate,-51.0884364785512,True
590,TAU,-0.9689338784580368,True
590,VentricleNorm,-37.625324863007904,True
590,MidTempNorm,374.97094656137483,True
590,PTAU,58.2462183630937,True
590,HippocampusNorm,-157.67052766871336,True
590,WholeBrainNorm,166.24243615790346,True
590,FusiformNorm,227.78632634695828,True
590,ABETA,204.1696198574627,True
590,MMSE,-101.93717482207008,True
591,ADAS13,321.9989489913633,True
591,EntorhinalNorm,87.51877113213366,True
591,RAVLT_immediate,-26.990507953527384,True
591,TAU,20.499984082642815,True
591,VentricleNorm,-169.4637796673337,True
591,MidTempNorm,413.79605279869367,True
591,PTAU,54.69262849901366,True
591,HippocampusNorm,-91.88989320161295,True
591,WholeBrainNorm,22.217866671688814,True
591,FusiformNorm,733.439951360858,True
591,ABETA,-190.8369463539491,True
591,MMSE,-103.91958312866817,True
592,ADAS13,645.8922279061187,True
592,EntorhinalNorm,87.24721388601232,True
592,RAVLT_immediate,-132.89761483214892,True
592,TAU,42.3180771931038,True
592,VentricleNorm,-199.03358454262272,True
592,MidTempNorm,262.981913282107,True
592,PTAU,60.080881816115195,True
592,HippocampusNorm,-168.6889128062836,True
592,WholeBrainNorm,10.479494501146942,True
592,FusiformNorm,723.0457994608432,True
592,ABETA,310.6882929804402,True
592,MMSE,-107.28251886069687,True
593,ADAS13,416.614470496763,True
593,EntorhinalNorm,62.61381980489175,True
593,RAVLT_immediate,-196.86823088873365,True
593,TAU,21.467189949816103,True
593,VentricleNorm,-255.75853646351493,True
593,MidTempNorm,68.39431180389784,True
593,PTAU,-30.328217513606102,True
593,HippocampusNorm,-143.97827630857793,True
593,WholeBrainNorm,3.084933097660093,True
593,FusiformNorm,62.08892835917737,True
593,ABETA,263.5717044564252,True
593,MMSE,-101.07313649389923,True
594,ADAS13,71.57953500627528,True
594,EntorhinalNorm,77.07459043344605,True
594,RAVLT_immediate,-152.00911359756782,True
594,TAU,25.70687181540498,True
594,VentricleNorm,294.8368874838758,True
594,MidTempNorm,64.6795992654682,True
594,PTAU,-46.917721977179575,True
594,HippocampusNorm,-178.58827979100383,True
594,WholeBrainNorm,-5.973820344828882,True
594,FusiformNorm,36.35644875524986,True
594,ABETA,282.27912937765814,True
594,MMSE,-94.61920353683593,True
595,ADAS13,370.5459911448918,True
595,EntorhinalNorm,41.406442908041875,True
595,RAVLT_immediate,-56.92901573959169,True
595,TAU,21.371017425941538,True
595,VentricleNorm,-154.56827588874856,True
595,MidTempNorm,-79.66270864792992,True
595,PTAU,61.705185095787115,True
595,HippocampusNorm,-159.7316140726813,True
595,WholeBrainNorm,141.8499423760897,True
595,FusiformNorm,321.7822984607101,True
595,ABETA,349.03371790625033,True
595,MMSE,-101.5344087680291,True
596,ADAS13,558.4846978680637,True
596,EntorhinalNorm,71.73237900263314,True
596,RAVLT_immediate,-44.53119571224924,True
596,TAU,21.197366271182602,True
596,VentricleNorm,-103.59589241848869,True
596,MidTempNorm,313.4379009332836,True
596,PTAU,59.25538579734937,True
596,HippocampusNorm,-157.76910779567115,True
596,WholeBrainNorm,-29.751709343480858,True
596,FusiformNorm,480.9922031641163,True
596,ABETA,-284.8212661259133,True
596,MMSE,-97.63980125275918,True
597,ADAS13,294.76865730041175,True
597,EntorhinalNorm,40.11519875816657,True
597,RAVLT_immediate,-51.810773151388574,True
597,TAU,15.378649447284138,True
597,VentricleNorm,-225.29157131085552,True
597,MidTempNorm,3.6924119495038212,True
597,PTAU,58.46887245063216,True
597,HippocampusNorm,-138.39417403792325,True
597,WholeBrainNorm,-1.5265632685642008,True
597,FusiformNorm,242.60319952736205,True
597,ABETA,242.95986609942636,True
597,MMSE,-101.87369306320652,True
598,ADAS13,522.048314772525,True
598,EntorhinalNorm,70.1808416956223,True
598,RAVLT_immediate,-110.7583573714551,True
598,TAU,-2.3147195286972373,True
598,VentricleNorm,-179.2451698400714,True
598,MidTempNorm,30.46050219285928,True
598,PTAU,-164.40305557881618,True
598,HippocampusNorm,-106.65691228403826,True
598,WholeBrainNorm,-5.261947983280352,True
598,FusiformNorm,92.05312054053769,True
598,ABETA,-14.342381832253693,True
598,MMSE,-102.10564021425662,True
599,ADAS13,-533.9048723827974,False
599,EntorhinalNorm,-6.566148490874565,False
599,RAVLT_immediate,-120.18003654013212,False
599,TAU,-102.73574037674666,False
599,VentricleNorm,17.359309900812775,False
599,MidTempNorm,486.41432289626573,False
599,PTAU,-75.18955628190022,False
599,HippocampusNorm,-178.65590130856663,False
599,WholeBrainNorm,17.316522652169546,False
599,FusiformNorm,-679.439538455445,False
599,ABETA,-56.42678667835318,False
599,MMSE,-97.21101818311448,False
600,ADAS13,28.47940258979412,True
600,EntorhinalNorm,71.84746989559265,True
600,RAVLT_immediate,-82.85815995901497,True
600,TAU,-2.73908327079368,True
600,VentricleNorm,-122.81728935977034,True
600,MidTempNorm,605.9191856830313,True
600,PTAU,67.61573066522777,True
600,HippocampusNorm,-122.0930922140873,True
600,WholeBrainNorm,-3.137660465917904,True
600,FusiformNorm,-151.2520913311567,True
600,ABETA,424.42964142548385,True
600,MMSE,-97.3546876703909,True
601,ADAS13,418.08724881098965,True
601,EntorhinalNorm,16.786836274339173,True
601,RAVLT_immediate,-138.1833871302426,True
601,TAU,10.394140141998083,True
601,VentricleNorm,-246.66126004239857,True
601,MidTempNorm,142.71204572060014,True
601,PTAU,63.260303643579675,True
601,HippocampusNorm,12.024631519172644,True
601,WholeBrainNorm,-20.0031761329905,True
601,FusiformNorm,306.85544537004114,True
601,ABETA,114.05989419674955,True
601,MMSE,-100.1686790463319,True
602,ADAS13,363.3992865963649,True
602,EntorhinalNorm,82.1015016166276,True
602,RAVLT_immediate,-67.59256214038726,True
602,TAU,21.15618443465897,True
602,VentricleNorm,-189.17652413987105,True
602,MidTempNorm,601.1336658571523,True
602,PTAU,56.366288108424236,True
602,HippocampusNorm,-16.20011809698407,True
602,WholeBrainNorm,-2.6949587176773564,True
602,FusiformNorm,67.04176927361002,True
602,ABETA,-45.20487295966032,True
602,MMSE,-99.63236942042167,True
603,ADAS13,410.08438704972514,True
603,EntorhinalNorm,64.15980216235931,True
603,RAVLT_immediate,-68.291020007926,True
603,TAU,16.334876235775102,True
603,VentricleNorm,-329.2127526177272,True
603,MidTempNorm,-109.26506830097733,True
603,PTAU,-36.94400926426073,True
603,HippocampusNorm,-150.75790449173417,True
603,WholeBrainNorm,-19.130729344909955,True
603,FusiformNorm,491.7816595096551,True
603,ABETA,170.59720345560996,True
603,MMSE,-99.2208183746316,True
604,ADAS13,-524.8288218723526,False
604,EntorhinalNorm,-6.889071762111112,False
604,RAVLT_immediate,-57.628601064353774,False
604,TAU,-176.92428527699985,False
604,VentricleNorm,-50.84969099054976,False
604,MidTempNorm,76.80023939548016,False
604,PTAU,-5.985501606881435,False
604,HippocampusNorm,-157.17946211853823,False
604,WholeBrainNorm,33.101443300168086,False
604,FusiformNorm,710.8893914998158,False
604,ABETA,263.09423985073477,False
604,MMSE,-102.55514272813237,False
605,ADAS13,303.7429892214944,True
605,EntorhinalNorm,-14.736339561418696,True
605,RAVLT_immediate,-177.60261190640102,True
605,TAU,38.755464813214594,True
605,VentricleNorm,-193.91832685825065,True
605,MidTempNorm,184.56062258702553,True
605,PTAU,72.89908301457989,True
605,HippocampusNorm,-18.60397818412281,True
605,WholeBrainNorm,-3.9084530005935614,True
605,FusiformNorm,631.1140621514044,True
605,ABETA,-105.99486990616776,True
605,MMSE,-102.45864266960623,True
606,ADAS13,371.38912581480196,True
606,EntorhinalNorm,26.357685434047816,True
606,RAVLT_immediate,-7.068439683565671,True
606,TAU,-11.829689610032657,True
606,VentricleNorm,-220.78328176242667,True
606,MidTempNorm,106.11912852778666,True
606,PTAU,-84.74945306573504,True
606,HippocampusNorm,-96.39511645265837,True
606,WholeBrainNorm,-26.14938661959875,True
606,FusiformNorm,221.93049483641894,True
606,ABETA,-47.785953499972095,True
606,MMSE,-90.77727190824234,True
607,ADAS13,79.98957991788825,True
607,EntorhinalNorm,15.14014367515557,True
607,RAVLT_immediate,-78.48165173338232,True
607,TAU,-18.527203583320365,True
607,VentricleNorm,68.9028638853214,True
607,MidTempNorm,-333.39184845439587,True
607,PTAU,-65.06406663348457,True
607,HippocampusNorm,-94.8736924888345,True
607,WholeBrainNorm,-21.009892130202722,True
607,FusiformNorm,525.4711920734592,True
607,ABETA,-7.841857129304117,True
607,MMSE,-98.65974828034665,True
608,ADAS13,-613.8426028810395,False
608,EntorhinalNorm,-0.650432088230227,False
608,RAVLT_immediate,-25.63615501973873,False
608,TAU,-134.864954545917,False
608,VentricleNorm,113.7337064922784,False
608,MidTempNorm,143.11908429879225,False
608,PTAU,-64.41597875213235,False
608,HippocampusNorm,-161.65271952403828,False
608,WholeBrainNorm,-22.069294755053175,False
608,FusiformNorm,663.8433161677318,False
608,ABETA,135.0484638268128,False
608,MMSE,-96.36906821003853,False
609,ADAS13,-576.1558375177955,False
609,EntorhinalNorm,33.91384052119207,False
609,RAVLT_immediate,-216.97929850924845,False
609,TAU,-112.67914912108719,False
609,VentricleNorm,156.81159062965224,False
609,MidTempNorm,860.11974667961,False
609,PTAU,-63.99908565889183,False
609,HippocampusNorm,-102.11958629260565,False
609,WholeBrainNorm,-20.64680980777284,False
609,FusiformNorm,827.531064267052,False
609,ABETA,158.9937041834189,False
609,MMSE,-99.17956574358111,False
610,ADAS13,376.3516564772644,True
610,EntorhinalNorm,72.53494775070384,True
610,RAVLT_immediate,-170.2114032358237,True
610,TAU,35.3803237322505,True
610,VentricleNorm,-166.52759494783467,True
610,MidTempNorm,100.48053923796297,True
610,PTAU,-86.69193720281798,True
610,HippocampusNorm,-109.84684285017639,True
610,WholeBrainNorm,-10.908254244395964,True
610,FusiformNorm,-139.41679250245556,True
610,ABETA,229.07545647871382,True
610,MMSE,-93.58632911737247,True
611,ADAS13,523.0242197933408,True
611,EntorhinalNorm,49.942161813584576,True
611,RAVLT_immediate,-146.44718543178715,True
611,TAU,16.401910873774522,True
611,VentricleNorm,-139.67997922402947,True
611,MidTempNorm,297.36432728760497,True
611,PTAU,-42.53157368480592,True
611,HippocampusNorm,-118.74056727453144,True
611,WholeBrainNorm,10.939070422004276,True
611,FusiformNorm,-7.851028011405106,True
611,ABETA,221.67649973439222,True
611,MMSE,-105.04056749174637,True
612,ADAS13,-95.67070422640603,True
612,EntorhinalNorm,33.271777560660155,True
612,RAVLT_immediate,-35.07834012188263,True
612,TAU,38.127415623472395,True
612,VentricleNorm,-100.95509929142872,True
612,MidTempNorm,-130.65677381325528,True
612,PTAU,-48.5465259733949,True
612,HippocampusNorm,-49.110412390327795,True
612,WholeBrainNorm,-6.367716991806282,True
612,FusiformNorm,867.444622695659,True
612,ABETA,167.5226637316847,True
612,MMSE,-88.74207558339278,True
613,ADAS13,228.93065205079853,True
613,EntorhinalNorm,40.71104283614043,True
613,RAVLT_immediate,-107.40959610960324,True
613,TAU,-5.290876481172452,True
613,VentricleNorm,-221.69850859846093,True
613,MidTempNorm,197.81630872256056,True
613,PTAU,-58.775740222608285,True
613,HippocampusNorm,-117.39981189939691,True
613,WholeBrainNorm,4.051168128937842,True
613,FusiformNorm,349.83120913803793,True
613,ABETA,-202.2510087422367,True
613,MMSE,-94.24372720602804,True
614,ADAS13,306.3521605093282,True
614,EntorhinalNorm,22.877774612091443,True
614,RAVLT_immediate,-99.95388877367992,True
614,TAU,28.01768627326478,True
614,VentricleNorm,-122.48778884871912,True
614,MidTempNorm,562.4059820156834,True
614,PTAU,-17.193854638323018,True
614,HippocampusNorm,-115.34645398415246,True
614,WholeBrainNorm,-4.462023170667587,True
614,FusiformNorm,664.6307505019121,True
614,ABETA,180.71347335332305,True
614,MMSE,-98.36477718158348,True
615,ADAS13,494.3130760314334,True
615,EntorhinalNorm,-48.13258820493579,True
615,RAVLT_immediate,-78.25912331824173,True
615,TAU,51.17488810236888,True
615,VentricleNorm,-260.5946213617302,True
615,MidTempNorm,-93.8461541879411,True
615,PTAU,58.34447329082022,True
615,HippocampusNorm,-99.90296544762822,True
615,WholeBrainNorm,11.090320117283193,True
615,FusiformNorm,743.0435644121701,True
615,ABETA,-30.948555710577722,True
615,MMSE,-92.78880268282258,True
616,ADAS13,-485.277566670049,False
616,EntorhinalNorm,33.13738083069907,False
616,RAVLT_immediate,-75.4510078292799,False
616,TAU,-139.6208169535244,False
616,VentricleNorm,331.1165349169996,False
616,MidTempNorm,8.10715654732789,False
616,PTAU,-55.43308304607935,False
616,HippocampusNorm,-198.64959035068156,False
616,WholeBrainNorm,42.193013223656344,False
616,FusiformNorm,285.4415365804249,False
616,ABETA,256.38208640365156,False
616,MMSE,-96.04553058534361,False
617,ADAS13,516.8177771193095,True
617,EntorhinalNorm,16.08306838423843,True
617,RAVLT_immediate,180.42908179071313,True
617,TAU,-17.67201370637477,True
617,VentricleNorm,-54.34498028484316,True
617,MidTempNorm,316.7286547864116,True
617,PTAU,-12.192040499524396,True
617,HippocampusNorm,-167.64712878931135,True
617,WholeBrainNorm,-12.79362506224097,True
617,FusiformNorm,-358.10274629004243,True
617,ABETA,103.05161758603667,True
617,MMSE,-99.85666923516102,True
618,ADAS13,266.6306772330764,True
618,EntorhinalNorm,27.257805133281447,True
618,RAVLT_immediate,-152.9146301894071,True
618,TAU,-2.390769476244172,True
618,VentricleNorm,-267.8027814894398,True
618,MidTempNorm,319.89192928782006,True
618,PTAU,-92.49305452140752,True
618,HippocampusNorm,-114.03043474625436,True
618,WholeBrainNorm,-29.402027535763654,True
618,FusiformNorm,42.425481815400644,True
618,ABETA,32.65032838542024,True
618,MMSE,-100.80537599346258,True
619,ADAS13,420.300976531109,True
619,EntorhinalNorm,22.89662119706215,True
619,RAVLT_immediate,-267.0139979909041,True
619,TAU,75.32094765510276,True
619,VentricleNorm,-56.274021825447974,True
619,MidTempNorm,265.9891970628684,True
619,PTAU,64.31737353281592,True
619,HippocampusNorm,-133.17340066481657,True
619,WholeBrainNorm,-7.120092017991827,True
619,FusiformNorm,439.1039989944434,True
619,ABETA,268.98642184789543,True
619,MMSE,-90.75140519777327,True
620,ADAS13,555.5403668184748,True
620,EntorhinalNorm,39.24414950065834,True
620,RAVLT_immediate,-194.44878710065294,True
620,TAU,23.845932068854097,True
620,VentricleNorm,-96.91084792587371,True
620,MidTempNorm,286.4531441651203,True
620,PTAU,-70.90377973937373,True
620,HippocampusNorm,-41.38779718833692,True
620,WholeBrainNorm,-27.295260400215444,True
620,FusiformNorm,142.9993669574795,True
620,ABETA,176.30592719490753,True
620,MMSE,-98.70857458481366,True
621,ADAS13,108.19679004267022,True
621,EntorhinalNorm,76.24109426328152,True
621,RAVLT_immediate,32.994093857164586,True
621,TAU,-15.655410597980728,True
621,VentricleNorm,-162.46344750242685,True
621,MidTempNorm,179.79443781103538,True
621,PTAU,57.43146453408976,True
621,HippocampusNorm,-29.011002361885225,True
621,WholeBrainNorm,211.032324477796,True
621,FusiformNorm,553.6647454185851,True
621,ABETA,263.6718724596216,True
621,MMSE,-97.83199300619873,True
622,ADAS13,-543.3186928470526,False
622,EntorhinalNorm,44.027187075165614,False
622,RAVLT_immediate,-61.85690267741268,False
622,TAU,-145.45657381912014,False
622,VentricleNorm,207.81776619906515,False
622,MidTempNorm,-34.26499313580109,False
622,PTAU,-4.365055199485369,False
622,HippocampusNorm,-110.65213169630378,False
622,WholeBrainNorm,-25.831677319247312,False
622,FusiformNorm,313.354674118391,False
622,ABETA,-1.306616939982348,False
622,MMSE,-95.88068870599949,False
623,ADAS13,-588.8748079932151,False
623,EntorhinalNorm,-18.363826149916918,False
623,RAVLT_immediate,-146.39947206429736,False
623,TAU,-86.55416195944304,False
623,VentricleNorm,-207.54108794972754,False
623,MidTempNorm,360.8047494979774,False
623,PTAU,-69.33434610001953,False
623,HippocampusNorm,-199.6153137010451,False
623,WholeBrainNorm,7.5518960526818235,False
623,FusiformNorm,737.9324627447277,False
623,ABETA,41.00178263893412,False
623,MMSE,-95.94915317765405,False
624,ADAS13,196.3984522286746,True
624,EntorhinalNorm,36.366152318810855,True
624,RAVLT_immediate,-114.59134351539443,True
624,TAU,23.972121962468215,True
624,VentricleNorm,-105.55469814784553,True
624,MidTempNorm,132.5779556199285,True
624,PTAU,-35.15609017664045,True
624,HippocampusNorm,-99.96806105668634,True
624,WholeBrainNorm,18.892402995852862,True
624,FusiformNorm,32.20067898173403,True
624,ABETA,-48.526853400852275,True
624,MMSE,-104.6747836606969,True
625,ADAS13,204.04768319893427,True
625,EntorhinalNorm,66.41357484751765,True
625,RAVLT_immediate,-89.16920441184321,True
625,TAU,28.5035106851342,True
625,VentricleNorm,-139.67839842813618,True
625,MidTempNorm,164.63310378185005,True
625,PTAU,65.92307816858698,True
625,HippocampusNorm,155.490608306757,True
625,WholeBrainNorm,-12.090914383268569,True
625,FusiformNorm,-359.29851151208663,True
625,ABETA,224.31444306365353,True
625,MMSE,-104.03796938691949,True
626,ADAS13,-522.5162774459387,False
626,EntorhinalNorm,-48.053937083188075,False
626,RAVLT_immediate,-46.314396318565514,False
626,TAU,-150.31678659313525,False
626,VentricleNorm,187.04803761454053,False
626,MidTempNorm,301.5578126098786,False
626,PTAU,-71.02610847839199,False
626,HippocampusNorm,-136.48505669173468,False
626,WholeBrainNorm,15.575150288229738,False
626,FusiformNorm,-16.95889053976265,False
626,ABETA,228.3503840868413,False
626,MMSE,-94.0156888055427,False
627,ADAS13,-506.65919425422317,False
627,EntorhinalNorm,1.3443681295912189,False
627,RAVLT_immediate,-49.18068936330524,False
627,TAU,-72.22587852506103,False
627,VentricleNorm,512.177682575475,False
627,MidTempNorm,-207.83196323001943,False
627,PTAU,-51.921663739286245,False
627,HippocampusNorm,-166.04646339315144,False
627,WholeBrainNorm,3.6958179848830293,False
627,FusiformNorm,-44.024064757979886,False
627,ABETA,342.6405168159255,False
627,MMSE,-94.31414361088419,False
628,ADAS13,312.13922767798624,True
628,EntorhinalNorm,74.7082445006486,True
628,RAVLT_immediate,13.790874593009889,True
628,TAU,-9.455877104796317,True
628,VentricleNorm,-183.64506721376407,True
628,MidTempNorm,714.1698226919958,True
628,PTAU,-67.40731646800624,True
628,HippocampusNorm,-173.22360248923576,True
628,WholeBrainNorm,-17.74019052897641,True
628,FusiformNorm,882.5056982319235,True
628,ABETA,-114.98952469581053,True
628,MMSE,-105.28137321653001,True
629,ADAS13,372.55433022345784,True
629,EntorhinalNorm,48.07915773639182,True
629,RAVLT_immediate,-165.7239066775007,True
629,TAU,28.442021662404642,True
629,VentricleNorm,-91.69009662722493,True
629,MidTempNorm,321.50314320645623,True
629,PTAU,-46.98214137659728,True
629,HippocampusNorm,-152.1248261599613,True
629,WholeBrainNorm,-27.207842236249764,True
629,FusiformNorm,488.3982449956345,True
629,ABETA,-4.98836346258301,True
629,MMSE,-102.50491332972966,True
630,ADAS13,230.75073120899185,True
630,EntorhinalNorm,59.822665501138324,True
630,RAVLT_immediate,5.4946529013871555,True
630,TAU,8.975036109993905,True
630,VentricleNorm,-252.9196529196986,True
630,MidTempNorm,196.1194740938276,True
630,PTAU,1.6566407258955778,True
630,HippocampusNorm,-123.7315850978813,True
630,WholeBrainNorm,1.4020032854826814,True
630,FusiformNorm,272.4720155340849,True
630,ABETA,-68.39088979929676,True
630,MMSE,-105.9945225508119,True
631,ADAS13,-10.086490964397058,True
631,EntorhinalNorm,85.09385462882287,True
631,RAVLT_immediate,-112.89807660984752,True
631,TAU,-10.587628342635762,True
631,VentricleNorm,-203.78764869687984,True
631,MidTempNorm,64.47051954489473,True
631,PTAU,55.338782818322386,True
631,HippocampusNorm,-85.95325739600572,True
631,WholeBrainNorm,-9.396035098264605,True
631,FusiformNorm,453.3743901992086,True
631,ABETA,204.15247954294682,True
631,MMSE,-100.61063746015724,True
632,ADAS13,-479.5515701542501,False
632,EntorhinalNorm,39.641309294530906,False
632,RAVLT_immediate,-32.1089393475195,False
632,TAU,-99.41133466016494,False
632,VentricleNorm,214.85634293495207,False
632,MidTempNorm,533.4032643051723,False
632,PTAU,-40.14654769634504,False
632,HippocampusNorm,-116.79867022135494,False
632,WholeBrainNorm,-9.941542106744407,False
632,FusiformNorm,663.1694000951502,False
632,ABETA,315.5095218363848,False
632,MMSE,-105.52046801094727,False
633,ADAS13,172.9972981895272,True
633,EntorhinalNorm,74.22295269384101,True
633,RAVLT_immediate,-118.16350214513923,True
633,TAU,25.962443891221916,True
633,VentricleNorm,300.5135511591629,True
633,MidTempNorm,-125.18184296392832,True
633,PTAU,-112.26752439001737,True
633,HippocampusNorm,-154.9317070001347,True
633,WholeBrainNorm,22.116196444462194,True
633,FusiformNorm,379.39536774809346,True
633,ABETA,253.97275187808776,True
633,MMSE,-98.49616348030598,True
634,ADAS13,260.1958583468902,True
634,EntorhinalNorm,46.67076768888305,True
634,RAVLT_immediate,-46.69812705371643,True
634,TAU,37.7150680183374,True
634,VentricleNorm,-157.25375384665347,True
634,MidTempNorm,-262.7040620044995,True
634,PTAU,60.182252092047705,True
634,HippocampusNorm,-92.20082472629565,True
634,WholeBrainNorm,-20.337483857179937,True
634,FusiformNorm,494.1261474576006,True
634,ABETA,-163.25813581931044,True
634,MMSE,-99.26968860123222,True
635,ADAS13,213.91216500588826,True
635,EntorhinalNorm,50.78305407585663,True
635,RAVLT_immediate,-232.0582806296095,True
635,TAU,34.07966284353088,True
635,VentricleNorm,364.3862474574802,True
635,MidTempNorm,346.1011363880058,True
635,PTAU,-85.18068856734394,True
635,HippocampusNorm,-167.6056005481331,True
635,WholeBrainNorm,77.79285819677796,True
635,FusiformNorm,293.94889693257807,True
635,ABETA,73.11126958836026,True
635,MMSE,-98.99688605486541,True
636,ADAS13,-504.9154806834622,False
636,EntorhinalNorm,-75.67567492040128,False
636,RAVLT_immediate,-102.66194571149418,False
636,TAU,-77.59145727006373,False
636,VentricleNorm,-20.494875954650468,False
636,MidTempNorm,-194.99506969341957,False
636,PTAU,-63.61496585370237,False
636,HippocampusNorm,-105.89426396247167,False
636,WholeBrainNorm,-11.590158698678607,False
636,FusiformNorm,331.4097780567819,False
636,ABETA,-176.18774402436372,False
636,MMSE,-101.05151675602532,False
637,ADAS13,-503.6659340147645,False
637,EntorhinalNorm,-37.83568014675695,False
637,RAVLT_immediate,-30.91749060751753,False
637,TAU,-38.51128651567747,False
637,VentricleNorm,165.62078046509077,False
637,MidTempNorm,-130.77016618469008,False
637,PTAU,-81.12016500487344,False
637,HippocampusNorm,-155.31504600614252,False
637,WholeBrainNorm,-15.096248446475306,False
637,FusiformNorm,470.6519875714769,False
637,ABETA,156.20647271087205,False
637,MMSE,-98.8073215542122,False
638,ADAS13,475.80704725129874,True
638,EntorhinalNorm,8.585455376184605,True
638,RAVLT_immediate,-211.31104240746114,True
638,TAU,36.01195611954619,True
638,VentricleNorm,-146.91326501870373,True
638,MidTempNorm,457.2859282324663,True
638,PTAU,-98.48527493423795,True
638,HippocampusNorm,-35.714559972669704,True
638,WholeBrainNorm,-35.25123743415079,True
638,FusiformNorm,666.9547129882997,True
638,ABETA,15.01726913317043,True
638,MMSE,-104.4271123709839,True
639,ADAS13,396.9844411309396,True
639,EntorhinalNorm,69.65189564723674,True
639,RAVLT_immediate,-142.2455804916518,True
639,TAU,47.58286714777907,True
639,VentricleNorm,-78.72138755202813,True
639,MidTempNorm,226.70417487405106,True
639,PTAU,69.03635859696399,True
639,HippocampusNorm,-185.26967439372385,True
639,WholeBrainNorm,-27.950493657919996,True
639,FusiformNorm,63.86321448012109,True
639,ABETA,-46.40806678516364,True
639,MMSE,-101.36666418529727,True
640,ADAS13,433.7310515189338,True
640,EntorhinalNorm,63.383841677253265,True
640,RAVLT_immediate,-67.47249612444043,True
640,TAU,5.437507364516122,True
640,VentricleNorm,-180.6908106390568,True
640,MidTempNorm,343.29296691174386,True
640,PTAU,69.51044603393407,True
640,HippocampusNorm,-216.0473839682471,True
640,WholeBrainNorm,200.88389438871772,True
640,FusiformNorm,119.0768230969212,True
640,ABETA,-84.19840545237767,True
640,MMSE,-102.04299049180302,True
641,ADAS13,140.0320934316474,True
641,EntorhinalNorm,5.08038772669228,True
641,RAVLT_immediate,-50.47943764202663,True
641,TAU,16.932435753366942,True
641,VentricleNorm,-278.69169884139484,True
641,MidTempNorm,113.90518009793514,True
641,PTAU,-32.492980169443456,True
641,HippocampusNorm,-77.02950602365817,True
641,WholeBrainNorm,18.360884610031935,True
641,FusiformNorm,573.2703958854586,True
641,ABETA,125.34219536080975,True
641,MMSE,-98.68859107280129,True
642,ADAS13,255.215446755156,True
642,EntorhinalNorm,17.231072642199152,True
642,RAVLT_immediate,-1.97036090302133,True
642,TAU,49.99753514577967,True
642,VentricleNorm,-257.7860476056591,True
642,MidTempNorm,162.6652930723984,True
642,PTAU,-78.70509946225198,True
642,HippocampusNorm,-153.72596458482025,True
642,WholeBrainNorm,17.111813804318313,True
642,FusiformNorm,128.52461447461462,True
642,ABETA,49.95579439405043,True
642,MMSE,-94.00516256431304,True
643,ADAS13,-486.6519522151581,False
643,EntorhinalNorm,36.22498050351031,False
643,RAVLT_immediate,-144.23797846785294,False
643,TAU,-162.18181776094835,False
643,VentricleNorm,88.61399500114061,False
643,MidTempNorm,101.99153764643975,False
643,PTAU,-82.6989963339104,False
643,HippocampusNorm,-105.02140592678214,False
643,WholeBrainNorm,-10.606715939349467,False
643,FusiformNorm,775.1092236637858,False
643,ABETA,20.570707872911044,False
643,MMSE,-95.05570019306391,False
644,ADAS13,428.6378425326816,True
644,EntorhinalNorm,73.74493063984681,True
644,RAVLT_immediate,-207.68854675538455,True
644,TAU,-1.1230847690187211,True
644,VentricleNorm,280.8059499625747,True
644,MidTempNorm,135.32874176718911,True
644,PTAU,-55.048174763113494,True
644,HippocampusNorm,-136.68866852459777,True
644,WholeBrainNorm,-3.122832644684846,True
644,FusiformNorm,566.4130431505268,True
644,ABETA,334.3165585383166,True
644,MMSE,-99.46942493948482,True
645,ADAS13,475.75850991966286,True
645,EntorhinalNorm,128.2608490989748,True
645,RAVLT_immediate,-74.46320535678647,True
645,TAU,-11.55743068706247,True
645,VentricleNorm,-179.77962092015068,True
645,MidTempNorm,-56.89314639598629,True
645,PTAU,64.72159424805518,True
645,HippocampusNorm,-53.248603834997965,True
645,WholeBrainNorm,-25.43088899945377,True
645,FusiformNorm,155.54293704269898,True
645,ABETA,384.26303431990823,True
645,MMSE,-101.61539337290507,True
646,ADAS13,644.3641613914306,True
646,EntorhinalNorm,17.361580254950756,True
646,RAVLT_immediate,-46.859608846249316,True
646,TAU,7.966181756813599,True
646,VentricleNorm,-10.756690079637423,True
646,MidTempNorm,210.35974288820802,True
646,PTAU,75.38770697214198,True
646,HippocampusNorm,-29.40698857857499,True
646,WholeBrainNorm,7.122310970671253,True
646,FusiformNorm,-257.18584297203233,True
646,ABETA,-112.35506774010781,True
646,MMSE,-95.5328353833075,True
647,ADAS13,-66.65465141143312,True
647,EntorhinalNorm,-2.804938712371907,True
647,RAVLT_immediate,-47.35335183255112,True
647,TAU,-6.091845438251566,True
647,VentricleNorm,-186.35735118513242,True
647,MidTempNorm,484.92471621350273,True
647,PTAU,43.97136736809345,True
647,HippocampusNorm,-116.12197001489862,True
647,WholeBrainNorm,-20.956869578803918,True
647,FusiformNorm,399.11227115166923,True
647,ABETA,272.51951106781524,True
647,MMSE,-102.28357533313293,True
648,ADAS13,-422.0028693746652,False
648,EntorhinalNorm,-40.95556024489787,False
648,RAVLT_immediate,46.69849862726183,False
648,TAU,-152.03644113577496,False
648,VentricleNorm,231.63801067057432,False
648,MidTempNorm,704.3682803266072,False
648,PTAU,-54.95365028249553,False
648,HippocampusNorm,-139.15836597886283,False
648,WholeBrainNorm,17.893890277632607,False
648,FusiformNorm,530.5584497350386,False
648,ABETA,-270.2077424165574,False
648,MMSE,-92.668315082861,False
649,ADAS13,27.73612030610741,True
649,EntorhinalNorm,67.76580766457297,True
649,RAVLT_immediate,-155.46569570946986,True
649,TAU,1.7396939060342547,True
649,VentricleNorm,277.7530668688005,True
649,MidTempNorm,-421.8046976736103,True
649,PTAU,-63.874471579898675,True
649,HippocampusNorm,-117.31247907016952,True
649,WholeBrainNorm,-18.522360226432536,True
649,FusiformNorm,298.8326154569636,True
649,ABETA,373.6403305829592,True
649,MMSE,-97.20918861102494,True
650,ADAS13,-103.35333881237153,True
650,EntorhinalNorm,26.786038691596588,True
650,RAVLT_immediate,-26.321120724914152,True
650,TAU,-3.4320761925290757,True
650,VentricleNorm,-183.02747061967537,True
650,MidTempNorm,218.29872398041482,True
650,PTAU,74.78759791869554,True
650,HippocampusNorm,-195.76540464817805,True
650,WholeBrainNorm,149.16358949085816,True
650,FusiformNorm,611.4188143027047,True
650,ABETA,161.13623299870437,True
650,MMSE,-100.56701864206205,True
651,ADAS13,225.96329123990398,True
651,EntorhinalNorm,24.812947435962652,True
651,RAVLT_immediate,-156.07574033531617,True
651,TAU,-31.5433250589658,True
651,VentricleNorm,-198.09592007342462,True
651,MidTempNorm,313.65351462823156,True
651,PTAU,79.57178773742848,True
651,HippocampusNorm,-166.01884924137048,True
651,WholeBrainNorm,37.06028896024844,True
651,FusiformNorm,250.40213853778218,True
651,ABETA,225.54623044222433,True
651,MMSE,-100.88209148231492,True
652,ADAS13,-557.0772480697602,False
652,EntorhinalNorm,5.453392092491402,False
652,RAVLT_immediate,-44.071943972404654,False
652,TAU,-118.60137978025497,False
652,VentricleNorm,293.63845016649947,False
652,MidTempNorm,795.3275373725576,False
652,PTAU,-34.38982030706914,False
652,HippocampusNorm,-235.73323155133318,False
652,WholeBrainNorm,-15.939861734492705,False
652,FusiformNorm,31.286097142714027,False
652,ABETA,375.7959318163025,False
652,MMSE,-96.39703501235722,False
653,ADAS13,-553.319063554963,False
653,EntorhinalNorm,7.871503993415536,False
653,RAVLT_immediate,-198.89496433500042,False
653,TAU,-100.30518099148898,False
653,VentricleNorm,387.3794099606814,False
653,MidTempNorm,-235.4233038272576,False
653,PTAU,-74.30766525138196,False
653,HippocampusNorm,-170.90641732175308,False
653,WholeBrainNorm,15.628945746929046,False
653,FusiformNorm,703.3111746859986,False
653,ABETA,317.51355284584713,False
653,MMSE,-96.60273036333055,False
654,ADAS13,440.90046673217006,True
654,EntorhinalNorm,62.10618846096061,True
654,RAVLT_immediate,-179.49544096817084,True
654,TAU,20.395865806218097,True
654,VentricleNorm,-107.53168154550814,True
654,MidTempNorm,230.13609829754472,True
654,PTAU,6.014965436303797,True
654,HippocampusNorm,-118.24735442972487,True
654,WholeBrainNorm,4.361089309560195,True
654,FusiformNorm,1138.3353595358053,True
654,ABETA,302.33840233541844,True
654,MMSE,-96.03930741213999,True
655,ADAS13,245.95600868935747,True
655,EntorhinalNorm,26.703104193102472,True
655,RAVLT_immediate,-193.35586066333312,True
655,TAU,6.227881334112571,True
655,VentricleNorm,-292.83469437603367,True
655,MidTempNorm,116.68860530517352,True
655,PTAU,-62.16628817311247,True
655,HippocampusNorm,-97.0440250069505,True
655,WholeBrainNorm,-19.496128660687535,True
655,FusiformNorm,111.42102310418144,True
655,ABETA,387.43273910367105,True
655,MMSE,-98.17183991087133,True
656,ADAS13,382.1538038608199,True
656,EntorhinalNorm,-10.002236019156513,True
656,RAVLT_immediate,-50.157536840000624,True
656,TAU,28.861697973827624,True
656,VentricleNorm,-164.37797434794467,True
656,MidTempNorm,-2.2217486564879323,True
656,PTAU,75.88481647249638,True
656,HippocampusNorm,-137.35066080389402,True
656,WholeBrainNorm,162.88392069237509,True
656,FusiformNorm,666.0035208954625,True
656,ABETA,26.773062590526095,True
656,MMSE,-98.63984324122909,True
657,ADAS13,-6.494466731133116,True
657,EntorhinalNorm,60.840267203360554,True
657,RAVLT_immediate,-199.21628508215593,True
657,TAU,6.580577122455932,True
657,VentricleNorm,-100.6545012695163,True
657,MidTempNorm,352.27242282115213,True
657,PTAU,67.44653449961795,True
657,HippocampusNorm,-97.78035017416364,True
657,WholeBrainNorm,-8.856865786575193,True
657,FusiformNorm,457.54401935067233,True
657,ABETA,127.37646128748312,True
657,MMSE,-95.00472472889376,True
658,ADAS13,533.7168196913339,True
658,EntorhinalNorm,-18.932440719991213,True
658,RAVLT_immediate,-164.22304415179903,True
658,TAU,-12.959842645725908,True
658,VentricleNorm,-137.67116612800174,True
658,MidTempNorm,702.4030913329453,True
658,PTAU,-7.368579870537005,True
658,HippocampusNorm,-136.81293637634664,True
658,WholeBrainNorm,0.18986284001419107,True
658,FusiformNorm,345.89064261535736,True
658,ABETA,167.9000413189003,True
658,MMSE,-99.46670749479372,True
659,ADAS13,252.11318764392394,True
659,EntorhinalNorm,-2.0604220872231735,True
659,RAVLT_immediate,-169.6200470282418,True
659,TAU,7.684857714687146,True
659,VentricleNorm,-245.19182039706595,True
659,MidTempNorm,64.5299525113075,True
659,PTAU,63.08916044865227,True
659,HippocampusNorm,4.797680767460193,True
659,WholeBrainNorm,348.1073076631061,True
659,FusiformNorm,246.54031730378298,True
659,ABETA,134.51977051248116,True
659,MMSE,-100.90955974368046,True
660,ADAS13,-75.35930383827002,True
660,EntorhinalNorm,0.7943951672263054,True
660,RAVLT_immediate,146.9230357116498,True
660,TAU,-121.92673745525383,True
660,VentricleNorm,306.63170583274064,True
660,MidTempNorm,444.07183573002686,True
660,PTAU,-15.97530302083814,True
660,HippocampusNorm,-121.46178080447244,True
660,WholeBrainNorm,48.39072109992884,True
660,FusiformNorm,341.45509171011304,True
660,ABETA,180.00812790833345,True
660,MMSE,-98.63926466620215,True
661,ADAS13,-491.92088359121965,False
661,EntorhinalNorm,-36.514091513414144,False
661,RAVLT_immediate,-211.83146813412134,False
661,TAU,-102.53576056064759,False
661,VentricleNorm,-216.2500498979493,False
661,MidTempNorm,294.7924220293619,False
661,PTAU,-36.13587104492224,False
661,HippocampusNorm,-89.22880149848827,False
661,WholeBrainNorm,33.3276289656901,False
661,FusiformNorm,411.540707710436,False
661,ABETA,135.05521601900915,False
661,MMSE,-97.37558944760912,False
662,ADAS13,-469.0988136775878,False
662,EntorhinalNorm,-10.533360992586292,False
662,RAVLT_immediate,-75.0701969200956,False
662,TAU,-80.87902309654018,False
662,VentricleNorm,153.71696948152885,False
662,MidTempNorm,360.6371829315908,False
662,PTAU,-37.09827974662812,False
662,HippocampusNorm,-99.50684654642657,False
662,WholeBrainNorm,13.726496819984574,False
662,FusiformNorm,70.57641739234987,False
662,ABETA,6.885098266178062,False
662,MMSE,-100.085806066708,False
663,ADAS13,-517.4182178576676,False
663,EntorhinalNorm,-89.64794631144856,False
663,RAVLT_immediate,-58.04185997042113,False
663,TAU,-122.6009422731142,False
663,VentricleNorm,278.04631155613424,False
663,MidTempNorm,135.49862902896618,False
663,PTAU,-85.5189935830139,False
663,HippocampusNorm,-163.37171044758273,False
663,WholeBrainNorm,-15.777451443067328,False
663,FusiformNorm,866.2883800546905,False
663,ABETA,127.30463467915925,False
663,MMSE,-99.52721196792704,False
664,ADAS13,233.6078845281919,True
664,EntorhinalNorm,92.85320637133495,True
664,RAVLT_immediate,-90.69281378147213,True
664,TAU,-129.03198287782016,True
664,VentricleNorm,73.41526299345146,True
664,MidTempNorm,241.3319416298056,True
664,PTAU,-88.01591101035902,True
664,HippocampusNorm,-138.1476350067989,True
664,WholeBrainNorm,-10.530239589452782,True
664,FusiformNorm,-49.94328191595059,True
664,ABETA,123.102695167294,True
664,MMSE,-100.97567476030976,True
665,ADAS13,-565.8069704654233,False
665,EntorhinalNorm,77.771190624903,False
665,RAVLT_immediate,-93.40929337838064,False
665,TAU,-100.53719628583764,False
665,VentricleNorm,-237.91663780188222,False
665,MidTempNorm,314.56906680311016,False
665,PTAU,-22.699903715272953,False
665,HippocampusNorm,-134.23558799040092,False
665,WholeBrainNorm,13.748466705383455,False
665,FusiformNorm,389.7115413619795,False
665,ABETA,95.56225277425263,False
665,MMSE,-95.29061607662129,False
666,ADAS13,165.59857247702777,True
666,EntorhinalNorm,73.2907392565549,True
666,RAVLT_immediate,-132.57447780281026,True
666,TAU,12.517961728437283,True
666,VentricleNorm,-400.366396073229,True
666,MidTempNorm,239.86868872463398,True
666,PTAU,-52.089421266260786,True
666,HippocampusNorm,-95.97387950365227,True
666,WholeBrainNorm,-11.144646653725482,True
666,FusiformNorm,335.6067728468393,True
666,ABETA,372.4120362209509,True
666,MMSE,-105.73936698632865,True
667,ADAS13,317.7275347787232,True
667,EntorhinalNorm,88.83891908722296,True
667,RAVLT_immediate,-87.00313072062183,True
667,TAU,43.48902176605963,True
667,VentricleNorm,-33.25832365899956,True
667,MidTempNorm,304.6981936774994,True
667,PTAU,74.7000045728736,True
667,HippocampusNorm,-167.17327264785183,True
667,WholeBrainNorm,-8.777110198339301,True
667,FusiformNorm,-15.087839667062099,True
667,ABETA,170.6035959557229,True
667,MMSE,-99.24335230075633,True
668,ADAS13,-578.1058850293896,False
668,EntorhinalNorm,39.63296692049762,False
668,RAVLT_immediate,-181.64580789937855,False
668,TAU,-127.43110333507468,False
668,VentricleNorm,-203.06051864543488,False
668,MidTempNorm,335.991183407689,False
668,PTAU,-107.97411162702059,False
668,HippocampusNorm,-124.63569675156226,False
668,WholeBrainNorm,9.706972060028571,False
668,FusiformNorm,181.77882475680556,False
668,ABETA,264.96478585592445,False
668,MMSE,-94.95162482505542,False
669,ADAS13,568.6176357784161,True
669,EntorhinalNorm,50.494039723503164,True
669,RAVLT_immediate,-65.43464385309707,True
669,TAU,-179.22452076930824,True
669,VentricleNorm,297.8292611333188,True
669,MidTempNorm,394.00631031885104,True
669,PTAU,-8.101885755206922,True
669,HippocampusNorm,-140.3097756468301,True
669,WholeBrainNorm,-25.132831109065453,True
669,FusiformNorm,972.8746509661884,True
669,ABETA,32.317893332466525,True
669,MMSE,-93.12812239978848,True
670,ADAS13,432.32354788100633,True
670,EntorhinalNorm,64.8167216363797,True
670,RAVLT_immediate,-185.2122730324435,True
670,TAU,15.774125093371097,True
670,VentricleNorm,419.23752472051876,True
670,MidTempNorm,666.1729730632962,True
670,PTAU,5.579381596687838,True
670,HippocampusNorm,-189.18275202565457,True
670,WholeBrainNorm,3.2913244047695525,True
670,FusiformNorm,645.7853955252599,True
670,ABETA,359.26239309081006,True
670,MMSE,-94.9837228535753,True
671,ADAS13,611.1741674970995,True
671,EntorhinalNorm,34.464423628069135,True
671,RAVLT_immediate,-95.3754466298187,True
671,TAU,8.327511887058229,True
671,VentricleNorm,-188.89425848506417,True
671,MidTempNorm,307.3898201391891,True
671,PTAU,-55.791752928882374,True
671,HippocampusNorm,-100.62067553589894,True
671,WholeBrainNorm,-17.600819772465254,True
671,FusiformNorm,-109.92437532871253,True
671,ABETA,-119.59739844318995,True
671,MMSE,-100.23274695623935,True
672,ADAS13,186.9073143548689,True
672,EntorhinalNorm,12.444556058361385,True
672,RAVLT_immediate,-104.19697105174131,True
672,TAU,46.76857918275688,True
672,VentricleNorm,-179.01723237434652,True
672,MidTempNorm,2.0640315764271975,True
672,PTAU,69.71169402436138,True
672,HippocampusNorm,-283.85311911547376,True
672,WholeBrainNorm,178.43394384922465,True
672,FusiformNorm,200.3636368962865,True
672,ABETA,-127.79858079030487,True
672,MMSE,-91.76779106884848,True
673,ADAS13,394.1017927260167,True
673,EntorhinalNorm,47.32177294933083,True
673,RAVLT_immediate,68.07375659973411,True
673,TAU,-87.75556201415932,True
673,VentricleNorm,-89.27528173255533,True
673,MidTempNorm,54.755424846070554,True
673,PTAU,-109.03886606279912,True
673,HippocampusNorm,-28.771363987793293,True
673,WholeBrainNorm,25.73111559914791,True
673,FusiformNorm,250.2447616879428,True
673,ABETA,354.8098562188153,True
673,MMSE,-99.3709373694318,True
674,ADAS13,-558.7589395428685,False
674,EntorhinalNorm,18.849820929829903,False
674,RAVLT_immediate,-212.58157805879551,False
674,TAU,-124.48525061860073,False
674,VentricleNorm,187.0537194190109,False
674,MidTempNorm,35.191962629161026,False
674,PTAU,-53.80813573012104,False
674,HippocampusNorm,-73.60772562261552,False
674,WholeBrainNorm,7.210129107521891,False
674,FusiformNorm,512.7873552870069,False
674,ABETA,331.4041953959464,False
674,MMSE,-105.81739354302943,False
675,ADAS13,-487.9322787134107,False
675,EntorhinalNorm,25.90800940342698,False
675,RAVLT_immediate,-48.94329837064528,False
675,TAU,-150.84619868621488,False
675,VentricleNorm,135.95362583877574,False
675,MidTempNorm,667.6771630859976,False
675,PTAU,-51.83690303135313,False
675,HippocampusNorm,-106.65071596545744,False
675,WholeBrainNorm,11.73880552606169,False
675,FusiformNorm,964.8923674015072,False
675,ABETA,273.3093092909083,False
675,MMSE,-103.88659986374552,False
676,ADAS13,179.7758228064506,True
676,EntorhinalNorm,-20.79469357921078,True
676,RAVLT_immediate,-174.65633876864916,True
676,TAU,-44.2814533007074,True
676,VentricleNorm,-165.38002145868916,True
676,MidTempNorm,291.5479330311287,True
676,PTAU,53.13213694706981,True
676,HippocampusNorm,-304.0889403564299,True
676,WholeBrainNorm,76.18950014568028,True
676,FusiformNorm,179.88277254520077,True
676,ABETA,155.78528541202036,True
676,MMSE,-92.05379255327055,True
677,ADAS13,-523.2335603425929,False
677,EntorhinalNorm,68.7137873209672,False
677,RAVLT_immediate,-155.32216853021413,False
677,TAU,-73.41961598760608,False
677,VentricleNorm,501.7429926005716,False
677,MidTempNorm,424.3169083644643,False
677,PTAU,-0.21686127710644598,False
677,HippocampusNorm,-154.588134307555,False
677,WholeBrainNorm,0.3984063617463176,False
677,FusiformNorm,417.0029458977106,False
677,ABETA,166.3664139289798,False
677,MMSE,-99.77919324073207,False
678,ADAS13,352.5152574330718,True
678,EntorhinalNorm,-35.9861997583098,True
678,RAVLT_immediate,-133.37327083047413,True
678,TAU,22.102699699488724,True
678,VentricleNorm,-291.7578105064473,True
678,MidTempNorm,154.35850285947367,True
678,PTAU,67.94604298432196,True
678,HippocampusNorm,197.2863233848101,True
678,WholeBrainNorm,-10.625791214920177,True
678,FusiformNorm,317.11819087923595,True
678,ABETA,40.936308602162796,True
678,MMSE,-105.15188077008278,True
679,ADAS13,367.2605450275462,True
679,EntorhinalNorm,48.365485109667375,True
679,RAVLT_immediate,-38.136078220037135,True
679,TAU,18.817557201028933,True
679,VentricleNorm,-326.60030878375824,True
679,MidTempNorm,496.1058612709685,True
679,PTAU,69.45276999097496,True
679,HippocampusNorm,-200.21552328535842,True
679,WholeBrainNorm,232.68928255540175,True
679,FusiformNorm,334.9113308859781,True
679,ABETA,129.00986941051136,True
679,MMSE,-90.55062529900958,True
680,ADAS13,266.55722017242636,True
680,EntorhinalNorm,140.62721223611325,True
680,RAVLT_immediate,-181.05548743482723,True
680,TAU,-24.323639705744604,True
680,VentricleNorm,-280.6630032564138,True
680,MidTempNorm,412.59129812005045,True
680,PTAU,61.845055501106515,True
680,HippocampusNorm,-11.424861026826164,True
680,WholeBrainNorm,224.0334821565062,True
680,FusiformNorm,481.7640520264706,True
680,ABETA,155.56077008541362,True
680,MMSE,-100.54196014046319,True
681,ADAS13,132.76614951686344,True
681,EntorhinalNorm,151.8828349015246,True
681,RAVLT_immediate,-213.010682471456,True
681,TAU,-109.127354333896,True
681,VentricleNorm,71.72184999591339,True
681,MidTempNorm,774.8596480605188,True
681,PTAU,-10.91978578777185,True
681,HippocampusNorm,-136.42202702064247,True
681,WholeBrainNorm,3.803825265287692,True
681,FusiformNorm,158.32437236436527,True
681,ABETA,319.222411808522,True
681,MMSE,-100.33796709815998,True
682,ADAS13,-48.87644828001339,True
682,EntorhinalNorm,15.528694093771406,True
682,RAVLT_immediate,-127.7118106188625,True
682,TAU,-23.504818811215273,True
682,VentricleNorm,-236.26279515567145,True
682,MidTempNorm,-91.57818925183008,True
682,PTAU,45.788150171725505,True
682,HippocampusNorm,-59.01635264772723,True
682,WholeBrainNorm,10.998763942684262,True
682,FusiformNorm,351.1532505661637,True
682,ABETA,91.23013370225401,True
682,MMSE,-96.64053190620255,True
683,ADAS13,547.0617885236343,True
683,EntorhinalNorm,29.446866539695264,True
683,RAVLT_immediate,-181.41202731042853,True
683,TAU,50.271694361427926,True
683,VentricleNorm,-203.68322604571256,True
683,MidTempNorm,116.69101484422308,True
683,PTAU,-45.133001954968904,True
683,HippocampusNorm,-80.65048542974071,True
683,WholeBrainNorm,18.679616441358547,True
683,FusiformNorm,429.13052822004107,True
683,ABETA,286.04328550393967,True
683,MMSE,-104.33316754025999,True
684,ADAS13,-48.956338995596354,True
684,EntorhinalNorm,32.98933879934163,True
684,RAVLT_immediate,-48.67974038698248,True
684,TAU,12.9325133267655,True
684,VentricleNorm,-218.27979659119666,True
684,MidTempNorm,-195.53812158962123,True
684,PTAU,48.43328771113267,True
684,HippocampusNorm,-95.36203889386283,True
684,WholeBrainNorm,-3.562633024572981,True
684,FusiformNorm,116.76552024418851,True
684,ABETA,77.67225392260752,True
684,MMSE,-102.11165800564235,True
685,ADAS13,526.4949911998842,True
685,EntorhinalNorm,55.79262579808628,True
685,RAVLT_immediate,-44.924331306048074,True
685,TAU,-18.320274378622756,True
685,VentricleNorm,159.46285962742414,True
685,MidTempNorm,540.8161392237175,True
685,PTAU,-64.10485273145741,True
685,HippocampusNorm,-67.64077634372859,True
685,WholeBrainNorm,-23.406368245802643,True
685,FusiformNorm,290.469497862605,True
685,ABETA,19.752996770046792,True
685,MMSE,-101.5928443170414,True
686,ADAS13,-461.86657521521676,False
686,EntorhinalNorm,50.69560420486292,False
686,RAVLT_immediate,-234.45499970163718,False
686,TAU,-140.9139399708961,False
686,VentricleNorm,44.55245928970548,False
686,MidTempNorm,115.43147543823545,False
686,PTAU,-76.0691493510551,False
686,HippocampusNorm,-113.72103373659533,False
686,WholeBrainNorm,-4.610063397497277,False
686,FusiformNorm,474.8331157252015,False
686,ABETA,128.11496388389241,False
686,MMSE,-100.35846802377036,False
687,ADAS13,298.00884394818445,True
687,EntorhinalNorm,17.238317099243357,True
687,RAVLT_immediate,-245.80847239596673,True
687,TAU,35.150874288256574,True
687,VentricleNorm,-317.02453448001995,True
687,MidTempNorm,181.03404406982415,True
687,PTAU,68.94612229455596,True
687,HippocampusNorm,-27.784237607953273,True
687,WholeBrainNorm,5.683914605234614,True
687,FusiformNorm,451.49753447664887,True
687,ABETA,70.38791771684497,True
687,MMSE,-100.73467079146351,True
688,ADAS13,440.986442992388,True
688,EntorhinalNorm,107.02699051704579,True
688,RAVLT_immediate,-110.81887058554547,True
688,TAU,26.27239824564272,True
688,VentricleNorm,75.7100479769647,True
688,MidTempNorm,-88.0020636913278,True
688,PTAU,-89.76590463256217,True
688,HippocampusNorm,-120.16054388325058,True
688,WholeBrainNorm,-3.9623076302778415,True
688,FusiformNorm,270.6865645719485,True
688,ABETA,5.139172968342734,True
688,MMSE,-93.64253860450286,True
689,ADAS13,619.0033850748645,True
689,EntorhinalNorm,64.23349299448141,True
689,RAVLT_immediate,-94.4615643031935,True
689,TAU,37.46467740565376,True
689,VentricleNorm,-38.728474354340676,True
689,MidTempNorm,365.0933804725434,True
689,PTAU,-75.76755748218021,True
689,HippocampusNorm,-134.82576037850302,True
689,WholeBrainNorm,-8.479145130672952,True
689,FusiformNorm,421.89625226379235,True
689,ABETA,36.786650686291395,True
689,MMSE,-95.37316666528538,True
690,ADAS13,212.4612178453221,True
690,EntorhinalNorm,21.76681567231806,True
690,RAVLT_immediate,14.556164208866761,True
690,TAU,12.827792551948725,True
690,VentricleNorm,-441.4555042887333,True
690,MidTempNorm,-24.103015370541527,True
690,PTAU,63.449609266499834,True
690,HippocampusNorm,-246.68356779419986,True
690,WholeBrainNorm,96.76621288561569,True
690,FusiformNorm,335.62875939995763,True
690,ABETA,278.0528989125561,True
690,MMSE,-99.850094982496,True
691,ADAS13,-545.2601351203153,False
691,EntorhinalNorm,3.8500350078755137,False
691,RAVLT_immediate,-155.1686461377895,False
691,TAU,-134.86695882320683,False
691,VentricleNorm,165.4565388534554,False
691,MidTempNorm,318.13387755626513,False
691,PTAU,-46.7323937160902,False
691,HippocampusNorm,-188.6806095394128,False
691,WholeBrainNorm,6.694170103795485,False
691,FusiformNorm,476.7706391524166,False
691,ABETA,63.93564483055037,False
691,MMSE,-99.31919488541573,False
692,ADAS13,-568.311218455335,False
692,EntorhinalNorm,-56.01039290751371,False
692,RAVLT_immediate,-87.62584738858938,False
692,TAU,-121.1753426919919,False
692,VentricleNorm,-83.01411369762218,False
692,MidTempNorm,193.02411832431187,False
692,PTAU,-35.1107214642775,False
692,HippocampusNorm,-124.02348381079513,False
692,WholeBrainNorm,-19.253107784615143,False
692,FusiformNorm,192.04758357336956,False
692,ABETA,341.4777899808115,False
692,MMSE,-93.54331788826131,False
693,ADAS13,205.0807105114572,True
693,EntorhinalNorm,78.91080266419709,True
693,RAVLT_immediate,-45.443168268310714,True
693,TAU,-20.98405546740554,True
693,VentricleNorm,-208.2044052619733,True
693,MidTempNorm,-53.01473827085775,True
693,PTAU,65.46460728130971,True
693,HippocampusNorm,15.625365367879567,True
693,WholeBrainNorm,205.13707373255613,True
693,FusiformNorm,-357.0392135545579,True
693,ABETA,198.35290181796083,True
693,MMSE,-95.74739144689377,True
694,ADAS13,462.2413959825078,True
694,EntorhinalNorm,71.37389848911978,True
694,RAVLT_immediate,-18.34262065539194,True
694,TAU,25.53963210781574,True
694,VentricleNorm,-184.20090738555953,True
694,MidTempNorm,182.1508716745778,True
694,PTAU,54.16798132097942,True
694,HippocampusNorm,-50.32074551762068,True
694,WholeBrainNorm,11.952246521962696,True
694,FusiformNorm,861.7404481230984,True
694,ABETA,-146.43100741287572,True
694,MMSE,-97.233089653081,True
695,ADAS13,574.448016176071,True
695,EntorhinalNorm,41.087987564296554,True
695,RAVLT_immediate,-18.927835340280993,True
695,TAU,22.054878706817817,True
695,VentricleNorm,-127.12195455684892,True
695,MidTempNorm,589.3128997502706,True
695,PTAU,64.35938036527392,True
695,HippocampusNorm,-76.84741890804088,True
695,WholeBrainNorm,-51.29159881992837,True
695,FusiformNorm,156.25987860502792,True
695,ABETA,144.86509474031718,True
695,MMSE,-101.38025181250828,True
696,ADAS13,-223.39351627792746,True
696,EntorhinalNorm,67.00482611254866,True
696,RAVLT_immediate,38.61079368917524,True
696,TAU,28.32855366750666,True
696,VentricleNorm,534.2948217819819,True
696,MidTempNorm,-622.2942617744441,True
696,PTAU,-81.39288022463627,True
696,HippocampusNorm,-130.67975758506802,True
696,WholeBrainNorm,7.960028229382034,True
696,FusiformNorm,497.50110935412783,True
696,ABETA,171.42950529510713,True
696,MMSE,-103.84346719342074,True
697,ADAS13,367.50953273730636,True
697,EntorhinalNorm,-7.197090177897003,True
697,RAVLT_immediate,-44.744189605836546,True
697,TAU,-0.08375329479757809,True
697,VentricleNorm,-185.22519123744743,True
697,MidTempNorm,102.25433928997714,True
697,PTAU,61.14604260094206,True
697,HippocampusNorm,-26.193002055141335,True
697,WholeBrainNorm,129.10243212096844,True
697,FusiformNorm,-34.532520844887074,True
697,ABETA,-55.145790900023826,True
697,MMSE,-91.30429134036497,True
698,ADAS13,319.3795885029373,True
698,EntorhinalNorm,21.608211079918664,True
698,RAVLT_immediate,-271.7984381864761,True
698,TAU,-14.088669119997009,True
698,VentricleNorm,-160.02375215886818,True
698,MidTempNorm,131.5295365135728,True
698,PTAU,-68.20675480463389,True
698,HippocampusNorm,-94.08913735180167,True
698,WholeBrainNorm,-23.092140243272162,True
698,FusiformNorm,132.02149755028282,True
698,ABETA,251.13594884740638,True
698,MMSE,-93.6797138816238,True
699,ADAS13,-97.39183011274832,True
699,EntorhinalNorm,14.976283348982903,True
699,RAVLT_immediate,-80.630890192052,True
699,TAU,15.706379527505309,True
699,VentricleNorm,-277.738115054578,True
699,MidTempNorm,209.6959354076069,True
699,PTAU,-105.95694744055965,True
699,HippocampusNorm,-128.71093685686037,True
699,WholeBrainNorm,32.91642354995442,True
699,FusiformNorm,840.0542900572373,True
699,ABETA,414.3689222173848,True
699,MMSE,-97.36023556607562,True
700,ADAS13,137.188321953579,True
700,EntorhinalNorm,27.97159912223522,True
700,RAVLT_immediate,-247.62674239598073,True
700,TAU,47.4498018754696,True
700,VentricleNorm,-176.163526944935,True
700,MidTempNorm,213.41516947298533,True
700,PTAU,-94.35803501532237,True
700,HippocampusNorm,-149.59041580798655,True
700,WholeBrainNorm,32.01704801301737,True
700,FusiformNorm,164.06473513151855,True
700,ABETA,-151.78103502742567,True
700,MMSE,-104.51933466148395,True
701,ADAS13,338.15030448036947,True
701,EntorhinalNorm,64.33870298448866,True
701,RAVLT_immediate,-149.41153354629665,True
701,TAU,33.24019379026974,True
701,VentricleNorm,-149.4481741929588,True
701,MidTempNorm,270.35111869599234,True
701,PTAU,-16.752480311257848,True
701,HippocampusNorm,-112.03058780111208,True
701,WholeBrainNorm,20.120951826800194,True
701,FusiformNorm,396.805149139727,True
701,ABETA,174.09203474974547,True
701,MMSE,-93.51435308547732,True
702,ADAS13,193.30492248474215,True
702,EntorhinalNorm,48.75642039063473,True
702,RAVLT_immediate,-38.5534360699985,True
702,TAU,-5.55678216254549,True
702,VentricleNorm,-238.04792559971784,True
702,MidTempNorm,223.0361325394801,True
702,PTAU,74.27025527853948,True
702,HippocampusNorm,78.35398919961557,True
702,WholeBrainNorm,299.59303619643094,True
702,FusiformNorm,-107.10813692292237,True
702,ABETA,204.5590208970699,True
702,MMSE,-99.21495992199706,True
703,ADAS13,-581.7277368130326,False
703,EntorhinalNorm,-42.19148683771856,False
703,RAVLT_immediate,132.00925456942264,False
703,TAU,-99.1050617796945,False
703,VentricleNorm,196.37117160216167,False
703,MidTempNorm,303.9642135835385,False
703,PTAU,-46.72336883279465,False
703,HippocampusNorm,-108.12036903839063,False
703,WholeBrainNorm,4.156579621161492,False
703,FusiformNorm,664.4303908877746,False
703,ABETA,325.7654930305203,False
703,MMSE,-100.48263781659674,False
704,ADAS13,176.2037647432797,True
704,EntorhinalNorm,23.306065964451818,True
704,RAVLT_immediate,-32.962378292830124,True
704,TAU,-3.758253147065224,True
704,VentricleNorm,-182.9125925349954,True
704,MidTempNorm,102.99052707709139,True
704,PTAU,-61.35482864802767,True
704,HippocampusNorm,-135.25879483168322,True
704,WholeBrainNorm,-10.436045937596573,True
704,FusiformNorm,214.62623577509962,True
704,ABETA,215.9295894934054,True
704,MMSE,-97.72880094243759,True
705,ADAS13,588.5647863259599,True
705,EntorhinalNorm,64.77981499334258,True
705,RAVLT_immediate,-141.459595966894,True
705,TAU,14.561931915921733,True
705,VentricleNorm,-104.55349288846365,True
705,MidTempNorm,117.44496123674692,True
705,PTAU,67.26628927279738,True
705,HippocampusNorm,-100.88377633895422,True
705,WholeBrainNorm,1.2183213209815411,True
705,FusiformNorm,622.709174863707,True
705,ABETA,-59.23039175058497,True
705,MMSE,-96.94779322944443,True
706,ADAS13,-61.36320139295583,True
706,EntorhinalNorm,58.87422935561999,True
706,RAVLT_immediate,-272.96179291280174,True
706,TAU,-6.8672710921849625,True
706,VentricleNorm,-189.05456813784195,True
706,MidTempNorm,330.0059873146619,True
706,PTAU,78.9743021161544,True
706,HippocampusNorm,-197.6597206711533,True
706,WholeBrainNorm,215.87761046789822,True
706,FusiformNorm,840.0852239471864,True
706,ABETA,554.3222197070054,True
706,MMSE,-92.65028502269772,True
707,ADAS13,352.1113320228819,True
707,EntorhinalNorm,83.45062536368943,True
707,RAVLT_immediate,-117.12890948902499,True
707,TAU,-5.525895728398956,True
707,VentricleNorm,-151.3469597871627,True
707,MidTempNorm,320.3915855095723,True
707,PTAU,74.08476584656606,True
707,HippocampusNorm,-144.1716796137459,True
707,WholeBrainNorm,12.822032423560708,True
707,FusiformNorm,133.54033474020852,True
707,ABETA,206.70361542816127,True
707,MMSE,-95.10530910388626,True
708,ADAS13,2.9763151117531947,True
708,EntorhinalNorm,19.974676639618895,True
708,RAVLT_immediate,120.91946347820323,True
708,TAU,-23.534500922687585,True
708,VentricleNorm,-275.0415776669817,True
708,MidTempNorm,145.8986558882461,True
708,PTAU,44.24102724690548,True
708,HippocampusNorm,16.90145413127523,True
708,WholeBrainNorm,166.52018465605295,True
708,FusiformNorm,140.81545494422994,True
708,ABETA,383.1805468688684,True
708,MMSE,-101.09756752472086,True
709,ADAS13,382.5079805914419,True
709,EntorhinalNorm,30.38349826934405,True
709,RAVLT_immediate,-114.14306544770422,True
709,TAU,10.386587521812787,True
709,VentricleNorm,-233.72146233691325,True
709,MidTempNorm,621.9029202378626,True
709,PTAU,-93.53292594871286,True
709,HippocampusNorm,-108.73845892652929,True
709,WholeBrainNorm,0.1182515831015385,True
709,FusiformNorm,1218.8493183166502,True
709,ABETA,2.2725448841392506,True
709,MMSE,-94.77832134705407,True
710,ADAS13,528.2146197430238,True
710,EntorhinalNorm,68.0350100615137,True
710,RAVLT_immediate,-122.46989140645755,True
710,TAU,-1.5125237152279052,True
710,VentricleNorm,-334.7129316287045,True
710,MidTempNorm,287.5078658812138,True
710,PTAU,-27.144352615311025,True
710,HippocampusNorm,-87.37735289722109,True
710,WholeBrainNorm,-15.464825034515535,True
710,FusiformNorm,115.18660524772537,True
710,ABETA,348.67129387732837,True
710,MMSE,-93.90845755668654,True
711,ADAS13,-501.07758908701146,False
711,EntorhinalNorm,27.880981301986203,False
711,RAVLT_immediate,39.203678866751005,False
711,TAU,-92.6694348487294,False
711,VentricleNorm,419.55869781552474,False
711,MidTempNorm,-11.88992525299443,False
711,PTAU,-19.983190957353578,False
711,HippocampusNorm,-100.58059231629971,False
711,WholeBrainNorm,22.214659627659948,False
711,FusiformNorm,590.5386151144378,False
711,ABETA,162.5501778606464,False
711,MMSE,-94.07407045272936,False
712,ADAS13,-55.345441710829675,True
712,EntorhinalNorm,49.69325142134271,True
712,RAVLT_immediate,-41.12361164525741,True
712,TAU,-5.841386392774558,True
712,VentricleNorm,-153.44405173992362,True
712,MidTempNorm,478.5036847906091,True
712,PTAU,75.46966463318387,True
712,HippocampusNorm,-153.50762715251227,True
712,WholeBrainNorm,-18.536512905817673,True
712,FusiformNorm,-290.39962369937825,True
712,ABETA,178.74390726731596,True
712,MMSE,-105.76749529460191,True
713,ADAS13,546.5533345539991,True
713,EntorhinalNorm,33.25982238166245,True
713,RAVLT_immediate,-140.25063360260808,True
713,TAU,37.71797996861545,True
713,VentricleNorm,-145.77120443074423,True
713,MidTempNorm,147.8867141903612,True
713,PTAU,67.31985052144051,True
713,HippocampusNorm,61.897458275737705,True
713,WholeBrainNorm,16.00018433609922,True
713,FusiformNorm,63.810969248132835,True
713,ABETA,107.31203845272222,True
713,MMSE,-90.96018093041421,True
714,ADAS13,-95.40956097924732,True
714,EntorhinalNorm,21.27099809883195,True
714,RAVLT_immediate,-184.4299676821409,True
714,TAU,-24.52484634670965,True
714,VentricleNorm,-307.4877707729256,True
714,MidTempNorm,123.76548993008146,True
714,PTAU,55.65054152442928,True
714,HippocampusNorm,-121.29884430347298,True
714,WholeBrainNorm,-16.70861281100758,True
714,FusiformNorm,389.50159152286903,True
714,ABETA,240.8416001407298,True
714,MMSE,-102.97888191528214,True
715,ADAS13,176.95830918015898,True
715,EntorhinalNorm,25.002331483461994,True
715,RAVLT_immediate,-24.935717426764015,True
715,TAU,79.31175793271213,True
715,VentricleNorm,-150.95620303476136,True
715,MidTempNorm,318.88558141802946,True
715,PTAU,51.534167890317036,True
715,HippocampusNorm,-166.81518767444373,True
715,WholeBrainNorm,44.47743882477514,True
715,FusiformNorm,1196.3784144545662,True
715,ABETA,271.18836208256596,True
715,MMSE,-100.26307673649384,True
716,ADAS13,365.94818240222736,True
716,EntorhinalNorm,5.469676487330851,True
716,RAVLT_immediate,-187.9740446613201,True
716,TAU,76.31163781130975,True
716,VentricleNorm,-316.60447793838244,True
716,MidTempNorm,211.0018605500771,True
716,PTAU,74.85760415993248,True
716,HippocampusNorm,-158.87876861870504,True
716,WholeBrainNorm,6.581659732622808,True
716,FusiformNorm,315.42380738779434,True
716,ABETA,496.9244904771235,True
716,MMSE,-100.03269050535096,True
717,ADAS13,355.2789327398257,True
717,EntorhinalNorm,11.675594214730957,True
717,RAVLT_immediate,-68.90723392036432,True
717,TAU,-6.457293683626274,True
717,VentricleNorm,-146.68678050047959,True
717,MidTempNorm,418.1554375366467,True
717,PTAU,81.52867832189604,True
717,HippocampusNorm,-125.80477404395313,True
717,WholeBrainNorm,1.0750253402984165,True
717,FusiformNorm,219.21862512523577,True
717,ABETA,464.96054196482174,True
717,MMSE,-91.27764975841319,True
718,ADAS13,245.68041346066,True
718,EntorhinalNorm,51.08557457518849,True
718,RAVLT_immediate,-12.045945327406699,True
718,TAU,28.78107657032708,True
718,VentricleNorm,-290.4600173324679,True
718,MidTempNorm,243.3901144911502,True
718,PTAU,-66.28112542749773,True
718,HippocampusNorm,-128.42943137264422,True
718,WholeBrainNorm,-17.736836117320312,True
718,FusiformNorm,635.6294163545763,True
718,ABETA,235.6877458344901,True
718,MMSE,-97.8880317353031,True
719,ADAS13,576.2103044642262,True
719,EntorhinalNorm,-2.3108020656604467,True
719,RAVLT_immediate,-85.4395525545178,True
719,TAU,-9.241583643460372,True
719,VentricleNorm,-193.04988658877943,True
719,MidTempNorm,483.0328851243636,True
719,PTAU,73.54748766655462,True
719,HippocampusNorm,115.6363821819217,True
719,WholeBrainNorm,10.819749407867047,True
719,FusiformNorm,263.9801949007328,True
719,ABETA,-85.15008319320307,True
719,MMSE,-94.3379088263199,True
720,ADAS13,106.07631558098342,True
720,EntorhinalNorm,-4.085332292848307,True
720,RAVLT_immediate,-9.400629789927038,True
720,TAU,-154.55419493695092,True
720,VentricleNorm,605.4083163364418,True
720,MidTempNorm,133.34473972435364,True
720,PTAU,-40.52068692677282,True
720,HippocampusNorm,-129.00127322716853,True
720,WholeBrainNorm,16.15760803042908,True
720,FusiformNorm,415.1864514875051,True
720,ABETA,404.52799063684506,True
720,MMSE,-94.80580539288297,True
721,ADAS13,178.0202575599779,True
721,EntorhinalNorm,21.55165515230143,True
721,RAVLT_immediate,64.68486857473312,True
721,TAU,30.65240749485966,True
721,VentricleNorm,-339.24478904657394,True
721,MidTempNorm,-109.573936230052,True
721,PTAU,57.5968596476217,True
721,HippocampusNorm,-128.22641158725554,True
721,WholeBrainNorm,6.79034518788968,True
721,FusiformNorm,257.4857599247532,True
721,ABETA,-65.00580022248738,True
721,MMSE,-96.07064671625885,True
722,ADAS13,599.9813670845134,True
722,EntorhinalNorm,50.4037289932799,True
722,RAVLT_immediate,97.9494904418172,True
722,TAU,13.798844488869474,True
722,VentricleNorm,-135.39443012419036,True
722,MidTempNorm,44.137356546425366,True
722,PTAU,69.19356141211878,True
722,HippocampusNorm,-121.7706330753048,True
722,WholeBrainNorm,-46.07261914346687,True
722,FusiformNorm,251.24813511845133,True
722,ABETA,19.753782852321024,True
722,MMSE,-95.13178655237732,True
723,ADAS13,484.23323754653075,True
723,EntorhinalNorm,-9.286369365386136,True
723,RAVLT_immediate,-222.5392794489652,True
723,TAU,41.0847409811896,True
723,VentricleNorm,-310.4521136503182,True
723,MidTempNorm,49.43441021455192,True
723,PTAU,66.79897305575797,True
723,HippocampusNorm,-179.58388822408466,True
723,WholeBrainNorm,-25.3571059241486,True
723,FusiformNorm,116.31117117671147,True
723,ABETA,-130.87951659321442,True
723,MMSE,-93.90056951968108,True
724,ADAS13,384.7315975460464,True
724,EntorhinalNorm,16.38857542749551,True
724,RAVLT_immediate,-197.68793878240137,True
724,TAU,-11.928766392511685,True
724,VentricleNorm,-157.94585599628203,True
724,MidTempNorm,-29.14152317605638,True
724,PTAU,66.51267730956435,True
724,HippocampusNorm,-122.74347812938639,True
724,WholeBrainNorm,17.97607436048983,True
724,FusiformNorm,-89.05272400269143,True
724,ABETA,-136.2226331179491,True
724,MMSE,-95.9339014261519,True
725,ADAS13,262.1627851874909,True
725,EntorhinalNorm,68.89753945207283,True
725,RAVLT_immediate,-232.76274806735864,True
725,TAU,45.866538233557336,True
725,VentricleNorm,-321.11454071137246,True
725,MidTempNorm,245.33695861729723,True
725,PTAU,81.19465653655953,True
725,HippocampusNorm,-241.61763110892926,True
725,WholeBrainNorm,-0.3523923227463561,True
725,FusiformNorm,207.30967852974834,True
725,ABETA,47.69942618700631,True
725,MMSE,-92.97073020254763,True
