participant,biomarker,measurement,diseased
0,FusiformNorm,-188.6515998606403,True
0,WholeBrainNorm,514.4326721783129,True
0,MMSE,-149.95940033433325,True
0,ABETA,-20.60312559023142,True
0,RAVLT_immediate,-198.91044992829245,True
0,VentricleNorm,127.02076345174171,True
0,HippocampusNorm,114.9546135126107,True
0,MidTempNorm,-14.175969572173358,True
0,ADAS13,-316.75670397283324,True
0,PTAU,169.10854098723007,True
0,TAU,25.4923104833453,True
0,EntorhinalNorm,-631.0201437693618,True
1,FusiformNorm,-0.1637149752472311,False
1,WholeBrainNorm,1891.5875794300186,False
1,MMSE,-93.16791060819365,False
1,ABETA,49.610188684234345,False
1,RAVLT_immediate,-221.3346500717459,False
1,VentricleNorm,388.39424696212893,False
1,HippocampusNorm,131.94941934752202,False
1,MidTempNorm,297.50129463408416,False
1,ADAS13,-371.66052201729286,False
1,PTAU,88.24756698132694,False
1,TAU,222.36147155414776,False
1,EntorhinalNorm,-417.4525453148953,False
2,FusiformNorm,253.43276052822125,True
2,WholeBrainNorm,923.6748697230639,True
2,MMSE,-150.45696558007333,True
2,ABETA,-46.09366435902388,True
2,RAVLT_immediate,646.7412943060297,True
2,VentricleNorm,242.7008946505524,True
2,HippocampusNorm,-434.7305906785725,True
2,MidTempNorm,-113.36573224578304,True
2,ADAS13,-356.5864219836286,True
2,PTAU,18.48246838031597,True
2,TAU,154.1132621774898,True
2,EntorhinalNorm,-248.09634328260933,True
3,FusiformNorm,-106.44023165743444,True
3,WholeBrainNorm,699.5842561280856,True
3,MMSE,-150.61173894417033,True
3,ABETA,16.742252386349698,True
3,RAVLT_immediate,1343.1561348215694,True
3,VentricleNorm,-7.041103698794136,True
3,HippocampusNorm,420.6134025538289,True
3,MidTempNorm,-72.49559186587048,True
3,ADAS13,-251.1722002719087,True
3,PTAU,55.17825785373378,True
3,TAU,146.69062271321326,True
3,EntorhinalNorm,-435.5757361596932,True
4,FusiformNorm,224.7825803749093,True
4,WholeBrainNorm,959.7241675426801,True
4,MMSE,373.72969210605265,True
4,ABETA,119.85416792196918,True
4,RAVLT_immediate,1343.1561348215694,True
4,VentricleNorm,388.39424696212893,True
4,HippocampusNorm,266.7359616698785,True
4,MidTempNorm,361.48074484801583,True
4,ADAS13,-375.7406866350421,True
4,PTAU,-55.30362106761828,True
4,TAU,88.76225005747082,True
4,EntorhinalNorm,-180.2485933650922,True
5,FusiformNorm,30.316838548212573,True
5,WholeBrainNorm,959.7241675426801,True
5,MMSE,-150.4226455734273,True
5,ABETA,53.87772968854183,True
5,RAVLT_immediate,744.1501622626125,True
5,VentricleNorm,-53.58766539850151,True
5,HippocampusNorm,-705.6428217416989,True
5,MidTempNorm,76.40419555166298,True
5,ADAS13,-402.4285768820867,True
5,PTAU,1.5675535119424246,True
5,TAU,571.5552498556933,True
5,EntorhinalNorm,-743.2836877312369,True
6,FusiformNorm,-28.727543790418597,True
6,WholeBrainNorm,491.6860895748015,True
6,MMSE,-150.10013680502018,True
6,ABETA,-119.15306549827173,True
6,RAVLT_immediate,449.22391199307197,True
6,VentricleNorm,-127.52341416412413,True
6,HippocampusNorm,-491.6687097287451,True
6,MidTempNorm,178.23127603217344,True
6,ADAS13,-312.95132309746305,True
6,PTAU,-35.66652401805069,True
6,TAU,382.65267500536316,True
6,EntorhinalNorm,-251.55923502191823,True
7,FusiformNorm,94.90741918528813,True
7,WholeBrainNorm,355.90485032479984,True
7,MMSE,-150.38965181655934,True
7,ABETA,113.50610354941179,True
7,RAVLT_immediate,90.43451119629992,True
7,VentricleNorm,21.49047556230807,True
7,HippocampusNorm,-842.2566338259528,True
7,MidTempNorm,-92.49108688779855,True
7,ADAS13,-414.1182335675943,True
7,PTAU,120.08659134384413,True
7,TAU,-175.56585383109106,True
7,EntorhinalNorm,-257.7821323873913,True
8,FusiformNorm,-142.57062552592242,False
8,WholeBrainNorm,513.6487844337543,False
8,MMSE,-105.1215694892153,False
8,ABETA,-158.13599078724224,False
8,RAVLT_immediate,250.78019160827193,False
8,VentricleNorm,301.3658507584212,False
8,HippocampusNorm,187.0443431217688,False
8,MidTempNorm,-104.11084862942498,False
8,ADAS13,-337.77121668022414,False
8,PTAU,195.9664702234847,False
8,TAU,245.36946812040455,False
8,EntorhinalNorm,-237.7114431363697,False
9,FusiformNorm,-139.95310423138847,True
9,WholeBrainNorm,-78.50122662883655,True
9,MMSE,-150.80847784651507,True
9,ABETA,-119.15306549827173,True
9,RAVLT_immediate,744.1501622626125,True
9,VentricleNorm,490.35404593996543,True
9,HippocampusNorm,-337.8890752837309,True
9,MidTempNorm,-71.3130853895406,True
9,ADAS13,364.25142812887293,True
9,PTAU,-683.8431442515429,True
9,TAU,-701.9573252575044,True
9,EntorhinalNorm,163.36697220608562,True
10,FusiformNorm,2.043368528377904,True
10,WholeBrainNorm,264.60242064829924,True
10,MMSE,-150.47038460495392,True
10,ABETA,-28.54901231008105,True
10,RAVLT_immediate,362.153623107665,True
10,VentricleNorm,171.61622149272029,True
10,HippocampusNorm,215.18341289052861,True
10,MidTempNorm,290.6341620924775,True
10,ADAS13,-299.9042734134657,True
10,PTAU,78.38348905186498,True
10,TAU,396.2793979864897,True
10,EntorhinalNorm,-205.76542892727915,True
11,FusiformNorm,150.74087622419074,True
11,WholeBrainNorm,162.77886697438083,True
11,MMSE,-149.6236566515968,True
11,ABETA,113.50610354941179,True
11,RAVLT_immediate,-195.88690980361594,True
11,VentricleNorm,490.35404593996543,True
11,HippocampusNorm,-321.6399021731557,True
11,MidTempNorm,-43.87139640541761,True
11,ADAS13,-327.96332655229077,True
11,PTAU,30.229986127948074,True
11,TAU,57.39701098231024,True
11,EntorhinalNorm,-574.7878621080664,True
12,FusiformNorm,-141.72816690171427,True
12,WholeBrainNorm,959.7241675426801,True
12,MMSE,-149.74288723098357,True
12,ABETA,6.54220899800281,True
12,RAVLT_immediate,-469.5906135313953,True
12,VentricleNorm,64.28709748413067,True
12,HippocampusNorm,-743.6741377185535,True
12,MidTempNorm,-49.21693609827411,True
12,ADAS13,332.4349695155773,True
12,PTAU,-692.866863815374,True
12,TAU,69.84909420823884,True
12,EntorhinalNorm,237.73264728147433,True
13,FusiformNorm,-110.76453784780573,True
13,WholeBrainNorm,568.0082818903554,True
13,MMSE,-150.56748354801917,True
13,ABETA,78.20981428737123,True
13,RAVLT_immediate,0.924749239840601,True
13,VentricleNorm,-30.527693694876344,True
13,HippocampusNorm,152.9759700653339,True
13,MidTempNorm,236.33455158472213,True
13,ADAS13,-275.50523549846554,True
13,PTAU,60.81244459492718,True
13,TAU,-163.64669626505824,True
13,EntorhinalNorm,-404.0372506462316,True
14,FusiformNorm,-5.288166798088895,True
14,WholeBrainNorm,235.57522348358515,True
14,MMSE,-150.14638975354146,True
14,ABETA,8.003231950017392,True
14,RAVLT_immediate,49.68690501871307,True
14,VentricleNorm,291.6783782434344,True
14,HippocampusNorm,191.65841507963634,True
14,MidTempNorm,-116.49181141520205,True
14,ADAS13,-301.98537024070674,True
14,PTAU,123.6522510113087,True
14,TAU,-77.55700450652985,True
14,EntorhinalNorm,-728.2094320674355,True
15,FusiformNorm,47.121487898016035,False
15,WholeBrainNorm,1110.3832728455657,False
15,MMSE,-59.541457631992294,False
15,ABETA,-96.18912888297879,False
15,RAVLT_immediate,-1430.4357093410101,False
15,VentricleNorm,274.98258695547815,False
15,HippocampusNorm,365.4111889150869,False
15,MidTempNorm,98.46720818304043,False
15,ADAS13,-332.9527159035257,False
15,PTAU,169.51626816852223,False
15,TAU,38.58366829396918,False
15,EntorhinalNorm,-279.383728185099,False
16,FusiformNorm,142.5323855472638,True
16,WholeBrainNorm,959.7241675426801,True
16,MMSE,-150.19540491063447,True
16,ABETA,-94.3803406189466,True
16,RAVLT_immediate,-550.0781566666219,True
16,VentricleNorm,234.31910123142913,True
16,HippocampusNorm,279.2589776621518,True
16,MidTempNorm,148.86049125614895,True
16,ADAS13,-319.2814826165937,True
16,PTAU,199.33782346748907,True
16,TAU,-142.04942034872516,True
16,EntorhinalNorm,-630.4156657958188,True
17,FusiformNorm,-196.28559815078097,False
17,WholeBrainNorm,693.1347688339183,False
17,MMSE,123.52392396746136,False
17,ABETA,101.28850330910704,False
17,RAVLT_immediate,1343.1561348215694,False
17,VentricleNorm,220.9356004117717,False
17,HippocampusNorm,370.5002492529828,False
17,MidTempNorm,96.92588778929306,False
17,ADAS13,-352.6852197137229,False
17,PTAU,75.61599557891192,False
17,TAU,32.805705817701266,False
17,EntorhinalNorm,-626.6746430513525,False
18,FusiformNorm,-138.27836718419587,True
18,WholeBrainNorm,-308.1662443566475,True
18,MMSE,-149.91209496406617,True
18,ABETA,-29.973786491678517,True
18,RAVLT_immediate,-665.6878600238665,True
18,VentricleNorm,-86.89479180032151,True
18,HippocampusNorm,-376.1300270284659,True
18,MidTempNorm,-79.25613014375757,True
18,ADAS13,-164.29564152953992,True
18,PTAU,187.35553241164982,True
18,TAU,27.76030554387276,True
18,EntorhinalNorm,-758.8572673768946,True
19,FusiformNorm,-165.55244506617274,True
19,WholeBrainNorm,646.1751452359096,True
19,MMSE,-43.87197011986375,True
19,ABETA,22.71289907549354,True
19,RAVLT_immediate,1343.1561348215694,True
19,VentricleNorm,19.31552636078326,True
19,HippocampusNorm,220.31429394574093,True
19,MidTempNorm,254.3525208473713,True
19,ADAS13,-348.94771382223354,True
19,PTAU,100.2776570452765,True
19,TAU,57.41303871393095,True
19,EntorhinalNorm,-395.50254337016156,True
20,FusiformNorm,-118.20492906646236,True
20,WholeBrainNorm,257.16418278743475,True
20,MMSE,-149.95666067353378,True
20,ABETA,45.7229326794466,True
20,RAVLT_immediate,746.954025693032,True
20,VentricleNorm,310.6791750955166,True
20,HippocampusNorm,267.436150044137,True
20,MidTempNorm,331.3330895540553,True
20,ADAS13,-420.9794073290506,True
20,PTAU,220.21955161834774,True
20,TAU,138.95400638966015,True
20,EntorhinalNorm,-342.8159591205234,True
21,FusiformNorm,123.54436046038141,False
21,WholeBrainNorm,2165.489693138077,False
21,MMSE,119.1345181561877,False
21,ABETA,-73.3710742421635,False
21,RAVLT_immediate,190.42855648360768,False
21,VentricleNorm,386.5222719119947,False
21,HippocampusNorm,291.59438295378555,False
21,MidTempNorm,-120.93189437472456,False
21,ADAS13,-310.18567262168006,False
21,PTAU,28.05227434171565,False
21,TAU,-20.938512991355594,False
21,EntorhinalNorm,-327.83702726093657,False
22,FusiformNorm,-217.70250288313196,False
22,WholeBrainNorm,1187.758183357529,False
22,MMSE,300.95913312531906,False
22,ABETA,-28.412468143489793,False
22,RAVLT_immediate,16.924625563812512,False
22,VentricleNorm,170.94109103496683,False
22,HippocampusNorm,591.5238140103713,False
22,MidTempNorm,84.28150302280035,False
22,ADAS13,-294.89767097283243,False
22,PTAU,61.65807292216871,False
22,TAU,468.8861346823885,False
22,EntorhinalNorm,-753.6557687018017,False
23,FusiformNorm,-70.80927837700285,True
23,WholeBrainNorm,1024.3086296369456,True
23,MMSE,20.649934815667436,True
23,ABETA,-48.040065027584326,True
23,RAVLT_immediate,587.8862357012596,True
23,VentricleNorm,225.5003910148718,True
23,HippocampusNorm,269.4447059471262,True
23,MidTempNorm,362.9674767083335,True
23,ADAS13,-235.51090390897713,True
23,PTAU,250.09385868220977,True
23,TAU,-5.954938078128514,True
23,EntorhinalNorm,-798.9613992299277,True
24,FusiformNorm,165.36910630741443,True
24,WholeBrainNorm,237.36391569147486,True
24,MMSE,131.21727575240746,True
24,ABETA,-68.42499502962804,True
24,RAVLT_immediate,397.9203177225164,True
24,VentricleNorm,300.32104097881336,True
24,HippocampusNorm,549.7220694861903,True
24,MidTempNorm,144.3538095081165,True
24,ADAS13,-290.1165201912488,True
24,PTAU,211.49126401899733,True
24,TAU,470.638365133446,True
24,EntorhinalNorm,-541.0885451767066,True
25,FusiformNorm,114.90645313796202,True
25,WholeBrainNorm,-509.6690823729434,True
25,MMSE,-150.74854908946324,True
25,ABETA,4.799835488124215,True
25,RAVLT_immediate,-138.15783333947957,True
25,VentricleNorm,377.2616018026214,True
25,HippocampusNorm,-324.26255013804325,True
25,MidTempNorm,-82.76873661294346,True
25,ADAS13,986.7093074344741,True
25,PTAU,-639.6298466164473,True
25,TAU,-607.6394571829192,True
25,EntorhinalNorm,-326.9540957015114,True
26,FusiformNorm,-64.01777531947607,False
26,WholeBrainNorm,555.5306740772039,False
26,MMSE,154.09885021640198,False
26,ABETA,-141.94400853827716,False
26,RAVLT_immediate,-563.4667059655545,False
26,VentricleNorm,22.48753654779496,False
26,HippocampusNorm,606.7044079481485,False
26,MidTempNorm,265.296090079,False
26,ADAS13,-211.9854553646311,False
26,PTAU,-67.82626599403606,False
26,TAU,458.58357076753987,False
26,EntorhinalNorm,-263.99128429515633,False
27,FusiformNorm,-71.22970443538922,True
27,WholeBrainNorm,510.84928683628027,True
27,MMSE,-150.42485992692292,True
27,ABETA,113.50610354941179,True
27,RAVLT_immediate,-113.11688181667897,True
27,VentricleNorm,-9.81016262745926,True
27,HippocampusNorm,202.81832012574907,True
27,MidTempNorm,123.34814850069803,True
27,ADAS13,-308.28367493048546,True
27,PTAU,86.9519899752207,True
27,TAU,-184.42495257482824,True
27,EntorhinalNorm,-154.54302509785006,True
28,FusiformNorm,51.34997497961665,True
28,WholeBrainNorm,94.2478571834641,True
28,MMSE,-150.33705060486383,True
28,ABETA,51.86551059024698,True
28,RAVLT_immediate,-936.1291643990515,True
28,VentricleNorm,490.35404593996543,True
28,HippocampusNorm,-348.7809391717483,True
28,MidTempNorm,-50.39245580530516,True
28,ADAS13,-318.82724617058904,True
28,PTAU,68.61103731305676,True
28,TAU,329.3692343589656,True
28,EntorhinalNorm,-140.85786088197975,True
29,FusiformNorm,219.13030373371072,False
29,WholeBrainNorm,529.3051194288541,False
29,MMSE,-100.87185075908246,False
29,ABETA,24.01194260669838,False
29,RAVLT_immediate,920.9910558989409,False
29,VentricleNorm,-174.92320132034223,False
29,HippocampusNorm,298.0491697889669,False
29,MidTempNorm,159.46364422406702,False
29,ADAS13,-176.5416774819079,False
29,PTAU,-38.15223538923959,False
29,TAU,49.849172682495194,False
29,EntorhinalNorm,-100.64265968193735,False
30,FusiformNorm,333.8550970978358,True
30,WholeBrainNorm,467.28979605440406,True
30,MMSE,-151.138278749891,True
30,ABETA,-3.679811347476213,True
30,RAVLT_immediate,-754.7777751368427,True
30,VentricleNorm,-29.042935123547515,True
30,HippocampusNorm,-755.6615531387055,True
30,MidTempNorm,206.31473109928956,True
30,ADAS13,-171.96803518408646,True
30,PTAU,162.93798026358903,True
30,TAU,-188.51699493656923,True
30,EntorhinalNorm,-173.0122981177105,True
31,FusiformNorm,-7.4772541447123775,True
31,WholeBrainNorm,959.7241675426801,True
31,MMSE,-150.16937122518002,True
31,ABETA,-15.096067867954478,True
31,RAVLT_immediate,-1430.4357093410101,True
31,VentricleNorm,93.90203773137807,True
31,HippocampusNorm,442.1569611752602,True
31,MidTempNorm,176.18845179949423,True
31,ADAS13,-466.2785945963633,True
31,PTAU,152.17300177823947,True
31,TAU,-116.53940458404966,True
31,EntorhinalNorm,-598.7537041537165,True
32,FusiformNorm,15.36445674103463,True
32,WholeBrainNorm,634.3022908234758,True
32,MMSE,-151.138278749891,True
32,ABETA,-91.57005068186903,True
32,RAVLT_immediate,457.0740085294126,True
32,VentricleNorm,96.76828647399549,True
32,HippocampusNorm,-768.0496982543408,True
32,MidTempNorm,-86.9848401287563,True
32,ADAS13,194.51196394726762,True
32,PTAU,-707.7709060204554,True
32,TAU,-42.06232354838477,True
32,EntorhinalNorm,-661.9805024998195,True
33,FusiformNorm,-197.9646870965975,False
33,WholeBrainNorm,2165.489693138077,False
33,MMSE,366.77847326789583,False
33,ABETA,57.821942953350735,False
33,RAVLT_immediate,113.55200418845953,False
33,VentricleNorm,342.53771451033657,False
33,HippocampusNorm,389.7235642255905,False
33,MidTempNorm,1.7728017520376866,False
33,ADAS13,-285.96945392809783,False
33,PTAU,184.5908241587238,False
33,TAU,-31.59203587594008,False
33,EntorhinalNorm,-733.5375604811366,False
34,FusiformNorm,-205.75810705643275,False
34,WholeBrainNorm,2040.7870082317036,False
34,MMSE,169.06717380248583,False
34,ABETA,-44.97692741086158,False
34,RAVLT_immediate,121.01400260376086,False
34,VentricleNorm,-78.67635939310702,False
34,HippocampusNorm,95.81121907033739,False
34,MidTempNorm,136.7720285770202,False
34,ADAS13,-267.00656575823854,False
34,PTAU,58.280348120709284,False
34,TAU,-437.6772458549483,False
34,EntorhinalNorm,-355.1695901620743,False
35,FusiformNorm,330.68654413518016,False
35,WholeBrainNorm,1411.2434002442942,False
35,MMSE,46.49177657637392,False
35,ABETA,125.22317790627513,False
35,RAVLT_immediate,653.511558530028,False
35,VentricleNorm,127.19028299249497,False
35,HippocampusNorm,283.2809022495676,False
35,MidTempNorm,64.7487332217573,False
35,ADAS13,-259.43950787480065,False
35,PTAU,169.0089423637474,False
35,TAU,134.83159022986763,False
35,EntorhinalNorm,-394.69719291674664,False
36,FusiformNorm,-15.765470181415106,True
36,WholeBrainNorm,766.0369300248177,True
36,MMSE,-150.5323178348388,True
36,ABETA,107.9804554527955,True
36,RAVLT_immediate,-124.50205696518658,True
36,VentricleNorm,-52.7791837995062,True
36,HippocampusNorm,-558.8734442607497,True
36,MidTempNorm,-44.02611314773408,True
36,ADAS13,199.67585459217847,True
36,PTAU,-760.8464442633679,True
36,TAU,93.94763436441993,True
36,EntorhinalNorm,-244.42777405491512,True
37,FusiformNorm,-265.08293673907514,True
37,WholeBrainNorm,558.4794817122146,True
37,MMSE,-192.1853105125905,True
37,ABETA,-74.91989214603336,True
37,RAVLT_immediate,-306.5373152477306,True
37,VentricleNorm,-160.89342351419708,True
37,HippocampusNorm,247.41147226219783,True
37,MidTempNorm,115.00475774785895,True
37,ADAS13,-459.3451782628548,True
37,PTAU,137.3865984306052,True
37,TAU,492.4932727231651,True
37,EntorhinalNorm,-420.8501716807729,True
38,FusiformNorm,-116.35105460010871,True
38,WholeBrainNorm,-66.23285417905565,True
38,MMSE,-150.44131963170685,True
38,ABETA,93.1918325626866,True
38,RAVLT_immediate,68.5373025504563,True
38,VentricleNorm,490.35404593996543,True
38,HippocampusNorm,-781.3727744592861,True
38,MidTempNorm,-120.57527200211268,True
38,ADAS13,370.3391073032131,True
38,PTAU,-766.8743805306325,True
38,TAU,-546.8184673324713,True
38,EntorhinalNorm,264.4889981718286,True
39,FusiformNorm,12.819822163923291,True
39,WholeBrainNorm,-235.0623046609693,True
39,MMSE,46.97158849836992,True
39,ABETA,76.39990835731516,True
39,RAVLT_immediate,344.97216494199927,True
39,VentricleNorm,388.39424696212893,True
39,HippocampusNorm,257.3973134469291,True
39,MidTempNorm,25.569614112379618,True
39,ADAS13,-275.18985295177873,True
39,PTAU,64.96280603966417,True
39,TAU,-74.50743770214692,True
39,EntorhinalNorm,-510.2804828233666,True
40,FusiformNorm,126.58746009788115,True
40,WholeBrainNorm,239.20082405193045,True
40,MMSE,-150.29899826517712,True
40,ABETA,54.84010652396438,True
40,RAVLT_immediate,68.78987122652529,True
40,VentricleNorm,118.99791329920451,True
40,HippocampusNorm,202.55817216680055,True
40,MidTempNorm,348.5355311965178,True
40,ADAS13,-257.4834849948068,True
40,PTAU,-49.308694664937704,True
40,TAU,323.28668749102115,True
40,EntorhinalNorm,-216.77701504560525,True
41,FusiformNorm,42.413949363439365,False
41,WholeBrainNorm,34.383801851301214,False
41,MMSE,184.60494873722575,False
41,ABETA,-168.51824973001777,False
41,RAVLT_immediate,-43.59057302187824,False
41,VentricleNorm,191.25663326856136,False
41,HippocampusNorm,392.9713507934369,False
41,MidTempNorm,242.6487984572123,False
41,ADAS13,-465.4191197513967,False
41,PTAU,-25.12590187909029,False
41,TAU,-193.3139539589154,False
41,EntorhinalNorm,-246.87647540323186,False
42,FusiformNorm,87.34067580920603,False
42,WholeBrainNorm,-58.22832818462192,False
42,MMSE,39.113978989931695,False
42,ABETA,74.95424538121847,False
42,RAVLT_immediate,185.87653017338027,False
42,VentricleNorm,103.64459133293805,False
42,HippocampusNorm,491.9353156810683,False
42,MidTempNorm,104.1355064875557,False
42,ADAS13,-227.08739705623248,False
42,PTAU,-9.3411998427699,False
42,TAU,-83.90623437645638,False
42,EntorhinalNorm,-612.1422749488498,False
43,FusiformNorm,-27.54135906174593,True
43,WholeBrainNorm,959.7241675426801,True
43,MMSE,-150.40892562764714,True
43,ABETA,15.183004291360177,True
43,RAVLT_immediate,67.68067610006116,True
43,VentricleNorm,-242.41452834286707,True
43,HippocampusNorm,-614.6461554170024,True
43,MidTempNorm,-72.11464162826168,True
43,ADAS13,271.25138067189454,True
43,PTAU,-708.6450108112915,True
43,TAU,-15.8068371067124,True
43,EntorhinalNorm,-519.334739122514,True
44,FusiformNorm,-231.22554077700948,False
44,WholeBrainNorm,1992.0782407920492,False
44,MMSE,-80.11408373303266,False
44,ABETA,-38.721063903622216,False
44,RAVLT_immediate,288.1345840958156,False
44,VentricleNorm,185.17502781617875,False
44,HippocampusNorm,426.7801051642132,False
44,MidTempNorm,-96.80850057662694,False
44,ADAS13,-287.80685714023,False
44,PTAU,-47.39053783960054,False
44,TAU,-13.900135925603902,False
44,EntorhinalNorm,-103.52292694252169,False
45,FusiformNorm,-99.26441903647991,True
45,WholeBrainNorm,1156.921683098917,True
45,MMSE,135.53648040743772,True
45,ABETA,-49.65392060048844,True
45,RAVLT_immediate,-472.57903099385186,True
45,VentricleNorm,189.748140455347,True
45,HippocampusNorm,483.2269436597718,True
45,MidTempNorm,149.66852410663753,True
45,ADAS13,-321.260084324593,True
45,PTAU,195.4388781953213,True
45,TAU,4.975654939770244,True
45,EntorhinalNorm,-527.9860410457136,True
46,FusiformNorm,-109.61861872684365,False
46,WholeBrainNorm,1060.235765601541,False
46,MMSE,-17.0813690728191,False
46,ABETA,125.22317790627513,False
46,RAVLT_immediate,-475.534192990144,False
46,VentricleNorm,78.25394860516582,False
46,HippocampusNorm,198.10445383747884,False
46,MidTempNorm,235.736733866448,False
46,ADAS13,-307.4497921027311,False
46,PTAU,60.57048281649951,False
46,TAU,352.7102270934375,False
46,EntorhinalNorm,-492.20356565001083,False
47,FusiformNorm,70.24035073186899,True
47,WholeBrainNorm,27.925324881091335,True
47,MMSE,-150.22508603296473,True
47,ABETA,-168.51824973001777,True
47,RAVLT_immediate,-276.5955386050473,True
47,VentricleNorm,125.27078079210092,True
47,HippocampusNorm,405.7226509672215,True
47,MidTempNorm,121.40665918775395,True
47,ADAS13,-334.17928260984877,True
47,PTAU,126.5927319044641,True
47,TAU,-72.81686591118256,True
47,EntorhinalNorm,-195.7199197061717,True
48,FusiformNorm,-138.1469078535182,False
48,WholeBrainNorm,461.79221870069716,False
48,MMSE,-8.780343569021198,False
48,ABETA,67.99064340897841,False
48,RAVLT_immediate,-895.2095463272028,False
48,VentricleNorm,290.1559912382478,False
48,HippocampusNorm,182.44552004621735,False
48,MidTempNorm,181.84886930383826,False
48,ADAS13,-442.8805016300781,False
48,PTAU,183.76110662696152,False
48,TAU,46.21305542367851,False
48,EntorhinalNorm,-429.59666181623055,False
49,FusiformNorm,-59.17440537403386,True
49,WholeBrainNorm,293.1798019788794,True
49,MMSE,-150.67831793709178,True
49,ABETA,-10.549314226921345,True
49,RAVLT_immediate,-574.9861538207118,True
49,VentricleNorm,-33.860448543492815,True
49,HippocampusNorm,171.98947436456913,True
49,MidTempNorm,94.10489220228698,True
49,ADAS13,-279.6920469540169,True
49,PTAU,88.97961103276717,True
49,TAU,519.5418425210645,True
49,EntorhinalNorm,-92.02989844478279,True
50,FusiformNorm,-66.68247491771653,True
50,WholeBrainNorm,1601.488668897739,True
50,MMSE,65.08365044600674,True
50,ABETA,-146.78774363939047,True
50,RAVLT_immediate,1133.1790701485295,True
50,VentricleNorm,170.18402017609893,True
50,HippocampusNorm,577.577110263414,True
50,MidTempNorm,198.41332824214956,True
50,ADAS13,-462.4779681077247,True
50,PTAU,-36.212325969362965,True
50,TAU,51.8685653547022,True
50,EntorhinalNorm,-323.74639679364867,True
51,FusiformNorm,89.15896203541308,False
51,WholeBrainNorm,-441.7260940442285,False
51,MMSE,-84.20300766457379,False
51,ABETA,-23.159565682718043,False
51,RAVLT_immediate,-75.33997120459826,False
51,VentricleNorm,173.71741681897385,False
51,HippocampusNorm,231.867597459782,False
51,MidTempNorm,227.34657335838006,False
51,ADAS13,-250.34954900999327,False
51,PTAU,176.6203082482593,False
51,TAU,-154.4153067849257,False
51,EntorhinalNorm,-244.3304732733967,False
52,FusiformNorm,229.9041907224034,True
52,WholeBrainNorm,959.7241675426801,True
52,MMSE,-151.04435285126766,True
52,ABETA,44.911355469592564,True
52,RAVLT_immediate,744.1501622626125,True
52,VentricleNorm,-64.49254250450642,True
52,HippocampusNorm,-750.6837912970025,True
52,MidTempNorm,-29.14357832138487,True
52,ADAS13,840.0578433747366,True
52,PTAU,-703.5426278406269,True
52,TAU,-170.8837020970595,True
52,EntorhinalNorm,-683.2180653952043,True
53,FusiformNorm,-37.749689713562574,False
53,WholeBrainNorm,2165.489693138077,False
53,MMSE,344.12998345277396,False
53,ABETA,-52.53068351599451,False
53,RAVLT_immediate,404.66573381803846,False
53,VentricleNorm,218.7994327269986,False
53,HippocampusNorm,387.87767797056125,False
53,MidTempNorm,158.15835340788988,False
53,ADAS13,-308.78877589720963,False
53,PTAU,-63.32466123317156,False
53,TAU,619.1731386338607,False
53,EntorhinalNorm,-692.4428956886746,False
54,FusiformNorm,-124.5757105967416,True
54,WholeBrainNorm,-509.6690823729434,True
54,MMSE,-150.90332690789663,True
54,ABETA,10.633609500298746,True
54,RAVLT_immediate,454.46403857582413,True
54,VentricleNorm,-11.752157756085424,True
54,HippocampusNorm,-673.5864492439845,True
54,MidTempNorm,-59.981147632400294,True
54,ADAS13,-178.92238231191214,True
54,PTAU,-726.8560226132549,True
54,TAU,-617.0903759339362,True
54,EntorhinalNorm,380.5545325382049,True
55,FusiformNorm,32.54968459468478,True
55,WholeBrainNorm,959.7241675426801,True
55,MMSE,-150.13516295311734,True
55,ABETA,14.230624472850767,True
55,RAVLT_immediate,-582.9721269338472,True
55,VentricleNorm,-195.02418377399843,True
55,HippocampusNorm,-724.9693044380642,True
55,MidTempNorm,-106.94188437163749,True
55,ADAS13,-462.0464933123659,True
55,PTAU,88.86468780256746,True
55,TAU,379.46727904843976,True
55,EntorhinalNorm,-245.30092471783874,True
56,FusiformNorm,-35.579192231312256,True
56,WholeBrainNorm,41.29055524014652,True
56,MMSE,-150.401942425277,True
56,ABETA,-110.88394081022827,True
56,RAVLT_immediate,594.0913826600831,True
56,VentricleNorm,490.35404593996543,True
56,HippocampusNorm,-139.93628691306077,True
56,MidTempNorm,-46.19091390365588,True
56,ADAS13,-266.1157745698563,True
56,PTAU,-628.8126846819036,True
56,TAU,-1083.9012694259352,True
56,EntorhinalNorm,-438.26876191052276,True
57,FusiformNorm,50.89355599973392,True
57,WholeBrainNorm,228.82652077492946,True
57,MMSE,-150.18005626358536,True
57,ABETA,-80.1679849772994,True
57,RAVLT_immediate,204.2878666463703,True
57,VentricleNorm,-143.71807952484002,True
57,HippocampusNorm,-491.6826000310974,True
57,MidTempNorm,-75.11316379518458,True
57,ADAS13,156.14305987131064,True
57,PTAU,72.88086081895983,True
57,TAU,-62.18527980205169,True
57,EntorhinalNorm,-487.32894063616715,True
58,FusiformNorm,167.3404080123991,True
58,WholeBrainNorm,344.87519327762413,True
58,MMSE,-150.55538802877624,True
58,ABETA,-119.15306549827173,True
58,RAVLT_immediate,180.50881096503954,True
58,VentricleNorm,-363.28321300484885,True
58,HippocampusNorm,-771.3325425311208,True
58,MidTempNorm,188.6714779794733,True
58,ADAS13,-299.45241311008454,True
58,PTAU,137.6668654958048,True
58,TAU,-65.46849707015079,True
58,EntorhinalNorm,-339.04975967197663,True
59,FusiformNorm,-95.13559074368918,True
59,WholeBrainNorm,219.16854573272516,True
59,MMSE,-150.4787442582497,True
59,ABETA,22.06540078008044,True
59,RAVLT_immediate,562.7993340732794,True
59,VentricleNorm,289.74437422591063,True
59,HippocampusNorm,-732.1864498215447,True
59,MidTempNorm,-57.81101327161171,True
59,ADAS13,-374.77994819220345,True
59,PTAU,75.08382852307837,True
59,TAU,-219.89994155118748,True
59,EntorhinalNorm,-166.25498509882152,True
60,FusiformNorm,127.66801124666691,False
60,WholeBrainNorm,453.59651769057155,False
60,MMSE,18.618320365372952,False
60,ABETA,125.22317790627513,False
60,RAVLT_immediate,49.74433012844263,False
60,VentricleNorm,388.39424696212893,False
60,HippocampusNorm,251.10784287031254,False
60,MidTempNorm,274.84361231538327,False
60,ADAS13,-172.06820630795804,False
60,PTAU,183.39161711570736,False
60,TAU,62.73378838840611,False
60,EntorhinalNorm,-514.8785248122543,False
61,FusiformNorm,-122.51282808917104,True
61,WholeBrainNorm,408.1284430938011,True
61,MMSE,33.739721356943434,True
61,ABETA,108.17751591088626,True
61,RAVLT_immediate,917.6847822181189,True
61,VentricleNorm,120.37102548816503,True
61,HippocampusNorm,243.71331590701803,True
61,MidTempNorm,-42.849716144095325,True
61,ADAS13,-330.727393088747,True
61,PTAU,-8.260191369864954,True
61,TAU,-148.1868974200673,True
61,EntorhinalNorm,-262.40037374659966,True
62,FusiformNorm,-194.58314842487422,False
62,WholeBrainNorm,1531.101835862378,False
62,MMSE,31.180979020189582,False
62,ABETA,-13.99917866926352,False
62,RAVLT_immediate,1343.1561348215694,False
62,VentricleNorm,269.5636053234972,False
62,HippocampusNorm,443.5833262993873,False
62,MidTempNorm,-69.98102665822888,False
62,ADAS13,-356.8965839087092,False
62,PTAU,-6.916630613200065,False
62,TAU,-98.66167795756368,False
62,EntorhinalNorm,-370.30217448390965,False
63,FusiformNorm,86.48489034931794,True
63,WholeBrainNorm,248.9503307331446,True
63,MMSE,-150.60091689748137,True
63,ABETA,74.53875969376263,True
63,RAVLT_immediate,424.18447595914415,True
63,VentricleNorm,275.52049207086463,True
63,HippocampusNorm,-399.4671470928571,True
63,MidTempNorm,-69.84873220541584,True
63,ADAS13,-8.859155970829976,True
63,PTAU,25.039788077655036,True
63,TAU,120.74334441709713,True
63,EntorhinalNorm,-662.5811883139944,True
64,FusiformNorm,10.459168050960763,True
64,WholeBrainNorm,281.69772158352777,True
64,MMSE,-150.7748207169295,True
64,ABETA,-8.490029807747938,True
64,RAVLT_immediate,-111.7059141178746,True
64,VentricleNorm,385.98602660233024,True
64,HippocampusNorm,-573.6238302477233,True
64,MidTempNorm,-68.23631000408453,True
64,ADAS13,61.531211154699605,True
64,PTAU,110.2690295169065,True
64,TAU,351.8099701809972,True
64,EntorhinalNorm,-191.60620096384838,True
65,FusiformNorm,-78.21061757696586,True
65,WholeBrainNorm,580.7866963053599,True
65,MMSE,-150.13594909118154,True
65,ABETA,-4.7639864122313025,True
65,RAVLT_immediate,-936.1291643990515,True
65,VentricleNorm,-85.68384653641105,True
65,HippocampusNorm,287.1144532927903,True
65,MidTempNorm,-79.81136494390223,True
65,ADAS13,1072.48744110602,True
65,PTAU,-692.3683409133837,True
65,TAU,-1070.2998728191353,True
65,EntorhinalNorm,355.37919999239364,True
66,FusiformNorm,-100.45701678396571,True
66,WholeBrainNorm,637.5845282523753,True
66,MMSE,-150.39017746918492,True
66,ABETA,-5.240961869925874,True
66,RAVLT_immediate,211.79420849920442,True
66,VentricleNorm,121.04316365903726,True
66,HippocampusNorm,507.36757122329647,True
66,MidTempNorm,238.61774596426253,True
66,ADAS13,-361.1719238147942,True
66,PTAU,203.3176502432294,True
66,TAU,217.93659940283266,True
66,EntorhinalNorm,-637.0385426871848,True
67,FusiformNorm,104.0768946003688,True
67,WholeBrainNorm,164.35746518651317,True
67,MMSE,-150.3056872323631,True
67,ABETA,107.4776723693547,True
67,RAVLT_immediate,307.10315097025466,True
67,VentricleNorm,329.9690165272217,True
67,HippocampusNorm,226.31676125518825,True
67,MidTempNorm,301.73791354647506,True
67,ADAS13,-317.46715167501264,True
67,PTAU,94.38773215904705,True
67,TAU,-152.37225819014657,True
67,EntorhinalNorm,-507.58527279842184,True
68,FusiformNorm,-0.38241817437088343,True
68,WholeBrainNorm,-509.6690823729434,True
68,MMSE,-150.26516557179843,True
68,ABETA,58.60542065566397,True
68,RAVLT_immediate,-936.1291643990515,True
68,VentricleNorm,490.35404593996543,True
68,HippocampusNorm,-466.52589524965816,True
68,MidTempNorm,-48.87257481828597,True
68,ADAS13,633.846104007186,True
68,PTAU,-588.0203215447184,True
68,TAU,-599.2116652117738,True
68,EntorhinalNorm,-183.46302083045273,True
69,FusiformNorm,-133.41433138836217,True
69,WholeBrainNorm,825.3010782387597,True
69,MMSE,-150.372748874663,True
69,ABETA,-22.24108393040137,True
69,RAVLT_immediate,206.40934473526417,True
69,VentricleNorm,194.03655076807098,True
69,HippocampusNorm,-869.4793485934738,True
69,MidTempNorm,-88.50133248340623,True
69,ADAS13,-539.6973266760533,True
69,PTAU,-769.5018775019947,True
69,TAU,-166.4862988908934,True
69,EntorhinalNorm,155.98816495129196,True
70,FusiformNorm,-197.43124059692758,True
70,WholeBrainNorm,647.4039365962285,True
70,MMSE,-150.65176197371486,True
70,ABETA,1.5795994197566605,True
70,RAVLT_immediate,664.4863400515329,True
70,VentricleNorm,-72.63864054502358,True
70,HippocampusNorm,-520.2017716438658,True
70,MidTempNorm,-62.736818938921076,True
70,ADAS13,31.466495969825466,True
70,PTAU,-637.4448719592694,True
70,TAU,10.540110995135887,True
70,EntorhinalNorm,-207.33346486343663,True
71,FusiformNorm,-5.812382740668156,True
71,WholeBrainNorm,-39.61987033561211,True
71,MMSE,-150.2890271691612,True
71,ABETA,83.62468427324757,True
71,RAVLT_immediate,-45.5287709762263,True
71,VentricleNorm,-94.76813813863484,True
71,HippocampusNorm,-545.7157942131988,True
71,MidTempNorm,-78.38389534779515,True
71,ADAS13,-326.4886646457876,True
71,PTAU,145.02989304595354,True
71,TAU,178.3345436068165,True
71,EntorhinalNorm,-466.47664649295615,True
72,FusiformNorm,173.389615870043,True
72,WholeBrainNorm,194.3549849736646,True
72,MMSE,-150.66887746012813,True
72,ABETA,-72.82087499153019,True
72,RAVLT_immediate,744.1501622626125,True
72,VentricleNorm,-49.289046026253345,True
72,HippocampusNorm,604.6214676820706,True
72,MidTempNorm,-82.19008133377878,True
72,ADAS13,-172.31262502477475,True
72,PTAU,66.04904417639901,True
72,TAU,359.3008239092608,True
72,EntorhinalNorm,-459.1463926933789,True
73,FusiformNorm,189.9119162919509,True
73,WholeBrainNorm,-344.925978777298,True
73,MMSE,-149.6236566515968,True
73,ABETA,14.747227295542046,True
73,RAVLT_immediate,449.1881352450238,True
73,VentricleNorm,220.91258439571342,True
73,HippocampusNorm,-565.8397323686477,True
73,MidTempNorm,-44.96811250422933,True
73,ADAS13,-454.96785540759333,True
73,PTAU,142.59055739197407,True
73,TAU,450.15853103759383,True
73,EntorhinalNorm,-286.1452374864492,True
74,FusiformNorm,122.75202330883589,False
74,WholeBrainNorm,1103.2517760165438,False
74,MMSE,-173.17126076511363,False
74,ABETA,-27.920065353132024,False
74,RAVLT_immediate,-76.69219467151517,False
74,VentricleNorm,61.20848256854808,False
74,HippocampusNorm,516.2203029780308,False
74,MidTempNorm,94.1950923903603,False
74,ADAS13,-321.103347923375,False
74,PTAU,178.28373505403437,False
74,TAU,-65.28091704639473,False
74,EntorhinalNorm,-400.94655551567655,False
75,FusiformNorm,-184.97153094589027,True
75,WholeBrainNorm,333.99012419271196,True
75,MMSE,-150.34139469363612,True
75,ABETA,-119.15306549827173,True
75,RAVLT_immediate,-100.07600263552482,True
75,VentricleNorm,281.0386682854973,True
75,HippocampusNorm,587.031726857029,True
75,MidTempNorm,99.51472826358686,True
75,ADAS13,-294.796496134856,True
75,PTAU,10.617564270254011,True
75,TAU,-399.13048874858896,True
75,EntorhinalNorm,-495.645898346943,True
76,FusiformNorm,-71.52687819769734,False
76,WholeBrainNorm,2165.489693138077,False
76,MMSE,6.190252318859526,False
76,ABETA,-3.4693414126594337,False
76,RAVLT_immediate,-508.9426235976168,False
76,VentricleNorm,124.22429678563073,False
76,HippocampusNorm,438.04443726354884,False
76,MidTempNorm,236.70877605865874,False
76,ADAS13,-274.110952437908,False
76,PTAU,5.9374485650071165,False
76,TAU,341.1592701676049,False
76,EntorhinalNorm,-575.8733185636119,False
77,FusiformNorm,-167.4805958759589,True
77,WholeBrainNorm,183.81208309823091,True
77,MMSE,-150.81687937257155,True
77,ABETA,-24.644839714424656,True
77,RAVLT_immediate,-522.9694181958348,True
77,VentricleNorm,380.93267163967636,True
77,HippocampusNorm,278.51913395970894,True
77,MidTempNorm,142.31916203264115,True
77,ADAS13,-454.7346757602383,True
77,PTAU,111.86753221586672,True
77,TAU,-302.76518594651725,True
77,EntorhinalNorm,-174.88925695094986,True
78,FusiformNorm,-45.46216448502442,True
78,WholeBrainNorm,630.4936758517035,True
78,MMSE,-16.99752798946485,True
78,ABETA,-31.03462669735876,True
78,RAVLT_immediate,-1430.4357093410101,True
78,VentricleNorm,322.1157394148092,True
78,HippocampusNorm,463.47198171515186,True
78,MidTempNorm,88.3519968392296,True
78,ADAS13,-457.81228176490157,True
78,PTAU,64.66685246389045,True
78,TAU,48.50093927805814,True
78,EntorhinalNorm,-247.0989575566715,True
79,FusiformNorm,233.10846953679618,True
79,WholeBrainNorm,702.4317275355187,True
79,MMSE,-150.06535559542925,True
79,ABETA,-65.52912389617404,True
79,RAVLT_immediate,339.57903887506785,True
79,VentricleNorm,425.62437815374403,True
79,HippocampusNorm,-662.2716444305049,True
79,MidTempNorm,-75.77322553753723,True
79,ADAS13,-256.3481132397303,True
79,PTAU,305.09970573332504,True
79,TAU,-87.44792174494779,True
79,EntorhinalNorm,-724.5059671385897,True
80,FusiformNorm,-57.85301330544031,True
80,WholeBrainNorm,322.47382021335255,True
80,MMSE,-150.30653615911967,True
80,ABETA,-4.906232643559053,True
80,RAVLT_immediate,-289.9046908189234,True
80,VentricleNorm,490.35404593996543,True
80,HippocampusNorm,-599.3470596860404,True
80,MidTempNorm,279.37726547060066,True
80,ADAS13,-457.12339520249617,True
80,PTAU,168.03273821522208,True
80,TAU,81.63174912758973,True
80,EntorhinalNorm,-259.45299109223487,True
81,FusiformNorm,-125.82949838834182,False
81,WholeBrainNorm,-86.3276666512829,False
81,MMSE,-252.74564675333383,False
81,ABETA,-14.780601406497983,False
81,RAVLT_immediate,143.65642142146316,False
81,VentricleNorm,247.69575797101103,False
81,HippocampusNorm,487.3447433487734,False
81,MidTempNorm,78.5853301530189,False
81,ADAS13,-350.21996466162636,False
81,PTAU,142.44180123198385,False
81,TAU,-120.71459539406182,False
81,EntorhinalNorm,-594.1757475912278,False
82,FusiformNorm,-198.9173851079221,True
82,WholeBrainNorm,-199.12501739557933,True
82,MMSE,-150.3206594186555,True
82,ABETA,-69.59845021330693,True
82,RAVLT_immediate,-45.241845184818516,True
82,VentricleNorm,261.3512410664234,True
82,HippocampusNorm,379.4020593727755,True
82,MidTempNorm,184.76431422801036,True
82,ADAS13,-309.22978704663507,True
82,PTAU,42.44038637494245,True
82,TAU,419.037478810566,True
82,EntorhinalNorm,-141.04715199196215,True
83,FusiformNorm,60.03619055586169,False
83,WholeBrainNorm,547.5060996756033,False
83,MMSE,27.69246372910146,False
83,ABETA,-100.01048701689099,False
83,RAVLT_immediate,-293.50961161659694,False
83,VentricleNorm,388.39424696212893,False
83,HippocampusNorm,218.8442689869339,False
83,MidTempNorm,249.26833593012688,False
83,ADAS13,-293.1093074173356,False
83,PTAU,134.97335259435624,False
83,TAU,276.6853248262764,False
83,EntorhinalNorm,-736.4589318596957,False
84,FusiformNorm,26.12668979439576,True
84,WholeBrainNorm,-71.57940318142781,True
84,MMSE,-150.3637613620869,True
84,ABETA,36.657655694730856,True
84,RAVLT_immediate,-396.8010863478586,True
84,VentricleNorm,-213.84676507982905,True
84,HippocampusNorm,-242.1887485464355,True
84,MidTempNorm,145.10302971129317,True
84,ADAS13,-306.99597888806915,True
84,PTAU,185.54631402156318,True
84,TAU,-51.92734791669115,True
84,EntorhinalNorm,-311.3420992932624,True
85,FusiformNorm,-91.58568879696371,True
85,WholeBrainNorm,516.3244710506905,True
85,MMSE,-151.12922785630704,True
85,ABETA,99.93274804777597,True
85,RAVLT_immediate,-80.10702451860365,True
85,VentricleNorm,-53.64327001445504,True
85,HippocampusNorm,-192.22174421783353,True
85,MidTempNorm,-95.12309640257429,True
85,ADAS13,-504.09684458617494,True
85,PTAU,-643.9605526099789,True
85,TAU,-501.1123645057529,True
85,EntorhinalNorm,98.66675748937104,True
86,FusiformNorm,-69.39344919355936,True
86,WholeBrainNorm,959.7241675426801,True
86,MMSE,-149.6236566515968,True
86,ABETA,66.17474738853569,True
86,RAVLT_immediate,68.1800162224357,True
86,VentricleNorm,-424.74152392651786,True
86,HippocampusNorm,-668.9794085491602,True
86,MidTempNorm,93.24635031876329,True
86,ADAS13,-315.69467987207366,True
86,PTAU,-37.741980435404265,True
86,TAU,-192.9892718586039,True
86,EntorhinalNorm,-624.3852346058451,True
87,FusiformNorm,132.47174278759118,True
87,WholeBrainNorm,959.7241675426801,True
87,MMSE,-150.33723951686258,True
87,ABETA,20.762360554370073,True
87,RAVLT_immediate,-64.72678750804909,True
87,VentricleNorm,219.49135822796782,True
87,HippocampusNorm,-635.9542534746547,True
87,MidTempNorm,-84.59510722183113,True
87,ADAS13,986.6374886385742,True
87,PTAU,109.45091215303924,True
87,TAU,83.2584915804342,True
87,EntorhinalNorm,-238.43371640624113,True
88,FusiformNorm,-19.987056889980686,True
88,WholeBrainNorm,212.68246546983897,True
88,MMSE,-149.6236566515968,True
88,ABETA,-9.432613589922262,True
88,RAVLT_immediate,-222.93677964760494,True
88,VentricleNorm,-590.9444849950609,True
88,HippocampusNorm,-803.3706598462846,True
88,MidTempNorm,-70.70104841711992,True
88,ADAS13,355.974765487583,True
88,PTAU,-588.1697871132902,True
88,TAU,-101.67119015905853,True
88,EntorhinalNorm,-66.57555169946235,True
89,FusiformNorm,-5.058495568130603,True
89,WholeBrainNorm,554.9809502857029,True
89,MMSE,-150.54384421200692,True
89,ABETA,-13.694842788842056,True
89,RAVLT_immediate,-64.20371334069789,True
89,VentricleNorm,388.39424696212893,True
89,HippocampusNorm,474.892204224665,True
89,MidTempNorm,151.94798575592318,True
89,ADAS13,-162.1810847405487,True
89,PTAU,103.9126506929713,True
89,TAU,-115.10928535101097,True
89,EntorhinalNorm,-101.51260730365665,True
90,FusiformNorm,-155.17456616835182,False
90,WholeBrainNorm,445.03416834698083,False
90,MMSE,373.72969210605265,False
90,ABETA,53.06483998445458,False
90,RAVLT_immediate,1343.1561348215694,False
90,VentricleNorm,373.86641140476206,False
90,HippocampusNorm,408.2376254916835,False
90,MidTempNorm,32.88428521658358,False
90,ADAS13,-187.58008155537044,False
90,PTAU,206.90188181414678,False
90,TAU,-310.8163724548216,False
90,EntorhinalNorm,-532.2709637142507,False
91,FusiformNorm,-67.06957138031117,True
91,WholeBrainNorm,386.87830294716605,True
91,MMSE,-150.40986491623855,True
91,ABETA,36.82439514626828,True
91,RAVLT_immediate,1343.1561348215694,True
91,VentricleNorm,-31.967866385988636,True
91,HippocampusNorm,324.1810564229735,True
91,MidTempNorm,-107.54314544870165,True
91,ADAS13,-166.2322278252388,True
91,PTAU,20.53345276888682,True
91,TAU,-397.3955267057393,True
91,EntorhinalNorm,-197.0838048727667,True
92,FusiformNorm,70.06892861372908,False
92,WholeBrainNorm,939.8544931219815,False
92,MMSE,268.2393487265715,False
92,ABETA,-51.633397682131125,False
92,RAVLT_immediate,-179.6259027986781,False
92,VentricleNorm,388.39424696212893,False
92,HippocampusNorm,104.59503701469777,False
92,MidTempNorm,-54.385569183689014,False
92,ADAS13,-311.48688148245014,False
92,PTAU,164.3413298977805,False
92,TAU,25.00890919858998,False
92,EntorhinalNorm,-253.262274902575,False
93,FusiformNorm,-55.761155796992625,True
93,WholeBrainNorm,41.68339081222746,True
93,MMSE,-150.7013586740136,True
93,ABETA,-7.6658957795444085,True
93,RAVLT_immediate,767.8107468601653,True
93,VentricleNorm,68.19642867768471,True
93,HippocampusNorm,295.7671706431011,True
93,MidTempNorm,233.01866833924808,True
93,ADAS13,-318.43558868602383,True
93,PTAU,224.72239401173746,True
93,TAU,-183.25549218632216,True
93,EntorhinalNorm,-652.8149236135224,True
94,FusiformNorm,162.2955227916948,True
94,WholeBrainNorm,504.3789860805758,True
94,MMSE,-150.30119937766105,True
94,ABETA,40.00676255817021,True
94,RAVLT_immediate,7.115191244548342,True
94,VentricleNorm,263.84421094898477,True
94,HippocampusNorm,445.8113399840064,True
94,MidTempNorm,288.4832450799261,True
94,ADAS13,-288.87816851282923,True
94,PTAU,222.19049274439882,True
94,TAU,-87.38902315604912,True
94,EntorhinalNorm,-17.725946337978463,True
95,FusiformNorm,-65.66014653438619,True
95,WholeBrainNorm,265.5490147650878,True
95,MMSE,-150.22462373860824,True
95,ABETA,13.787760189765333,True
95,RAVLT_immediate,-357.25552996608457,True
95,VentricleNorm,388.39424696212893,True
95,HippocampusNorm,525.4806681750325,True
95,MidTempNorm,-98.51580075572588,True
95,ADAS13,-231.37945622183932,True
95,PTAU,99.90757806774778,True
95,TAU,125.08303339539843,True
95,EntorhinalNorm,-137.39891233948154,True
96,FusiformNorm,18.814308632163588,True
96,WholeBrainNorm,627.8802790169151,True
96,MMSE,-150.2706323747781,True
96,ABETA,63.857686239652054,True
96,RAVLT_immediate,-83.98206912535733,True
96,VentricleNorm,-92.76254315674072,True
96,HippocampusNorm,-869.1836649853892,True
96,MidTempNorm,-48.173012605689266,True
96,ADAS13,1019.0695873354459,True
96,PTAU,-750.943501665599,True
96,TAU,-103.51430788855998,True
96,EntorhinalNorm,-440.0027516523802,True
97,FusiformNorm,37.84594562080742,True
97,WholeBrainNorm,772.1323611511629,True
97,MMSE,-151.138278749891,True
97,ABETA,-6.0756492994459546,True
97,RAVLT_immediate,628.8278262046094,True
97,VentricleNorm,-137.92620720549405,True
97,HippocampusNorm,477.82897302070035,True
97,MidTempNorm,21.302969718095845,True
97,ADAS13,-468.13052461147174,True
97,PTAU,6.6159686668634645,True
97,TAU,396.4588211970992,True
97,EntorhinalNorm,-157.6751641374312,True
98,FusiformNorm,-47.54226670890583,False
98,WholeBrainNorm,-1124.291983925441,False
98,MMSE,22.088690579886425,False
98,ABETA,-89.70987028998812,False
98,RAVLT_immediate,1019.7323516993949,False
98,VentricleNorm,155.0798517267595,False
98,HippocampusNorm,174.41496936900867,False
98,MidTempNorm,368.7564206484305,False
98,ADAS13,-340.0154887544989,False
98,PTAU,2.489061625271898,False
98,TAU,-120.18839054276582,False
98,EntorhinalNorm,-554.8558336073072,False
99,FusiformNorm,-41.803217351298954,True
99,WholeBrainNorm,-503.8225047483519,True
99,MMSE,-150.01758954470571,True
99,ABETA,13.360345341322999,True
99,RAVLT_immediate,346.75660785275215,True
99,VentricleNorm,-347.19049297693266,True
99,HippocampusNorm,-243.88562055833697,True
99,MidTempNorm,-75.14795557432554,True
99,ADAS13,301.7050744546436,True
99,PTAU,-688.1382059567878,True
99,TAU,463.2669599012482,True
99,EntorhinalNorm,-189.49042914478483,True
100,FusiformNorm,-72.09846583294032,False
100,WholeBrainNorm,2165.489693138077,False
100,MMSE,350.8898745173208,False
100,ABETA,34.537707288101515,False
100,RAVLT_immediate,422.93848529797833,False
100,VentricleNorm,102.74403019298954,False
100,HippocampusNorm,213.18316168730263,False
100,MidTempNorm,414.78578655587785,False
100,ADAS13,-276.6799316461677,False
100,PTAU,-84.25491494815343,False
100,TAU,-122.93464778745852,False
100,EntorhinalNorm,-140.753346681426,False
101,FusiformNorm,-63.404730532974895,True
101,WholeBrainNorm,401.7428735987027,True
101,MMSE,-150.52448244103323,True
101,ABETA,-119.15306549827173,True
101,RAVLT_immediate,195.98831014133472,True
101,VentricleNorm,490.35404593996543,True
101,HippocampusNorm,-589.0939712623137,True
101,MidTempNorm,-67.55695141390497,True
101,ADAS13,111.40238867523144,True
101,PTAU,-767.9703893827128,True
101,TAU,55.18627736686541,True
101,EntorhinalNorm,-211.87439551015527,True
102,FusiformNorm,-296.2057872575702,False
102,WholeBrainNorm,-1035.2149057939155,False
102,MMSE,-258.5364578107066,False
102,ABETA,-73.5497020088558,False
102,RAVLT_immediate,-422.6643137759216,False
102,VentricleNorm,380.5816451632964,False
102,HippocampusNorm,164.32795909325736,False
102,MidTempNorm,289.56083448972055,False
102,ADAS13,-389.405359211644,False
102,PTAU,54.9283191712507,False
102,TAU,-102.97719254773543,False
102,EntorhinalNorm,-351.5805044287568,False
103,FusiformNorm,-11.988518885026462,True
103,WholeBrainNorm,866.8442484432159,True
103,MMSE,-150.6867446109133,True
103,ABETA,69.90895943907198,True
103,RAVLT_immediate,-108.56462328887358,True
103,VentricleNorm,-220.08245017384186,True
103,HippocampusNorm,-289.1553193794771,True
103,MidTempNorm,-44.462718780612455,True
103,ADAS13,1057.120146171928,True
103,PTAU,-609.6216231738806,True
103,TAU,-818.5608270461373,True
103,EntorhinalNorm,-415.35657132252214,True
104,FusiformNorm,-92.63647370663492,True
104,WholeBrainNorm,90.56053568283981,True
104,MMSE,-149.97463620495748,True
104,ABETA,27.300735120877114,True
104,RAVLT_immediate,1343.1561348215694,True
104,VentricleNorm,259.07106393492535,True
104,HippocampusNorm,548.5857593786541,True
104,MidTempNorm,159.2468274044831,True
104,ADAS13,-330.8817399065827,True
104,PTAU,-3.860411545316346,True
104,TAU,43.40278231094542,True
104,EntorhinalNorm,-247.0702496057898,True
105,FusiformNorm,64.64650266281643,True
105,WholeBrainNorm,568.2940105541172,True
105,MMSE,-150.51638818689855,True
105,ABETA,-78.09235030334386,True
105,RAVLT_immediate,-117.75257020580634,True
105,VentricleNorm,315.75648158620197,True
105,HippocampusNorm,-715.0119329166927,True
105,MidTempNorm,-50.47417645726206,True
105,ADAS13,-245.86962753240635,True
105,PTAU,111.36037142012323,True
105,TAU,312.14976608891936,True
105,EntorhinalNorm,-163.43106509632196,True
106,FusiformNorm,98.42143552991402,True
106,WholeBrainNorm,-503.8876797186698,True
106,MMSE,-150.5496879289207,True
106,ABETA,-21.320847104007342,True
106,RAVLT_immediate,744.1501622626125,True
106,VentricleNorm,258.70302217985886,True
106,HippocampusNorm,353.05024056315204,True
106,MidTempNorm,249.5764204179161,True
106,ADAS13,-338.259432726018,True
106,PTAU,178.15749370226573,True
106,TAU,94.71071749479174,True
106,EntorhinalNorm,-162.05034609363287,True
107,FusiformNorm,-201.6428459424396,True
107,WholeBrainNorm,-394.7742355398181,True
107,MMSE,-149.7638414952465,True
107,ABETA,29.53592863917386,True
107,RAVLT_immediate,744.1501622626125,True
107,VentricleNorm,393.79819853429876,True
107,HippocampusNorm,646.5022153011965,True
107,MidTempNorm,-87.15663286244819,True
107,ADAS13,385.7180310144882,True
107,PTAU,-569.0785336940487,True
107,TAU,-35.4704630212706,True
107,EntorhinalNorm,-460.9293731979619,True
108,FusiformNorm,52.55903135142396,False
108,WholeBrainNorm,757.2262515002517,False
108,MMSE,67.41696724188763,False
108,ABETA,-94.2211321302566,False
108,RAVLT_immediate,-121.79074036911874,False
108,VentricleNorm,140.72721599944765,False
108,HippocampusNorm,286.74803983975744,False
108,MidTempNorm,332.37091327720884,False
108,ADAS13,-471.98189114216495,False
108,PTAU,233.04694938073942,False
108,TAU,256.5129152161626,False
108,EntorhinalNorm,-493.9121552595986,False
109,FusiformNorm,-23.507283015707234,True
109,WholeBrainNorm,723.1582229177139,True
109,MMSE,-149.9001319008447,True
109,ABETA,113.50610354941179,True
109,RAVLT_immediate,-936.1291643990515,True
109,VentricleNorm,357.6725170358588,True
109,HippocampusNorm,-554.3052597338093,True
109,MidTempNorm,-62.80133455435747,True
109,ADAS13,578.2158708035533,True
109,PTAU,182.34491440363718,True
109,TAU,-459.52020511161714,True
109,EntorhinalNorm,-547.8784203223454,True
110,FusiformNorm,93.31935405035402,True
110,WholeBrainNorm,656.9846969711618,True
110,MMSE,-149.6236566515968,True
110,ABETA,49.0368807537564,True
110,RAVLT_immediate,322.46152017681516,True
110,VentricleNorm,329.29880637147227,True
110,HippocampusNorm,274.90886606612946,True
110,MidTempNorm,147.34716518261664,True
110,ADAS13,-326.8089501412832,True
110,PTAU,80.0051764888415,True
110,TAU,40.34586883973132,True
110,EntorhinalNorm,-767.3814517761923,True
111,FusiformNorm,21.78504301168489,True
111,WholeBrainNorm,225.47039125371572,True
111,MMSE,-149.93586446107992,True
111,ABETA,69.18917055330844,True
111,RAVLT_immediate,157.4197237025981,True
111,VentricleNorm,-4.02311915169814,True
111,HippocampusNorm,-473.1344815889584,True
111,MidTempNorm,-43.95673334595785,True
111,ADAS13,-259.5329759283279,True
111,PTAU,-725.1852091757607,True
111,TAU,-652.5028362747518,True
111,EntorhinalNorm,414.97413025310163,True
112,FusiformNorm,-29.973186543030735,False
112,WholeBrainNorm,1171.5141164411084,False
112,MMSE,-131.18985105786058,False
112,ABETA,105.00917985000845,False
112,RAVLT_immediate,1343.1561348215694,False
112,VentricleNorm,156.0803997241959,False
112,HippocampusNorm,419.27678225797104,False
112,MidTempNorm,273.695980652143,False
112,ADAS13,-295.0153440507073,False
112,PTAU,215.76459052332757,False
112,TAU,154.361319007769,False
112,EntorhinalNorm,-567.5500738246194,False
113,FusiformNorm,28.59394037131053,True
113,WholeBrainNorm,3.4799443512237644,True
113,MMSE,-150.33061751334617,True
113,ABETA,-52.87768901087981,True
113,RAVLT_immediate,510.74688017009044,True
113,VentricleNorm,366.38635089011404,True
113,HippocampusNorm,-639.6036098832727,True
113,MidTempNorm,-87.34783716336733,True
113,ADAS13,-330.27915482843116,True
113,PTAU,122.46161180310654,True
113,TAU,-504.1353919736001,True
113,EntorhinalNorm,-164.78856569933913,True
114,FusiformNorm,-71.8657074104987,True
114,WholeBrainNorm,37.70307827628223,True
114,MMSE,-150.60325307876903,True
114,ABETA,-7.8304794728405085,True
114,RAVLT_immediate,-1095.208866586472,True
114,VentricleNorm,63.34683287962443,True
114,HippocampusNorm,376.3073667631739,True
114,MidTempNorm,205.2520926309775,True
114,ADAS13,-319.1862174113992,True
114,PTAU,160.04461157266425,True
114,TAU,29.34418162746306,True
114,EntorhinalNorm,-637.5918954464648,True
115,FusiformNorm,-92.49533776868289,True
115,WholeBrainNorm,814.8654327973073,True
115,MMSE,-149.84488253782223,True
115,ABETA,-127.37779657230324,True
115,RAVLT_immediate,-496.18234155310824,True
115,VentricleNorm,1.5737176271282447,True
115,HippocampusNorm,52.18547163447716,True
115,MidTempNorm,309.516223437668,True
115,ADAS13,-325.69051798489625,True
115,PTAU,-27.237516605701135,True
115,TAU,536.7286888784188,True
115,EntorhinalNorm,-366.69867942019306,True
116,FusiformNorm,-127.23643638234519,True
116,WholeBrainNorm,200.89887462386136,True
116,MMSE,-150.20091913730127,True
116,ABETA,42.009754058574046,True
116,RAVLT_immediate,-207.33463210229718,True
116,VentricleNorm,490.35404593996543,True
116,HippocampusNorm,-512.2744524797981,True
116,MidTempNorm,-115.17043245643367,True
116,ADAS13,562.4574106721601,True
116,PTAU,-772.4025316379257,True
116,TAU,-163.17723262516228,True
116,EntorhinalNorm,-318.11046783815664,True
117,FusiformNorm,-54.67272437364609,True
117,WholeBrainNorm,191.7716669017837,True
117,MMSE,-149.86620468440105,True
117,ABETA,-3.328676614141696,True
117,RAVLT_immediate,669.0212713968554,True
117,VentricleNorm,-12.122811431657041,True
117,HippocampusNorm,-726.6121663085906,True
117,MidTempNorm,-79.91249882183789,True
117,ADAS13,298.42629130624476,True
117,PTAU,34.39885035081237,True
117,TAU,107.9877816207486,True
117,EntorhinalNorm,-539.5802998590523,True
118,FusiformNorm,186.0898332152647,True
118,WholeBrainNorm,-45.42773368086108,True
118,MMSE,373.72969210605265,True
118,ABETA,-19.54302035151644,True
118,RAVLT_immediate,1343.1561348215694,True
118,VentricleNorm,102.17121523985196,True
118,HippocampusNorm,157.22025653161305,True
118,MidTempNorm,132.17951751789394,True
118,ADAS13,-325.4283552161713,True
118,PTAU,-52.11157957040121,True
118,TAU,-65.81194014094841,True
118,EntorhinalNorm,-186.12761193576995,True
119,FusiformNorm,-296.8307992749677,False
119,WholeBrainNorm,237.97026469055868,False
119,MMSE,171.98731571064468,False
119,ABETA,-136.64034635794107,False
119,RAVLT_immediate,-907.1599337519525,False
119,VentricleNorm,-83.95984825713023,False
119,HippocampusNorm,357.24467250940614,False
119,MidTempNorm,281.2034728503862,False
119,ADAS13,-275.134542804486,False
119,PTAU,205.579360728273,False
119,TAU,5.512568974096073,False
119,EntorhinalNorm,-658.342255424732,False
120,FusiformNorm,-252.76648274460229,True
120,WholeBrainNorm,951.6059238638393,True
120,MMSE,-150.1230949656046,True
120,ABETA,72.76356033958636,True
120,RAVLT_immediate,166.32112238073836,True
120,VentricleNorm,-532.2862773640398,True
120,HippocampusNorm,-348.9151465054034,True
120,MidTempNorm,-68.80299490760723,True
120,ADAS13,334.74601069999983,True
120,PTAU,160.33472950832294,True
120,TAU,265.06298703739293,True
120,EntorhinalNorm,-671.8334903121964,True
121,FusiformNorm,-124.70348849226863,False
121,WholeBrainNorm,664.8056667069426,False
121,MMSE,243.42373016678104,False
121,ABETA,6.154084038784432,False
121,RAVLT_immediate,-681.1265139077768,False
121,VentricleNorm,-34.52962053954451,False
121,HippocampusNorm,670.7894487508742,False
121,MidTempNorm,347.42823465467717,False
121,ADAS13,-169.50165032020013,False
121,PTAU,185.58076729961684,False
121,TAU,-464.8323915977065,False
121,EntorhinalNorm,-448.664125556801,False
122,FusiformNorm,240.17913102305346,True
122,WholeBrainNorm,-263.83158128931643,True
122,MMSE,-149.872491664011,True
122,ABETA,-13.89883040546612,True
122,RAVLT_immediate,744.1501622626125,True
122,VentricleNorm,-42.63518133461032,True
122,HippocampusNorm,336.447498411571,True
122,MidTempNorm,55.50277445504505,True
122,ADAS13,-265.0063231484235,True
122,PTAU,100.06387834909756,True
122,TAU,-327.26648888510834,True
122,EntorhinalNorm,-191.86826159322814,True
123,FusiformNorm,162.38228407700285,True
123,WholeBrainNorm,-76.71653764106613,True
123,MMSE,276.5384775429126,True
123,ABETA,-9.79884571636024,True
123,RAVLT_immediate,-1430.4357093410101,True
123,VentricleNorm,93.22651111909934,True
123,HippocampusNorm,363.3110909418943,True
123,MidTempNorm,357.7564172978346,True
123,ADAS13,-371.7291457647289,True
123,PTAU,223.6238300000569,True
123,TAU,-328.89211522760706,True
123,EntorhinalNorm,-89.2703603798285,True
124,FusiformNorm,-151.3520592295331,True
124,WholeBrainNorm,2165.489693138077,True
124,MMSE,24.094564415510128,True
124,ABETA,125.22317790627513,True
124,RAVLT_immediate,8.289858421009939,True
124,VentricleNorm,95.01154982631274,True
124,HippocampusNorm,297.89738067855734,True
124,MidTempNorm,85.92134343480384,True
124,ADAS13,-267.92092246515335,True
124,PTAU,68.65767490124377,True
124,TAU,-18.10584637876854,True
124,EntorhinalNorm,-141.6677084228749,True
125,FusiformNorm,138.1499153875083,True
125,WholeBrainNorm,215.21816886759635,True
125,MMSE,-149.66820038581338,True
125,ABETA,52.1752561796856,True
125,RAVLT_immediate,744.1501622626125,True
125,VentricleNorm,490.35404593996543,True
125,HippocampusNorm,-648.9257317391534,True
125,MidTempNorm,307.62757583054525,True
125,ADAS13,-330.29057991013707,True
125,PTAU,94.63032115386149,True
125,TAU,-8.670438339113794,True
125,EntorhinalNorm,-201.2657322904727,True
126,FusiformNorm,-12.956068987653634,True
126,WholeBrainNorm,230.21147552806013,True
126,MMSE,-151.09812238047638,True
126,ABETA,56.243883586392556,True
126,RAVLT_immediate,-80.30309965413765,True
126,VentricleNorm,148.01485966455778,True
126,HippocampusNorm,249.05736843346241,True
126,MidTempNorm,186.38110396540537,True
126,ADAS13,-348.50418329402044,True
126,PTAU,-18.4639061686068,True
126,TAU,178.17662469023512,True
126,EntorhinalNorm,-265.1756460887196,True
127,FusiformNorm,146.73400570420955,True
127,WholeBrainNorm,959.7241675426801,True
127,MMSE,-149.6236566515968,True
127,ABETA,1.2333431341330652,True
127,RAVLT_immediate,834.2420001330784,True
127,VentricleNorm,263.95807378025364,True
127,HippocampusNorm,278.9085564576112,True
127,MidTempNorm,37.99369431623777,True
127,ADAS13,-470.6388453222124,True
127,PTAU,158.06899571640903,True
127,TAU,32.28718489534739,True
127,EntorhinalNorm,-358.76723398234753,True
128,FusiformNorm,-196.69269818204432,True
128,WholeBrainNorm,229.34055860649886,True
128,MMSE,-150.13565173800623,True
128,ABETA,12.99116890498957,True
128,RAVLT_immediate,-231.82094863218177,True
128,VentricleNorm,490.35404593996543,True
128,HippocampusNorm,-303.4749120171293,True
128,MidTempNorm,-17.812013044981374,True
128,ADAS13,143.44174459929167,True
128,PTAU,-557.8018382485322,True
128,TAU,-147.8485228637376,True
128,EntorhinalNorm,383.14745759908703,True
129,FusiformNorm,88.76537969162257,True
129,WholeBrainNorm,201.9113866446664,True
129,MMSE,-150.19623099665603,True
129,ABETA,21.43962932485278,True
129,RAVLT_immediate,1343.1561348215694,True
129,VentricleNorm,173.0669193786597,True
129,HippocampusNorm,196.40676228164546,True
129,MidTempNorm,365.0746360604166,True
129,ADAS13,-167.36106542619513,True
129,PTAU,-18.269834335513153,True
129,TAU,61.18572467099464,True
129,EntorhinalNorm,-253.09176264128752,True
130,FusiformNorm,236.91119011086977,True
130,WholeBrainNorm,794.1793997596394,True
130,MMSE,373.72969210605265,True
130,ABETA,-20.574481231998735,True
130,RAVLT_immediate,1343.1561348215694,True
130,VentricleNorm,-170.7281562985301,True
130,HippocampusNorm,499.94308107054815,True
130,MidTempNorm,96.23246565090612,True
130,ADAS13,-249.44490160518728,True
130,PTAU,-2.6648456228338073,True
130,TAU,393.32005187403774,True
130,EntorhinalNorm,-591.346530993333,True
131,FusiformNorm,115.9303621873236,True
131,WholeBrainNorm,157.43939814146546,True
131,MMSE,-150.39283266438795,True
131,ABETA,73.09903854258295,True
131,RAVLT_immediate,752.6469638748088,True
131,VentricleNorm,190.69742797495726,True
131,HippocampusNorm,301.70648823361074,True
131,MidTempNorm,222.12009627125698,True
131,ADAS13,-243.0937091167159,True
131,PTAU,126.43536030998831,True
131,TAU,17.45189345323419,True
131,EntorhinalNorm,-291.22164237800723,True
132,FusiformNorm,-160.74696759691062,True
132,WholeBrainNorm,638.7245382645286,True
132,MMSE,-150.2973570428187,True
132,ABETA,113.50610354941179,True
132,RAVLT_immediate,-22.061723879386808,True
132,VentricleNorm,-86.10316513458322,True
132,HippocampusNorm,364.03473503039606,True
132,MidTempNorm,43.77824305879236,True
132,ADAS13,-193.70617825984246,True
132,PTAU,80.23172598726802,True
132,TAU,-484.27256682026814,True
132,EntorhinalNorm,-494.82792202188995,True
133,FusiformNorm,94.20080491171876,True
133,WholeBrainNorm,331.18631361558323,True
133,MMSE,-150.5405887372331,True
133,ABETA,46.39456212297732,True
133,RAVLT_immediate,484.8056046381987,True
133,VentricleNorm,-215.677858075152,True
133,HippocampusNorm,-693.6671860367018,True
133,MidTempNorm,-77.30138506465185,True
133,ADAS13,18.325718713019583,True
133,PTAU,-742.5381618626218,True
133,TAU,-190.73367973387383,True
133,EntorhinalNorm,220.05149447985178,True
134,FusiformNorm,-51.25127033999492,True
134,WholeBrainNorm,-66.49266796901529,True
134,MMSE,-150.39120408354114,True
134,ABETA,7.158043401955129,True
134,RAVLT_immediate,3.0008244327134523,True
134,VentricleNorm,490.35404593996543,True
134,HippocampusNorm,-611.5724164619315,True
134,MidTempNorm,-77.52401757306724,True
134,ADAS13,-168.37666883085078,True
134,PTAU,200.811476929347,True
134,TAU,-183.73365955287574,True
134,EntorhinalNorm,-135.92656543890072,True
135,FusiformNorm,28.70134437886864,True
135,WholeBrainNorm,694.9688430416355,True
135,MMSE,104.60476805179617,True
135,ABETA,-168.51824973001777,True
135,RAVLT_immediate,549.5234294377582,True
135,VentricleNorm,-70.78169012604066,True
135,HippocampusNorm,489.17379770876227,True
135,MidTempNorm,-116.34571208866276,True
135,ADAS13,-372.2425070541028,True
135,PTAU,192.68361848351094,True
135,TAU,452.1256591098521,True
135,EntorhinalNorm,-56.06279994772008,True
136,FusiformNorm,-12.993576230776341,True
136,WholeBrainNorm,223.23814165672147,True
136,MMSE,-150.37325393458394,True
136,ABETA,2.905794713671952,True
136,RAVLT_immediate,407.6061798233303,True
136,VentricleNorm,490.35404593996543,True
136,HippocampusNorm,-723.3153542578849,True
136,MidTempNorm,68.73977606375229,True
136,ADAS13,-337.0788183445665,True
136,PTAU,60.59491137577248,True
136,TAU,403.1688622110401,True
136,EntorhinalNorm,-721.8336025995239,True
137,FusiformNorm,-69.51476848934601,False
137,WholeBrainNorm,522.0129163045381,False
137,MMSE,373.72969210605265,False
137,ABETA,-20.012958488086078,False
137,RAVLT_immediate,-119.68525922157237,False
137,VentricleNorm,80.93202806519815,False
137,HippocampusNorm,147.4396870075122,False
137,MidTempNorm,44.08969093330692,False
137,ADAS13,-321.4532761336999,False
137,PTAU,68.60254394302859,False
137,TAU,-72.80746618188036,False
137,EntorhinalNorm,-267.5156768442847,False
138,FusiformNorm,-114.78679821907693,False
138,WholeBrainNorm,360.3195182408703,False
138,MMSE,373.72969210605265,False
138,ABETA,19.1395054678472,False
138,RAVLT_immediate,-74.05330745267563,False
138,VentricleNorm,93.84906170682427,False
138,HippocampusNorm,402.73436452472407,False
138,MidTempNorm,80.4274325444263,False
138,ADAS13,-295.48603687015185,False
138,PTAU,46.003111833722876,False
138,TAU,-551.0002281768889,False
138,EntorhinalNorm,-467.9907376061227,False
139,FusiformNorm,31.92158338670248,True
139,WholeBrainNorm,693.2298355404694,True
139,MMSE,-150.14614902158863,True
139,ABETA,112.0352785903369,True
139,RAVLT_immediate,-614.4829896332732,True
139,VentricleNorm,59.46589095126147,True
139,HippocampusNorm,239.26771085822207,True
139,MidTempNorm,-87.95785362036813,True
139,ADAS13,-286.59811423856866,True
139,PTAU,216.01068473147618,True
139,TAU,256.94863447434324,True
139,EntorhinalNorm,-189.5786962421122,True
140,FusiformNorm,-202.89553455523577,True
140,WholeBrainNorm,504.6665874574482,True
140,MMSE,278.1038146960299,True
140,ABETA,65.86688843895872,True
140,RAVLT_immediate,1343.1561348215694,True
140,VentricleNorm,-110.55007254348567,True
140,HippocampusNorm,227.5882136205047,True
140,MidTempNorm,238.45648271455457,True
140,ADAS13,-184.3090051909464,True
140,PTAU,-13.69339713684545,True
140,TAU,-74.44499436827556,True
140,EntorhinalNorm,-228.2740248357627,True
141,FusiformNorm,-48.27207613727536,False
141,WholeBrainNorm,-341.2942497206002,False
141,MMSE,-216.3912498254223,False
141,ABETA,48.58090063161279,False
141,RAVLT_immediate,1241.3775515436807,False
141,VentricleNorm,388.39424696212893,False
141,HippocampusNorm,330.9583277648993,False
141,MidTempNorm,161.84394811497887,False
141,ADAS13,-353.0797087530053,False
141,PTAU,70.77508056021856,False
141,TAU,167.12456902222814,False
141,EntorhinalNorm,-564.3319643626722,False
142,FusiformNorm,57.54100819552897,True
142,WholeBrainNorm,35.44955465168417,True
142,MMSE,-150.2758650072576,True
142,ABETA,91.62749750736668,True
142,RAVLT_immediate,215.09073458761253,True
142,VentricleNorm,-251.84129671487196,True
142,HippocampusNorm,-402.80187157514143,True
142,MidTempNorm,-87.27871256861627,True
142,ADAS13,-473.5793311618652,True
142,PTAU,135.92047840526595,True
142,TAU,-30.352943615398043,True
142,EntorhinalNorm,-494.46460934289337,True
143,FusiformNorm,0.2680333822462053,True
143,WholeBrainNorm,-185.53695462509145,True
143,MMSE,-149.90920708445032,True
143,ABETA,-1.2591994833481337,True
143,RAVLT_immediate,-502.0853164008064,True
143,VentricleNorm,106.28307581078363,True
143,HippocampusNorm,326.02848901332067,True
143,MidTempNorm,146.39368078107478,True
143,ADAS13,-265.82210084061416,True
143,PTAU,-44.41313437733457,True
143,TAU,577.0843546678074,True
143,EntorhinalNorm,-401.91044451881623,True
144,FusiformNorm,-107.97996635618894,True
144,WholeBrainNorm,70.98033195160296,True
144,MMSE,-150.69605289370827,True
144,ABETA,-25.350964058512037,True
144,RAVLT_immediate,94.15039297972444,True
144,VentricleNorm,-76.81274750972524,True
144,HippocampusNorm,177.6637584152859,True
144,MidTempNorm,276.44221417989337,True
144,ADAS13,-370.76023949132525,True
144,PTAU,96.47489384405968,True
144,TAU,-173.13060657342024,True
144,EntorhinalNorm,-163.01918711140348,True
145,FusiformNorm,-109.81344671923725,True
145,WholeBrainNorm,821.0549195276749,True
145,MMSE,-150.37107637906468,True
145,ABETA,28.60427959888248,True
145,RAVLT_immediate,-248.2431064579052,True
145,VentricleNorm,-305.96378981710143,True
145,HippocampusNorm,-543.3371850741778,True
145,MidTempNorm,-79.72457890076826,True
145,ADAS13,3.8875957554252523,True
145,PTAU,-712.0182462215506,True
145,TAU,-126.01045253255904,True
145,EntorhinalNorm,-243.96457389735664,True
146,FusiformNorm,-37.64149767632125,True
146,WholeBrainNorm,336.0793779863922,True
146,MMSE,-150.15477585806823,True
146,ABETA,-6.081455010981244,True
146,RAVLT_immediate,693.3779931486137,True
146,VentricleNorm,249.31987101891454,True
146,HippocampusNorm,199.1990346852947,True
146,MidTempNorm,137.36318850833604,True
146,ADAS13,-340.8486978633682,True
146,PTAU,37.75440889320679,True
146,TAU,-120.10628572414336,True
146,EntorhinalNorm,-701.3386546158188,True
147,FusiformNorm,-157.45494360662562,False
147,WholeBrainNorm,1710.8325767714534,False
147,MMSE,36.94276556617045,False
147,ABETA,23.07102991590549,False
147,RAVLT_immediate,1343.1561348215694,False
147,VentricleNorm,-134.10990458983397,False
147,HippocampusNorm,243.24393882189977,False
147,MidTempNorm,161.73538792014475,False
147,ADAS13,-343.79202515361527,False
147,PTAU,142.66706111535598,False
147,TAU,-47.706486690440464,False
147,EntorhinalNorm,-736.9745573361007,False
148,FusiformNorm,281.6232752823403,True
148,WholeBrainNorm,294.6370811253719,True
148,MMSE,-150.0246114475351,True
148,ABETA,113.50610354941179,True
148,RAVLT_immediate,201.5732563767997,True
148,VentricleNorm,117.92170995547579,True
148,HippocampusNorm,201.29801593993122,True
148,MidTempNorm,141.4127960642096,True
148,ADAS13,-172.20762429566872,True
148,PTAU,-63.69216447404467,True
148,TAU,147.30713008500305,True
148,EntorhinalNorm,-536.5674829509052,True
149,FusiformNorm,-152.24444249823034,False
149,WholeBrainNorm,1968.5620630353408,False
149,MMSE,357.59513390973444,False
149,ABETA,72.4003567511027,False
149,RAVLT_immediate,386.7168416126809,False
149,VentricleNorm,153.43469668245922,False
149,HippocampusNorm,244.48175414680358,False
149,MidTempNorm,-97.33764779397994,False
149,ADAS13,-364.35019520310647,False
149,PTAU,100.47440858435932,False
149,TAU,-19.667785783813855,False
149,EntorhinalNorm,-157.86291554013604,False
150,FusiformNorm,196.2588156870355,True
150,WholeBrainNorm,952.1993301388137,True
150,MMSE,-149.6236566515968,True
150,ABETA,-85.49010190726379,True
150,RAVLT_immediate,400.88917431757176,True
150,VentricleNorm,-366.42304665091604,True
150,HippocampusNorm,-655.9946541372584,True
150,MidTempNorm,-75.84199599963529,True
150,ADAS13,562.4927474134552,True
150,PTAU,185.10836836962397,True
150,TAU,3.0611401735532464,True
150,EntorhinalNorm,-495.89050379736835,True
151,FusiformNorm,-136.81816270105682,True
151,WholeBrainNorm,783.0933357155249,True
151,MMSE,-150.65299996022964,True
151,ABETA,-67.85115095381315,True
151,RAVLT_immediate,-936.1291643990515,True
151,VentricleNorm,45.1754952827427,True
151,HippocampusNorm,-761.2280821464494,True
151,MidTempNorm,225.41555580526273,True
151,ADAS13,-165.9888115223664,True
151,PTAU,51.780991580784,True
151,TAU,584.4593657188052,True
151,EntorhinalNorm,-707.8655422907365,True
152,FusiformNorm,-141.55115589260066,True
152,WholeBrainNorm,504.54411982624646,True
152,MMSE,-150.11685964203494,True
152,ABETA,113.50610354941179,True
152,RAVLT_immediate,565.3458969934483,True
152,VentricleNorm,490.35404593996543,True
152,HippocampusNorm,-632.9950986065288,True
152,MidTempNorm,-79.29342183588243,True
152,ADAS13,-349.51635742164694,True
152,PTAU,-704.3523685404646,True
152,TAU,-609.7510690450389,True
152,EntorhinalNorm,404.76214757222607,True
153,FusiformNorm,-65.06427485387319,True
153,WholeBrainNorm,155.17525384313797,True
153,MMSE,-149.65756069933462,True
153,ABETA,36.95944085469752,True
153,RAVLT_immediate,-21.175544556472566,True
153,VentricleNorm,388.39424696212893,True
153,HippocampusNorm,208.1284221276873,True
153,MidTempNorm,206.06252881186674,True
153,ADAS13,-174.19948844383808,True
153,PTAU,139.45156387127423,True
153,TAU,32.14568353667517,True
153,EntorhinalNorm,-638.7591949102881,True
154,FusiformNorm,-95.63719496339806,True
154,WholeBrainNorm,-61.44225056547357,True
154,MMSE,-324.06461139525027,True
154,ABETA,-43.14471566893063,True
154,RAVLT_immediate,1343.1561348215694,True
154,VentricleNorm,191.22529158763004,True
154,HippocampusNorm,237.19148749660752,True
154,MidTempNorm,120.17122699113452,True
154,ADAS13,-172.11316117977023,True
154,PTAU,63.854495889460466,True
154,TAU,-7.723901577280856,True
154,EntorhinalNorm,-630.2050118423361,True
155,FusiformNorm,271.5299361153512,True
155,WholeBrainNorm,959.7241675426801,True
155,MMSE,-149.6236566515968,True
155,ABETA,-4.290074141686107,True
155,RAVLT_immediate,713.6119953535043,True
155,VentricleNorm,15.381370078294637,True
155,HippocampusNorm,-111.66242700732221,True
155,MidTempNorm,109.11146998261978,True
155,ADAS13,-321.92265746296727,True
155,PTAU,86.47587717489841,True
155,TAU,-46.86310705317079,True
155,EntorhinalNorm,-299.55059377050543,True
156,FusiformNorm,-39.2059812178628,True
156,WholeBrainNorm,161.72213382863166,True
156,MMSE,-149.83179577086406,True
156,ABETA,-100.87085768560065,True
156,RAVLT_immediate,101.64663226977945,True
156,VentricleNorm,327.6780083715518,True
156,HippocampusNorm,244.55686582876055,True
156,MidTempNorm,120.52494776923399,True
156,ADAS13,-378.7874224851217,True
156,PTAU,50.57966374576192,True
156,TAU,0.28679253238803604,True
156,EntorhinalNorm,-218.0117046096011,True
157,FusiformNorm,-22.276825423048248,True
157,WholeBrainNorm,294.5318690469678,True
157,MMSE,-151.138278749891,True
157,ABETA,50.507369765385505,True
157,RAVLT_immediate,-107.53701130511,True
157,VentricleNorm,341.303091398274,True
157,HippocampusNorm,-208.24685465786317,True
157,MidTempNorm,-79.94008248525353,True
157,ADAS13,631.4389978861795,True
157,PTAU,-553.1838562319264,True
157,TAU,-500.14782224167465,True
157,EntorhinalNorm,-374.59952129319527,True
158,FusiformNorm,194.54650698234508,True
158,WholeBrainNorm,461.18419633238466,True
158,MMSE,-292.67594703732635,True
158,ABETA,122.94885119704693,True
158,RAVLT_immediate,-582.6063171398735,True
158,VentricleNorm,114.63786322687521,True
158,HippocampusNorm,277.48932170678006,True
158,MidTempNorm,-124.3081575402767,True
158,ADAS13,-357.343367672564,True
158,PTAU,162.36299182596798,True
158,TAU,-355.9233240032096,True
158,EntorhinalNorm,-401.06738654206987,True
159,FusiformNorm,-131.04641808185548,True
159,WholeBrainNorm,705.2739071060978,True
159,MMSE,-149.99536897730462,True
159,ABETA,3.467604237024786,True
159,RAVLT_immediate,504.3617252434964,True
159,VentricleNorm,-49.57449643121009,True
159,HippocampusNorm,-543.7422013073211,True
159,MidTempNorm,-86.75533906613757,True
159,ADAS13,-328.97732958588443,True
159,PTAU,150.47819121472986,True
159,TAU,47.25997024630258,True
159,EntorhinalNorm,-585.0982708199449,True
160,FusiformNorm,-79.8640178067469,True
160,WholeBrainNorm,175.5171207850032,True
160,MMSE,-149.9094742148605,True
160,ABETA,-39.77799717347568,True
160,RAVLT_immediate,201.5732563767997,True
160,VentricleNorm,162.86767639181684,True
160,HippocampusNorm,185.43078494986446,True
160,MidTempNorm,118.72593237685395,True
160,ADAS13,-259.5159064063014,True
160,PTAU,200.74442528650223,True
160,TAU,98.61564174108298,True
160,EntorhinalNorm,-249.34479309338678,True
161,FusiformNorm,298.0685445583989,True
161,WholeBrainNorm,378.3688041159902,True
161,MMSE,-149.73715286897226,True
161,ABETA,125.22317790627513,True
161,RAVLT_immediate,1.3513164652740812,True
161,VentricleNorm,64.85507748525025,True
161,HippocampusNorm,439.15108168314003,True
161,MidTempNorm,-0.7840728369560424,True
161,ADAS13,-314.72241415562576,True
161,PTAU,151.70856092795896,True
161,TAU,-125.56090637501006,True
161,EntorhinalNorm,-237.27245434675123,True
162,FusiformNorm,594.9473607443211,True
162,WholeBrainNorm,671.5733150136678,True
162,MMSE,-150.64416265896588,True
162,ABETA,113.50610354941179,True
162,RAVLT_immediate,-936.1291643990515,True
162,VentricleNorm,-349.35750378291687,True
162,HippocampusNorm,-420.28229671749386,True
162,MidTempNorm,-110.32988738363935,True
162,ADAS13,400.75027228729203,True
162,PTAU,86.16705510845159,True
162,TAU,455.20521364973433,True
162,EntorhinalNorm,-425.22967484853007,True
163,FusiformNorm,72.39676196445194,True
163,WholeBrainNorm,-836.5603226962234,True
163,MMSE,324.1539916085687,True
163,ABETA,55.870114685050986,True
163,RAVLT_immediate,-1430.4357093410101,True
163,VentricleNorm,20.554746766895843,True
163,HippocampusNorm,344.9260483225966,True
163,MidTempNorm,363.85068063972415,True
163,ADAS13,-294.4477780164989,True
163,PTAU,50.02949184643191,True
163,TAU,-20.190407902589303,True
163,EntorhinalNorm,-683.8220992950095,True
164,FusiformNorm,-23.955325573968018,True
164,WholeBrainNorm,959.7241675426801,True
164,MMSE,-150.12698144872982,True
164,ABETA,-4.264160211139764,True
164,RAVLT_immediate,744.1501622626125,True
164,VentricleNorm,-267.19663413760134,True
164,HippocampusNorm,-212.10685751630334,True
164,MidTempNorm,-42.022934737175575,True
164,ADAS13,198.43479405860742,True
164,PTAU,157.28130268363645,True
164,TAU,-12.7940763777842,True
164,EntorhinalNorm,-593.4248254520533,True
165,FusiformNorm,238.46271058101075,True
165,WholeBrainNorm,157.7735682444056,True
165,MMSE,-149.6236566515968,True
165,ABETA,-6.636664470219004,True
165,RAVLT_immediate,-46.43604575749501,True
165,VentricleNorm,341.0848882385305,True
165,HippocampusNorm,-457.3187703419397,True
165,MidTempNorm,-56.96922191135581,True
165,ADAS13,-341.7296698889544,True
165,PTAU,60.33155013796839,True
165,TAU,494.05337877536385,True
165,EntorhinalNorm,-346.0496220799895,True
166,FusiformNorm,-167.8930560977831,False
166,WholeBrainNorm,693.8031229091682,False
166,MMSE,373.72969210605265,False
166,ABETA,-105.90114015202667,False
166,RAVLT_immediate,298.97061211924563,False
166,VentricleNorm,237.51812831219843,False
166,HippocampusNorm,417.80136828541094,False
166,MidTempNorm,72.12948479231687,False
166,ADAS13,-408.27268963683366,False
166,PTAU,-6.323188945258925,False
166,TAU,416.4408238434835,False
166,EntorhinalNorm,-143.54044058033924,False
167,FusiformNorm,-39.02238503525915,True
167,WholeBrainNorm,256.8991719302203,True
167,MMSE,-150.89047021414743,True
167,ABETA,-22.75156672020407,True
167,RAVLT_immediate,-18.01877157595942,True
167,VentricleNorm,101.076822484448,True
167,HippocampusNorm,-609.4811546174034,True
167,MidTempNorm,234.84012991066973,True
167,ADAS13,-368.0411812132037,True
167,PTAU,33.5617484313731,True
167,TAU,-184.31763218568585,True
167,EntorhinalNorm,-621.380248640642,True
168,FusiformNorm,-111.22569644334982,True
168,WholeBrainNorm,45.816235658357506,True
168,MMSE,-149.6236566515968,True
168,ABETA,36.31616837026594,True
168,RAVLT_immediate,525.4663321873008,True
168,VentricleNorm,102.35687685285693,True
168,HippocampusNorm,261.85483079160286,True
168,MidTempNorm,356.75299737041877,True
168,ADAS13,-307.7274061837922,True
168,PTAU,151.19390077476183,True
168,TAU,447.6368739206789,True
168,EntorhinalNorm,-245.10388639199985,True
169,FusiformNorm,145.3183323057601,True
169,WholeBrainNorm,350.94581308267107,True
169,MMSE,-151.138278749891,True
169,ABETA,-6.547950851483793,True
169,RAVLT_immediate,524.6382986146004,True
169,VentricleNorm,210.26656984904915,True
169,HippocampusNorm,132.78119665254667,True
169,MidTempNorm,-43.531410032473445,True
169,ADAS13,-322.558437408221,True
169,PTAU,85.51226005209179,True
169,TAU,21.161509981187205,True
169,EntorhinalNorm,-587.147077320517,True
170,FusiformNorm,-106.75028176402294,True
170,WholeBrainNorm,700.8176456084135,True
170,MMSE,-150.16962433433076,True
170,ABETA,36.24330233078296,True
170,RAVLT_immediate,-928.0811142791873,True
170,VentricleNorm,49.86683344282338,True
170,HippocampusNorm,525.91117010156,True
170,MidTempNorm,312.0419591604022,True
170,ADAS13,-168.8314642230543,True
170,PTAU,136.522409292455,True
170,TAU,-110.24004545697287,True
170,EntorhinalNorm,-451.3964525180707,True
171,FusiformNorm,-40.77441135747118,True
171,WholeBrainNorm,451.4924274673195,True
171,MMSE,-150.66554700174726,True
171,ABETA,38.087228143257335,True
171,RAVLT_immediate,-29.23408860686633,True
171,VentricleNorm,321.61013642406937,True
171,HippocampusNorm,-281.9071441903054,True
171,MidTempNorm,-72.15615748279652,True
171,ADAS13,-183.47433722585293,True
171,PTAU,51.4764836269627,True
171,TAU,36.791559233749275,True
171,EntorhinalNorm,-160.90462037481416,True
172,FusiformNorm,-121.73819720725295,False
172,WholeBrainNorm,1812.1399314738458,False
172,MMSE,167.47995252633862,False
172,ABETA,-25.701148059904284,False
172,RAVLT_immediate,-126.65382105123246,False
172,VentricleNorm,264.37227640997054,False
172,HippocampusNorm,318.0774586703709,False
172,MidTempNorm,-69.9718430730339,False
172,ADAS13,-318.365929360593,False
172,PTAU,42.359645453028406,False
172,TAU,592.4597516597042,False
172,EntorhinalNorm,-358.86651059580635,False
173,FusiformNorm,503.4521433624965,True
173,WholeBrainNorm,180.023624888394,True
173,MMSE,-150.44361929015724,True
173,ABETA,15.46138315316064,True
173,RAVLT_immediate,744.1501622626125,True
173,VentricleNorm,118.5346103095782,True
173,HippocampusNorm,153.53439679005163,True
173,MidTempNorm,48.2927720328642,True
173,ADAS13,-173.632834600364,True
173,PTAU,52.42547512884362,True
173,TAU,302.9658036733412,True
173,EntorhinalNorm,-409.98556046381077,True
174,FusiformNorm,-63.255452915241236,True
174,WholeBrainNorm,720.6184441905419,True
174,MMSE,-150.56154316925665,True
174,ABETA,-22.170703407862952,True
174,RAVLT_immediate,-64.28763760920526,True
174,VentricleNorm,374.05528255863504,True
174,HippocampusNorm,-742.4460524719927,True
174,MidTempNorm,-83.42146984028528,True
174,ADAS13,-171.12210838018078,True
174,PTAU,-712.3813408590853,True
174,TAU,-228.7561515375055,True
174,EntorhinalNorm,-479.2388269126095,True
175,FusiformNorm,87.11502270304068,True
175,WholeBrainNorm,959.7241675426801,True
175,MMSE,-150.33465173627727,True
175,ABETA,36.35908477897251,True
175,RAVLT_immediate,-573.2689217971651,True
175,VentricleNorm,-81.433690449651,True
175,HippocampusNorm,248.03304670894153,True
175,MidTempNorm,94.46735284850874,True
175,ADAS13,-254.48046254328565,True
175,PTAU,173.35169142152554,True
175,TAU,29.65990836571092,True
175,EntorhinalNorm,-366.51160827000916,True
176,FusiformNorm,-131.96578743577356,True
176,WholeBrainNorm,160.55138214837677,True
176,MMSE,-149.78426271274577,True
176,ABETA,-56.361817472700416,True
176,RAVLT_immediate,-512.232461481018,True
176,VentricleNorm,234.65756236138768,True
176,HippocampusNorm,-176.16648059647252,True
176,MidTempNorm,-80.08718230080336,True
176,ADAS13,-206.0914396079343,True
176,PTAU,124.30218890104999,True
176,TAU,44.66114007626169,True
176,EntorhinalNorm,-392.8939024920602,True
177,FusiformNorm,-102.60925392331565,True
177,WholeBrainNorm,-196.90717281621005,True
177,MMSE,-149.6236566515968,True
177,ABETA,113.50610354941179,True
177,RAVLT_immediate,553.6577537680547,True
177,VentricleNorm,-216.55694735952358,True
177,HippocampusNorm,-340.87784560723424,True
177,MidTempNorm,-113.06307642589378,True
177,ADAS13,-61.97422500097098,True
177,PTAU,-631.6175724390331,True
177,TAU,546.6031912365399,True
177,EntorhinalNorm,-445.05947013784254,True
178,FusiformNorm,-36.52825585886524,True
178,WholeBrainNorm,-140.3967616050723,True
178,MMSE,-149.6236566515968,True
178,ABETA,-27.392849767437237,True
178,RAVLT_immediate,-936.1291643990515,True
178,VentricleNorm,-41.633252445669264,True
178,HippocampusNorm,-858.9046650271507,True
178,MidTempNorm,-73.48396469011273,True
178,ADAS13,231.46182416803745,True
178,PTAU,-621.1664743616911,True
178,TAU,-169.17198997748244,True
178,EntorhinalNorm,-316.6808119839194,True
179,FusiformNorm,36.04460313272734,True
179,WholeBrainNorm,397.1160271610086,True
179,MMSE,-150.3126006653634,True
179,ABETA,-57.464796788023335,True
179,RAVLT_immediate,72.47731936619334,True
179,VentricleNorm,490.35404593996543,True
179,HippocampusNorm,-444.1337813531911,True
179,MidTempNorm,-106.21886962417656,True
179,ADAS13,179.29967539080232,True
179,PTAU,1.864148340033271,True
179,TAU,-9.124801574199338,True
179,EntorhinalNorm,-147.34630653557232,True
180,FusiformNorm,-190.4740698494004,True
180,WholeBrainNorm,562.9489384805889,True
180,MMSE,-150.33581750405835,True
180,ABETA,-17.96659232216235,True
180,RAVLT_immediate,411.71657072425535,True
180,VentricleNorm,24.656189863854763,True
180,HippocampusNorm,-495.3556264999674,True
180,MidTempNorm,-106.34060135674622,True
180,ADAS13,-453.1065479891105,True
180,PTAU,70.64914748128078,True
180,TAU,80.70778470655057,True
180,EntorhinalNorm,-158.54353922692854,True
181,FusiformNorm,387.0895103887545,True
181,WholeBrainNorm,-93.34058257501158,True
181,MMSE,-149.7912094666472,True
181,ABETA,95.98250300552922,True
181,RAVLT_immediate,350.7758601150102,True
181,VentricleNorm,490.35404593996543,True
181,HippocampusNorm,-411.77354345156215,True
181,MidTempNorm,-46.49223336555519,True
181,ADAS13,-492.68260607987975,True
181,PTAU,-817.6512277324204,True
181,TAU,-830.2863892599735,True
181,EntorhinalNorm,111.22230165696415,True
182,FusiformNorm,-14.649364134027437,True
182,WholeBrainNorm,-279.92895561098624,True
182,MMSE,-150.82498095103324,True
182,ABETA,0.2964616474150976,True
182,RAVLT_immediate,-552.0981208684307,True
182,VentricleNorm,-274.71086403677145,True
182,HippocampusNorm,-815.4197291311948,True
182,MidTempNorm,242.1260681844799,True
182,ADAS13,-333.56565888765505,True
182,PTAU,-18.348241773648017,True
182,TAU,-17.41282394113571,True
182,EntorhinalNorm,-576.8629823372138,True
183,FusiformNorm,164.13759787607407,True
183,WholeBrainNorm,959.7241675426801,True
183,MMSE,-150.39481941058963,True
183,ABETA,-67.87970286012201,True
183,RAVLT_immediate,-294.69539150122444,True
183,VentricleNorm,-121.09991127041118,True
183,HippocampusNorm,-234.33930295055077,True
183,MidTempNorm,-123.40208998912848,True
183,ADAS13,105.24084504387189,True
183,PTAU,-47.41862683718346,True
183,TAU,-279.9450797721078,True
183,EntorhinalNorm,-422.73817644591486,True
184,FusiformNorm,-147.34473639777352,True
184,WholeBrainNorm,-114.7671832419761,True
184,MMSE,-150.5341345614504,True
184,ABETA,-32.11138547841905,True
184,RAVLT_immediate,945.2116951119976,True
184,VentricleNorm,160.32535261111002,True
184,HippocampusNorm,340.31216016928386,True
184,MidTempNorm,524.2144221731821,True
184,ADAS13,-333.8870514945407,True
184,PTAU,181.78808465882162,True
184,TAU,176.85066039134057,True
184,EntorhinalNorm,-305.642902458329,True
185,FusiformNorm,-303.5616907409922,False
185,WholeBrainNorm,402.30163420991914,False
185,MMSE,40.83544034250451,False
185,ABETA,107.66743046006111,False
185,RAVLT_immediate,1343.1561348215694,False
185,VentricleNorm,-32.69215964749613,False
185,HippocampusNorm,260.28536527900866,False
185,MidTempNorm,302.65949623032117,False
185,ADAS13,-232.00735855659525,False
185,PTAU,59.63457302635268,False
185,TAU,-421.915508552195,False
185,EntorhinalNorm,-462.9249879252139,False
186,FusiformNorm,-71.59384965545678,False
186,WholeBrainNorm,1175.1072802255676,False
186,MMSE,175.51202596947078,False
186,ABETA,30.431260470081753,False
186,RAVLT_immediate,-880.7122875062668,False
186,VentricleNorm,102.06704060857743,False
186,HippocampusNorm,236.573118977634,False
186,MidTempNorm,217.5826545242958,False
186,ADAS13,-292.96192698391656,False
186,PTAU,66.4366627349034,False
186,TAU,48.663375792232515,False
186,EntorhinalNorm,-391.438739901926,False
187,FusiformNorm,-87.60309963526741,True
187,WholeBrainNorm,959.7241675426801,True
187,MMSE,-150.62561963158328,True
187,ABETA,-26.78046972005043,True
187,RAVLT_immediate,326.202703169419,True
187,VentricleNorm,-67.22434920030246,True
187,HippocampusNorm,-783.1003160651976,True
187,MidTempNorm,-80.6689042055735,True
187,ADAS13,-225.2264992330336,True
187,PTAU,-798.5400086698775,True
187,TAU,-406.7937090957252,True
187,EntorhinalNorm,345.8203860120153,True
188,FusiformNorm,-119.31628701525197,False
188,WholeBrainNorm,2165.489693138077,False
188,MMSE,180.4616945833061,False
188,ABETA,-65.93478501567503,False
188,RAVLT_immediate,-71.11723053634613,False
188,VentricleNorm,156.15859126677256,False
188,HippocampusNorm,517.5743492689119,False
188,MidTempNorm,61.2638629658892,False
188,ADAS13,-453.26497555537463,False
188,PTAU,41.12244743452401,False
188,TAU,95.33957845498443,False
188,EntorhinalNorm,-327.01204332979654,False
189,FusiformNorm,-252.6515524869051,False
189,WholeBrainNorm,-153.47437930861616,False
189,MMSE,85.9031029051682,False
189,ABETA,-19.09108619892054,False
189,RAVLT_immediate,571.8398941212649,False
189,VentricleNorm,388.39424696212893,False
189,HippocampusNorm,336.3914204867926,False
189,MidTempNorm,344.2290766743264,False
189,ADAS13,-468.3296959415026,False
189,PTAU,-75.90015571221221,False
189,TAU,167.50086788067028,False
189,EntorhinalNorm,-120.66511385490715,False
190,FusiformNorm,-71.86732624915112,True
190,WholeBrainNorm,618.2640445933625,True
190,MMSE,-149.77470098631673,True
190,ABETA,-80.45822851487898,True
190,RAVLT_immediate,-531.7693622862171,True
190,VentricleNorm,89.88586134410737,True
190,HippocampusNorm,236.2131524075038,True
190,MidTempNorm,159.43898995828877,True
190,ADAS13,-461.67007847631083,True
190,PTAU,59.27307340969709,True
190,TAU,48.752989140877645,True
190,EntorhinalNorm,-724.0549222356481,True
191,FusiformNorm,-43.69586181687455,True
191,WholeBrainNorm,959.7241675426801,True
191,MMSE,-151.0040205041528,True
191,ABETA,86.19852433183902,True
191,RAVLT_immediate,-173.56150967437713,True
191,VentricleNorm,-393.4545567889583,True
191,HippocampusNorm,-660.5931148082424,True
191,MidTempNorm,-73.30179509637917,True
191,ADAS13,328.46337517579656,True
191,PTAU,112.81476006738569,True
191,TAU,171.7541527245823,True
191,EntorhinalNorm,-596.6009255686608,True
192,FusiformNorm,10.395503447472407,True
192,WholeBrainNorm,342.23748098788525,True
192,MMSE,-150.49894251072627,True
192,ABETA,-93.46524954414932,True
192,RAVLT_immediate,-107.86481051269229,True
192,VentricleNorm,-57.77226331803066,True
192,HippocampusNorm,-814.8773234227529,True
192,MidTempNorm,116.08315851053752,True
192,ADAS13,-207.43220691349532,True
192,PTAU,178.97219178552587,True
192,TAU,-183.01602543247418,True
192,EntorhinalNorm,-102.23178571523745,True
193,FusiformNorm,-34.396954031863444,True
193,WholeBrainNorm,180.83640412433465,True
193,MMSE,-150.19537752361705,True
193,ABETA,18.65783033796985,True
193,RAVLT_immediate,53.08677438703366,True
193,VentricleNorm,490.35404593996543,True
193,HippocampusNorm,-741.1636627129008,True
193,MidTempNorm,-44.6673448946492,True
193,ADAS13,-300.37149711135396,True
193,PTAU,178.90375751141875,True
193,TAU,-14.461223744861513,True
193,EntorhinalNorm,-711.0315850775461,True
194,FusiformNorm,-40.66810186739574,True
194,WholeBrainNorm,1486.4517963039054,True
194,MMSE,373.72969210605265,True
194,ABETA,49.043291438015906,True
194,RAVLT_immediate,801.8635453591503,True
194,VentricleNorm,149.321069417674,True
194,HippocampusNorm,195.14851783851827,True
194,MidTempNorm,-33.365819386800794,True
194,ADAS13,-352.38210467586816,True
194,PTAU,13.737241212324317,True
194,TAU,426.20207282644196,True
194,EntorhinalNorm,-197.17949604679242,True
195,FusiformNorm,-122.53153937561513,True
195,WholeBrainNorm,-276.67496907350466,True
195,MMSE,-149.6236566515968,True
195,ABETA,20.670474058032898,True
195,RAVLT_immediate,726.7845660446711,True
195,VentricleNorm,49.94359301014097,True
195,HippocampusNorm,242.89120257680798,True
195,MidTempNorm,156.29408011806416,True
195,ADAS13,-176.0551960968776,True
195,PTAU,150.997124861725,True
195,TAU,-456.1787234033579,True
195,EntorhinalNorm,-303.8331910430971,True
196,FusiformNorm,-75.32744579389407,True
196,WholeBrainNorm,169.15640228958893,True
196,MMSE,-150.10230276600865,True
196,ABETA,59.64651228857337,True
196,RAVLT_immediate,-439.1072963376738,True
196,VentricleNorm,186.7752779185046,True
196,HippocampusNorm,-489.8909894900392,True
196,MidTempNorm,-84.88414913432345,True
196,ADAS13,485.63767407670707,True
196,PTAU,-582.0106487572201,True
196,TAU,232.9922331179489,True
196,EntorhinalNorm,-246.8107473227521,True
197,FusiformNorm,-117.60300494801601,True
197,WholeBrainNorm,364.3905195534818,True
197,MMSE,-151.05588366100798,True
197,ABETA,40.15343697784698,True
197,RAVLT_immediate,581.6711438941874,True
197,VentricleNorm,179.4776197785783,True
197,HippocampusNorm,-220.61302662985344,True
197,MidTempNorm,-78.08672055529982,True
197,ADAS13,-520.4137551920782,True
197,PTAU,-797.5439874157619,True
197,TAU,-657.6900975028115,True
197,EntorhinalNorm,405.0032059439439,True
198,FusiformNorm,53.34751161054187,True
198,WholeBrainNorm,-328.1657160285924,True
198,MMSE,-150.2784207352757,True
198,ABETA,-9.295348398424059,True
198,RAVLT_immediate,1343.1561348215694,True
198,VentricleNorm,124.17532833994741,True
198,HippocampusNorm,375.01186926499093,True
198,MidTempNorm,-97.61634565585992,True
198,ADAS13,-315.18917900871406,True
198,PTAU,4.337153698210243,True
198,TAU,-343.8493427034687,True
198,EntorhinalNorm,-206.730279751203,True
199,FusiformNorm,5.090860342062528,True
199,WholeBrainNorm,959.7241675426801,True
199,MMSE,165.4183207104344,True
199,ABETA,24.594933765798356,True
199,RAVLT_immediate,-445.62731260254844,True
199,VentricleNorm,-118.97743986422249,True
199,HippocampusNorm,486.7809719295432,True
199,MidTempNorm,-84.58530555572816,True
199,ADAS13,-326.2127327210346,True
199,PTAU,-7.568045831543607,True
199,TAU,-418.1995934965099,True
199,EntorhinalNorm,-609.6542953813374,True
200,FusiformNorm,-111.45244876097846,False
200,WholeBrainNorm,1507.0497279126712,False
200,MMSE,178.01327521933842,False
200,ABETA,73.46865957327869,False
200,RAVLT_immediate,-484.3489267043711,False
200,VentricleNorm,52.14104327792137,False
200,HippocampusNorm,214.74027185600548,False
200,MidTempNorm,-35.11333323936461,False
200,ADAS13,-164.3660175639053,False
200,PTAU,69.13044692370484,False
200,TAU,-57.76085754858077,False
200,EntorhinalNorm,-183.7581231641484,False
201,FusiformNorm,51.89619923901236,True
201,WholeBrainNorm,959.7241675426801,True
201,MMSE,-149.84444239120126,True
201,ABETA,7.868566928140876,True
201,RAVLT_immediate,-26.108488778526848,True
201,VentricleNorm,295.10909564034404,True
201,HippocampusNorm,-888.2461126487857,True
201,MidTempNorm,-51.23896198850789,True
201,ADAS13,247.98640480748085,True
201,PTAU,-585.8119707182225,True
201,TAU,-620.8527122447554,True
201,EntorhinalNorm,315.3721839411367,True
202,FusiformNorm,167.83071978365092,True
202,WholeBrainNorm,187.33419230919696,True
202,MMSE,-149.80719371027342,True
202,ABETA,96.67636174517897,True
202,RAVLT_immediate,744.1501622626125,True
202,VentricleNorm,490.35404593996543,True
202,HippocampusNorm,-398.82477100562045,True
202,MidTempNorm,-34.94988787166844,True
202,ADAS13,617.1310126313829,True
202,PTAU,-580.8364249444776,True
202,TAU,-480.4565708669373,True
202,EntorhinalNorm,-198.39244345949913,True
203,FusiformNorm,419.34273184587863,True
203,WholeBrainNorm,-200.01512331670185,True
203,MMSE,-150.97830555641943,True
203,ABETA,-119.15306549827173,True
203,RAVLT_immediate,-100.21492356603419,True
203,VentricleNorm,-81.26762538857666,True
203,HippocampusNorm,-625.168011044039,True
203,MidTempNorm,-104.79849040979374,True
203,ADAS13,-461.2562196863913,True
203,PTAU,-9.307908891964606,True
203,TAU,-175.48508305820664,True
203,EntorhinalNorm,-860.8797666345669,True
204,FusiformNorm,-174.65894812461258,False
204,WholeBrainNorm,-1124.291983925441,False
204,MMSE,209.07640928458324,False
204,ABETA,47.90051850886999,False
204,RAVLT_immediate,474.4973657254906,False
204,VentricleNorm,79.83466218642444,False
204,HippocampusNorm,160.39560683353153,False
204,MidTempNorm,388.66835565036416,False
204,ADAS13,-296.2732358405224,False
204,PTAU,249.43258550123934,False
204,TAU,-175.9647753848962,False
204,EntorhinalNorm,-445.799559504827,False
205,FusiformNorm,134.08962775861718,True
205,WholeBrainNorm,-141.90526126813188,True
205,MMSE,-150.53818974239178,True
205,ABETA,58.29542452086076,True
205,RAVLT_immediate,185.5481159563007,True
205,VentricleNorm,413.3468809347632,True
205,HippocampusNorm,-602.4193530881025,True
205,MidTempNorm,-48.35932228550972,True
205,ADAS13,-99.351931105059,True
205,PTAU,-794.140783486627,True
205,TAU,42.9165396737531,True
205,EntorhinalNorm,-201.21515109798963,True
206,FusiformNorm,-105.08377394809808,True
206,WholeBrainNorm,449.0423565548982,True
206,MMSE,-3.0423875925667305,True
206,ABETA,48.46134482169372,True
206,RAVLT_immediate,46.65765616260451,True
206,VentricleNorm,99.96024659742058,True
206,HippocampusNorm,482.2524047933249,True
206,MidTempNorm,-11.391056726121619,True
206,ADAS13,-192.16961614718667,True
206,PTAU,53.735344392959284,True
206,TAU,123.92745234619218,True
206,EntorhinalNorm,-592.1636460921229,True
207,FusiformNorm,347.5445482639826,False
207,WholeBrainNorm,1148.205800852877,False
207,MMSE,373.72969210605265,False
207,ABETA,-17.29241322076213,False
207,RAVLT_immediate,-178.10266691303627,False
207,VentricleNorm,375.27350586675004,False
207,HippocampusNorm,323.9988056868682,False
207,MidTempNorm,-79.73929740851119,False
207,ADAS13,-388.7953857353958,False
207,PTAU,162.7894606681458,False
207,TAU,-73.09116366813971,False
207,EntorhinalNorm,-421.6925474957259,False
208,FusiformNorm,-2.348855107260313,True
208,WholeBrainNorm,160.04523357092876,True
208,MMSE,-150.3720307469723,True
208,ABETA,-38.96278487436164,True
208,RAVLT_immediate,-19.613801826914944,True
208,VentricleNorm,-160.9320925542328,True
208,HippocampusNorm,330.0694449343333,True
208,MidTempNorm,243.9763304429375,True
208,ADAS13,-330.3851746115446,True
208,PTAU,174.57130607449204,True
208,TAU,100.35590079224706,True
208,EntorhinalNorm,-538.7943525540666,True
209,FusiformNorm,26.22348871563652,True
209,WholeBrainNorm,878.8456669434792,True
209,MMSE,-149.6236566515968,True
209,ABETA,60.17225724264766,True
209,RAVLT_immediate,744.1501622626125,True
209,VentricleNorm,-43.42633158761641,True
209,HippocampusNorm,-471.7115414217744,True
209,MidTempNorm,-90.81224651958436,True
209,ADAS13,-298.22754044261814,True
209,PTAU,-37.63636987584742,True
209,TAU,410.83036338898484,True
209,EntorhinalNorm,-121.55409716530094,True
210,FusiformNorm,-195.83160374868947,True
210,WholeBrainNorm,1594.8529003836118,True
210,MMSE,-190.39951199282018,True
210,ABETA,26.224745112813075,True
210,RAVLT_immediate,-76.99658795189737,True
210,VentricleNorm,346.3513010196861,True
210,HippocampusNorm,312.8480570723792,True
210,MidTempNorm,190.5164420205187,True
210,ADAS13,-182.3598779329112,True
210,PTAU,89.94104569465819,True
210,TAU,417.05466391696393,True
210,EntorhinalNorm,-677.5144555112197,True
211,FusiformNorm,64.60638067361975,True
211,WholeBrainNorm,959.7241675426801,True
211,MMSE,-150.283629721175,True
211,ABETA,-17.267569002699876,True
211,RAVLT_immediate,128.50285129552196,True
211,VentricleNorm,-12.92390522774275,True
211,HippocampusNorm,-381.68753627162954,True
211,MidTempNorm,-81.50799651578278,True
211,ADAS13,-311.8674794360535,True
211,PTAU,199.44397488810816,True
211,TAU,23.88028693617526,True
211,EntorhinalNorm,-559.8240568648431,True
212,FusiformNorm,-51.5394435755943,True
212,WholeBrainNorm,911.8733059755632,True
212,MMSE,-149.79164850800842,True
212,ABETA,20.057228635881685,True
212,RAVLT_immediate,521.272630582399,True
212,VentricleNorm,113.13638966336052,True
212,HippocampusNorm,370.23886243066283,True
212,MidTempNorm,115.49912149844216,True
212,ADAS13,-325.41307784890597,True
212,PTAU,186.51576032127863,True
212,TAU,-157.78839788534864,True
212,EntorhinalNorm,-238.92239371675527,True
213,FusiformNorm,-204.5106985701594,False
213,WholeBrainNorm,1411.4000732329357,False
213,MMSE,302.8302748346969,False
213,ABETA,-26.933885020235962,False
213,RAVLT_immediate,228.92182567927108,False
213,VentricleNorm,388.39424696212893,False
213,HippocampusNorm,211.30531776066476,False
213,MidTempNorm,147.83373846287927,False
213,ADAS13,-297.3053236943489,False
213,PTAU,-6.749221151029481,False
213,TAU,47.588200250011084,False
213,EntorhinalNorm,-250.18244679669613,False
214,FusiformNorm,160.3435749522137,True
214,WholeBrainNorm,333.57979951685917,True
214,MMSE,-150.78745475929918,True
214,ABETA,113.50610354941179,True
214,RAVLT_immediate,-114.81407235573285,True
214,VentricleNorm,-324.6420226317254,True
214,HippocampusNorm,477.9744592537973,True
214,MidTempNorm,103.91988849731248,True
214,ADAS13,-473.48688356517886,True
214,PTAU,170.65437915340735,True
214,TAU,93.5768437045096,True
214,EntorhinalNorm,-675.3267754481635,True
215,FusiformNorm,-113.86209915004721,True
215,WholeBrainNorm,518.9232393367803,True
215,MMSE,138.85731934928288,True
215,ABETA,86.6851759357056,True
215,RAVLT_immediate,996.9344112483246,True
215,VentricleNorm,138.3066929802709,True
215,HippocampusNorm,777.8827368151864,True
215,MidTempNorm,280.40164867081404,True
215,ADAS13,-329.5150841323984,True
215,PTAU,101.37270621996234,True
215,TAU,89.64153767548439,True
215,EntorhinalNorm,-568.7024951079399,True
216,FusiformNorm,-195.14207475220744,False
216,WholeBrainNorm,-1007.0268875321586,False
216,MMSE,319.36546270161693,False
216,ABETA,78.5143218347961,False
216,RAVLT_immediate,461.1678519053315,False
216,VentricleNorm,52.921941640248704,False
216,HippocampusNorm,450.3566184480777,False
216,MidTempNorm,116.14536356191755,False
216,ADAS13,-286.17758417395936,False
216,PTAU,-17.642107452985194,False
216,TAU,41.34063432796926,False
216,EntorhinalNorm,-442.4302892615197,False
217,FusiformNorm,-20.69356701908212,False
217,WholeBrainNorm,1304.7572285272395,False
217,MMSE,325.99761629268437,False
217,ABETA,125.22317790627513,False
217,RAVLT_immediate,508.91318475544614,False
217,VentricleNorm,-147.46416709906552,False
217,HippocampusNorm,226.748293640315,False
217,MidTempNorm,77.09472492935816,False
217,ADAS13,-316.38371225370855,False
217,PTAU,8.574669560297874,False
217,TAU,-81.77122314201272,False
217,EntorhinalNorm,-698.1088356538773,False
218,FusiformNorm,127.14738280715058,True
218,WholeBrainNorm,785.8204215404735,True
218,MMSE,-150.36553001283139,True
218,ABETA,-4.374148587614492,True
218,RAVLT_immediate,-105.79457560302781,True
218,VentricleNorm,70.96570845142189,True
218,HippocampusNorm,-593.731858966767,True
218,MidTempNorm,-125.00121659970304,True
218,ADAS13,-341.2169730611285,True
218,PTAU,194.20770019685452,True
218,TAU,70.12517177042724,True
218,EntorhinalNorm,-95.59379374298899,True
219,FusiformNorm,74.67690126810679,True
219,WholeBrainNorm,78.47735377634869,True
219,MMSE,150.74457226128678,True
219,ABETA,-35.0847944098512,True
219,RAVLT_immediate,433.5764081536111,True
219,VentricleNorm,-185.38828661820082,True
219,HippocampusNorm,241.93637728502495,True
219,MidTempNorm,323.1043324058503,True
219,ADAS13,-407.23000412271284,True
219,PTAU,170.7498685129613,True
219,TAU,-41.68864962994181,True
219,EntorhinalNorm,-460.2888993533538,True
220,FusiformNorm,-95.24426386610592,True
220,WholeBrainNorm,348.5102708788265,True
220,MMSE,-150.05710533405303,True
220,ABETA,-2.7096500531461416,True
220,RAVLT_immediate,-47.644099046279926,True
220,VentricleNorm,33.81224392511259,True
220,HippocampusNorm,261.19622417968037,True
220,MidTempNorm,202.58895115102473,True
220,ADAS13,-296.7124446444677,True
220,PTAU,-27.78780937142311,True
220,TAU,-337.8489934156903,True
220,EntorhinalNorm,-230.59378990280283,True
221,FusiformNorm,-106.85324490110905,True
221,WholeBrainNorm,668.4931305538074,True
221,MMSE,-150.76058076849966,True
221,ABETA,-89.6821236199789,True
221,RAVLT_immediate,744.1501622626125,True
221,VentricleNorm,221.49071323724633,True
221,HippocampusNorm,-760.070628018768,True
221,MidTempNorm,-89.74970555789166,True
221,ADAS13,10.550899437494571,True
221,PTAU,-32.95492041448878,True
221,TAU,309.54708002601876,True
221,EntorhinalNorm,-608.1067368592909,True
222,FusiformNorm,93.95881953601469,True
222,WholeBrainNorm,8.818777287780026,True
222,MMSE,-150.04922633876683,True
222,ABETA,54.40206989165288,True
222,RAVLT_immediate,4.048824029867951,True
222,VentricleNorm,103.08275391185737,True
222,HippocampusNorm,439.94477156913246,True
222,MidTempNorm,-7.810762156291563,True
222,ADAS13,-288.19366897219544,True
222,PTAU,114.8052138356894,True
222,TAU,70.50471401096843,True
222,EntorhinalNorm,-519.6204353994002,True
223,FusiformNorm,-7.8387512029570745,True
223,WholeBrainNorm,604.369237190423,True
223,MMSE,-149.82600936035482,True
223,ABETA,-74.8437126639985,True
223,RAVLT_immediate,-101.758945270904,True
223,VentricleNorm,-148.44837045654208,True
223,HippocampusNorm,-658.9587178705634,True
223,MidTempNorm,162.71894944429303,True
223,ADAS13,-440.6311013781417,True
223,PTAU,196.58179675115903,True
223,TAU,383.1167707704999,True
223,EntorhinalNorm,-499.0727259890778,True
224,FusiformNorm,0.42047543702306456,True
224,WholeBrainNorm,501.87383553656974,True
224,MMSE,-150.58026115218354,True
224,ABETA,52.676071834077916,True
224,RAVLT_immediate,-91.3841875723208,True
224,VentricleNorm,-215.5748107309444,True
224,HippocampusNorm,-553.7130661301626,True
224,MidTempNorm,-63.57942584738148,True
224,ADAS13,156.47809568431083,True
224,PTAU,-740.7190321583855,True
224,TAU,-523.6586429560532,True
224,EntorhinalNorm,141.39803779990365,True
225,FusiformNorm,-187.4145497358271,False
225,WholeBrainNorm,1522.399660720299,False
225,MMSE,73.84880600909963,False
225,ABETA,125.22317790627513,False
225,RAVLT_immediate,312.2265625010802,False
225,VentricleNorm,187.32666733331166,False
225,HippocampusNorm,260.70647525328394,False
225,MidTempNorm,62.358040602090554,False
225,ADAS13,-332.24230732380386,False
225,PTAU,-13.44440461904792,False
225,TAU,-63.65900732520939,False
225,EntorhinalNorm,-477.67391538060406,False
226,FusiformNorm,-141.66940441420246,False
226,WholeBrainNorm,-1124.291983925441,False
226,MMSE,373.72969210605265,False
226,ABETA,107.66596814388937,False
226,RAVLT_immediate,25.56212574375803,False
226,VentricleNorm,87.08139869876133,False
226,HippocampusNorm,472.5185752114033,False
226,MidTempNorm,-93.64269162617352,False
226,ADAS13,-299.0280465741247,False
226,PTAU,164.42741215388634,False
226,TAU,128.29465612198655,False
226,EntorhinalNorm,-286.6380955374278,False
227,FusiformNorm,-5.930073781519965,True
227,WholeBrainNorm,631.7500102479103,True
227,MMSE,-149.6236566515968,True
227,ABETA,-9.222031178684414,True
227,RAVLT_immediate,497.68817194797396,True
227,VentricleNorm,96.54054307552559,True
227,HippocampusNorm,-41.52246546159412,True
227,MidTempNorm,-82.73263681123066,True
227,ADAS13,-306.798872025894,True
227,PTAU,166.2530765146624,True
227,TAU,-47.244988947819195,True
227,EntorhinalNorm,-278.4205630074531,True
228,FusiformNorm,-110.5278344323413,True
228,WholeBrainNorm,273.36406856826477,True
228,MMSE,-149.97079343780024,True
228,ABETA,24.54204970267142,True
228,RAVLT_immediate,117.08568588374015,True
228,VentricleNorm,388.39424696212893,True
228,HippocampusNorm,404.63288621394923,True
228,MidTempNorm,227.7951845416139,True
228,ADAS13,-189.88780559423034,True
228,PTAU,28.216485132749913,True
228,TAU,-211.67397489229256,True
228,EntorhinalNorm,-473.1919264351174,True
229,FusiformNorm,-48.546613743131246,False
229,WholeBrainNorm,-354.2119044216557,False
229,MMSE,203.98054025716257,False
229,ABETA,-80.92654810995386,False
229,RAVLT_immediate,-10.011806500712602,False
229,VentricleNorm,-156.14749191056995,False
229,HippocampusNorm,212.3637192176235,False
229,MidTempNorm,261.3072220474261,False
229,ADAS13,-414.05022671994425,False
229,PTAU,159.17035732675828,False
229,TAU,225.8470375319509,False
229,EntorhinalNorm,-725.4407176862228,False
230,FusiformNorm,-122.42669683579828,False
230,WholeBrainNorm,476.70684363953046,False
230,MMSE,-72.52374695693712,False
230,ABETA,-84.39881840368257,False
230,RAVLT_immediate,379.860875413754,False
230,VentricleNorm,64.44935818225554,False
230,HippocampusNorm,213.78415127633627,False
230,MidTempNorm,181.49215497942157,False
230,ADAS13,-245.4251716613156,False
230,PTAU,66.29203620632863,False
230,TAU,325.9117292394398,False
230,EntorhinalNorm,-458.3448096202443,False
231,FusiformNorm,14.682743462994658,True
231,WholeBrainNorm,256.81352686570904,True
231,MMSE,-150.4367317656629,True
231,ABETA,58.7715651863618,True
231,RAVLT_immediate,-253.84349438197358,True
231,VentricleNorm,-412.6790698431961,True
231,HippocampusNorm,-73.90608588702551,True
231,MidTempNorm,-78.71777134973135,True
231,ADAS13,-329.6189271120606,True
231,PTAU,82.99930901838984,True
231,TAU,520.2567374166072,True
231,EntorhinalNorm,-75.54000419115937,True
232,FusiformNorm,-299.1597234931748,False
232,WholeBrainNorm,1037.7910129069896,False
232,MMSE,12.303873895121283,False
232,ABETA,-88.67480271329866,False
232,RAVLT_immediate,318.14106714263755,False
232,VentricleNorm,135.95190450672735,False
232,HippocampusNorm,444.42348115494224,False
232,MidTempNorm,358.1657210755358,False
232,ADAS13,-280.93921275537014,False
232,PTAU,136.00238066625738,False
232,TAU,240.80108353606312,False
232,EntorhinalNorm,-622.4626797265906,False
233,FusiformNorm,14.287530682894243,True
233,WholeBrainNorm,954.032221467616,True
233,MMSE,-149.6236566515968,True
233,ABETA,-73.95409048661584,True
233,RAVLT_immediate,-163.76192917182354,True
233,VentricleNorm,97.40111590357381,True
233,HippocampusNorm,693.8424957751339,True
233,MidTempNorm,-70.34336945190609,True
233,ADAS13,-310.82252140333736,True
233,PTAU,157.24924176106296,True
233,TAU,505.4469933300852,True
233,EntorhinalNorm,-449.595253176346,True
234,FusiformNorm,-1.5707850944961195,True
234,WholeBrainNorm,531.2864472456048,True
234,MMSE,-149.65053127046815,True
234,ABETA,3.646590995934623,True
234,RAVLT_immediate,410.2435942868457,True
234,VentricleNorm,115.89746669101507,True
234,HippocampusNorm,-346.6313883391557,True
234,MidTempNorm,-39.88416751006982,True
234,ADAS13,-346.6893675430056,True
234,PTAU,99.97112193487334,True
234,TAU,-330.1961765411335,True
234,EntorhinalNorm,-411.0397018202902,True
235,FusiformNorm,83.82197020154851,True
235,WholeBrainNorm,112.79026116065135,True
235,MMSE,-149.6236566515968,True
235,ABETA,-76.54422263743686,True
235,RAVLT_immediate,505.8732879053321,True
235,VentricleNorm,490.35404593996543,True
235,HippocampusNorm,-509.43231886081753,True
235,MidTempNorm,-46.17344809547351,True
235,ADAS13,-152.16237295881982,True
235,PTAU,-791.8943890931132,True
235,TAU,-314.1136267982768,True
235,EntorhinalNorm,-375.04749868755755,True
236,FusiformNorm,-246.27862633576046,True
236,WholeBrainNorm,254.0491653421878,True
236,MMSE,-149.99245193136247,True
236,ABETA,113.50610354941179,True
236,RAVLT_immediate,50.97710981478274,True
236,VentricleNorm,-191.9696479948724,True
236,HippocampusNorm,-147.56310869742407,True
236,MidTempNorm,-112.59487122144976,True
236,ADAS13,207.44996300998346,True
236,PTAU,-674.9957631782696,True
236,TAU,5.078412930320415,True
236,EntorhinalNorm,-85.64587072360271,True
237,FusiformNorm,-37.94685534831221,True
237,WholeBrainNorm,-253.9788287354515,True
237,MMSE,-149.92137029533697,True
237,ABETA,-9.568833680562854,True
237,RAVLT_immediate,-386.19753747812376,True
237,VentricleNorm,490.35404593996543,True
237,HippocampusNorm,-513.9393827175313,True
237,MidTempNorm,-56.43033639269676,True
237,ADAS13,-427.6662958227835,True
237,PTAU,45.50973176474925,True
237,TAU,7.490593132171142,True
237,EntorhinalNorm,-612.4729195464796,True
238,FusiformNorm,-113.77137429113714,False
238,WholeBrainNorm,301.40483593566995,False
238,MMSE,20.54190534694011,False
238,ABETA,125.22317790627513,False
238,RAVLT_immediate,-469.4281701338802,False
238,VentricleNorm,129.19216511002273,False
238,HippocampusNorm,249.44966035354548,False
238,MidTempNorm,291.9377957008913,False
238,ADAS13,-467.7547994094954,False
238,PTAU,107.90888849972482,False
238,TAU,33.33835875535682,False
238,EntorhinalNorm,-661.6663004514716,False
239,FusiformNorm,-191.79860226893038,True
239,WholeBrainNorm,775.9014841106901,True
239,MMSE,-150.35752620189584,True
239,ABETA,-36.59862036854567,True
239,RAVLT_immediate,569.7288199553313,True
239,VentricleNorm,342.39461272005843,True
239,HippocampusNorm,-293.85555394043274,True
239,MidTempNorm,-76.69366329067596,True
239,ADAS13,1031.472610753942,True
239,PTAU,195.20380004645438,True
239,TAU,-34.42715533085991,True
239,EntorhinalNorm,-277.7707759558633,True
240,FusiformNorm,234.8840790001051,False
240,WholeBrainNorm,1806.796216500617,False
240,MMSE,-210.45636479775968,False
240,ABETA,-68.0579111653095,False
240,RAVLT_immediate,1343.1561348215694,False
240,VentricleNorm,115.3678148302551,False
240,HippocampusNorm,219.2075667586459,False
240,MidTempNorm,376.4541319845172,False
240,ADAS13,-247.69663124593006,False
240,PTAU,184.39603988564897,False
240,TAU,-112.37212476524707,False
240,EntorhinalNorm,-634.031903893566,False
241,FusiformNorm,72.67588230688727,True
241,WholeBrainNorm,347.3209161895797,True
241,MMSE,176.94171535625426,True
241,ABETA,110.54695184471468,True
241,RAVLT_immediate,-537.4858184654843,True
241,VentricleNorm,-185.38828661820082,True
241,HippocampusNorm,339.51948642865125,True
241,MidTempNorm,-109.20643046933917,True
241,ADAS13,-168.50932999634534,True
241,PTAU,104.01687824468415,True
241,TAU,72.29928508443423,True
241,EntorhinalNorm,-680.4624210985271,True
242,FusiformNorm,236.27988742835504,True
242,WholeBrainNorm,344.87519327762413,True
242,MMSE,-150.47941788883617,True
242,ABETA,-26.812133437214438,True
242,RAVLT_immediate,744.1501622626125,True
242,VentricleNorm,350.2532132136027,True
242,HippocampusNorm,181.44489472160444,True
242,MidTempNorm,188.31892356640165,True
242,ADAS13,-303.2225189490621,True
242,PTAU,157.9064280639445,True
242,TAU,-6.489315631653776,True
242,EntorhinalNorm,-133.33447187624552,True
243,FusiformNorm,-48.88560776660648,True
243,WholeBrainNorm,251.68624293067236,True
243,MMSE,-149.74457040072963,True
243,ABETA,28.407218228188146,True
243,RAVLT_immediate,-256.15091658771587,True
243,VentricleNorm,99.0918040044922,True
243,HippocampusNorm,-313.67210647739444,True
243,MidTempNorm,-44.56401626740163,True
243,ADAS13,-79.8695844283813,True
243,PTAU,-618.8223092570303,True
243,TAU,-1082.9951525787199,True
243,EntorhinalNorm,241.0384672890715,True
244,FusiformNorm,-68.9549470131434,True
244,WholeBrainNorm,810.1386638871727,True
244,MMSE,-150.3745572071772,True
244,ABETA,-3.352667206246357,True
244,RAVLT_immediate,303.9607419774702,True
244,VentricleNorm,114.0417553752315,True
244,HippocampusNorm,-600.664960209596,True
244,MidTempNorm,-57.40093955320141,True
244,ADAS13,-529.8141327641658,True
244,PTAU,-594.2636547330696,True
244,TAU,-1028.210816391005,True
244,EntorhinalNorm,247.1178406697029,True
245,FusiformNorm,-170.393269219023,True
245,WholeBrainNorm,437.7094810766111,True
245,MMSE,-150.04257027919994,True
245,ABETA,-30.399816571641427,True
245,RAVLT_immediate,-212.65589337748227,True
245,VentricleNorm,-100.69527481740326,True
245,HippocampusNorm,279.76264716433144,True
245,MidTempNorm,-110.23853370469396,True
245,ADAS13,-326.114408251407,True
245,PTAU,196.27309445148052,True
245,TAU,-254.50659150583422,True
245,EntorhinalNorm,-672.0996122514571,True
246,FusiformNorm,-15.333352847050374,True
246,WholeBrainNorm,734.6766039974027,True
246,MMSE,-149.96206036135482,True
246,ABETA,-32.057433735795115,True
246,RAVLT_immediate,-177.2499351460857,True
246,VentricleNorm,80.65521172955685,True
246,HippocampusNorm,247.83863686565124,True
246,MidTempNorm,121.9278562518196,True
246,ADAS13,-318.94496824364705,True
246,PTAU,-58.320082455565995,True
246,TAU,213.7019391326317,True
246,EntorhinalNorm,-673.9658723612152,True
247,FusiformNorm,-1.4336407451001492,True
247,WholeBrainNorm,-119.90285396865197,True
247,MMSE,-150.46906947398878,True
247,ABETA,113.50610354941179,True
247,RAVLT_immediate,-63.34345722170584,True
247,VentricleNorm,-52.44507030493508,True
247,HippocampusNorm,-752.8513118534314,True
247,MidTempNorm,-86.7026725327817,True
247,ADAS13,835.2179758848861,True
247,PTAU,-612.9939952871542,True
247,TAU,-482.37386017685577,True
247,EntorhinalNorm,301.8297274967032,True
248,FusiformNorm,143.6222549088737,True
248,WholeBrainNorm,2165.489693138077,True
248,MMSE,38.96249533120801,True
248,ABETA,-108.80255852733612,True
248,RAVLT_immediate,-52.81698341809324,True
248,VentricleNorm,183.2417047358272,True
248,HippocampusNorm,207.0797136873812,True
248,MidTempNorm,170.6997452416885,True
248,ADAS13,-293.0341701301883,True
248,PTAU,-21.61511442656208,True
248,TAU,424.1775093072055,True
248,EntorhinalNorm,-429.0067148521998,True
249,FusiformNorm,-179.11274780765135,True
249,WholeBrainNorm,387.5853199699012,True
249,MMSE,-150.15678479034432,True
249,ABETA,3.5233140018080893,True
249,RAVLT_immediate,-103.07807327228096,True
249,VentricleNorm,214.07971774465403,True
249,HippocampusNorm,297.460311126665,True
249,MidTempNorm,301.66327513900296,True
249,ADAS13,-364.36725253011707,True
249,PTAU,169.92685110722164,True
249,TAU,-206.0091125667121,True
249,EntorhinalNorm,-510.03695986665434,True
250,FusiformNorm,286.19338261923406,True
250,WholeBrainNorm,577.2343423408911,True
250,MMSE,31.916868189732433,True
250,ABETA,125.22317790627513,True
250,RAVLT_immediate,-27.091789603646117,True
250,VentricleNorm,-45.131987231076174,True
250,HippocampusNorm,170.167048179326,True
250,MidTempNorm,285.3792961230303,True
250,ADAS13,-170.46337206745062,True
250,PTAU,127.96549321090424,True
250,TAU,-87.7553816702123,True
250,EntorhinalNorm,-735.4325080401991,True
251,FusiformNorm,116.94655361129156,True
251,WholeBrainNorm,461.4780235360954,True
251,MMSE,-149.93125596159723,True
251,ABETA,25.871081442284254,True
251,RAVLT_immediate,744.1501622626125,True
251,VentricleNorm,-266.4364147255644,True
251,HippocampusNorm,580.4911634757241,True
251,MidTempNorm,345.302561793001,True
251,ADAS13,-371.8317115784989,True
251,PTAU,-33.07871475456398,True
251,TAU,-215.8444137389306,True
251,EntorhinalNorm,-725.2996058908687,True
252,FusiformNorm,153.9915623205301,True
252,WholeBrainNorm,959.7241675426801,True
252,MMSE,-150.74437297186483,True
252,ABETA,-119.15306549827173,True
252,RAVLT_immediate,-219.90138868742054,True
252,VentricleNorm,208.196776004096,True
252,HippocampusNorm,-565.2227516715404,True
252,MidTempNorm,-97.24115949417407,True
252,ADAS13,650.6237437250542,True
252,PTAU,-610.239115115605,True
252,TAU,-103.17890046659153,True
252,EntorhinalNorm,298.41551815950334,True
253,FusiformNorm,69.4257352934877,False
253,WholeBrainNorm,2165.489693138077,False
253,MMSE,-204.1836811085527,False
253,ABETA,78.15290010279156,False
253,RAVLT_immediate,-360.5559347780396,False
253,VentricleNorm,25.317141251724603,False
253,HippocampusNorm,570.0347817472483,False
253,MidTempNorm,147.9230165220281,False
253,ADAS13,-400.7904940754451,False
253,PTAU,178.9975796868584,False
253,TAU,-189.43523884825657,False
253,EntorhinalNorm,-371.40345522164654,False
254,FusiformNorm,172.64345590875732,True
254,WholeBrainNorm,47.95718183201001,True
254,MMSE,-150.15739373337266,True
254,ABETA,113.50610354941179,True
254,RAVLT_immediate,-76.51834043866329,True
254,VentricleNorm,-6.417597171316676,True
254,HippocampusNorm,-478.2065535670512,True
254,MidTempNorm,-8.301908055632234,True
254,ADAS13,-284.23193626370323,True
254,PTAU,154.36391467043762,True
254,TAU,-388.74819551063473,True
254,EntorhinalNorm,-585.0172615195983,True
255,FusiformNorm,154.20431305594303,True
255,WholeBrainNorm,678.7269005904354,True
255,MMSE,-150.85890667096683,True
255,ABETA,30.993038489261057,True
255,RAVLT_immediate,-30.21866904893809,True
255,VentricleNorm,101.32629264258539,True
255,HippocampusNorm,198.42024180368313,True
255,MidTempNorm,74.04259852153538,True
255,ADAS13,-182.03866074264928,True
255,PTAU,-55.45027113395352,True
255,TAU,453.0371075902357,True
255,EntorhinalNorm,-247.90826554714312,True
256,FusiformNorm,179.59023348336228,True
256,WholeBrainNorm,824.2708474584136,True
256,MMSE,-150.33734614264006,True
256,ABETA,-14.175801294751684,True
256,RAVLT_immediate,207.870719749045,True
256,VentricleNorm,-15.062241959197634,True
256,HippocampusNorm,386.32479661215274,True
256,MidTempNorm,193.20714542214571,True
256,ADAS13,-311.042635073034,True
256,PTAU,71.13434723952365,True
256,TAU,309.3549115608705,True
256,EntorhinalNorm,-463.356611205158,True
257,FusiformNorm,180.2015379203397,True
257,WholeBrainNorm,73.57402589773184,True
257,MMSE,-150.47295316176687,True
257,ABETA,-101.06486125267459,True
257,RAVLT_immediate,-869.0378530128484,True
257,VentricleNorm,490.35404593996543,True
257,HippocampusNorm,-784.3010100177283,True
257,MidTempNorm,-67.18992859404457,True
257,ADAS13,112.71077303775253,True
257,PTAU,-45.79189794323581,True
257,TAU,-206.0091125667121,True
257,EntorhinalNorm,-276.08434032470154,True
258,FusiformNorm,-125.70716112705121,True
258,WholeBrainNorm,618.296844010016,True
258,MMSE,-150.83284201202824,True
258,ABETA,58.36995369073821,True
258,RAVLT_immediate,272.6917162659651,True
258,VentricleNorm,490.35404593996543,True
258,HippocampusNorm,-555.080072879888,True
258,MidTempNorm,-42.58818282601962,True
258,ADAS13,383.9314104770826,True
258,PTAU,-550.54673673238,True
258,TAU,397.26690655282914,True
258,EntorhinalNorm,-401.1021254141379,True
259,FusiformNorm,160.66837138946912,True
259,WholeBrainNorm,748.8422267417442,True
259,MMSE,-150.49188490789018,True
259,ABETA,-119.15306549827173,True
259,RAVLT_immediate,327.35530638081826,True
259,VentricleNorm,75.7744191865996,True
259,HippocampusNorm,-751.5935149001625,True
259,MidTempNorm,-52.52860169482004,True
259,ADAS13,6.134822535172553,True
259,PTAU,-687.3560943301128,True
259,TAU,97.81374006690785,True
259,EntorhinalNorm,-229.49540716218223,True
260,FusiformNorm,42.80523957395046,True
260,WholeBrainNorm,-509.6690823729434,True
260,MMSE,-151.138278749891,True
260,ABETA,-26.049465146667316,True
260,RAVLT_immediate,-279.8362817978934,True
260,VentricleNorm,-233.98575268205462,True
260,HippocampusNorm,-593.9937172115813,True
260,MidTempNorm,-64.35903065390396,True
260,ADAS13,-478.34731195897666,True
260,PTAU,-600.056861865709,True
260,TAU,-646.6657491885051,True
260,EntorhinalNorm,402.9843237467395,True
261,FusiformNorm,89.618535235161,True
261,WholeBrainNorm,959.7241675426801,True
261,MMSE,-150.19089509906254,True
261,ABETA,0.22790151895768496,True
261,RAVLT_immediate,185.20291259895882,True
261,VentricleNorm,-12.827481948324408,True
261,HippocampusNorm,-435.9300418358059,True
261,MidTempNorm,319.7313697332066,True
261,ADAS13,-296.6237500714364,True
261,PTAU,104.8303383026217,True
261,TAU,-106.04970262918724,True
261,EntorhinalNorm,-556.4667693474306,True
262,FusiformNorm,51.803359040964544,False
262,WholeBrainNorm,2148.1799544026117,False
262,MMSE,-257.6059344494124,False
262,ABETA,-111.72895936460955,False
262,RAVLT_immediate,-69.01945823682092,False
262,VentricleNorm,112.64196838908533,False
262,HippocampusNorm,398.92272036569295,False
262,MidTempNorm,152.42827989072563,False
262,ADAS13,-364.15505272207577,False
262,PTAU,-26.476393483471874,False
262,TAU,-129.45661640899812,False
262,EntorhinalNorm,-288.77843624142446,False
263,FusiformNorm,-176.9536282526746,False
263,WholeBrainNorm,264.800977635986,False
263,MMSE,309.30099485965627,False
263,ABETA,92.05585972703673,False
263,RAVLT_immediate,746.270685653681,False
263,VentricleNorm,372.18982247446246,False
263,HippocampusNorm,587.1942447911274,False
263,MidTempNorm,108.51466587896893,False
263,ADAS13,-322.83270832650885,False
263,PTAU,151.83155980862978,False
263,TAU,332.64424199275476,False
263,EntorhinalNorm,-273.1573618967161,False
264,FusiformNorm,144.73815248003194,True
264,WholeBrainNorm,86.51871592715199,True
264,MMSE,-150.4173837529767,True
264,ABETA,-1.4181367327480576,True
264,RAVLT_immediate,22.571826815414546,True
264,VentricleNorm,140.5296276001293,True
264,HippocampusNorm,-683.9034262848415,True
264,MidTempNorm,-83.11827862407387,True
264,ADAS13,105.65020766100955,True
264,PTAU,-608.7399160875215,True
264,TAU,143.08282817154918,True
264,EntorhinalNorm,303.2854496165935,True
265,FusiformNorm,116.21444180829134,True
265,WholeBrainNorm,210.06457661973974,True
265,MMSE,-150.3807409994043,True
265,ABETA,-33.33186948911373,True
265,RAVLT_immediate,597.2665972583318,True
265,VentricleNorm,413.24666813992076,True
265,HippocampusNorm,-607.1684446437072,True
265,MidTempNorm,-63.00127125000045,True
265,ADAS13,-536.3326191305342,True
265,PTAU,-708.7390171354289,True
265,TAU,-1146.2468412690018,True
265,EntorhinalNorm,-238.89973847959877,True
266,FusiformNorm,30.313075601532596,True
266,WholeBrainNorm,728.3145885027276,True
266,MMSE,-150.40925628562024,True
266,ABETA,113.50610354941179,True
266,RAVLT_immediate,222.14309415795162,True
266,VentricleNorm,198.36839097723328,True
266,HippocampusNorm,231.48159421976987,True
266,MidTempNorm,168.02523759017686,True
266,ADAS13,-344.97815090638835,True
266,PTAU,-18.23545495522636,True
266,TAU,564.4011101076015,True
266,EntorhinalNorm,-163.22741540597454,True
267,FusiformNorm,-291.94607633709273,True
267,WholeBrainNorm,162.67443317706125,True
267,MMSE,-150.9733449672417,True
267,ABETA,1.2238022413195235,True
267,RAVLT_immediate,182.26507952031804,True
267,VentricleNorm,-527.0974302701634,True
267,HippocampusNorm,-677.0406264205166,True
267,MidTempNorm,70.44092157439604,True
267,ADAS13,-309.98332132322156,True
267,PTAU,205.62091889300157,True
267,TAU,131.68124973249576,True
267,EntorhinalNorm,-632.1653880050169,True
268,FusiformNorm,71.03212663025583,True
268,WholeBrainNorm,183.29041261213715,True
268,MMSE,-150.3312050191328,True
268,ABETA,-55.46976081667074,True
268,RAVLT_immediate,-0.29162842248211973,True
268,VentricleNorm,490.35404593996543,True
268,HippocampusNorm,-670.4810848750385,True
268,MidTempNorm,121.3462996465604,True
268,ADAS13,-374.5873146162578,True
268,PTAU,60.47945079756332,True
268,TAU,542.8649713033159,True
268,EntorhinalNorm,-215.44777375531552,True
269,FusiformNorm,-8.837548604937552,True
269,WholeBrainNorm,267.17488572430153,True
269,MMSE,321.1900834893085,True
269,ABETA,-17.4946991450872,True
269,RAVLT_immediate,1343.1561348215694,True
269,VentricleNorm,154.68377680957403,True
269,HippocampusNorm,229.4160125080422,True
269,MidTempNorm,156.33659923100927,True
269,ADAS13,-258.2307666187131,True
269,PTAU,217.64989118546865,True
269,TAU,201.106561652601,True
269,EntorhinalNorm,-630.3269836921312,True
270,FusiformNorm,-95.82102294056855,False
270,WholeBrainNorm,-1124.291983925441,False
270,MMSE,373.72969210605265,False
270,ABETA,-43.85183365112961,False
270,RAVLT_immediate,-111.25933969608482,False
270,VentricleNorm,174.24103688217158,False
270,HippocampusNorm,324.9067468969811,False
270,MidTempNorm,41.62379800856068,False
270,ADAS13,-338.4004058837117,False
270,PTAU,229.39353490378073,False
270,TAU,151.16924941077167,False
270,EntorhinalNorm,-317.9032670181562,False
271,FusiformNorm,-97.01770124134536,False
271,WholeBrainNorm,519.9085459205113,False
271,MMSE,60.79220093722366,False
271,ABETA,32.38705435849816,False
271,RAVLT_immediate,-1169.1836424578778,False
271,VentricleNorm,388.39424696212893,False
271,HippocampusNorm,689.2650165723445,False
271,MidTempNorm,-100.72448168179336,False
271,ADAS13,-218.64252728212458,False
271,PTAU,74.16335576504223,False
271,TAU,328.97848444079256,False
271,EntorhinalNorm,-68.35241481736497,False
272,FusiformNorm,-216.00946999679817,True
272,WholeBrainNorm,874.5161747722645,True
272,MMSE,-150.62034831418492,True
272,ABETA,-10.706895436480421,True
272,RAVLT_immediate,-936.1291643990515,True
272,VentricleNorm,490.35404593996543,True
272,HippocampusNorm,-281.8280093709093,True
272,MidTempNorm,-62.403700079464556,True
272,ADAS13,-174.8670421274455,True
272,PTAU,219.10075031417009,True
272,TAU,521.1740962515252,True
272,EntorhinalNorm,-273.66500064738335,True
273,FusiformNorm,149.85143502544258,True
273,WholeBrainNorm,1949.2449988674352,True
273,MMSE,-198.81247363792642,True
273,ABETA,52.44517799855383,True
273,RAVLT_immediate,-199.5816256476669,True
273,VentricleNorm,161.0107623021406,True
273,HippocampusNorm,281.3513246762067,True
273,MidTempNorm,146.5361124356311,True
273,ADAS13,-332.46451458198106,True
273,PTAU,56.91045535571573,True
273,TAU,410.08547731666187,True
273,EntorhinalNorm,-718.1222215292557,True
274,FusiformNorm,-113.08709838442938,True
274,WholeBrainNorm,525.2667760882338,True
274,MMSE,196.16169305213742,True
274,ABETA,-136.7584884321685,True
274,RAVLT_immediate,-1097.0701720763227,True
274,VentricleNorm,-126.095744409186,True
274,HippocampusNorm,213.25584694669232,True
274,MidTempNorm,123.69509782356326,True
274,ADAS13,-246.7282775622839,True
274,PTAU,193.81215493702013,True
274,TAU,193.3554266521672,True
274,EntorhinalNorm,-578.6351248086988,True
275,FusiformNorm,35.83383046340928,True
275,WholeBrainNorm,-509.6690823729434,True
275,MMSE,-149.7602986425403,True
275,ABETA,94.34005689919304,True
275,RAVLT_immediate,178.5130138259412,True
275,VentricleNorm,266.74264392020353,True
275,HippocampusNorm,-783.2814053693411,True
275,MidTempNorm,-82.96751057360183,True
275,ADAS13,464.59743094420304,True
275,PTAU,-747.1613968053688,True
275,TAU,-404.6760052206917,True
275,EntorhinalNorm,-139.3842610386609,True
276,FusiformNorm,-135.10293395654676,True
276,WholeBrainNorm,236.62124177227193,True
276,MMSE,-150.1780240838001,True
276,ABETA,13.286364441137021,True
276,RAVLT_immediate,-298.5834607872089,True
276,VentricleNorm,430.3855062321471,True
276,HippocampusNorm,-715.6032579007529,True
276,MidTempNorm,-115.87663074509507,True
276,ADAS13,86.89789406834268,True
276,PTAU,-587.6358077139174,True
276,TAU,-575.8662175763026,True
276,EntorhinalNorm,403.681989981935,True
277,FusiformNorm,205.2845238421849,True
277,WholeBrainNorm,555.596981595404,True
277,MMSE,-150.495172445318,True
277,ABETA,65.36504604901047,True
277,RAVLT_immediate,-129.15393583804203,True
277,VentricleNorm,323.27392905222047,True
277,HippocampusNorm,-399.9561289278917,True
277,MidTempNorm,-101.31460077982551,True
277,ADAS13,-260.6291494063992,True
277,PTAU,134.5690737155789,True
277,TAU,155.6558501682056,True
277,EntorhinalNorm,-483.5286835900997,True
278,FusiformNorm,-145.73271974490478,False
278,WholeBrainNorm,207.396973920813,False
278,MMSE,-323.2942746632569,False
278,ABETA,-133.27464347147108,False
278,RAVLT_immediate,609.8613302493479,False
278,VentricleNorm,388.39424696212893,False
278,HippocampusNorm,617.941575225198,False
278,MidTempNorm,146.14343759808222,False
278,ADAS13,-319.1373229379722,False
278,PTAU,-57.02130658754004,False
278,TAU,-398.2649507707091,False
278,EntorhinalNorm,-419.2859680291241,False
279,FusiformNorm,60.39007816820827,True
279,WholeBrainNorm,241.80131960441457,True
279,MMSE,-150.6288965967808,True
279,ABETA,30.67806686624766,True
279,RAVLT_immediate,-55.73979405718062,True
279,VentricleNorm,490.35404593996543,True
279,HippocampusNorm,-772.383647890821,True
279,MidTempNorm,330.03231914629356,True
279,ADAS13,-354.85417215705235,True
279,PTAU,207.73539571769595,True
279,TAU,-107.85416373600638,True
279,EntorhinalNorm,-417.3511437170445,True
280,FusiformNorm,-111.84977139115432,True
280,WholeBrainNorm,621.5665338240653,True
280,MMSE,-324.06461139525027,True
280,ABETA,-11.490103672664484,True
280,RAVLT_immediate,-74.3831136630917,True
280,VentricleNorm,388.39424696212893,True
280,HippocampusNorm,336.68427652840995,True
280,MidTempNorm,141.62610731648792,True
280,ADAS13,-291.8167018728496,True
280,PTAU,22.142577182989022,True
280,TAU,23.47776897279554,True
280,EntorhinalNorm,-476.76904589846754,True
281,FusiformNorm,220.478185608573,True
281,WholeBrainNorm,608.4853879535945,True
281,MMSE,-150.0880411008895,True
281,ABETA,113.50610354941179,True
281,RAVLT_immediate,-1430.4357093410101,True
281,VentricleNorm,250.38481524408695,True
281,HippocampusNorm,117.87185943703,True
281,MidTempNorm,236.50521785604226,True
281,ADAS13,-284.0502385037127,True
281,PTAU,18.07333843720674,True
281,TAU,583.4738491866465,True
281,EntorhinalNorm,-583.758662666071,True
282,FusiformNorm,-7.267023607308282,True
282,WholeBrainNorm,959.7241675426801,True
282,MMSE,129.44210215311068,True
282,ABETA,-114.80975973383029,True
282,RAVLT_immediate,-784.3052525835983,True
282,VentricleNorm,112.43385892660515,True
282,HippocampusNorm,179.60120628990273,True
282,MidTempNorm,163.92105870053564,True
282,ADAS13,-295.9844918870577,True
282,PTAU,117.427343301897,True
282,TAU,93.27891637221782,True
282,EntorhinalNorm,-417.22385362211486,True
283,FusiformNorm,62.5612540453466,True
283,WholeBrainNorm,-169.36998520814493,True
283,MMSE,-150.51591084130325,True
283,ABETA,-6.1784389321542275,True
283,RAVLT_immediate,-925.007771425457,True
283,VentricleNorm,-113.05404132020848,True
283,HippocampusNorm,-609.7648306706561,True
283,MidTempNorm,-97.09197441829053,True
283,ADAS13,-539.0369286011229,True
283,PTAU,-726.5211268114482,True
283,TAU,-604.3129278464198,True
283,EntorhinalNorm,361.3345962687775,True
284,FusiformNorm,-188.66544657157027,False
284,WholeBrainNorm,-356.10248269383624,False
284,MMSE,105.06575060280775,False
284,ABETA,-0.12063627772324104,False
284,RAVLT_immediate,1343.1561348215694,False
284,VentricleNorm,206.7825467921623,False
284,HippocampusNorm,471.96482194755504,False
284,MidTempNorm,67.20528796449247,False
284,ADAS13,-298.58770014617374,False
284,PTAU,38.27796947101905,False
284,TAU,159.8833452568798,False
284,EntorhinalNorm,-711.3334830800306,False
285,FusiformNorm,291.19439800360385,False
285,WholeBrainNorm,1010.1595087397359,False
285,MMSE,-324.06461139525027,False
285,ABETA,-28.734713590622054,False
285,RAVLT_immediate,1343.1561348215694,False
285,VentricleNorm,58.93091622546713,False
285,HippocampusNorm,192.94642323751373,False
285,MidTempNorm,106.3902483868101,False
285,ADAS13,-328.64348197213735,False
285,PTAU,175.7541774914301,False
285,TAU,424.8377126405663,False
285,EntorhinalNorm,-643.9080863822599,False
286,FusiformNorm,100.2270796204208,True
286,WholeBrainNorm,251.27974227418127,True
286,MMSE,-150.64576226823763,True
286,ABETA,-66.02386270224139,True
286,RAVLT_immediate,-98.11166602957435,True
286,VentricleNorm,-30.306677770359215,True
286,HippocampusNorm,-458.6036240410769,True
286,MidTempNorm,-81.0275253348027,True
286,ADAS13,-476.72143319540106,True
286,PTAU,-812.8087184981351,True
286,TAU,-688.1006250320655,True
286,EntorhinalNorm,239.80329794007042,True
287,FusiformNorm,-121.00216569456344,True
287,WholeBrainNorm,959.7241675426801,True
287,MMSE,-150.71659041432298,True
287,ABETA,111.20160762218195,True
287,RAVLT_immediate,-789.2585359745442,True
287,VentricleNorm,54.36783504883017,True
287,HippocampusNorm,184.90672598516392,True
287,MidTempNorm,323.54553332407147,True
287,ADAS13,-183.86231167048493,True
287,PTAU,129.92670011077328,True
287,TAU,-23.951525919954182,True
287,EntorhinalNorm,-165.97526019482723,True
288,FusiformNorm,-89.08441246156,True
288,WholeBrainNorm,340.8601538689181,True
288,MMSE,-150.38854014871328,True
288,ABETA,77.54016742475271,True
288,RAVLT_immediate,-77.05700405426289,True
288,VentricleNorm,-126.91101972249778,True
288,HippocampusNorm,-992.4853830352466,True
288,MidTempNorm,-77.19136149639603,True
288,ADAS13,309.22142643030554,True
288,PTAU,-729.3382949126019,True
288,TAU,42.21116927722227,True
288,EntorhinalNorm,-306.20210710540016,True
289,FusiformNorm,-74.94420226121912,True
289,WholeBrainNorm,217.71555466526752,True
289,MMSE,-149.76224989017402,True
289,ABETA,113.50610354941179,True
289,RAVLT_immediate,-731.4048751581665,True
289,VentricleNorm,-131.88538842556756,True
289,HippocampusNorm,248.5160253622294,True
289,MidTempNorm,168.90518103208086,True
289,ADAS13,-286.1108246884066,True
289,PTAU,82.63061629590672,True
289,TAU,-189.30019960275789,True
289,EntorhinalNorm,-247.79687170331044,True
290,FusiformNorm,337.8196549464187,True
290,WholeBrainNorm,813.702439077013,True
290,MMSE,-128.116742084074,True
290,ABETA,-1.5444094184527684,True
290,RAVLT_immediate,-552.5104048750097,True
290,VentricleNorm,2.0266768734722707,True
290,HippocampusNorm,460.3902198120893,True
290,MidTempNorm,330.3387318196083,True
290,ADAS13,-306.84860061092485,True
290,PTAU,25.365463860376444,True
290,TAU,-216.62018409636102,True
290,EntorhinalNorm,-697.0260842573563,True
291,FusiformNorm,37.6967465622869,True
291,WholeBrainNorm,377.5051112684163,True
291,MMSE,-149.90354409111234,True
291,ABETA,70.08475730861697,True
291,RAVLT_immediate,168.80446004036037,True
291,VentricleNorm,351.8146261437345,True
291,HippocampusNorm,-513.1718074415235,True
291,MidTempNorm,-67.24635769764247,True
291,ADAS13,514.7374358523443,True
291,PTAU,-796.2729999085709,True
291,TAU,122.27759132239441,True
291,EntorhinalNorm,-461.768355654806,True
292,FusiformNorm,-106.29739686396259,True
292,WholeBrainNorm,210.62361482825798,True
292,MMSE,-150.26597870978654,True
292,ABETA,-11.456928788868783,True
292,RAVLT_immediate,125.03232218340227,True
292,VentricleNorm,89.80174862906338,True
292,HippocampusNorm,-687.251365562962,True
292,MidTempNorm,-36.074265719001545,True
292,ADAS13,1017.5914373904735,True
292,PTAU,217.7980422668504,True
292,TAU,332.77531877688057,True
292,EntorhinalNorm,-470.8048324861898,True
293,FusiformNorm,193.8445860323636,False
293,WholeBrainNorm,2165.489693138077,False
293,MMSE,-133.35169399181342,False
293,ABETA,-13.03083827972838,False
293,RAVLT_immediate,73.00173930022903,False
293,VentricleNorm,-122.93235056528937,False
293,HippocampusNorm,143.74011957058946,False
293,MidTempNorm,173.72276010503563,False
293,ADAS13,-472.2130538463818,False
293,PTAU,54.71420865653435,False
293,TAU,-383.424773847392,False
293,EntorhinalNorm,-275.92685822856384,False
294,FusiformNorm,-21.016207772660742,False
294,WholeBrainNorm,863.8423004505584,False
294,MMSE,259.20631820101386,False
294,ABETA,125.22317790627513,False
294,RAVLT_immediate,85.47727677568918,False
294,VentricleNorm,348.44218469813234,False
294,HippocampusNorm,294.2162745509921,False
294,MidTempNorm,336.48640406509884,False
294,ADAS13,-340.82286336107927,False
294,PTAU,216.87841440412012,False
294,TAU,-94.90678802046448,False
294,EntorhinalNorm,-627.333706426761,False
295,FusiformNorm,298.3703033679226,True
295,WholeBrainNorm,1260.7772356523844,True
295,MMSE,-11.842658829405789,True
295,ABETA,-149.2264669871491,True
295,RAVLT_immediate,362.3681756930931,True
295,VentricleNorm,-32.12263882122731,True
295,HippocampusNorm,200.84217225758317,True
295,MidTempNorm,134.8140624663269,True
295,ADAS13,-325.3482906759145,True
295,PTAU,180.07387586924565,True
295,TAU,-384.1182928600444,True
295,EntorhinalNorm,-136.42336845408045,True
296,FusiformNorm,294.71723770637135,True
296,WholeBrainNorm,773.111936468507,True
296,MMSE,-151.138278749891,True
296,ABETA,39.45799098906197,True
296,RAVLT_immediate,744.1501622626125,True
296,VentricleNorm,-155.1465561530381,True
296,HippocampusNorm,-618.755416910433,True
296,MidTempNorm,-52.452573014254526,True
296,ADAS13,344.91577344469664,True
296,PTAU,-754.9390297697439,True
296,TAU,-30.43382840086513,True
296,EntorhinalNorm,-511.2824619461593,True
297,FusiformNorm,-323.2114330132776,True
297,WholeBrainNorm,277.3401131689149,True
297,MMSE,-150.79734519942517,True
297,ABETA,67.2032782940328,True
297,RAVLT_immediate,447.9230242716717,True
297,VentricleNorm,-185.38828661820082,True
297,HippocampusNorm,202.51439025940243,True
297,MidTempNorm,-10.742857287272399,True
297,ADAS13,-290.6911513685172,True
297,PTAU,29.18133649908278,True
297,TAU,575.3869322966303,True
297,EntorhinalNorm,-532.3484360925427,True
298,FusiformNorm,-273.6262283774909,True
298,WholeBrainNorm,727.2624574092298,True
298,MMSE,-119.99851781199183,True
298,ABETA,125.22317790627513,True
298,RAVLT_immediate,249.41519998288868,True
298,VentricleNorm,388.39424696212893,True
298,HippocampusNorm,261.35350673522044,True
298,MidTempNorm,243.677371269712,True
298,ADAS13,-341.3697187211508,True
298,PTAU,71.88489938545237,True
298,TAU,-463.1690264131674,True
298,EntorhinalNorm,-242.7846027964576,True
299,FusiformNorm,152.0231019145817,True
299,WholeBrainNorm,516.9584370013287,True
299,MMSE,-150.2648039945945,True
299,ABETA,25.46922379147552,True
299,RAVLT_immediate,280.89443835823965,True
299,VentricleNorm,-122.4247526221755,True
299,HippocampusNorm,-512.5573298433594,True
299,MidTempNorm,-96.11014377493066,True
299,ADAS13,-304.25458243704605,True
299,PTAU,-10.896096549744644,True
299,TAU,-391.86923228871296,True
299,EntorhinalNorm,-395.6848009592723,True
300,FusiformNorm,74.01661421616303,True
300,WholeBrainNorm,191.414522118739,True
300,MMSE,-149.68274017815045,True
300,ABETA,-62.8923439084384,True
300,RAVLT_immediate,-740.7394700442535,True
300,VentricleNorm,-77.03832039405606,True
300,HippocampusNorm,-841.9798664690612,True
300,MidTempNorm,-43.80920780910863,True
300,ADAS13,308.6892773117135,True
300,PTAU,-583.1433070823464,True
300,TAU,25.94211052819248,True
300,EntorhinalNorm,-671.0617511449819,True
301,FusiformNorm,-232.45298887227273,True
301,WholeBrainNorm,37.41708206330715,True
301,MMSE,218.32966453958866,True
301,ABETA,-18.511714559856973,True
301,RAVLT_immediate,1293.2710966491622,True
301,VentricleNorm,388.39424696212893,True
301,HippocampusNorm,226.15423826749492,True
301,MidTempNorm,59.58765711796319,True
301,ADAS13,-238.88594230864499,True
301,PTAU,70.28483849060075,True
301,TAU,-442.42677649060875,True
301,EntorhinalNorm,-481.59838184798144,True
302,FusiformNorm,-57.014792172992294,True
302,WholeBrainNorm,181.38368583659343,True
302,MMSE,-150.42040469871495,True
302,ABETA,-30.149814599081978,True
302,RAVLT_immediate,-89.45942148076061,True
302,VentricleNorm,-486.70429428029684,True
302,HippocampusNorm,-709.9463568653657,True
302,MidTempNorm,-89.5942021368988,True
302,ADAS13,-299.02960300060084,True
302,PTAU,85.58701334025794,True
302,TAU,457.5493138722653,True
302,EntorhinalNorm,-718.2488976974585,True
303,FusiformNorm,92.38803729452258,True
303,WholeBrainNorm,571.0704215448797,True
303,MMSE,-150.31472889104407,True
303,ABETA,-110.07953769151821,True
303,RAVLT_immediate,-615.4181617065003,True
303,VentricleNorm,168.24622601500567,True
303,HippocampusNorm,288.44674283828857,True
303,MidTempNorm,184.30000514474943,True
303,ADAS13,-179.38204036400873,True
303,PTAU,226.65743101044097,True
303,TAU,-82.58467861118879,True
303,EntorhinalNorm,-225.53717598131334,True
304,FusiformNorm,104.14660474974369,True
304,WholeBrainNorm,303.4652817803352,True
304,MMSE,-151.138278749891,True
304,ABETA,31.813193539255664,True
304,RAVLT_immediate,-173.56150967437713,True
304,VentricleNorm,-590.9444849950609,True
304,HippocampusNorm,247.58241327453345,True
304,MidTempNorm,113.44200065483705,True
304,ADAS13,-341.6357208993838,True
304,PTAU,65.94580259186944,True
304,TAU,-436.5693494158244,True
304,EntorhinalNorm,-137.27230993349457,True
305,FusiformNorm,97.33700954513525,True
305,WholeBrainNorm,-502.285143314,True
305,MMSE,-68.92158171018302,True
305,ABETA,83.46524493677084,True
305,RAVLT_immediate,-1430.4357093410101,True
305,VentricleNorm,363.68008154706047,True
305,HippocampusNorm,299.00453310956493,True
305,MidTempNorm,139.19267760728974,True
305,ADAS13,-359.51160613163796,True
305,PTAU,127.26655144268786,True
305,TAU,20.405987498300362,True
305,EntorhinalNorm,-360.51646585742856,True
306,FusiformNorm,-111.11515438196778,True
306,WholeBrainNorm,-34.60995241923909,True
306,MMSE,-324.06461139525027,True
306,ABETA,-27.277537994291443,True
306,RAVLT_immediate,64.24120553860033,True
306,VentricleNorm,3.7858301128217136,True
306,HippocampusNorm,246.99405915386868,True
306,MidTempNorm,329.49527464712025,True
306,ADAS13,-380.9539215353228,True
306,PTAU,0.09546204255885371,True
306,TAU,100.08091846284302,True
306,EntorhinalNorm,-560.3062158698908,True
307,FusiformNorm,59.29262799574208,True
307,WholeBrainNorm,299.0661116703848,True
307,MMSE,-150.00710715319548,True
307,ABETA,-8.222054148443455,True
307,RAVLT_immediate,-287.5506889506742,True
307,VentricleNorm,490.35404593996543,True
307,HippocampusNorm,-773.304918070222,True
307,MidTempNorm,-41.78631145626334,True
307,ADAS13,224.19612625841043,True
307,PTAU,67.2563429183032,True
307,TAU,150.17476497292188,True
307,EntorhinalNorm,-191.76478093483294,True
308,FusiformNorm,88.05171737957801,True
308,WholeBrainNorm,256.51996640054307,True
308,MMSE,-150.25836767938227,True
308,ABETA,-31.801014712412517,True
308,RAVLT_immediate,218.8856922619134,True
308,VentricleNorm,-114.52980514725401,True
308,HippocampusNorm,-639.9534152770897,True
308,MidTempNorm,-72.63189586135603,True
308,ADAS13,35.522100945373396,True
308,PTAU,-647.4395725114197,True
308,TAU,-665.8559162280733,True
308,EntorhinalNorm,-560.35026092223,True
309,FusiformNorm,98.10057618394808,True
309,WholeBrainNorm,639.16373034047,True
309,MMSE,-150.77547469870856,True
309,ABETA,113.50610354941179,True
309,RAVLT_immediate,522.1541636581231,True
309,VentricleNorm,432.85796566037965,True
309,HippocampusNorm,400.8075280538422,True
309,MidTempNorm,265.94309147361594,True
309,ADAS13,-288.7553285875471,True
309,PTAU,165.02523039211482,True
309,TAU,-7.935675768975138,True
309,EntorhinalNorm,-164.94882986033042,True
310,FusiformNorm,78.81079722706795,True
310,WholeBrainNorm,241.6838848194119,True
310,MMSE,-150.56431738319077,True
310,ABETA,6.788264326273281,True
310,RAVLT_immediate,685.7383884102728,True
310,VentricleNorm,-29.054027031597364,True
310,HippocampusNorm,234.49721675392192,True
310,MidTempNorm,311.12215190833075,True
310,ADAS13,-174.56306047838885,True
310,PTAU,189.77209996607948,True
310,TAU,-55.62536804487078,True
310,EntorhinalNorm,-148.13596436064708,True
311,FusiformNorm,-74.19953700799122,True
311,WholeBrainNorm,221.82622835215665,True
311,MMSE,-150.82837190070074,True
311,ABETA,39.88849334424406,True
311,RAVLT_immediate,-276.8605643861557,True
311,VentricleNorm,157.17463076029762,True
311,HippocampusNorm,-539.3943017659069,True
311,MidTempNorm,-79.60755794063476,True
311,ADAS13,-7.05401724734601,True
311,PTAU,-628.5325955402712,True
311,TAU,-244.0246819766155,True
311,EntorhinalNorm,470.05432569211695,True
312,FusiformNorm,-78.44270829488278,True
312,WholeBrainNorm,284.7414907219328,True
312,MMSE,91.18880078707177,True
312,ABETA,72.62681882222188,True
312,RAVLT_immediate,-298.4625044781992,True
312,VentricleNorm,-185.12846880181434,True
312,HippocampusNorm,260.1762414246277,True
312,MidTempNorm,192.6259413055345,True
312,ADAS13,-453.83918507389984,True
312,PTAU,218.25225524996227,True
312,TAU,-36.762090082091234,True
312,EntorhinalNorm,-327.5300405653754,True
313,FusiformNorm,42.80523957395046,True
313,WholeBrainNorm,442.08640821732627,True
313,MMSE,-150.23318805871224,True
313,ABETA,-119.15306549827173,True
313,RAVLT_immediate,545.6675790503975,True
313,VentricleNorm,-63.58462412705849,True
313,HippocampusNorm,-744.5946057694101,True
313,MidTempNorm,-91.22605763876155,True
313,ADAS13,-182.3282234493047,True
313,PTAU,109.80328579345615,True
313,TAU,727.1345103381128,True
313,EntorhinalNorm,-414.26919638454444,True
314,FusiformNorm,-261.1670020691895,False
314,WholeBrainNorm,1381.035610183572,False
314,MMSE,201.9880396527798,False
314,ABETA,-34.35810740627235,False
314,RAVLT_immediate,-63.280037286297265,False
314,VentricleNorm,154.9317103738535,False
314,HippocampusNorm,330.45600044158203,False
314,MidTempNorm,-123.9262427250032,False
314,ADAS13,-261.7918983968135,False
314,PTAU,225.66350218858125,False
314,TAU,29.479764550689573,False
314,EntorhinalNorm,-438.35292326132367,False
315,FusiformNorm,70.42151532513458,True
315,WholeBrainNorm,54.515089353039805,True
315,MMSE,-150.12825410783478,True
315,ABETA,54.081774765851016,True
315,RAVLT_immediate,744.1501622626125,True
315,VentricleNorm,-22.89187992501318,True
315,HippocampusNorm,-642.0036897727197,True
315,MidTempNorm,-79.16241814985518,True
315,ADAS13,509.04218126901395,True
315,PTAU,-752.3177835881626,True
315,TAU,-620.4069779355517,True
315,EntorhinalNorm,-292.53487366871883,True
316,FusiformNorm,93.27539677496921,True
316,WholeBrainNorm,-408.0313458379141,True
316,MMSE,147.0013060595133,True
316,ABETA,-39.40440550859181,True
316,RAVLT_immediate,976.0410589223136,True
316,VentricleNorm,76.46033968162122,True
316,HippocampusNorm,260.28536527900866,True
316,MidTempNorm,271.4732633869345,True
316,ADAS13,-376.6991194431181,True
316,PTAU,149.51284059730753,True
316,TAU,237.6711562743602,True
316,EntorhinalNorm,-256.58751609206627,True
317,FusiformNorm,-242.87386635085645,True
317,WholeBrainNorm,185.36012106361278,True
317,MMSE,-149.83328611565557,True
317,ABETA,-42.50811191678173,True
317,RAVLT_immediate,168.7755591087584,True
317,VentricleNorm,-484.7297727937663,True
317,HippocampusNorm,-672.6198407272504,True
317,MidTempNorm,-105.46035776598863,True
317,ADAS13,-331.8242142787371,True
317,PTAU,209.8932316542255,True
317,TAU,-480.35610448544696,True
317,EntorhinalNorm,-306.782440403539,True
318,FusiformNorm,-119.40456804495679,True
318,WholeBrainNorm,536.0172085854215,True
318,MMSE,-150.35707117132452,True
318,ABETA,-63.77666016972192,True
318,RAVLT_immediate,-99.97742307309883,True
318,VentricleNorm,-33.331952056043484,True
318,HippocampusNorm,181.99674711701945,True
318,MidTempNorm,-65.71132720230882,True
318,ADAS13,-209.01227934820258,True
318,PTAU,186.86679179691996,True
318,TAU,394.8321021892512,True
318,EntorhinalNorm,-704.9062981237752,True
319,FusiformNorm,-118.44198582803342,True
319,WholeBrainNorm,959.7241675426801,True
319,MMSE,-150.39891301797016,True
319,ABETA,-51.68636520156268,True
319,RAVLT_immediate,29.38759478974263,True
319,VentricleNorm,-231.89548085152938,True
319,HippocampusNorm,-558.0606435644589,True
319,MidTempNorm,-43.30652514514792,True
319,ADAS13,94.37713203031284,True
319,PTAU,-739.2498011359615,True
319,TAU,-57.85391391253558,True
319,EntorhinalNorm,-228.66028563416447,True
320,FusiformNorm,319.0257626873568,True
320,WholeBrainNorm,536.4505315184446,True
320,MMSE,-151.138278749891,True
320,ABETA,-1.5002430885173599,True
320,RAVLT_immediate,247.59532862790064,True
320,VentricleNorm,37.41923233594702,True
320,HippocampusNorm,-306.03258421853,True
320,MidTempNorm,-92.82670834880336,True
320,ADAS13,146.62438665292385,True
320,PTAU,-709.2491486702982,True
320,TAU,-847.703202096081,True
320,EntorhinalNorm,-66.18950694235801,True
321,FusiformNorm,96.66708597053064,True
321,WholeBrainNorm,299.7019979722288,True
321,MMSE,-150.3530248251368,True
321,ABETA,58.71715900939874,True
321,RAVLT_immediate,-119.42081709535358,True
321,VentricleNorm,325.31759965944434,True
321,HippocampusNorm,196.24151559910516,True
321,MidTempNorm,100.28090593340261,True
321,ADAS13,-306.3994219336554,True
321,PTAU,53.72246844231574,True
321,TAU,-35.927056822202786,True
321,EntorhinalNorm,-529.6749935326237,True
322,FusiformNorm,-150.48170340351356,True
322,WholeBrainNorm,307.7492405454206,True
322,MMSE,-149.6236566515968,True
322,ABETA,-37.77226575614049,True
322,RAVLT_immediate,-397.2020232940914,True
322,VentricleNorm,291.5278004247823,True
322,HippocampusNorm,208.59066148555098,True
322,MidTempNorm,190.1255144454861,True
322,ADAS13,-335.84379832012826,True
322,PTAU,-20.16113248716187,True
322,TAU,468.97628144455297,True
322,EntorhinalNorm,-272.54714657546117,True
323,FusiformNorm,0.13056014395012916,True
323,WholeBrainNorm,231.1451021543152,True
323,MMSE,-150.43156337657553,True
323,ABETA,-12.207068270532933,True
323,RAVLT_immediate,744.1501622626125,True
323,VentricleNorm,-348.2219250851377,True
323,HippocampusNorm,-680.3242154424022,True
323,MidTempNorm,194.7208817817023,True
323,ADAS13,-302.72297497899075,True
323,PTAU,7.558903141394124,True
323,TAU,465.29298259358336,True
323,EntorhinalNorm,-190.50289715869218,True
324,FusiformNorm,-91.84313645458114,True
324,WholeBrainNorm,582.3124696987464,True
324,MMSE,-150.77681718646116,True
324,ABETA,1.404532837213058,True
324,RAVLT_immediate,-372.43282677262016,True
324,VentricleNorm,183.3394383028075,True
324,HippocampusNorm,831.9999738909687,True
324,MidTempNorm,201.81646492066955,True
324,ADAS13,-309.4991398418673,True
324,PTAU,74.64709257678908,True
324,TAU,295.13831042273307,True
324,EntorhinalNorm,-423.7580373043332,True
325,FusiformNorm,-96.07486430118985,True
325,WholeBrainNorm,239.84257856878935,True
325,MMSE,-149.6236566515968,True
325,ABETA,113.50610354941179,True
325,RAVLT_immediate,-111.77929959951183,True
325,VentricleNorm,401.76306321459515,True
325,HippocampusNorm,-662.77282072391,True
325,MidTempNorm,279.1622847748715,True
325,ADAS13,-191.04784119775837,True
325,PTAU,137.41673973368637,True
325,TAU,-211.4808638482174,True
325,EntorhinalNorm,-555.9284181194579,True
326,FusiformNorm,96.90814315180057,True
326,WholeBrainNorm,-509.6690823729434,True
326,MMSE,-151.10494864225504,True
326,ABETA,17.508862585153796,True
326,RAVLT_immediate,27.363218306441937,True
326,VentricleNorm,456.5236389102089,True
326,HippocampusNorm,-432.4226022350878,True
326,MidTempNorm,-96.04394432602425,True
326,ADAS13,-272.23534077359835,True
326,PTAU,318.44265399495583,True
326,TAU,52.56748568448175,True
326,EntorhinalNorm,-193.37405523597857,True
327,FusiformNorm,-92.65777245990441,True
327,WholeBrainNorm,497.3346046839022,True
327,MMSE,-120.4317210613825,True
327,ABETA,38.163060247842154,True
327,RAVLT_immediate,-107.53731292262476,True
327,VentricleNorm,388.39424696212893,True
327,HippocampusNorm,185.7774092518463,True
327,MidTempNorm,108.93284605551598,True
327,ADAS13,-464.12908079568064,True
327,PTAU,-43.764562919175596,True
327,TAU,2.430533126130946,True
327,EntorhinalNorm,-171.02421652681682,True
328,FusiformNorm,13.607823478415202,True
328,WholeBrainNorm,-18.1945744537677,True
328,MMSE,-150.39827091990398,True
328,ABETA,84.61250495786703,True
328,RAVLT_immediate,-60.16291873185422,True
328,VentricleNorm,388.39424696212893,True
328,HippocampusNorm,453.7575757280024,True
328,MidTempNorm,99.00226349104355,True
328,ADAS13,-335.67058393284685,True
328,PTAU,206.90688620465238,True
328,TAU,49.0992597780594,True
328,EntorhinalNorm,-517.704106992417,True
329,FusiformNorm,151.45402095292144,True
329,WholeBrainNorm,384.1251343235945,True
329,MMSE,-149.89171596358125,True
329,ABETA,50.048563229006376,True
329,RAVLT_immediate,-786.3849716693654,True
329,VentricleNorm,-28.594597462492473,True
329,HippocampusNorm,-685.9547451460166,True
329,MidTempNorm,-96.04578573807967,True
329,ADAS13,198.70165221419393,True
329,PTAU,-702.2541458197278,True
329,TAU,-57.37652258190198,True
329,EntorhinalNorm,366.35000893214186,True
330,FusiformNorm,-51.05981912356478,True
330,WholeBrainNorm,515.9969048921384,True
330,MMSE,-149.6236566515968,True
330,ABETA,-26.34475131031133,True
330,RAVLT_immediate,435.43636687572484,True
330,VentricleNorm,62.08599897420241,True
330,HippocampusNorm,-222.63462635775915,True
330,MidTempNorm,-71.43277461801839,True
330,ADAS13,65.60744218959802,True
330,PTAU,-804.467573518605,True
330,TAU,-779.7995684114502,True
330,EntorhinalNorm,-19.943757033422308,True
331,FusiformNorm,78.3077231960122,True
331,WholeBrainNorm,-23.009544304249655,True
331,MMSE,-149.82746711116351,True
331,ABETA,-3.539174986822146,True
331,RAVLT_immediate,379.2288567244455,True
331,VentricleNorm,169.49162307563554,True
331,HippocampusNorm,768.6978089253345,True
331,MidTempNorm,320.24751859931024,True
331,ADAS13,-286.6080819064606,True
331,PTAU,200.7336051046561,True
331,TAU,601.6826838949352,True
331,EntorhinalNorm,-703.4942612173736,True
332,FusiformNorm,-91.1227349590282,False
332,WholeBrainNorm,850.5310262918808,False
332,MMSE,-61.08928258614557,False
332,ABETA,33.4752060648907,False
332,RAVLT_immediate,-19.69775231659152,False
332,VentricleNorm,154.09356392677583,False
332,HippocampusNorm,296.70256909017155,False
332,MidTempNorm,217.90373377747642,False
332,ADAS13,-281.85502115545046,False
332,PTAU,127.02358204624846,False
332,TAU,299.82637602829385,False
332,EntorhinalNorm,-676.9597011991026,False
333,FusiformNorm,-54.26283899659671,False
333,WholeBrainNorm,1520.039676039534,False
333,MMSE,-33.067518053922285,False
333,ABETA,-167.25090660239346,False
333,RAVLT_immediate,-687.6363723691758,False
333,VentricleNorm,358.85077056074215,False
333,HippocampusNorm,511.48720056504294,False
333,MidTempNorm,141.64789405147252,False
333,ADAS13,-289.5258540472481,False
333,PTAU,2.045891206253451,False
333,TAU,-93.05082953717356,False
333,EntorhinalNorm,-155.40609205330162,False
334,FusiformNorm,-7.2881358646046515,True
334,WholeBrainNorm,-103.22553529554058,True
334,MMSE,-150.40422184036805,True
334,ABETA,55.38905565915439,True
334,RAVLT_immediate,-62.58251473988274,True
334,VentricleNorm,386.24691976408894,True
334,HippocampusNorm,-623.410233195973,True
334,MidTempNorm,197.51539408581905,True
334,ADAS13,-302.4029880898514,True
334,PTAU,-55.45103557889596,True
334,TAU,58.51202617199095,True
334,EntorhinalNorm,-224.71429144486592,True
335,FusiformNorm,228.42688852529437,True
335,WholeBrainNorm,216.33837020722504,True
335,MMSE,-149.95431131742217,True
335,ABETA,-168.51824973001777,True
335,RAVLT_immediate,-104.11842783389643,True
335,VentricleNorm,93.9306927494313,True
335,HippocampusNorm,500.87372854960836,True
335,MidTempNorm,135.27725371992875,True
335,ADAS13,-352.81073538452614,True
335,PTAU,-44.543299959331996,True
335,TAU,-224.39323972551549,True
335,EntorhinalNorm,-157.12951865671303,True
336,FusiformNorm,-220.6382135349691,False
336,WholeBrainNorm,814.4936058305266,False
336,MMSE,-65.52643013407568,False
336,ABETA,125.22317790627513,False
336,RAVLT_immediate,803.6357307768477,False
336,VentricleNorm,235.67274178128667,False
336,HippocampusNorm,353.08684155084956,False
336,MidTempNorm,336.0002045687804,False
336,ADAS13,-161.79235649521758,False
336,PTAU,199.41837213546722,False
336,TAU,556.1691415878774,False
336,EntorhinalNorm,-116.21474163179258,False
337,FusiformNorm,195.08971974559796,False
337,WholeBrainNorm,960.8421111133216,False
337,MMSE,-168.64547430146465,False
337,ABETA,52.55807161682169,False
337,RAVLT_immediate,346.31805224571536,False
337,VentricleNorm,11.28177206196597,False
337,HippocampusNorm,789.4237196723234,False
337,MidTempNorm,-56.47041528633686,False
337,ADAS13,-346.3960200457372,False
337,PTAU,-6.925840715586215,False
337,TAU,-52.29970961731011,False
337,EntorhinalNorm,-479.68661124745836,False
338,FusiformNorm,-109.83630087624739,True
338,WholeBrainNorm,23.265359607914593,True
338,MMSE,-150.18044685013268,True
338,ABETA,108.14129060830057,True
338,RAVLT_immediate,239.59670509333714,True
338,VentricleNorm,243.95957975698948,True
338,HippocampusNorm,-587.841466698499,True
338,MidTempNorm,173.24581534880195,True
338,ADAS13,-344.8371506209472,True
338,PTAU,79.07989686879665,True
338,TAU,-198.76887966232732,True
338,EntorhinalNorm,-167.86917422745853,True
339,FusiformNorm,9.254679729613105,False
339,WholeBrainNorm,1241.5065236506955,False
339,MMSE,-324.06461139525027,False
339,ABETA,-14.742362303405633,False
339,RAVLT_immediate,877.0880990446293,False
339,VentricleNorm,388.39424696212893,False
339,HippocampusNorm,157.7247028828417,False
339,MidTempNorm,84.30490644494601,False
339,ADAS13,-233.654271140198,False
339,PTAU,218.44519809617353,False
339,TAU,529.8640875326663,False
339,EntorhinalNorm,-367.59265127966086,False
340,FusiformNorm,60.5115324100079,True
340,WholeBrainNorm,959.7241675426801,True
340,MMSE,-150.41749192513862,True
340,ABETA,113.50610354941179,True
340,RAVLT_immediate,37.095556460095935,True
340,VentricleNorm,-409.198746708736,True
340,HippocampusNorm,-259.94898760082083,True
340,MidTempNorm,101.62537553921962,True
340,ADAS13,-312.6416242652635,True
340,PTAU,208.1171642566747,True
340,TAU,183.46607481301692,True
340,EntorhinalNorm,-232.1020971929609,True
341,FusiformNorm,-82.02188215003272,True
341,WholeBrainNorm,388.76588592871025,True
341,MMSE,-149.6236566515968,True
341,ABETA,-11.758269677837168,True
341,RAVLT_immediate,-196.03436455938345,True
341,VentricleNorm,-43.41449140827139,True
341,HippocampusNorm,-422.3607214200748,True
341,MidTempNorm,-72.57406020532633,True
341,ADAS13,2.9028900181154516,True
341,PTAU,53.918782450188836,True
341,TAU,193.67720527982493,True
341,EntorhinalNorm,-591.4956449334037,True
342,FusiformNorm,-153.0905125644666,False
342,WholeBrainNorm,-120.02995544188667,False
342,MMSE,18.814585702593146,False
342,ABETA,-79.15037038320688,False
342,RAVLT_immediate,2.1752691319917865,False
342,VentricleNorm,252.5021110238609,False
342,HippocampusNorm,413.104323750455,False
342,MidTempNorm,259.54484837325475,False
342,ADAS13,-183.9644191855924,False
342,PTAU,186.1852223216876,False
342,TAU,-235.5389644093719,False
342,EntorhinalNorm,-759.4615990058232,False
343,FusiformNorm,-57.90157521744132,True
343,WholeBrainNorm,573.5888167518249,True
343,MMSE,-150.05637454454603,True
343,ABETA,-90.31946062381328,True
343,RAVLT_immediate,1335.9099300025985,True
343,VentricleNorm,388.39424696212893,True
343,HippocampusNorm,190.84971151454974,True
343,MidTempNorm,384.80238263106685,True
343,ADAS13,-347.2194741370314,True
343,PTAU,-41.71517293187426,True
343,TAU,-49.497755127579055,True
343,EntorhinalNorm,-223.42428738585988,True
344,FusiformNorm,-27.44858500859366,True
344,WholeBrainNorm,269.4425704908899,True
344,MMSE,-150.2649500843896,True
344,ABETA,-19.940207558173018,True
344,RAVLT_immediate,744.1501622626125,True
344,VentricleNorm,426.15249459702943,True
344,HippocampusNorm,-574.2292117622873,True
344,MidTempNorm,-56.167507579071184,True
344,ADAS13,-3.584549460084154,True
344,PTAU,-774.3416738655927,True
344,TAU,-954.6542100353828,True
344,EntorhinalNorm,375.30104011323806,True
345,FusiformNorm,59.972052161865406,True
345,WholeBrainNorm,959.7241675426801,True
345,MMSE,-150.3575301666394,True
345,ABETA,-17.922076696893722,True
345,RAVLT_immediate,368.654744729508,True
345,VentricleNorm,-221.12563118725174,True
345,HippocampusNorm,-488.8901694030261,True
345,MidTempNorm,-89.47958977218467,True
345,ADAS13,119.39386238590643,True
345,PTAU,-619.9028202581615,True
345,TAU,-75.87013034713415,True
345,EntorhinalNorm,-716.1968235954354,True
346,FusiformNorm,54.51432116013247,False
346,WholeBrainNorm,425.78086180204934,False
346,MMSE,373.72969210605265,False
346,ABETA,125.22317790627513,False
346,RAVLT_immediate,1343.1561348215694,False
346,VentricleNorm,227.77773629830608,False
346,HippocampusNorm,100.0924224972802,False
346,MidTempNorm,-123.7531579932991,False
346,ADAS13,-180.71927478656744,False
346,PTAU,230.3896164411671,False
346,TAU,32.667298455327845,False
346,EntorhinalNorm,-330.79422966029324,False
347,FusiformNorm,217.43161444079038,True
347,WholeBrainNorm,959.7241675426801,True
347,MMSE,-149.97907084492812,True
347,ABETA,113.50610354941179,True
347,RAVLT_immediate,-478.025458636577,True
347,VentricleNorm,490.35404593996543,True
347,HippocampusNorm,-684.7215168894412,True
347,MidTempNorm,-71.43623984751869,True
347,ADAS13,205.44445939433763,True
347,PTAU,-680.8258796084566,True
347,TAU,-583.2866274009984,True
347,EntorhinalNorm,-420.4007479845996,True
348,FusiformNorm,2.849090949878681,False
348,WholeBrainNorm,-86.24046497499089,False
348,MMSE,373.72969210605265,False
348,ABETA,-21.46935994707978,False
348,RAVLT_immediate,-377.73427021312995,False
348,VentricleNorm,173.13557353573387,False
348,HippocampusNorm,512.749017625063,False
348,MidTempNorm,91.53421528796409,False
348,ADAS13,-353.385616158785,False
348,PTAU,49.7659828294709,False
348,TAU,105.2252174842699,False
348,EntorhinalNorm,-189.9371620109898,False
349,FusiformNorm,85.55408739087724,True
349,WholeBrainNorm,213.56561875119172,True
349,MMSE,-150.35542684500126,True
349,ABETA,113.50610354941179,True
349,RAVLT_immediate,-856.9947014846254,True
349,VentricleNorm,119.42863461685158,True
349,HippocampusNorm,-649.3046883674524,True
349,MidTempNorm,-49.95502931950631,True
349,ADAS13,-587.2374999687447,True
349,PTAU,-694.117843147368,True
349,TAU,-484.3776373176918,True
349,EntorhinalNorm,448.24362116910885,True
350,FusiformNorm,120.30128479714762,True
350,WholeBrainNorm,959.7241675426801,True
350,MMSE,-150.7372134984773,True
350,ABETA,0.02083733429511847,True
350,RAVLT_immediate,155.25266354219306,True
350,VentricleNorm,-84.81798475615321,True
350,HippocampusNorm,279.9228462373061,True
350,MidTempNorm,-112.8534873698791,True
350,ADAS13,-406.39111215751774,True
350,PTAU,159.02988692688592,True
350,TAU,-145.6796863151832,True
350,EntorhinalNorm,-276.9322687635456,True
351,FusiformNorm,-248.23920208419048,True
351,WholeBrainNorm,-83.61595036898072,True
351,MMSE,-150.42511358380952,True
351,ABETA,113.50610354941179,True
351,RAVLT_immediate,744.1501622626125,True
351,VentricleNorm,-128.96215923419658,True
351,HippocampusNorm,-702.6214080108798,True
351,MidTempNorm,-109.64235457655128,True
351,ADAS13,211.6776247788963,True
351,PTAU,-766.8530742651932,True
351,TAU,-995.8151714673592,True
351,EntorhinalNorm,400.47248347923664,True
352,FusiformNorm,2.2436105061326814,True
352,WholeBrainNorm,-333.9509009912134,True
352,MMSE,-151.138278749891,True
352,ABETA,-168.51824973001777,True
352,RAVLT_immediate,1343.1561348215694,True
352,VentricleNorm,109.744608669726,True
352,HippocampusNorm,151.3197758891112,True
352,MidTempNorm,291.9960139433556,True
352,ADAS13,-295.74810805100475,True
352,PTAU,167.114370640811,True
352,TAU,-451.7088487217791,True
352,EntorhinalNorm,-200.27442588352025,True
353,FusiformNorm,46.96340070562239,True
353,WholeBrainNorm,-509.6690823729434,True
353,MMSE,-150.1084248654624,True
353,ABETA,41.083887582405566,True
353,RAVLT_immediate,-361.78498560130123,True
353,VentricleNorm,-79.71823711206484,True
353,HippocampusNorm,-495.7915809495912,True
353,MidTempNorm,-86.72880926497324,True
353,ADAS13,143.98300123461846,True
353,PTAU,-519.436232510184,True
353,TAU,-645.2448342203465,True
353,EntorhinalNorm,254.11626835574583,True
354,FusiformNorm,-33.902195558857706,True
354,WholeBrainNorm,74.43986409561329,True
354,MMSE,-149.6236566515968,True
354,ABETA,113.50610354941179,True
354,RAVLT_immediate,-241.19914544411867,True
354,VentricleNorm,289.2380415218962,True
354,HippocampusNorm,-692.0963432279352,True
354,MidTempNorm,-97.30515724304192,True
354,ADAS13,93.46554510460821,True
354,PTAU,-550.0528089149167,True
354,TAU,-287.1577345502896,True
354,EntorhinalNorm,-539.9903683418739,True
355,FusiformNorm,-50.78670084305173,False
355,WholeBrainNorm,2005.5166453424365,False
355,MMSE,366.5883954174207,False
355,ABETA,58.47585370221809,False
355,RAVLT_immediate,161.4791188999722,False
355,VentricleNorm,87.03582326764852,False
355,HippocampusNorm,509.5810151661209,False
355,MidTempNorm,100.29118859566083,False
355,ADAS13,-246.21669685048698,False
355,PTAU,-63.04555813772244,False
355,TAU,-137.98519150573662,False
355,EntorhinalNorm,-424.42563637085607,False
356,FusiformNorm,-101.29308875393193,True
356,WholeBrainNorm,285.7375549778299,True
356,MMSE,-150.42701503768438,True
356,ABETA,-23.20722665331796,True
356,RAVLT_immediate,744.1501622626125,True
356,VentricleNorm,-44.408828442573224,True
356,HippocampusNorm,190.6035158202878,True
356,MidTempNorm,90.51573459620394,True
356,ADAS13,-329.6981436013472,True
356,PTAU,205.5451247521141,True
356,TAU,-427.80588015947126,True
356,EntorhinalNorm,-264.04649471428286,True
357,FusiformNorm,86.18567672762501,True
357,WholeBrainNorm,601.5528831329834,True
357,MMSE,-150.42752290831785,True
357,ABETA,67.32711652982131,True
357,RAVLT_immediate,695.7853093166774,True
357,VentricleNorm,271.85854533303956,True
357,HippocampusNorm,-451.7512775513753,True
357,MidTempNorm,-111.96933476559406,True
357,ADAS13,-338.926431288457,True
357,PTAU,149.46747375468823,True
357,TAU,131.5858548558154,True
357,EntorhinalNorm,-359.509471152188,True
358,FusiformNorm,-102.87702073478896,True
358,WholeBrainNorm,295.9313841618461,True
358,MMSE,-150.52985740598152,True
358,ABETA,-0.440568908717073,True
358,RAVLT_immediate,277.14072030323183,True
358,VentricleNorm,-590.9444849950609,True
358,HippocampusNorm,-862.7641392596549,True
358,MidTempNorm,-42.606606849486774,True
358,ADAS13,539.6870297363819,True
358,PTAU,-576.562325246253,True
358,TAU,-114.17210840344558,True
358,EntorhinalNorm,222.52466283700699,True
359,FusiformNorm,131.03939391132414,True
359,WholeBrainNorm,9.428444617269044,True
359,MMSE,-151.138278749891,True
359,ABETA,-38.91669106957041,True
359,RAVLT_immediate,-566.5087919100251,True
359,VentricleNorm,-349.8450881432467,True
359,HippocampusNorm,-645.1517565412154,True
359,MidTempNorm,195.3754008784383,True
359,ADAS13,-454.3764522258563,True
359,PTAU,195.34915361637405,True
359,TAU,275.3883325102694,True
359,EntorhinalNorm,-628.0470800994354,True
360,FusiformNorm,97.86408088315619,True
360,WholeBrainNorm,214.60551768070835,True
360,MMSE,-151.12788697891563,True
360,ABETA,47.69755794206084,True
360,RAVLT_immediate,-213.63734818683378,True
360,VentricleNorm,-274.38290230489565,True
360,HippocampusNorm,-456.1775689739906,True
360,MidTempNorm,-57.94835368749626,True
360,ADAS13,195.52142812768233,True
360,PTAU,-577.7623115611116,True
360,TAU,-843.2548506528927,True
360,EntorhinalNorm,-158.9825765558746,True
361,FusiformNorm,-181.3146673793081,False
361,WholeBrainNorm,-347.031060861357,False
361,MMSE,14.091177275519492,False
361,ABETA,74.67757681655594,False
361,RAVLT_immediate,39.002204149965195,False
361,VentricleNorm,95.78415156128997,False
361,HippocampusNorm,167.1277166179741,False
361,MidTempNorm,313.99776413673175,False
361,ADAS13,-340.2328232266802,False
361,PTAU,102.77087010774989,False
361,TAU,360.3683766973086,False
361,EntorhinalNorm,-694.2152043157743,False
362,FusiformNorm,74.04964807054803,True
362,WholeBrainNorm,288.67524946547013,True
362,MMSE,-150.3068553035647,True
362,ABETA,-104.64181738095748,True
362,RAVLT_immediate,192.11391741931476,True
362,VentricleNorm,-172.02093108074203,True
362,HippocampusNorm,-358.0570855642895,True
362,MidTempNorm,-26.221920489006774,True
362,ADAS13,-71.74781737830548,True
362,PTAU,106.24914147600407,True
362,TAU,-74.07106263227942,True
362,EntorhinalNorm,-464.28615156149567,True
363,FusiformNorm,245.65657990748406,True
363,WholeBrainNorm,-509.6690823729434,True
363,MMSE,-150.30434876173558,True
363,ABETA,-1.8102429085598684,True
363,RAVLT_immediate,-339.6770063055947,True
363,VentricleNorm,-165.7698877511472,True
363,HippocampusNorm,-624.5976876621959,True
363,MidTempNorm,-46.75404184174354,True
363,ADAS13,53.96724614074468,True
363,PTAU,-777.1932570268608,True
363,TAU,-643.396863263569,True
363,EntorhinalNorm,174.29142990098913,True
364,FusiformNorm,-94.82300412333257,True
364,WholeBrainNorm,806.9425500058696,True
364,MMSE,168.11044558968638,True
364,ABETA,7.845102732064506,True
364,RAVLT_immediate,78.26326115035263,True
364,VentricleNorm,10.154663997615568,True
364,HippocampusNorm,311.24310653604977,True
364,MidTempNorm,186.6718311735643,True
364,ADAS13,-308.4855511806907,True
364,PTAU,59.471457081548266,True
364,TAU,116.46486286654002,True
364,EntorhinalNorm,-512.6725934038695,True
365,FusiformNorm,105.59530000304076,True
365,WholeBrainNorm,959.7241675426801,True
365,MMSE,-150.46635100086505,True
365,ABETA,113.50610354941179,True
365,RAVLT_immediate,354.96576535465,True
365,VentricleNorm,-402.8252592292739,True
365,HippocampusNorm,-544.7294319248649,True
365,MidTempNorm,-69.88440492339329,True
365,ADAS13,108.48158241637476,True
365,PTAU,134.07491142587202,True
365,TAU,259.92011290588493,True
365,EntorhinalNorm,-266.40402099234666,True
366,FusiformNorm,-201.76999905254763,True
366,WholeBrainNorm,1023.3903878812722,True
366,MMSE,373.72969210605265,True
366,ABETA,-26.875822665864657,True
366,RAVLT_immediate,-228.52982191228404,True
366,VentricleNorm,388.39424696212893,True
366,HippocampusNorm,269.72248329331387,True
366,MidTempNorm,187.70031199038877,True
366,ADAS13,-270.3108068453105,True
366,PTAU,50.49237542096961,True
366,TAU,198.60925352062577,True
366,EntorhinalNorm,-402.6003703395129,True
367,FusiformNorm,20.374627648509623,True
367,WholeBrainNorm,242.8220942468416,True
367,MMSE,-150.76258835700466,True
367,ABETA,23.840337388955252,True
367,RAVLT_immediate,208.71979962570217,True
367,VentricleNorm,421.8268818157935,True
367,HippocampusNorm,319.9019794070476,True
367,MidTempNorm,-4.631006378567964,True
367,ADAS13,-273.3083172087388,True
367,PTAU,178.931692861873,True
367,TAU,45.19637721812441,True
367,EntorhinalNorm,-131.9124238349726,True
368,FusiformNorm,252.5597196314904,False
368,WholeBrainNorm,1199.2180079481482,False
368,MMSE,-4.829222070449264,False
368,ABETA,-71.95338136335516,False
368,RAVLT_immediate,-49.36580138941113,False
368,VentricleNorm,332.40677219944837,False
368,HippocampusNorm,241.08970683454191,False
368,MidTempNorm,111.85953631694527,False
368,ADAS13,-342.9444745870141,False
368,PTAU,295.7220419387792,False
368,TAU,46.25404213340161,False
368,EntorhinalNorm,-235.9229810157544,False
369,FusiformNorm,-92.67755524635915,True
369,WholeBrainNorm,-48.49711016847553,True
369,MMSE,-150.3528063794929,True
369,ABETA,113.50610354941179,True
369,RAVLT_immediate,744.1501622626125,True
369,VentricleNorm,-49.84451235188314,True
369,HippocampusNorm,-630.0288428256574,True
369,MidTempNorm,-116.00625178848371,True
369,ADAS13,808.2621537482049,True
369,PTAU,-598.6298952454027,True
369,TAU,-643.7019833811264,True
369,EntorhinalNorm,363.87177034992715,True
370,FusiformNorm,-72.93271634434402,True
370,WholeBrainNorm,-322.5941099456556,True
370,MMSE,-150.76151278723336,True
370,ABETA,-48.02795044321466,True
370,RAVLT_immediate,-309.33232816663116,True
370,VentricleNorm,-80.3015417032843,True
370,HippocampusNorm,160.25289154816238,True
370,MidTempNorm,109.25686563362062,True
370,ADAS13,-270.7831077983322,True
370,PTAU,216.89270364911718,True
370,TAU,309.40141149446237,True
370,EntorhinalNorm,-720.5817183886106,True
371,FusiformNorm,-385.10207693451133,True
371,WholeBrainNorm,757.5048131422998,True
371,MMSE,-150.43996945240326,True
371,ABETA,14.850744245896925,True
371,RAVLT_immediate,620.1122014982075,True
371,VentricleNorm,161.03553019777334,True
371,HippocampusNorm,-789.4428495685002,True
371,MidTempNorm,265.7736969603639,True
371,ADAS13,-382.470919053226,True
371,PTAU,89.64600298583507,True
371,TAU,-32.789448536179464,True
371,EntorhinalNorm,-402.83371023579247,True
372,FusiformNorm,-74.18681123083985,True
372,WholeBrainNorm,477.25299503707305,True
372,MMSE,-150.1322469074067,True
372,ABETA,113.50610354941179,True
372,RAVLT_immediate,-123.7569039267197,True
372,VentricleNorm,99.1378069732846,True
372,HippocampusNorm,197.4717534099178,True
372,MidTempNorm,121.05131812516137,True
372,ADAS13,-349.3884185960154,True
372,PTAU,91.69253791040987,True
372,TAU,-36.296843561488075,True
372,EntorhinalNorm,-350.84208228262287,True
373,FusiformNorm,-81.7400692942029,True
373,WholeBrainNorm,-164.7067534061169,True
373,MMSE,-150.09359192605848,True
373,ABETA,42.702346311063124,True
373,RAVLT_immediate,-936.1291643990515,True
373,VentricleNorm,262.3335865826105,True
373,HippocampusNorm,172.08595339473737,True
373,MidTempNorm,79.75001536990732,True
373,ADAS13,-272.9930165876243,True
373,PTAU,78.85218687168229,True
373,TAU,-267.2383328810262,True
373,EntorhinalNorm,-696.8885491106469,True
374,FusiformNorm,-60.02804746292917,True
374,WholeBrainNorm,-504.8454434391312,True
374,MMSE,-149.6236566515968,True
374,ABETA,-17.163429589385238,True
374,RAVLT_immediate,-1430.4357093410101,True
374,VentricleNorm,152.46537076993903,True
374,HippocampusNorm,350.3272774800508,True
374,MidTempNorm,-83.67193969924158,True
374,ADAS13,-281.13982390434694,True
374,PTAU,154.16040407329115,True
374,TAU,473.04039114656103,True
374,EntorhinalNorm,-227.50339223628785,True
375,FusiformNorm,608.6422059792872,True
375,WholeBrainNorm,554.3448787560861,True
375,MMSE,-150.05475210019833,True
375,ABETA,-37.580994268766915,True
375,RAVLT_immediate,189.28234435108473,True
375,VentricleNorm,71.183839391096,True
375,HippocampusNorm,437.25306160770845,True
375,MidTempNorm,154.03308756601456,True
375,ADAS13,-272.8691934954054,True
375,PTAU,63.82682884969561,True
375,TAU,278.5755764978386,True
375,EntorhinalNorm,-662.1228818519237,True
376,FusiformNorm,-20.41945677311484,True
376,WholeBrainNorm,-222.50950243137981,True
376,MMSE,-150.34461046670614,True
376,ABETA,-53.73720203468668,True
376,RAVLT_immediate,-666.4287078859654,True
376,VentricleNorm,-51.33264784067141,True
376,HippocampusNorm,-653.8987066760042,True
376,MidTempNorm,-47.58220752192587,True
376,ADAS13,-45.67287130597248,True
376,PTAU,-694.9468148746835,True
376,TAU,-479.7351458916488,True
376,EntorhinalNorm,77.33810416180665,True
377,FusiformNorm,-114.18891189554746,True
377,WholeBrainNorm,-186.71328341518546,True
377,MMSE,-150.994694437687,True
377,ABETA,-168.51824973001777,True
377,RAVLT_immediate,-283.1957856994096,True
377,VentricleNorm,-166.92101653278874,True
377,HippocampusNorm,509.9316388907562,True
377,MidTempNorm,77.65393878909362,True
377,ADAS13,-416.9958695131046,True
377,PTAU,17.464964428717636,True
377,TAU,459.5329246213743,True
377,EntorhinalNorm,-205.73762156331952,True
378,FusiformNorm,-52.13499306170853,True
378,WholeBrainNorm,31.010132652386808,True
378,MMSE,-150.42451202193402,True
378,ABETA,39.34729810226021,True
378,RAVLT_immediate,398.8958129839217,True
378,VentricleNorm,43.48676183299486,True
378,HippocampusNorm,151.86352508228373,True
378,MidTempNorm,397.5786546117275,True
378,ADAS13,-317.5947941293303,True
378,PTAU,179.8560301260309,True
378,TAU,-531.496954762905,True
378,EntorhinalNorm,-301.66793443750885,True
379,FusiformNorm,-199.06949585019964,False
379,WholeBrainNorm,190.08938710735234,False
379,MMSE,271.7501617368212,False
379,ABETA,-62.68993083066593,False
379,RAVLT_immediate,-216.07820317101994,False
379,VentricleNorm,127.23492842835813,False
379,HippocampusNorm,364.28655142610955,False
379,MidTempNorm,314.8977766521676,False
379,ADAS13,-263.48252346117494,False
379,PTAU,32.69543924118135,False
379,TAU,-407.8238734507538,False
379,EntorhinalNorm,-124.29532122041766,False
380,FusiformNorm,-110.74602488005026,True
380,WholeBrainNorm,199.91695236031157,True
380,MMSE,-150.2475508473469,True
380,ABETA,-109.00577094059953,True
380,RAVLT_immediate,1343.1561348215694,True
380,VentricleNorm,31.020566915843236,True
380,HippocampusNorm,468.7466913262889,True
380,MidTempNorm,164.74917557039825,True
380,ADAS13,-366.6393340551004,True
380,PTAU,60.81244459492718,True
380,TAU,-29.354473648823525,True
380,EntorhinalNorm,55.57853867702367,True
381,FusiformNorm,-38.517095516398506,False
381,WholeBrainNorm,2143.0634548199655,False
381,MMSE,311.9866039659633,False
381,ABETA,-8.797170898206211,False
381,RAVLT_immediate,-476.3428906969468,False
381,VentricleNorm,-103.3324244951639,False
381,HippocampusNorm,230.47605803614235,False
381,MidTempNorm,374.2086933210604,False
381,ADAS13,-300.2725238461291,False
381,PTAU,-59.016775849933666,False
381,TAU,-40.23345222953655,False
381,EntorhinalNorm,-412.9594583749517,False
382,FusiformNorm,217.3327502190004,True
382,WholeBrainNorm,959.7241675426801,True
382,MMSE,-150.4028269588386,True
382,ABETA,73.71158760393766,True
382,RAVLT_immediate,522.9949249493317,True
382,VentricleNorm,82.10437642008185,True
382,HippocampusNorm,-587.0345680684167,True
382,MidTempNorm,-75.52789865833465,True
382,ADAS13,291.1924753558811,True
382,PTAU,-20.382575319151016,True
382,TAU,415.31021930112945,True
382,EntorhinalNorm,-595.3879630337201,True
383,FusiformNorm,-21.131733569375264,True
383,WholeBrainNorm,740.9197722481781,True
383,MMSE,-150.1024785349028,True
383,ABETA,-67.41414518390089,True
383,RAVLT_immediate,134.8703494391889,True
383,VentricleNorm,-590.9444849950609,True
383,HippocampusNorm,-507.7182979114533,True
383,MidTempNorm,-61.27677438084116,True
383,ADAS13,298.3065507308185,True
383,PTAU,84.0230866471849,True
383,TAU,239.80926699294756,True
383,EntorhinalNorm,-446.3123628062441,True
384,FusiformNorm,-59.95568404663323,True
384,WholeBrainNorm,952.4396356315239,True
384,MMSE,-149.96159240150672,True
384,ABETA,56.608560924930444,True
384,RAVLT_immediate,17.333478756387215,True
384,VentricleNorm,-557.4732425640315,True
384,HippocampusNorm,173.82458682105403,True
384,MidTempNorm,51.57573976232196,True
384,ADAS13,-293.17612851924787,True
384,PTAU,-3.9015922880538763,True
384,TAU,577.6943417259411,True
384,EntorhinalNorm,-233.72685821335858,True
385,FusiformNorm,34.236889818446535,False
385,WholeBrainNorm,447.5169031700097,False
385,MMSE,-46.82281036905165,False
385,ABETA,-106.10875011401836,False
385,RAVLT_immediate,-995.1847955955068,False
385,VentricleNorm,105.7278539071544,False
385,HippocampusNorm,98.5513913095214,False
385,MidTempNorm,369.6943822248167,False
385,ADAS13,-317.3194464208862,False
385,PTAU,80.31486331559357,False
385,TAU,-12.010321363087712,False
385,EntorhinalNorm,-116.63035387775699,False
386,FusiformNorm,-64.0349653822843,True
386,WholeBrainNorm,290.314740082613,True
386,MMSE,-150.72192102925987,True
386,ABETA,13.749805258073279,True
386,RAVLT_immediate,291.20927429904,True
386,VentricleNorm,9.333105732761368,True
386,HippocampusNorm,-743.8104640129214,True
386,MidTempNorm,-63.78083603813956,True
386,ADAS13,598.6768590411446,True
386,PTAU,-630.3439372055543,True
386,TAU,-0.026134528842305826,True
386,EntorhinalNorm,241.5681254764572,True
387,FusiformNorm,48.403164739075855,True
387,WholeBrainNorm,1196.698056489893,True
387,MMSE,-190.56747484509356,True
387,ABETA,-26.134351214682535,True
387,RAVLT_immediate,-726.9168351826291,True
387,VentricleNorm,388.39424696212893,True
387,HippocampusNorm,217.13717367449013,True
387,MidTempNorm,96.7567115711417,True
387,ADAS13,-465.27798260396577,True
387,PTAU,13.186173982234548,True
387,TAU,85.05587805413025,True
387,EntorhinalNorm,-256.6215899433252,True
388,FusiformNorm,-117.17008260560392,True
388,WholeBrainNorm,2165.489693138077,True
388,MMSE,-20.95547633368535,True
388,ABETA,-168.51824973001777,True
388,RAVLT_immediate,1343.1561348215694,True
388,VentricleNorm,-169.63450325007938,True
388,HippocampusNorm,178.28246729046924,True
388,MidTempNorm,441.8048384989742,True
388,ADAS13,-327.88078902555395,True
388,PTAU,-39.237435749782186,True
388,TAU,-119.83122069893176,True
388,EntorhinalNorm,-427.50100418787696,True
389,FusiformNorm,-87.23861637764347,True
389,WholeBrainNorm,795.3924109492157,True
389,MMSE,-150.08005884761167,True
389,ABETA,-13.196503599323195,True
389,RAVLT_immediate,-25.41846500350935,True
389,VentricleNorm,239.70564480383615,True
389,HippocampusNorm,-858.258177395043,True
389,MidTempNorm,-80.81201826774705,True
389,ADAS13,-333.0382147639093,True
389,PTAU,-779.5539652298979,True
389,TAU,-298.02214771773396,True
389,EntorhinalNorm,140.94496466514022,True
390,FusiformNorm,149.74662041703692,True
390,WholeBrainNorm,186.8779965797884,True
390,MMSE,-150.31940834046495,True
390,ABETA,-101.67009709340289,True
390,RAVLT_immediate,1343.1561348215694,True
390,VentricleNorm,388.39424696212893,True
390,HippocampusNorm,397.41646724177707,True
390,MidTempNorm,130.25035570060072,True
390,ADAS13,-419.8971416977947,True
390,PTAU,88.35940595761153,True
390,TAU,-311.88138476203596,True
390,EntorhinalNorm,-595.599009463352,True
391,FusiformNorm,127.00479498127254,False
391,WholeBrainNorm,416.46291242964827,False
391,MMSE,29.85215509421551,False
391,ABETA,-114.3473788453229,False
391,RAVLT_immediate,-449.8362583024391,False
391,VentricleNorm,-35.81735824715555,False
391,HippocampusNorm,426.0082879110534,False
391,MidTempNorm,125.48139734921061,False
391,ADAS13,-334.53864417819796,False
391,PTAU,-35.92777599278482,False
391,TAU,-343.42350285499236,False
391,EntorhinalNorm,-583.0098135010271,False
392,FusiformNorm,8.192722046649116,True
392,WholeBrainNorm,959.7241675426801,True
392,MMSE,-150.99991648671062,True
392,ABETA,28.01939970123192,True
392,RAVLT_immediate,744.1501622626125,True
392,VentricleNorm,5.334519527906201,True
392,HippocampusNorm,-151.8305620814807,True
392,MidTempNorm,-66.14295944227905,True
392,ADAS13,-10.701723465140674,True
392,PTAU,-683.3965342228183,True
392,TAU,-822.0217571068395,True
392,EntorhinalNorm,245.69344286922063,True
393,FusiformNorm,196.71963381084694,True
393,WholeBrainNorm,560.2236918775632,True
393,MMSE,-149.6236566515968,True
393,ABETA,32.56518696774823,True
393,RAVLT_immediate,528.6988911579964,True
393,VentricleNorm,-67.86875354728566,True
393,HippocampusNorm,436.9407429240951,True
393,MidTempNorm,135.9074308199744,True
393,ADAS13,-286.478447298913,True
393,PTAU,61.76955654065932,True
393,TAU,103.79434886885225,True
393,EntorhinalNorm,-157.74099232570683,True
394,FusiformNorm,-103.57005387055165,True
394,WholeBrainNorm,340.7313331859366,True
394,MMSE,-150.71076089810705,True
394,ABETA,-9.353066168737538,True
394,RAVLT_immediate,744.1501622626125,True
394,VentricleNorm,-99.70043726652133,True
394,HippocampusNorm,32.41594644836056,True
394,MidTempNorm,338.5502205595908,True
394,ADAS13,-313.548696614454,True
394,PTAU,171.76096016102704,True
394,TAU,157.2036569214879,True
394,EntorhinalNorm,-209.83966651513222,True
395,FusiformNorm,-94.03088604284814,False
395,WholeBrainNorm,1493.3518364673164,False
395,MMSE,77.66330671339503,False
395,ABETA,25.009805584803285,False
395,RAVLT_immediate,-103.40831172239461,False
395,VentricleNorm,388.39424696212893,False
395,HippocampusNorm,422.3665460245134,False
395,MidTempNorm,251.318423796551,False
395,ADAS13,-362.7322834371857,False
395,PTAU,215.22201550262957,False
395,TAU,269.4722939463147,False
395,EntorhinalNorm,-170.2320595348237,False
396,FusiformNorm,-21.081339512996855,True
396,WholeBrainNorm,44.60907558350673,True
396,MMSE,-151.01129070386844,True
396,ABETA,65.30640348139801,True
396,RAVLT_immediate,960.0040859509785,True
396,VentricleNorm,341.2139306838261,True
396,HippocampusNorm,387.77900577026844,True
396,MidTempNorm,234.52624231057993,True
396,ADAS13,-362.58553543558764,True
396,PTAU,178.7582770176808,True
396,TAU,425.0354557503737,True
396,EntorhinalNorm,-593.8547896143915,True
397,FusiformNorm,126.78462515191381,True
397,WholeBrainNorm,-226.1583324690119,True
397,MMSE,249.07271142008722,True
397,ABETA,125.22317790627513,True
397,RAVLT_immediate,-788.0288770499272,True
397,VentricleNorm,116.42933089374375,True
397,HippocampusNorm,214.25198805561203,True
397,MidTempNorm,-80.38185774248912,True
397,ADAS13,-302.1613299704682,True
397,PTAU,178.50165683494237,True
397,TAU,68.79410243644377,True
397,EntorhinalNorm,-393.7332062590136,True
398,FusiformNorm,25.08976031208006,True
398,WholeBrainNorm,196.9457544229448,True
398,MMSE,-60.17116667621151,True
398,ABETA,97.49630503312066,True
398,RAVLT_immediate,-1430.4357093410101,True
398,VentricleNorm,90.52353733933042,True
398,HippocampusNorm,267.20718101884404,True
398,MidTempNorm,105.3937009945547,True
398,ADAS13,-354.0389572861481,True
398,PTAU,194.39618824434842,True
398,TAU,480.1718938276107,True
398,EntorhinalNorm,-48.37732688106164,True
399,FusiformNorm,-48.71144035154216,True
399,WholeBrainNorm,379.7890313592078,True
399,MMSE,-150.74141409734537,True
399,ABETA,72.33368575588905,True
399,RAVLT_immediate,249.04536739742684,True
399,VentricleNorm,388.39424696212893,True
399,HippocampusNorm,316.4390908945093,True
399,MidTempNorm,204.788746713751,True
399,ADAS13,-459.17850839425085,True
399,PTAU,173.4521240481746,True
399,TAU,-44.79808581668078,True
399,EntorhinalNorm,-653.5025509461908,True
400,FusiformNorm,167.3438503312055,True
400,WholeBrainNorm,355.1271215555692,True
400,MMSE,-150.4027550747591,True
400,ABETA,41.08661672929756,True
400,RAVLT_immediate,878.1198379272845,True
400,VentricleNorm,45.87124861393739,True
400,HippocampusNorm,399.8990400744209,True
400,MidTempNorm,323.1924762961225,True
400,ADAS13,-317.37492137713616,True
400,PTAU,8.983885348650517,True
400,TAU,-123.71828502605544,True
400,EntorhinalNorm,-484.0022576954115,True
401,FusiformNorm,-9.23070801126899,True
401,WholeBrainNorm,418.16204922211676,True
401,MMSE,-150.1468077856125,True
401,ABETA,19.135647573643716,True
401,RAVLT_immediate,-1430.4357093410101,True
401,VentricleNorm,-68.40405772651697,True
401,HippocampusNorm,178.76356224802097,True
401,MidTempNorm,283.867830039186,True
401,ADAS13,-333.15362865526674,True
401,PTAU,29.294657103684422,True
401,TAU,63.62211431061192,True
401,EntorhinalNorm,-454.00078116049815,True
402,FusiformNorm,-17.487003460982148,True
402,WholeBrainNorm,324.947614247453,True
402,MMSE,-150.29424440480543,True
402,ABETA,16.623199424701944,True
402,RAVLT_immediate,-811.113937917812,True
402,VentricleNorm,-108.94175697556105,True
402,HippocampusNorm,-620.285276772144,True
402,MidTempNorm,-37.81904969684163,True
402,ADAS13,-550.0157629191654,True
402,PTAU,-802.543648592343,True
402,TAU,-112.98112607675927,True
402,EntorhinalNorm,-291.2749849538028,True
403,FusiformNorm,11.427536879007228,True
403,WholeBrainNorm,285.8394644664884,True
403,MMSE,-150.43114744807087,True
403,ABETA,-8.790706122155997,True
403,RAVLT_immediate,-524.9337314871224,True
403,VentricleNorm,490.35404593996543,True
403,HippocampusNorm,-762.1514720731327,True
403,MidTempNorm,-82.9892602809976,True
403,ADAS13,828.0278364422084,True
403,PTAU,-807.379257642726,True
403,TAU,-1211.6351430931948,True
403,EntorhinalNorm,236.9685040656105,True
404,FusiformNorm,-55.710480002730286,True
404,WholeBrainNorm,279.2910968248282,True
404,MMSE,-149.657996294796,True
404,ABETA,27.00408283234052,True
404,RAVLT_immediate,126.76282257682414,True
404,VentricleNorm,490.35404593996543,True
404,HippocampusNorm,-726.2733207566879,True
404,MidTempNorm,-97.953640766943,True
404,ADAS13,-492.2792533061981,True
404,PTAU,-804.0243319100284,True
404,TAU,-59.15776759689647,True
404,EntorhinalNorm,-502.4302594317209,True
405,FusiformNorm,-66.46228348493932,True
405,WholeBrainNorm,959.7241675426801,True
405,MMSE,98.48754317968323,True
405,ABETA,30.92466591500186,True
405,RAVLT_immediate,1343.1561348215694,True
405,VentricleNorm,133.3650721522286,True
405,HippocampusNorm,552.8417202271924,True
405,MidTempNorm,158.53796867150052,True
405,ADAS13,-451.24247780590025,True
405,PTAU,195.187201578839,True
405,TAU,352.2914201618209,True
405,EntorhinalNorm,-327.11008702810454,True
406,FusiformNorm,136.37583628441237,True
406,WholeBrainNorm,361.4320890744558,True
406,MMSE,-149.67395950256284,True
406,ABETA,-33.91607423585802,True
406,RAVLT_immediate,-536.2343286973855,True
406,VentricleNorm,134.1199543205736,True
406,HippocampusNorm,452.1732398446923,True
406,MidTempNorm,21.564875749632687,True
406,ADAS13,-273.30043659341055,True
406,PTAU,10.120237063904487,True
406,TAU,480.8485567639458,True
406,EntorhinalNorm,-505.1692776890003,True
407,FusiformNorm,-127.63092996316074,False
407,WholeBrainNorm,1012.601050016568,False
407,MMSE,146.07563671155458,False
407,ABETA,66.9787868132259,False
407,RAVLT_immediate,220.3265261638909,False
407,VentricleNorm,111.68786772631735,False
407,HippocampusNorm,339.4063496569729,False
407,MidTempNorm,159.52216958895383,False
407,ADAS13,-309.0450930359546,False
407,PTAU,231.74549266826622,False
407,TAU,248.7116823304768,False
407,EntorhinalNorm,-495.5207203680522,False
408,FusiformNorm,52.817907874216075,True
408,WholeBrainNorm,959.7241675426801,True
408,MMSE,-150.1463991166186,True
408,ABETA,-51.951074195493746,True
408,RAVLT_immediate,-337.2834408366303,True
408,VentricleNorm,285.75320302414053,True
408,HippocampusNorm,-857.7151562826108,True
408,MidTempNorm,-90.79485143178654,True
408,ADAS13,165.08037158035955,True
408,PTAU,-687.1277145123998,True
408,TAU,-318.9345971445578,True
408,EntorhinalNorm,122.49916470692379,True
409,FusiformNorm,176.1180286808355,True
409,WholeBrainNorm,-509.6690823729434,True
409,MMSE,-149.66968907036204,True
409,ABETA,113.50610354941179,True
409,RAVLT_immediate,265.8436371557143,True
409,VentricleNorm,-79.23848919788637,True
409,HippocampusNorm,252.3650186804745,True
409,MidTempNorm,172.04619627716306,True
409,ADAS13,-171.24862489365788,True
409,PTAU,-12.1956178887845,True
409,TAU,-187.16111054324168,True
409,EntorhinalNorm,-144.67547695351848,True
410,FusiformNorm,-53.576685504359396,False
410,WholeBrainNorm,-314.8650630515512,False
410,MMSE,57.53480933329898,False
410,ABETA,69.43643131265407,False
410,RAVLT_immediate,677.5702600275889,False
410,VentricleNorm,-93.43416077605721,False
410,HippocampusNorm,309.45199022131925,False
410,MidTempNorm,136.2573877532061,False
410,ADAS13,-173.864653524742,False
410,PTAU,16.47828632307884,False
410,TAU,223.9201638057843,False
410,EntorhinalNorm,-165.68847099221415,False
411,FusiformNorm,-139.53809243520826,True
411,WholeBrainNorm,857.8017050707706,True
411,MMSE,-150.08724219961783,True
411,ABETA,-11.375567680105279,True
411,RAVLT_immediate,-48.22499404820239,True
411,VentricleNorm,66.03540982593343,True
411,HippocampusNorm,-681.6258571686584,True
411,MidTempNorm,-91.22295769796358,True
411,ADAS13,-457.8171289429708,True
411,PTAU,76.49474924725006,True
411,TAU,167.71241490334847,True
411,EntorhinalNorm,-610.7095403544772,True
412,FusiformNorm,-191.69342324353192,True
412,WholeBrainNorm,763.7700015742912,True
412,MMSE,-150.38854116945345,True
412,ABETA,23.35698469281927,True
412,RAVLT_immediate,685.7981147432154,True
412,VentricleNorm,97.80986583795085,True
412,HippocampusNorm,-684.827096800364,True
412,MidTempNorm,329.2451398933277,True
412,ADAS13,-427.6303515227345,True
412,PTAU,196.94242994484296,True
412,TAU,-416.3323945617299,True
412,EntorhinalNorm,-496.671809641558,True
413,FusiformNorm,64.47177024551176,True
413,WholeBrainNorm,291.9707976934027,True
413,MMSE,-150.17818853172355,True
413,ABETA,-30.582213451868427,True
413,RAVLT_immediate,-141.55183480528984,True
413,VentricleNorm,490.35404593996543,True
413,HippocampusNorm,289.25704426836586,True
413,MidTempNorm,405.6563410616436,True
413,ADAS13,-180.73031815322514,True
413,PTAU,-34.183271026914134,True
413,TAU,-12.836074071967841,True
413,EntorhinalNorm,-632.9408330614343,True
414,FusiformNorm,-94.67724582059974,True
414,WholeBrainNorm,-386.82101139184283,True
414,MMSE,291.2818290995312,True
414,ABETA,-61.06005092519215,True
414,RAVLT_immediate,-253.14739039029223,True
414,VentricleNorm,69.34664703633318,True
414,HippocampusNorm,204.54077807491504,True
414,MidTempNorm,32.528543353165176,True
414,ADAS13,-328.04521764639435,True
414,PTAU,133.65355418921695,True
414,TAU,537.6313232449418,True
414,EntorhinalNorm,-698.650263724383,True
415,FusiformNorm,11.831611318017792,True
415,WholeBrainNorm,267.60122266461383,True
415,MMSE,-150.40960590850437,True
415,ABETA,42.47538330852704,True
415,RAVLT_immediate,-58.70428005700178,True
415,VentricleNorm,-566.8388252013026,True
415,HippocampusNorm,-179.72579312193838,True
415,MidTempNorm,-110.9171471491472,True
415,ADAS13,-179.9795195007332,True
415,PTAU,50.474325231980245,True
415,TAU,773.5904627225555,True
415,EntorhinalNorm,-451.4906387890074,True
416,FusiformNorm,261.8822715922191,True
416,WholeBrainNorm,825.3430474780201,True
416,MMSE,-149.91642864400757,True
416,ABETA,-56.3379229071971,True
416,RAVLT_immediate,-450.12813779236075,True
416,VentricleNorm,-67.60253851193167,True
416,HippocampusNorm,246.15923526974842,True
416,MidTempNorm,290.17321550738086,True
416,ADAS13,-288.5551190145481,True
416,PTAU,161.80384688526578,True
416,TAU,551.3150436390051,True
416,EntorhinalNorm,-752.0411112537047,True
417,FusiformNorm,254.43024731433536,True
417,WholeBrainNorm,457.20077808055987,True
417,MMSE,-150.39138206875973,True
417,ABETA,2.197603212032525,True
417,RAVLT_immediate,526.2374891401887,True
417,VentricleNorm,-385.6075765342609,True
417,HippocampusNorm,-473.78557310841563,True
417,MidTempNorm,-83.93370372288639,True
417,ADAS13,109.33912460353618,True
417,PTAU,151.14671764514802,True
417,TAU,445.73742569053735,True
417,EntorhinalNorm,-372.0655213086219,True
418,FusiformNorm,-104.79550243580026,True
418,WholeBrainNorm,-505.22691984254607,True
418,MMSE,-150.57140937309964,True
418,ABETA,32.71217606180043,True
418,RAVLT_immediate,-838.0561205751509,True
418,VentricleNorm,337.02850237613507,True
418,HippocampusNorm,184.7741233536418,True
418,MidTempNorm,171.9512113227903,True
418,ADAS13,-369.1972315960455,True
418,PTAU,179.36346582510717,True
418,TAU,410.668598735877,True
418,EntorhinalNorm,-720.5470984447662,True
419,FusiformNorm,-96.89596128700464,True
419,WholeBrainNorm,170.75056635864286,True
419,MMSE,-150.2783523596289,True
419,ABETA,112.86050965600349,True
419,RAVLT_immediate,-855.8405666495286,True
419,VentricleNorm,190.73384762534084,True
419,HippocampusNorm,260.0942384950016,True
419,MidTempNorm,351.19501355135094,True
419,ADAS13,-332.9005417356331,True
419,PTAU,133.13000413929663,True
419,TAU,-106.761672703393,True
419,EntorhinalNorm,-334.33112456910834,True
420,FusiformNorm,-6.442553769363718,True
420,WholeBrainNorm,959.7241675426801,True
420,MMSE,-150.57302627909294,True
420,ABETA,70.2432664725486,True
420,RAVLT_immediate,744.1501622626125,True
420,VentricleNorm,185.74131517151287,True
420,HippocampusNorm,-615.79378510833,True
420,MidTempNorm,-54.08697046241169,True
420,ADAS13,-304.98722658026054,True
420,PTAU,210.68503099775856,True
420,TAU,-72.16941065533149,True
420,EntorhinalNorm,-118.9087845044508,True
421,FusiformNorm,214.7123676008472,True
421,WholeBrainNorm,-55.422298979068145,True
421,MMSE,170.64650610610008,True
421,ABETA,108.3860101373464,True
421,RAVLT_immediate,1338.5768521332088,True
421,VentricleNorm,-112.19917371219968,True
421,HippocampusNorm,40.09142490740915,True
421,MidTempNorm,320.43121178517623,True
421,ADAS13,-187.83951115029788,True
421,PTAU,89.69803910665803,True
421,TAU,416.20245465711344,True
421,EntorhinalNorm,-713.0390753217229,True
422,FusiformNorm,128.3527006669683,True
422,WholeBrainNorm,170.81379650150743,True
422,MMSE,-151.138278749891,True
422,ABETA,-47.73191799393498,True
422,RAVLT_immediate,744.1501622626125,True
422,VentricleNorm,-38.605037173497124,True
422,HippocampusNorm,-591.8351901296451,True
422,MidTempNorm,-95.40319099267003,True
422,ADAS13,203.7467420051922,True
422,PTAU,45.50672532409246,True
422,TAU,1.6420683424413127,True
422,EntorhinalNorm,-136.83460134614398,True
423,FusiformNorm,123.58455741305694,True
423,WholeBrainNorm,691.7964725979518,True
423,MMSE,-150.87954556125953,True
423,ABETA,81.0785706258864,True
423,RAVLT_immediate,835.6978708251521,True
423,VentricleNorm,209.32402684530638,True
423,HippocampusNorm,244.320153693436,True
423,MidTempNorm,84.59028189052415,True
423,ADAS13,-255.30098599544792,True
423,PTAU,45.019340359572176,True
423,TAU,553.0658514565716,True
423,EntorhinalNorm,-551.3368963643647,True
424,FusiformNorm,4.334778279575689,True
424,WholeBrainNorm,959.7241675426801,True
424,MMSE,-149.92593810506705,True
424,ABETA,-76.76955400848004,True
424,RAVLT_immediate,737.6449556392939,True
424,VentricleNorm,-64.14689146809916,True
424,HippocampusNorm,-178.93962960583906,True
424,MidTempNorm,-76.20317393004085,True
424,ADAS13,139.70334410075876,True
424,PTAU,-750.2731816987583,True
424,TAU,19.85601768514553,True
424,EntorhinalNorm,321.86011491704653,True
425,FusiformNorm,-91.35190183733468,True
425,WholeBrainNorm,736.9290798348067,True
425,MMSE,-150.35771532483935,True
425,ABETA,49.93775662758361,True
425,RAVLT_immediate,139.95271422471953,True
425,VentricleNorm,-590.9444849950609,True
425,HippocampusNorm,-395.80283641936927,True
425,MidTempNorm,-84.00132290501165,True
425,ADAS13,263.62700463025834,True
425,PTAU,-647.1497451758437,True
425,TAU,-663.4264125721919,True
425,EntorhinalNorm,338.9735081945944,True
426,FusiformNorm,-5.589852867534468,True
426,WholeBrainNorm,-509.6690823729434,True
426,MMSE,-150.3398541832879,True
426,ABETA,17.715582999405907,True
426,RAVLT_immediate,-936.1291643990515,True
426,VentricleNorm,231.16281587828004,True
426,HippocampusNorm,239.20093879231064,True
426,MidTempNorm,-10.664696633555828,True
426,ADAS13,-376.909813507682,True
426,PTAU,67.82194905718207,True
426,TAU,101.96809762740361,True
426,EntorhinalNorm,-206.84411798564102,True
427,FusiformNorm,480.5133616733508,False
427,WholeBrainNorm,168.0283871244519,False
427,MMSE,373.72969210605265,False
427,ABETA,97.37460700273778,False
427,RAVLT_immediate,-310.9410390753502,False
427,VentricleNorm,83.40534635078612,False
427,HippocampusNorm,247.60785510228413,False
427,MidTempNorm,-103.58864229636765,False
427,ADAS13,-312.6486478325508,False
427,PTAU,178.8040335114902,False
427,TAU,43.957232675085066,False
427,EntorhinalNorm,-468.7852346147019,False
428,FusiformNorm,53.52561328332322,True
428,WholeBrainNorm,156.85454612238382,True
428,MMSE,88.98034299497077,True
428,ABETA,70.27142065978425,True
428,RAVLT_immediate,808.2876150986867,True
428,VentricleNorm,-110.01345092516208,True
428,HippocampusNorm,140.948091809358,True
428,MidTempNorm,9.677825346529815,True
428,ADAS13,-305.6947190501849,True
428,PTAU,99.87162752826464,True
428,TAU,35.81719702702492,True
428,EntorhinalNorm,-295.2598438479386,True
429,FusiformNorm,2.1545886615752536,False
429,WholeBrainNorm,472.3639126341532,False
429,MMSE,373.72969210605265,False
429,ABETA,-168.51824973001777,False
429,RAVLT_immediate,798.3556679420752,False
429,VentricleNorm,233.5547708921124,False
429,HippocampusNorm,272.907667458317,False
429,MidTempNorm,2.8515462844345016,False
429,ADAS13,-309.8211858231507,False
429,PTAU,135.87719215198115,False
429,TAU,291.0100515675493,False
429,EntorhinalNorm,-88.66082532490006,False
430,FusiformNorm,-310.03522142373623,True
430,WholeBrainNorm,327.8086222643942,True
430,MMSE,236.8867327079505,True
430,ABETA,39.234952309164605,True
430,RAVLT_immediate,581.8239911043476,True
430,VentricleNorm,76.66416726156662,True
430,HippocampusNorm,275.87267374547815,True
430,MidTempNorm,50.18024555316826,True
430,ADAS13,-302.3477196837795,True
430,PTAU,-36.013089372849954,True
430,TAU,492.5835134472027,True
430,EntorhinalNorm,-300.28865120804,True
431,FusiformNorm,94.58788361767355,True
431,WholeBrainNorm,355.29573025752984,True
431,MMSE,272.97263234071045,True
431,ABETA,-34.6599738960574,True
431,RAVLT_immediate,-60.02756303638374,True
431,VentricleNorm,163.56591045719017,True
431,HippocampusNorm,315.34319882407993,True
431,MidTempNorm,139.05915820177293,True
431,ADAS13,-168.6294299203607,True
431,PTAU,48.229086835285564,True
431,TAU,89.23462908370948,True
431,EntorhinalNorm,-438.816154824876,True
432,FusiformNorm,-67.89993444874084,False
432,WholeBrainNorm,1096.7012306702134,False
432,MMSE,13.05714496683669,False
432,ABETA,-75.933316322117,False
432,RAVLT_immediate,-64.69546867262719,False
432,VentricleNorm,141.52790630940032,False
432,HippocampusNorm,444.42829588224436,False
432,MidTempNorm,-57.30604761810278,False
432,ADAS13,-288.8932134038622,False
432,PTAU,246.10685676194566,False
432,TAU,433.9789507873641,False
432,EntorhinalNorm,-646.4996381797409,False
433,FusiformNorm,-221.43111538454997,True
433,WholeBrainNorm,630.640948399484,True
433,MMSE,-149.9003426087949,True
433,ABETA,-32.05588134357624,True
433,RAVLT_immediate,320.0990876767013,True
433,VentricleNorm,77.9075468354368,True
433,HippocampusNorm,236.9667953353647,True
433,MidTempNorm,108.59720509255692,True
433,ADAS13,-353.09557436211435,True
433,PTAU,295.7220419387792,True
433,TAU,-82.05319145772492,True
433,EntorhinalNorm,-715.4369926691741,True
434,FusiformNorm,111.03436639104065,True
434,WholeBrainNorm,102.09646257031822,True
434,MMSE,-150.41527451361407,True
434,ABETA,-3.931107118807856,True
434,RAVLT_immediate,744.1501622626125,True
434,VentricleNorm,-63.636667370475344,True
434,HippocampusNorm,-528.4339659151551,True
434,MidTempNorm,-5.974835933779758,True
434,ADAS13,-275.6157044609016,True
434,PTAU,157.12205130761356,True
434,TAU,51.15805978392892,True
434,EntorhinalNorm,-806.0904994823197,True
435,FusiformNorm,-34.657583088174995,True
435,WholeBrainNorm,225.49210344945666,True
435,MMSE,-150.44480886130873,True
435,ABETA,2.445777943803429,True
435,RAVLT_immediate,744.1501622626125,True
435,VentricleNorm,69.8285153938108,True
435,HippocampusNorm,-811.8709685345993,True
435,MidTempNorm,-100.53846233555613,True
435,ADAS13,287.548853480556,True
435,PTAU,141.85170086131114,True
435,TAU,457.1481155552226,True
435,EntorhinalNorm,-183.78603154701196,True
436,FusiformNorm,103.08524117288904,True
436,WholeBrainNorm,726.919105474287,True
436,MMSE,-149.6236566515968,True
436,ABETA,23.070852749817433,True
436,RAVLT_immediate,-94.39527891624745,True
436,VentricleNorm,208.77427196536215,True
436,HippocampusNorm,241.98795028404214,True
436,MidTempNorm,70.91934122108606,True
436,ADAS13,-178.97728358806438,True
436,PTAU,-23.869641846698027,True
436,TAU,-37.78538524909885,True
436,EntorhinalNorm,-232.19363670661133,True
437,FusiformNorm,-165.4788080882144,True
437,WholeBrainNorm,536.3103382789028,True
437,MMSE,-150.3991306369426,True
437,ABETA,53.14875968807299,True
437,RAVLT_immediate,-296.2769050276671,True
437,VentricleNorm,208.12197234227577,True
437,HippocampusNorm,-789.7919259912994,True
437,MidTempNorm,-111.51770814238962,True
437,ADAS13,593.1036588041787,True
437,PTAU,-598.1660382749164,True
437,TAU,-40.587278331064034,True
437,EntorhinalNorm,-739.4811364301066,True
438,FusiformNorm,-32.096279821371986,True
438,WholeBrainNorm,913.2425554503214,True
438,MMSE,-149.90328371273998,True
438,ABETA,42.502267347336264,True
438,RAVLT_immediate,-185.46732356403518,True
438,VentricleNorm,212.38836855861615,True
438,HippocampusNorm,426.32187431709855,True
438,MidTempNorm,138.42072200331953,True
438,ADAS13,-265.4769699875378,True
438,PTAU,97.85213619099274,True
438,TAU,-447.6087420109602,True
438,EntorhinalNorm,-282.30549991774524,True
439,FusiformNorm,-183.4730317819425,True
439,WholeBrainNorm,345.1174447222717,True
439,MMSE,-150.14871197607067,True
439,ABETA,113.50610354941179,True
439,RAVLT_immediate,744.1501622626125,True
439,VentricleNorm,106.17324439617683,True
439,HippocampusNorm,222.25567437980197,True
439,MidTempNorm,145.23762424638673,True
439,ADAS13,-269.28100155331197,True
439,PTAU,212.71694537210453,True
439,TAU,59.01165257671099,True
439,EntorhinalNorm,-582.7447049623752,True
440,FusiformNorm,-189.02698928044634,False
440,WholeBrainNorm,528.3171687788417,False
440,MMSE,-111.75128080483377,False
440,ABETA,-24.343068093401627,False
440,RAVLT_immediate,310.9405242000635,False
440,VentricleNorm,250.02551064397926,False
440,HippocampusNorm,297.7634016560087,False
440,MidTempNorm,30.454517263682146,False
440,ADAS13,-324.59740074770673,False
440,PTAU,65.66370529891805,False
440,TAU,-441.80728971364346,False
440,EntorhinalNorm,-360.59692771204885,False
441,FusiformNorm,-97.87707188240613,True
441,WholeBrainNorm,181.92969880420478,True
441,MMSE,-150.06545200303125,True
441,ABETA,105.48669123016508,True
441,RAVLT_immediate,-140.58459192124212,True
441,VentricleNorm,-156.81227945780512,True
441,HippocampusNorm,-430.2162645582454,True
441,MidTempNorm,-73.61949805036147,True
441,ADAS13,374.66042679661655,True
441,PTAU,74.80520230846577,True
441,TAU,326.2785073043436,True
441,EntorhinalNorm,-525.178312202523,True
442,FusiformNorm,237.72714949440672,True
442,WholeBrainNorm,168.36098941282896,True
442,MMSE,-149.88538386917338,True
442,ABETA,-28.133325787101285,True
442,RAVLT_immediate,552.538754156686,True
442,VentricleNorm,-14.945814935351137,True
442,HippocampusNorm,-368.2077920598044,True
442,MidTempNorm,-45.60647159492266,True
442,ADAS13,-170.18578182429073,True
442,PTAU,44.02642187935387,True
442,TAU,147.34490653905385,True
442,EntorhinalNorm,-467.2259629351562,True
443,FusiformNorm,221.96386084933752,False
443,WholeBrainNorm,2165.489693138077,False
443,MMSE,91.60665878180251,False
443,ABETA,15.178799209089567,False
443,RAVLT_immediate,189.84351549415038,False
443,VentricleNorm,248.11455847074467,False
443,HippocampusNorm,255.1131359661296,False
443,MidTempNorm,184.33969602677269,False
443,ADAS13,-291.5138526833239,False
443,PTAU,148.81089307008014,False
443,TAU,486.05871927335494,False
443,EntorhinalNorm,-220.54218501976135,False
444,FusiformNorm,-94.07812589719299,True
444,WholeBrainNorm,-258.09769597102184,True
444,MMSE,-150.29096736857795,True
444,ABETA,111.44351626463457,True
444,RAVLT_immediate,744.1501622626125,True
444,VentricleNorm,-223.50270669129318,True
444,HippocampusNorm,-244.76108213855443,True
444,MidTempNorm,-86.60994596000485,True
444,ADAS13,937.4621519864078,True
444,PTAU,-586.6366117431522,True
444,TAU,-1016.6533239161065,True
444,EntorhinalNorm,362.3008973181643,True
445,FusiformNorm,19.23614924763138,True
445,WholeBrainNorm,300.0532572164216,True
445,MMSE,-150.22598867199187,True
445,ABETA,125.22317790627513,True
445,RAVLT_immediate,1343.1561348215694,True
445,VentricleNorm,388.39424696212893,True
445,HippocampusNorm,250.13654726564164,True
445,MidTempNorm,43.39925661799317,True
445,ADAS13,-209.35781913166957,True
445,PTAU,97.74577182534341,True
445,TAU,2.7960798369861997,True
445,EntorhinalNorm,-549.8573680145807,True
446,FusiformNorm,-72.42941280129006,True
446,WholeBrainNorm,-509.6690823729434,True
446,MMSE,-150.41603104812592,True
446,ABETA,-21.29935875592817,True
446,RAVLT_immediate,-936.1291643990515,True
446,VentricleNorm,274.2151553469225,True
446,HippocampusNorm,-573.3613411670598,True
446,MidTempNorm,-59.237739288009536,True
446,ADAS13,-309.6005151076419,True
446,PTAU,-97.6873024851455,True
446,TAU,3.008541837596777,True
446,EntorhinalNorm,-332.8367212561741,True
447,FusiformNorm,-81.17787580426204,True
447,WholeBrainNorm,60.99924092026501,True
447,MMSE,-149.6236566515968,True
447,ABETA,38.71462300718427,True
447,RAVLT_immediate,-5.569960554740781,True
447,VentricleNorm,-77.61258859724774,True
447,HippocampusNorm,-743.404563874348,True
447,MidTempNorm,-90.02928216112795,True
447,ADAS13,-179.01044066708155,True
447,PTAU,55.71809853273298,True
447,TAU,232.30039614050523,True
447,EntorhinalNorm,-285.20058591624763,True
448,FusiformNorm,-121.17878441993429,True
448,WholeBrainNorm,81.15480909424468,True
448,MMSE,-149.8379527032702,True
448,ABETA,-8.851469527753228,True
448,RAVLT_immediate,38.428190257185484,True
448,VentricleNorm,-15.46741453342852,True
448,HippocampusNorm,-632.0474520685142,True
448,MidTempNorm,-50.36599388495265,True
448,ADAS13,397.2295488052724,True
448,PTAU,203.911023058905,True
448,TAU,238.80483652139844,True
448,EntorhinalNorm,-738.5846414735929,True
449,FusiformNorm,317.86739814428165,False
449,WholeBrainNorm,-1124.291983925441,False
449,MMSE,-5.927895550449161,False
449,ABETA,-15.029685505617234,False
449,RAVLT_immediate,492.57413786023807,False
449,VentricleNorm,244.84398506281755,False
449,HippocampusNorm,535.6883783949743,False
449,MidTempNorm,149.21713709065884,False
449,ADAS13,-333.42083164278245,False
449,PTAU,-39.616824443683946,False
449,TAU,-185.6764769033126,False
449,EntorhinalNorm,-580.5051354560466,False
450,FusiformNorm,0.753769134935073,True
450,WholeBrainNorm,214.58407409099766,True
450,MMSE,269.76056512879995,True
450,ABETA,63.58979581966498,True
450,RAVLT_immediate,834.3440162940286,True
450,VentricleNorm,224.1297524440585,True
450,HippocampusNorm,436.3861516220155,True
450,MidTempNorm,106.30329896287424,True
450,ADAS13,-331.57695241770494,True
450,PTAU,136.07660612971,True
450,TAU,49.14599572188959,True
450,EntorhinalNorm,-424.0755364288683,True
451,FusiformNorm,64.27073380733349,True
451,WholeBrainNorm,1517.0607483965478,True
451,MMSE,-324.06461139525027,True
451,ABETA,-60.31426251633315,True
451,RAVLT_immediate,53.42328824593997,True
451,VentricleNorm,80.78708245629102,True
451,HippocampusNorm,235.2517022127174,True
451,MidTempNorm,271.9757731948486,True
451,ADAS13,-291.90156212266066,True
451,PTAU,188.86773021890852,True
451,TAU,460.29554495731287,True
451,EntorhinalNorm,-458.92310151033047,True
452,FusiformNorm,106.66815728323792,True
452,WholeBrainNorm,342.22610393522007,True
452,MMSE,-149.6236566515968,True
452,ABETA,-13.151589466825536,True
452,RAVLT_immediate,-873.26412653009,True
452,VentricleNorm,-265.94768715321976,True
452,HippocampusNorm,-506.05739801648,True
452,MidTempNorm,83.24246948624562,True
452,ADAS13,-325.0044012844046,True
452,PTAU,45.02209658929554,True
452,TAU,-411.99716772080603,True
452,EntorhinalNorm,-245.31992896444484,True
453,FusiformNorm,89.05514520900068,False
453,WholeBrainNorm,2165.489693138077,False
453,MMSE,358.6348868906992,False
453,ABETA,77.72732427575778,False
453,RAVLT_immediate,-591.7125278593824,False
453,VentricleNorm,174.65939405233505,False
453,HippocampusNorm,178.96300316147793,False
453,MidTempNorm,-48.8364313977345,False
453,ADAS13,-412.2993994136139,False
453,PTAU,4.078877293887075,False
453,TAU,360.52267501487427,False
453,EntorhinalNorm,-400.7209048550012,False
454,FusiformNorm,11.322910545579408,False
454,WholeBrainNorm,902.7104631010284,False
454,MMSE,301.34636045716036,False
454,ABETA,125.22317790627513,False
454,RAVLT_immediate,11.064544516914196,False
454,VentricleNorm,238.11519440915865,False
454,HippocampusNorm,245.1644633707196,False
454,MidTempNorm,-48.6235485003726,False
454,ADAS13,-292.47156744434926,False
454,PTAU,-6.21954855458819,False
454,TAU,451.06050825711543,False
454,EntorhinalNorm,-432.72517077237165,False
455,FusiformNorm,75.98602552057318,True
455,WholeBrainNorm,-11.699172197698829,True
455,MMSE,-150.397401152899,True
455,ABETA,-9.688698993223225,True
455,RAVLT_immediate,-331.49460574369056,True
455,VentricleNorm,-340.24543940078894,True
455,HippocampusNorm,-348.8706147631585,True
455,MidTempNorm,-82.63772089253776,True
455,ADAS13,-303.89262123111047,True
455,PTAU,119.72755807756107,True
455,TAU,-485.372499472204,True
455,EntorhinalNorm,-469.46427120075117,True
456,FusiformNorm,171.77589436189015,True
456,WholeBrainNorm,635.9635691135924,True
456,MMSE,-149.8100201011482,True
456,ABETA,-1.8244955806557677,True
456,RAVLT_immediate,458.50968203193185,True
456,VentricleNorm,101.20619319225824,True
456,HippocampusNorm,248.04719677968643,True
456,MidTempNorm,333.900953180046,True
456,ADAS13,-459.5078372621943,True
456,PTAU,176.95574252859345,True
456,TAU,-419.09192428133895,True
456,EntorhinalNorm,-205.83679582874714,True
457,FusiformNorm,-103.88357987909403,True
457,WholeBrainNorm,305.06525408858136,True
457,MMSE,-149.6236566515968,True
457,ABETA,-5.339832914463927,True
457,RAVLT_immediate,-562.0930006149055,True
457,VentricleNorm,116.35954966434112,True
457,HippocampusNorm,64.32371231429751,True
457,MidTempNorm,13.4603550951211,True
457,ADAS13,-356.8906815297954,True
457,PTAU,25.79094470257904,True
457,TAU,-383.6127542581649,True
457,EntorhinalNorm,-174.77713952821853,True
458,FusiformNorm,-29.875909830957596,True
458,WholeBrainNorm,939.8537050748049,True
458,MMSE,-149.913045484377,True
458,ABETA,63.93297038185962,True
458,RAVLT_immediate,-38.86408460805366,True
458,VentricleNorm,93.02139545474351,True
458,HippocampusNorm,267.02479557829986,True
458,MidTempNorm,171.33021206086116,True
458,ADAS13,-260.5274973407475,True
458,PTAU,75.92597870975642,True
458,TAU,-13.397114199044916,True
458,EntorhinalNorm,-492.1692464410476,True
459,FusiformNorm,116.67070061124689,True
459,WholeBrainNorm,82.5932596884265,True
459,MMSE,-149.89949662188516,True
459,ABETA,-61.37230435282267,True
459,RAVLT_immediate,145.88708209891593,True
459,VentricleNorm,309.96026141625026,True
459,HippocampusNorm,218.69860938214657,True
459,MidTempNorm,368.098769042438,True
459,ADAS13,-303.03813045967695,True
459,PTAU,222.43796218787386,True
459,TAU,-335.3042395216135,True
459,EntorhinalNorm,-641.4070335528764,True
460,FusiformNorm,-104.08461032959363,True
460,WholeBrainNorm,-349.76475110525257,True
460,MMSE,-150.41040570837862,True
460,ABETA,-56.57265224157402,True
460,RAVLT_immediate,744.1501622626125,True
460,VentricleNorm,490.35404593996543,True
460,HippocampusNorm,448.408522618525,True
460,MidTempNorm,47.24789809858586,True
460,ADAS13,-320.3502291248148,True
460,PTAU,139.42830397803021,True
460,TAU,69.78759437018057,True
460,EntorhinalNorm,-320.48924993038526,True
461,FusiformNorm,177.63679452481878,True
461,WholeBrainNorm,-6.544815000983262,True
461,MMSE,-150.36043708468026,True
461,ABETA,16.489512931741274,True
461,RAVLT_immediate,-572.8711564275379,True
461,VentricleNorm,142.3394092174474,True
461,HippocampusNorm,-675.0121586177743,True
461,MidTempNorm,-68.1003432617922,True
461,ADAS13,-540.869945520902,True
461,PTAU,233.22056990417016,True
461,TAU,-58.96151101223085,True
461,EntorhinalNorm,-254.08220068002828,True
462,FusiformNorm,130.47838234853847,True
462,WholeBrainNorm,445.5198579887827,True
462,MMSE,-150.34425475392263,True
462,ABETA,59.36303551481154,True
462,RAVLT_immediate,-115.59152760836248,True
462,VentricleNorm,-243.1872011707547,True
462,HippocampusNorm,-488.98739022231194,True
462,MidTempNorm,-78.4922521669273,True
462,ADAS13,618.8733663438426,True
462,PTAU,-0.28041792372619057,True
462,TAU,268.29750802810906,True
462,EntorhinalNorm,-208.08351054607687,True
463,FusiformNorm,-62.05192089918016,True
463,WholeBrainNorm,959.7241675426801,True
463,MMSE,-149.6236566515968,True
463,ABETA,8.337176588757114,True
463,RAVLT_immediate,296.3065357353586,True
463,VentricleNorm,120.59239482934206,True
463,HippocampusNorm,290.66094528174506,True
463,MidTempNorm,97.11859153661779,True
463,ADAS13,-460.07490752432466,True
463,PTAU,168.1226423660542,True
463,TAU,-49.699648733290516,True
463,EntorhinalNorm,-171.96891210778273,True
464,FusiformNorm,82.9347643297481,True
464,WholeBrainNorm,217.247850513338,True
464,MMSE,297.5960984346061,True
464,ABETA,-54.924130958464296,True
464,RAVLT_immediate,-69.93357058028369,True
464,VentricleNorm,121.39308915397378,True
464,HippocampusNorm,200.67881487185363,True
464,MidTempNorm,306.15393231888567,True
464,ADAS13,-372.2546935086623,True
464,PTAU,182.03611408668448,True
464,TAU,-362.6808901401887,True
464,EntorhinalNorm,-614.5224723881806,True
465,FusiformNorm,73.08966002725293,True
465,WholeBrainNorm,959.7241675426801,True
465,MMSE,-149.6236566515968,True
465,ABETA,37.839654441751655,True
465,RAVLT_immediate,469.735220434745,True
465,VentricleNorm,490.35404593996543,True
465,HippocampusNorm,-706.6234094808741,True
465,MidTempNorm,373.02447024539214,True
465,ADAS13,-238.77584060949386,True
465,PTAU,193.86317974595295,True
465,TAU,-31.355716447441967,True
465,EntorhinalNorm,-662.3332718919501,True
466,FusiformNorm,-48.04974135341615,True
466,WholeBrainNorm,557.7791178635248,True
466,MMSE,-150.5627437271115,True
466,ABETA,113.50610354941179,True
466,RAVLT_immediate,-154.29565915938016,True
466,VentricleNorm,367.47912096616136,True
466,HippocampusNorm,-286.1288077512553,True
466,MidTempNorm,-62.79878083723528,True
466,ADAS13,-319.0075665551839,True
466,PTAU,175.04493656333634,True
466,TAU,347.4362400757412,True
466,EntorhinalNorm,-241.74266029039376,True
467,FusiformNorm,-54.50544023970078,True
467,WholeBrainNorm,1628.200147449285,True
467,MMSE,-58.65702129935576,True
467,ABETA,88.94199390411397,True
467,RAVLT_immediate,1113.5174945993078,True
467,VentricleNorm,215.1225699927461,True
467,HippocampusNorm,439.3545145188418,True
467,MidTempNorm,61.04688314079509,True
467,ADAS13,-463.908568685397,True
467,PTAU,47.150774305784466,True
467,TAU,-60.53618970762795,True
467,EntorhinalNorm,-759.7380817115948,True
468,FusiformNorm,-201.55631584089204,False
468,WholeBrainNorm,1398.5302396178204,False
468,MMSE,126.7985352364713,False
468,ABETA,-146.7778153154184,False
468,RAVLT_immediate,454.31250529036515,False
468,VentricleNorm,-95.27478504155415,False
468,HippocampusNorm,421.2050760212904,False
468,MidTempNorm,180.08741158450968,False
468,ADAS13,-340.78238692946877,False
468,PTAU,152.34830322616443,False
468,TAU,367.3257600155067,False
468,EntorhinalNorm,-7.442113462282009,False
469,FusiformNorm,-166.17914118562658,True
469,WholeBrainNorm,-509.6690823729434,True
469,MMSE,-150.53286945940576,True
469,ABETA,113.50610354941179,True
469,RAVLT_immediate,-659.2970021168271,True
469,VentricleNorm,-182.3447787442476,True
469,HippocampusNorm,197.1321705404995,True
469,MidTempNorm,132.99575406036308,True
469,ADAS13,-229.88476027671382,True
469,PTAU,40.27408522661298,True
469,TAU,340.52525013918137,True
469,EntorhinalNorm,-220.47832628398777,True
470,FusiformNorm,-63.22636174585648,True
470,WholeBrainNorm,959.7241675426801,True
470,MMSE,-150.28063744012886,True
470,ABETA,-33.58082678182485,True
470,RAVLT_immediate,673.2339145067638,True
470,VentricleNorm,490.35404593996543,True
470,HippocampusNorm,-166.38218010989692,True
470,MidTempNorm,-34.74150706572825,True
470,ADAS13,-288.1786702582008,True
470,PTAU,-592.0103824739988,True
470,TAU,-487.40986991880993,True
470,EntorhinalNorm,407.9480613092645,True
471,FusiformNorm,-162.92215019268428,False
471,WholeBrainNorm,114.95663029893305,False
471,MMSE,49.97296164242865,False
471,ABETA,114.71461191317675,False
471,RAVLT_immediate,-643.2504427554256,False
471,VentricleNorm,123.63989452568931,False
471,HippocampusNorm,154.32014858421815,False
471,MidTempNorm,360.9472542331337,False
471,ADAS13,-331.9217993463446,False
471,PTAU,203.4534500856143,False
471,TAU,-462.6955875095512,False
471,EntorhinalNorm,-737.7244610972608,False
472,FusiformNorm,209.00533476759145,True
472,WholeBrainNorm,-509.6690823729434,True
472,MMSE,-150.45756955448533,True
472,ABETA,25.072528832207546,True
472,RAVLT_immediate,464.22265021610224,True
472,VentricleNorm,-326.33624155747697,True
472,HippocampusNorm,-880.0199329937442,True
472,MidTempNorm,-51.92992680908608,True
472,ADAS13,101.79908001152305,True
472,PTAU,-614.254029884733,True
472,TAU,444.20355438611847,True
472,EntorhinalNorm,-449.5692049027788,True
473,FusiformNorm,-97.02507474462705,False
473,WholeBrainNorm,833.9408379701326,False
473,MMSE,146.20729614825908,False
473,ABETA,46.04053422591016,False
473,RAVLT_immediate,80.93434915980833,False
473,VentricleNorm,-102.75240291078771,False
473,HippocampusNorm,249.00697419952428,False
473,MidTempNorm,84.41456469179533,False
473,ADAS13,-257.01432986630755,False
473,PTAU,130.48595547118913,False
473,TAU,46.8876613439966,False
473,EntorhinalNorm,-747.5454763366298,False
474,FusiformNorm,-235.67697416656554,False
474,WholeBrainNorm,2165.489693138077,False
474,MMSE,-30.952978580691827,False
474,ABETA,53.13129586904809,False
474,RAVLT_immediate,-788.7958840532589,False
474,VentricleNorm,201.85810302217172,False
474,HippocampusNorm,237.46376474112648,False
474,MidTempNorm,-154.67165679046303,False
474,ADAS13,-329.5363832156009,False
474,PTAU,221.4394852220535,False
474,TAU,-69.48569449237851,False
474,EntorhinalNorm,-459.39085577082545,False
475,FusiformNorm,-57.51625183158487,True
475,WholeBrainNorm,285.0170227598617,True
475,MMSE,-150.22851943531933,True
475,ABETA,73.54568133479843,True
475,RAVLT_immediate,1343.1561348215694,True
475,VentricleNorm,236.6734654139537,True
475,HippocampusNorm,385.53682027603946,True
475,MidTempNorm,143.96342732125677,True
475,ADAS13,-337.3703124650293,True
475,PTAU,-4.731182774329452,True
475,TAU,-39.15651839165012,True
475,EntorhinalNorm,-287.45442508032136,True
476,FusiformNorm,29.527461349887083,True
476,WholeBrainNorm,828.5151339773449,True
476,MMSE,-149.6236566515968,True
476,ABETA,-30.931447849018383,True
476,RAVLT_immediate,-936.1291643990515,True
476,VentricleNorm,63.338442111680365,True
476,HippocampusNorm,-322.39108563510473,True
476,MidTempNorm,-60.12423004237659,True
476,ADAS13,305.960751009347,True
476,PTAU,-630.0700552716349,True
476,TAU,-393.34353206769845,True
476,EntorhinalNorm,222.36896652775133,True
477,FusiformNorm,-88.20130218551468,True
477,WholeBrainNorm,438.5505590404244,True
477,MMSE,-149.6236566515968,True
477,ABETA,-8.7748876181061,True
477,RAVLT_immediate,512.3151738432018,True
477,VentricleNorm,-5.411163082156559,True
477,HippocampusNorm,-555.3056365375539,True
477,MidTempNorm,76.68304347376929,True
477,ADAS13,-381.54855307106106,True
477,PTAU,63.7469659478813,True
477,TAU,162.00454701675125,True
477,EntorhinalNorm,-242.3958927579703,True
478,FusiformNorm,209.26115512947703,True
478,WholeBrainNorm,73.2028779598237,True
478,MMSE,-150.6389647106148,True
478,ABETA,113.50610354941179,True
478,RAVLT_immediate,-275.56654737455574,True
478,VentricleNorm,101.07809487644485,True
478,HippocampusNorm,-531.1329863473208,True
478,MidTempNorm,-51.81462049839653,True
478,ADAS13,158.23503062607855,True
478,PTAU,-607.1844490445845,True
478,TAU,-362.4684316102481,True
478,EntorhinalNorm,122.44157162561353,True
479,FusiformNorm,160.32940198988953,True
479,WholeBrainNorm,609.9280121891782,True
479,MMSE,-150.1588777643659,True
479,ABETA,93.61702076682602,True
479,RAVLT_immediate,-478.27090811316236,True
479,VentricleNorm,-34.18115808753855,True
479,HippocampusNorm,-662.5986067482298,True
479,MidTempNorm,-55.270284479507026,True
479,ADAS13,240.55995133079654,True
479,PTAU,-18.5776979702966,True
479,TAU,-143.84880504221567,True
479,EntorhinalNorm,-708.3810529301091,True
480,FusiformNorm,-69.6448512507733,True
480,WholeBrainNorm,-564.2398352124782,True
480,MMSE,-324.06461139525027,True
480,ABETA,125.22317790627513,True
480,RAVLT_immediate,143.1367829234765,True
480,VentricleNorm,183.11585188635723,True
480,HippocampusNorm,224.01423538130678,True
480,MidTempNorm,-58.2086981420385,True
480,ADAS13,-465.8475289653732,True
480,PTAU,-2.0401912566396803,True
480,TAU,42.79947911925562,True
480,EntorhinalNorm,-672.1551183842279,True
481,FusiformNorm,-14.455453917800476,True
481,WholeBrainNorm,699.0707650028565,True
481,MMSE,-150.32890969104923,True
481,ABETA,12.691188392324896,True
481,RAVLT_immediate,744.1501622626125,True
481,VentricleNorm,-68.81484409652509,True
481,HippocampusNorm,87.80655183693126,True
481,MidTempNorm,337.6623015379954,True
481,ADAS13,-324.1413140452927,True
481,PTAU,173.56567938803312,True
481,TAU,-28.1059883472194,True
481,EntorhinalNorm,-296.858104010096,True
482,FusiformNorm,70.09866622855554,True
482,WholeBrainNorm,682.8694183673417,True
482,MMSE,-150.67955163349492,True
482,ABETA,-53.957309103843585,True
482,RAVLT_immediate,-859.2633131810635,True
482,VentricleNorm,-192.0646442375962,True
482,HippocampusNorm,-376.1318958465511,True
482,MidTempNorm,168.34911338699655,True
482,ADAS13,-385.8131130179332,True
482,PTAU,224.8720894290338,True
482,TAU,-86.82045863201361,True
482,EntorhinalNorm,-175.56525870063112,True
483,FusiformNorm,-72.54140829496575,True
483,WholeBrainNorm,321.6357957049665,True
483,MMSE,-150.32241750946378,True
483,ABETA,19.29243465845243,True
483,RAVLT_immediate,-19.498818561201894,True
483,VentricleNorm,262.4910102480262,True
483,HippocampusNorm,-84.76805096885353,True
483,MidTempNorm,-83.9552713465698,True
483,ADAS13,-122.62082720421705,True
483,PTAU,-598.7086724818768,True
483,TAU,-636.1904667376955,True
483,EntorhinalNorm,-218.53679854671964,True
484,FusiformNorm,-140.78821765171244,True
484,WholeBrainNorm,20.062905678907292,True
484,MMSE,-150.5191159176133,True
484,ABETA,51.55673401973699,True
484,RAVLT_immediate,-936.1291643990515,True
484,VentricleNorm,241.87199077461463,True
484,HippocampusNorm,-251.41995108363471,True
484,MidTempNorm,-23.383596540410576,True
484,ADAS13,1083.1788368878013,True
484,PTAU,-674.997076838732,True
484,TAU,-617.9452920851313,True
484,EntorhinalNorm,154.31240159718402,True
485,FusiformNorm,109.50802883526885,False
485,WholeBrainNorm,-1124.291983925441,False
485,MMSE,373.72969210605265,False
485,ABETA,71.21194945512624,False
485,RAVLT_immediate,884.9492180907538,False
485,VentricleNorm,388.39424696212893,False
485,HippocampusNorm,246.7306066295514,False
485,MidTempNorm,359.9882484618166,False
485,ADAS13,-429.37962248304416,False
485,PTAU,104.13973621925284,False
485,TAU,103.71302783502077,False
485,EntorhinalNorm,-720.5470984447662,False
486,FusiformNorm,-6.674334321680865,True
486,WholeBrainNorm,208.51179102318088,True
486,MMSE,-150.1309870237891,True
486,ABETA,-12.671463800954763,True
486,RAVLT_immediate,-83.00329771820701,True
486,VentricleNorm,484.1978776666697,True
486,HippocampusNorm,-689.0463867776392,True
486,MidTempNorm,-35.96563982435558,True
486,ADAS13,-460.92033586377465,True
486,PTAU,184.63874818960446,True
486,TAU,79.11104633046877,True
486,EntorhinalNorm,-678.8631388646368,True
487,FusiformNorm,217.51711198928163,True
487,WholeBrainNorm,643.5868648156403,True
487,MMSE,-150.02210571021158,True
487,ABETA,-5.271771065255246,True
487,RAVLT_immediate,-23.54467959356057,True
487,VentricleNorm,-69.02393486619215,True
487,HippocampusNorm,248.395868324643,True
487,MidTempNorm,39.57000504899179,True
487,ADAS13,-317.3600249642817,True
487,PTAU,13.332063606910584,True
487,TAU,-241.6181952023685,True
487,EntorhinalNorm,-705.5211115207987,True
488,FusiformNorm,-10.880846748240199,True
488,WholeBrainNorm,210.27978056943783,True
488,MMSE,-150.64492523317585,True
488,ABETA,113.50610354941179,True
488,RAVLT_immediate,-248.80588039939025,True
488,VentricleNorm,-45.298173558011776,True
488,HippocampusNorm,-177.9998724891342,True
488,MidTempNorm,-87.17850720764974,True
488,ADAS13,227.9789533985026,True
488,PTAU,-692.4157330806337,True
488,TAU,-709.7760387764554,True
488,EntorhinalNorm,195.90045871055528,True
489,FusiformNorm,-33.24574658879026,True
489,WholeBrainNorm,959.7241675426801,True
489,MMSE,67.71004395645143,True
489,ABETA,-58.324738155095396,True
489,RAVLT_immediate,484.6917104689432,True
489,VentricleNorm,36.36509454404685,True
489,HippocampusNorm,413.0909098925565,True
489,MidTempNorm,399.06737781162,True
489,ADAS13,-332.1780905094976,True
489,PTAU,122.42073108710066,True
489,TAU,-33.24989600843041,True
489,EntorhinalNorm,-636.9218220430054,True
490,FusiformNorm,-52.8833346260714,True
490,WholeBrainNorm,511.0155542612612,True
490,MMSE,-150.42039796726363,True
490,ABETA,-101.61929649323896,True
490,RAVLT_immediate,564.466289096214,True
490,VentricleNorm,-590.9444849950609,True
490,HippocampusNorm,-500.05780080227237,True
490,MidTempNorm,-37.01728554288368,True
490,ADAS13,-337.2784499072151,True
490,PTAU,69.13166208554631,True
490,TAU,-105.94159094570466,True
490,EntorhinalNorm,-746.7739069117168,True
491,FusiformNorm,-144.64330389628617,False
491,WholeBrainNorm,974.5837795908154,False
491,MMSE,-205.21488858658137,False
491,ABETA,-127.61113887578881,False
491,RAVLT_immediate,298.6609148211636,False
491,VentricleNorm,93.15054042831315,False
491,HippocampusNorm,227.8024377167526,False
491,MidTempNorm,82.18764486918623,False
491,ADAS13,-305.93724750662227,False
491,PTAU,17.647060099079198,False
491,TAU,313.4377881547926,False
491,EntorhinalNorm,-475.29645051885774,False
492,FusiformNorm,11.831611318017792,True
492,WholeBrainNorm,383.23379219644767,True
492,MMSE,-150.04020584894812,True
492,ABETA,64.389796894242,True
492,RAVLT_immediate,744.1501622626125,True
492,VentricleNorm,-116.21403793399953,True
492,HippocampusNorm,-514.5263397383192,True
492,MidTempNorm,92.86826773990671,True
492,ADAS13,-354.359100085295,True
492,PTAU,189.41222639145153,True
492,TAU,151.78107623192415,True
492,EntorhinalNorm,-121.35352161639457,True
493,FusiformNorm,145.55909449767822,True
493,WholeBrainNorm,426.34226625517135,True
493,MMSE,-149.88293437628957,True
493,ABETA,44.396646530699776,True
493,RAVLT_immediate,1241.0658910427424,True
493,VentricleNorm,-153.29587610250002,True
493,HippocampusNorm,400.60656852504775,True
493,MidTempNorm,401.39329249029805,True
493,ADAS13,-299.28255570749224,True
493,PTAU,143.4765082716699,True
493,TAU,71.51207389637473,True
493,EntorhinalNorm,-185.80554021362695,True
494,FusiformNorm,221.64876997313647,True
494,WholeBrainNorm,228.63536094440516,True
494,MMSE,-150.7146225536185,True
494,ABETA,69.69161119205503,True
494,RAVLT_immediate,196.6430812556022,True
494,VentricleNorm,-36.272516811514414,True
494,HippocampusNorm,-757.0405768133666,True
494,MidTempNorm,-108.07618970513829,True
494,ADAS13,-384.4868825428146,True
494,PTAU,-41.22534551701198,True
494,TAU,464.96919878222644,True
494,EntorhinalNorm,-135.25683334292137,True
495,FusiformNorm,-284.76352123486464,False
495,WholeBrainNorm,-1054.7424611338192,False
495,MMSE,72.75175808437824,False
495,ABETA,125.22317790627513,False
495,RAVLT_immediate,931.4062245147405,False
495,VentricleNorm,55.40136178352415,False
495,HippocampusNorm,397.38433834480566,False
495,MidTempNorm,81.51103841347096,False
495,ADAS13,-179.75782227314474,False
495,PTAU,146.70092601511465,False
495,TAU,-121.14590927732173,False
495,EntorhinalNorm,-506.8143155724294,False
496,FusiformNorm,-221.16375876507047,False
496,WholeBrainNorm,238.05917279030564,False
496,MMSE,122.93276364225784,False
496,ABETA,-4.3888246641903885,False
496,RAVLT_immediate,634.975468077485,False
496,VentricleNorm,136.84376710961104,False
496,HippocampusNorm,388.0582483459,False
496,MidTempNorm,248.76197073078356,False
496,ADAS13,-341.1598735581049,False
496,PTAU,59.25222116246292,False
496,TAU,304.88836638510986,False
496,EntorhinalNorm,-405.565182296904,False
497,FusiformNorm,173.77692215840185,True
497,WholeBrainNorm,-42.877995721428604,True
497,MMSE,-149.91004987348583,True
497,ABETA,-94.07053962171472,True
497,RAVLT_immediate,269.0076606477237,True
497,VentricleNorm,344.7484901358554,True
497,HippocampusNorm,-493.7957293057905,True
497,MidTempNorm,-113.24784305084107,True
497,ADAS13,528.8560981449908,True
497,PTAU,-790.2378446947715,True
497,TAU,336.5699977144389,True
497,EntorhinalNorm,-629.8619693290766,True
498,FusiformNorm,70.29848573004449,True
498,WholeBrainNorm,874.0430942167593,True
498,MMSE,-149.6236566515968,True
498,ABETA,-15.410196232024834,True
498,RAVLT_immediate,546.5658328234676,True
498,VentricleNorm,-68.17044672401039,True
498,HippocampusNorm,-741.0140580074284,True
498,MidTempNorm,70.99942811152205,True
498,ADAS13,-380.8506754333235,True
498,PTAU,45.816406904175366,True
498,TAU,480.9635760902061,True
498,EntorhinalNorm,-504.05076045793555,True
499,FusiformNorm,110.73302647350644,True
499,WholeBrainNorm,175.63592360918082,True
499,MMSE,-149.6236566515968,True
499,ABETA,125.22317790627513,True
499,RAVLT_immediate,-789.2585359745442,True
499,VentricleNorm,-185.38828661820082,True
499,HippocampusNorm,45.35212095496426,True
499,MidTempNorm,-112.8907069997769,True
499,ADAS13,-328.58064052828536,True
499,PTAU,244.49457179236313,True
499,TAU,380.530704454994,True
499,EntorhinalNorm,-451.76460290319164,True
500,FusiformNorm,-167.53193378453662,False
500,WholeBrainNorm,2165.489693138077,False
500,MMSE,356.26369788776475,False
500,ABETA,-59.86838257324219,False
500,RAVLT_immediate,99.73818903077006,False
500,VentricleNorm,-37.08098434305072,False
500,HippocampusNorm,380.6614456157891,False
500,MidTempNorm,153.75840729600466,False
500,ADAS13,-290.0334434943028,False
500,PTAU,55.77790297750862,False
500,TAU,586.9174893120744,False
500,EntorhinalNorm,-433.92841814393813,False
501,FusiformNorm,-174.061782411047,False
501,WholeBrainNorm,495.430939013667,False
501,MMSE,251.85429492506591,False
501,ABETA,76.48143837370928,False
501,RAVLT_immediate,978.0547924841794,False
501,VentricleNorm,299.7327073095718,False
501,HippocampusNorm,234.66480839224,False
501,MidTempNorm,76.77196507906409,False
501,ADAS13,-446.9641315201787,False
501,PTAU,108.18559643789207,False
501,TAU,-122.4355156929299,False
501,EntorhinalNorm,-215.2795892050588,False
502,FusiformNorm,-75.84012794698026,False
502,WholeBrainNorm,2165.489693138077,False
502,MMSE,373.72969210605265,False
502,ABETA,-10.980114299818606,False
502,RAVLT_immediate,1017.7222536864953,False
502,VentricleNorm,185.65979894751806,False
502,HippocampusNorm,243.23578580582802,False
502,MidTempNorm,-145.32977967518534,False
502,ADAS13,-333.72121995832754,False
502,PTAU,131.3058733129335,False
502,TAU,438.8029061426063,False
502,EntorhinalNorm,-560.1546662300601,False
503,FusiformNorm,-140.49865967760434,True
503,WholeBrainNorm,456.1349058718991,True
503,MMSE,-150.78638598696176,True
503,ABETA,23.18301634933517,True
503,RAVLT_immediate,-98.01768784842733,True
503,VentricleNorm,388.39424696212893,True
503,HippocampusNorm,1.29473314598214,True
503,MidTempNorm,148.6506393549216,True
503,ADAS13,-213.9237696524697,True
503,PTAU,-65.65480573882871,True
503,TAU,62.58583349114989,True
503,EntorhinalNorm,-520.927774016264,True
504,FusiformNorm,223.79590537445546,False
504,WholeBrainNorm,1614.8890545344022,False
504,MMSE,209.58842181894966,False
504,ABETA,125.22317790627513,False
504,RAVLT_immediate,282.5688671075852,False
504,VentricleNorm,-185.38828661820082,False
504,HippocampusNorm,501.11270732296697,False
504,MidTempNorm,164.69909286388898,False
504,ADAS13,-346.90629959562824,False
504,PTAU,61.0609277546768,False
504,TAU,-61.55464908722305,False
504,EntorhinalNorm,-72.62964391710672,False
505,FusiformNorm,92.63402359299735,False
505,WholeBrainNorm,1840.0184330709783,False
505,MMSE,-92.89503950302432,False
505,ABETA,18.849414460315884,False
505,RAVLT_immediate,1343.1561348215694,False
505,VentricleNorm,270.7389309624315,False
505,HippocampusNorm,490.433922707274,False
505,MidTempNorm,-37.471960808179944,False
505,ADAS13,-217.30450727183091,False
505,PTAU,54.89829772044808,False
505,TAU,85.28517484339827,False
505,EntorhinalNorm,-469.74628029686926,False
506,FusiformNorm,-186.50992049739807,False
506,WholeBrainNorm,1902.0228691511825,False
506,MMSE,-324.06461139525027,False
506,ABETA,19.77570230018767,False
506,RAVLT_immediate,263.67367421512114,False
506,VentricleNorm,180.66117458366,False
506,HippocampusNorm,278.8058773371464,False
506,MidTempNorm,384.75403112340126,False
506,ADAS13,-339.83634625192246,False
506,PTAU,184.42692467415876,False
506,TAU,430.3293040342779,False
506,EntorhinalNorm,-146.95396836442146,False
507,FusiformNorm,94.62445315518897,True
507,WholeBrainNorm,413.8104598902306,True
507,MMSE,-150.35308870405734,True
507,ABETA,-2.4601803792515833,True
507,RAVLT_immediate,-32.4329512868503,True
507,VentricleNorm,490.35404593996543,True
507,HippocampusNorm,-764.7225457671518,True
507,MidTempNorm,-50.57845801766732,True
507,ADAS13,703.1484462329063,True
507,PTAU,-647.370444914816,True
507,TAU,-97.43611804102709,True
507,EntorhinalNorm,-276.5524766476919,True
508,FusiformNorm,151.52611644915044,True
508,WholeBrainNorm,716.3875466487406,True
508,MMSE,-150.41339869843824,True
508,ABETA,-110.02145879290529,True
508,RAVLT_immediate,-127.36227665859683,True
508,VentricleNorm,430.4342176580762,True
508,HippocampusNorm,-690.6078455598644,True
508,MidTempNorm,-62.20890173513003,True
508,ADAS13,844.2640243596371,True
508,PTAU,183.01065127554847,True
508,TAU,386.8160866843311,True
508,EntorhinalNorm,-184.49898445432092,True
509,FusiformNorm,-216.43650164530948,False
509,WholeBrainNorm,830.317141809721,False
509,MMSE,-134.5568116494327,False
509,ABETA,46.41702667171022,False
509,RAVLT_immediate,-1430.4357093410101,False
509,VentricleNorm,119.30943833948398,False
509,HippocampusNorm,271.6780888222073,False
509,MidTempNorm,-137.67173631081477,False
509,ADAS13,-291.25418723963406,False
509,PTAU,56.65971948219138,False
509,TAU,-422.635727547066,False
509,EntorhinalNorm,-653.1309217461687,False
510,FusiformNorm,-54.70773970908056,True
510,WholeBrainNorm,244.18694999971447,True
510,MMSE,-150.36880213261173,True
510,ABETA,-36.415561031076734,True
510,RAVLT_immediate,-424.5375894052101,True
510,VentricleNorm,-587.7989478822223,True
510,HippocampusNorm,-654.1805977906394,True
510,MidTempNorm,-115.63952616865107,True
510,ADAS13,333.3000683364457,True
510,PTAU,170.92049207765206,True
510,TAU,409.0033499343654,True
510,EntorhinalNorm,-696.4389915758503,True
511,FusiformNorm,101.35886421808495,True
511,WholeBrainNorm,206.14855364242234,True
511,MMSE,-150.7364540331381,True
511,ABETA,30.20707043386331,True
511,RAVLT_immediate,342.8051649242222,True
511,VentricleNorm,253.12814884917577,True
511,HippocampusNorm,-433.9797603290561,True
511,MidTempNorm,-90.18827722452002,True
511,ADAS13,200.55133602039692,True
511,PTAU,-767.4064221528888,True
511,TAU,113.96672774004196,True
511,EntorhinalNorm,-616.5008157760458,True
512,FusiformNorm,246.47557212224956,True
512,WholeBrainNorm,-68.4032085525927,True
512,MMSE,-150.148162003901,True
512,ABETA,20.458611590371756,True
512,RAVLT_immediate,-76.5382513446247,True
512,VentricleNorm,113.92859802389776,True
512,HippocampusNorm,-412.39223566804316,True
512,MidTempNorm,-74.31129672149783,True
512,ADAS13,8.83862356871299,True
512,PTAU,-767.7733608129853,True
512,TAU,176.48740539044496,True
512,EntorhinalNorm,-268.741219330982,True
513,FusiformNorm,-65.98769158450814,False
513,WholeBrainNorm,553.6441787367283,False
513,MMSE,373.72969210605265,False
513,ABETA,-21.092160812383288,False
513,RAVLT_immediate,57.17045361970074,False
513,VentricleNorm,129.84320217020417,False
513,HippocampusNorm,301.04822387479686,False
513,MidTempNorm,1.7029300788126285,False
513,ADAS13,-283.7502296332676,False
513,PTAU,3.051442461496001,False
513,TAU,409.4094132792614,False
513,EntorhinalNorm,-441.2572646986375,False
514,FusiformNorm,47.65780149708604,True
514,WholeBrainNorm,290.15222602344744,True
514,MMSE,-150.3260273668385,True
514,ABETA,-109.72052995037178,True
514,RAVLT_immediate,477.5642390640774,True
514,VentricleNorm,187.10579822007435,True
514,HippocampusNorm,-598.1379640556887,True
514,MidTempNorm,-86.87856055275283,True
514,ADAS13,194.7218341859887,True
514,PTAU,-792.5550599338009,True
514,TAU,-749.17232616529,True
514,EntorhinalNorm,285.9418037164102,True
515,FusiformNorm,-40.32312532375522,True
515,WholeBrainNorm,444.72512074382746,True
515,MMSE,-150.4891533110709,True
515,ABETA,113.50610354941179,True
515,RAVLT_immediate,135.92711033583635,True
515,VentricleNorm,125.02395774345436,True
515,HippocampusNorm,492.2266486122726,True
515,MidTempNorm,383.5279762457434,True
515,ADAS13,-464.4535699853561,True
515,PTAU,-8.324464522064495,True
515,TAU,228.64388144995394,True
515,EntorhinalNorm,-429.43391251570677,True
516,FusiformNorm,-63.20663376418503,True
516,WholeBrainNorm,109.89666440514776,True
516,MMSE,-150.48277522805924,True
516,ABETA,46.047186742297924,True
516,RAVLT_immediate,-1430.4357093410101,True
516,VentricleNorm,189.68782162713794,True
516,HippocampusNorm,447.02364695435364,True
516,MidTempNorm,299.7234665618141,True
516,ADAS13,-456.94456112299395,True
516,PTAU,-19.435890429002633,True
516,TAU,58.72727591661785,True
516,EntorhinalNorm,-347.90199418078845,True
517,FusiformNorm,214.66843738147804,False
517,WholeBrainNorm,1474.5687074259995,False
517,MMSE,373.72969210605265,False
517,ABETA,-55.680538040973154,False
517,RAVLT_immediate,866.25497459951,False
517,VentricleNorm,352.95679549783176,False
517,HippocampusNorm,420.40322208698007,False
517,MidTempNorm,85.15649145053996,False
517,ADAS13,-309.75700927540174,False
517,PTAU,17.404283435279076,False
517,TAU,172.478205111632,False
517,EntorhinalNorm,-662.0792199870699,False
518,FusiformNorm,397.4014040912245,True
518,WholeBrainNorm,364.1382930547933,True
518,MMSE,210.50987116871514,True
518,ABETA,10.37225634316875,True
518,RAVLT_immediate,578.3990461827614,True
518,VentricleNorm,250.10833927050473,True
518,HippocampusNorm,344.5832841923466,True
518,MidTempNorm,125.07575417138732,True
518,ADAS13,-466.061992070059,True
518,PTAU,-44.302940981755924,True
518,TAU,-353.4584936694052,True
518,EntorhinalNorm,-430.7937945942815,True
519,FusiformNorm,0.3357639271204036,True
519,WholeBrainNorm,704.5076801786184,True
519,MMSE,-150.48510052500143,True
519,ABETA,-6.070212332002812,True
519,RAVLT_immediate,-385.1991610189196,True
519,VentricleNorm,134.7361140612486,True
519,HippocampusNorm,239.98240751264194,True
519,MidTempNorm,152.2683238191388,True
519,ADAS13,-324.13866186917664,True
519,PTAU,242.03190112100032,True
519,TAU,250.04907302743027,True
519,EntorhinalNorm,-146.49185170273313,True
520,FusiformNorm,69.14724435151165,True
520,WholeBrainNorm,212.91915358873155,True
520,MMSE,-150.758984637119,True
520,ABETA,113.50610354941179,True
520,RAVLT_immediate,-158.04219919292026,True
520,VentricleNorm,-127.53204129886349,True
520,HippocampusNorm,525.91117010156,True
520,MidTempNorm,124.76488757972659,True
520,ADAS13,-298.52738730633416,True
520,PTAU,221.0508455553622,True
520,TAU,416.0973228225972,True
520,EntorhinalNorm,-233.81645968680084,True
521,FusiformNorm,129.53671789953296,True
521,WholeBrainNorm,-166.46885615351076,True
521,MMSE,-150.668347753603,True
521,ABETA,113.50610354941179,True
521,RAVLT_immediate,412.52529563649534,True
521,VentricleNorm,121.49507459301417,True
521,HippocampusNorm,227.49938841131396,True
521,MidTempNorm,375.2557292662598,True
521,ADAS13,-367.8401871541205,True
521,PTAU,75.46516336786745,True
521,TAU,72.23896779125576,True
521,EntorhinalNorm,-233.24007407616944,True
522,FusiformNorm,-120.98743531759777,True
522,WholeBrainNorm,793.9582780245166,True
522,MMSE,-149.6236566515968,True
522,ABETA,113.50610354941179,True
522,RAVLT_immediate,744.1501622626125,True
522,VentricleNorm,91.88976689645094,True
522,HippocampusNorm,-727.4126743775905,True
522,MidTempNorm,-77.1113147428428,True
522,ADAS13,998.1927814283874,True
522,PTAU,176.4769222112402,True
522,TAU,-146.7074592560479,True
522,EntorhinalNorm,-81.37215795518154,True
523,FusiformNorm,-116.01975962194501,True
523,WholeBrainNorm,558.2522816081309,True
523,MMSE,-150.27583010064018,True
523,ABETA,90.98074820875162,True
523,RAVLT_immediate,-936.1291643990515,True
523,VentricleNorm,-341.9622413254956,True
523,HippocampusNorm,-773.7359013608224,True
523,MidTempNorm,-33.93403609067679,True
523,ADAS13,980.9771118830339,True
523,PTAU,-659.1752376046313,True
523,TAU,-746.3974120272679,True
523,EntorhinalNorm,-637.618827157547,True
524,FusiformNorm,195.62236598850768,True
524,WholeBrainNorm,-475.71943094352446,True
524,MMSE,14.612134342120466,True
524,ABETA,-25.894273907041548,True
524,RAVLT_immediate,1343.1561348215694,True
524,VentricleNorm,87.10079168941863,True
524,HippocampusNorm,489.69050570237204,True
524,MidTempNorm,230.57554483778125,True
524,ADAS13,-400.98933615428683,True
524,PTAU,112.55435190654639,True
524,TAU,21.62354957161156,True
524,EntorhinalNorm,-212.8322613512064,True
525,FusiformNorm,46.774604502521285,True
525,WholeBrainNorm,60.72401073486731,True
525,MMSE,-151.138278749891,True
525,ABETA,-20.71580571676471,True
525,RAVLT_immediate,744.1501622626125,True
525,VentricleNorm,219.55187456447942,True
525,HippocampusNorm,499.610662075623,True
525,MidTempNorm,523.9614967814575,True
525,ADAS13,-315.0160632183572,True
525,PTAU,127.01797907267482,True
525,TAU,393.1449063845428,True
525,EntorhinalNorm,-217.03403552828655,True
526,FusiformNorm,58.824589789485785,True
526,WholeBrainNorm,46.239793364296986,True
526,MMSE,-150.61670239734428,True
526,ABETA,-71.37052731456345,True
526,RAVLT_immediate,885.3624931626268,True
526,VentricleNorm,81.47736273982485,True
526,HippocampusNorm,463.7793294935761,True
526,MidTempNorm,91.85862235328963,True
526,ADAS13,-331.2663105477911,True
526,PTAU,34.1588615367314,True
526,TAU,-429.07804231452167,True
526,EntorhinalNorm,-653.932459145249,True
527,FusiformNorm,69.42339691209953,False
527,WholeBrainNorm,1712.6781676598416,False
527,MMSE,-110.16425893537019,False
527,ABETA,-15.327811499441271,False
527,RAVLT_immediate,384.92684916650455,False
527,VentricleNorm,69.51446885644131,False
527,HippocampusNorm,240.82304717977541,False
527,MidTempNorm,481.69991118804586,False
527,ADAS13,-356.85085521033153,False
527,PTAU,127.48158873606758,False
527,TAU,518.7796900200176,False
527,EntorhinalNorm,-211.67029008192273,False
528,FusiformNorm,9.617510492019058,False
528,WholeBrainNorm,-360.74756334502734,False
528,MMSE,-9.544443957320883,False
528,ABETA,0.47818834010336575,False
528,RAVLT_immediate,615.4890289684017,False
528,VentricleNorm,146.37159641945368,False
528,HippocampusNorm,391.5423277059394,False
528,MidTempNorm,-107.10352961653768,False
528,ADAS13,-357.5353311684448,False
528,PTAU,32.65906354951432,False
528,TAU,34.544098008481676,False
528,EntorhinalNorm,-275.07960967626974,False
529,FusiformNorm,188.71909870197825,False
529,WholeBrainNorm,-39.19211475686339,False
529,MMSE,-25.348909109004346,False
529,ABETA,-22.80030652689596,False
529,RAVLT_immediate,640.8000587264123,False
529,VentricleNorm,-175.1691277043802,False
529,HippocampusNorm,180.5229935627358,False
529,MidTempNorm,320.07918974920847,False
529,ADAS13,-418.08247812395894,False
529,PTAU,48.99243320498167,False
529,TAU,159.68324527509247,False
529,EntorhinalNorm,-590.5956406554261,False
530,FusiformNorm,-66.07846777906413,True
530,WholeBrainNorm,206.72417539184423,True
530,MMSE,-150.3956375939946,True
530,ABETA,10.698522699014273,True
530,RAVLT_immediate,164.85653973193348,True
530,VentricleNorm,368.1639870131197,True
530,HippocampusNorm,232.63099793466685,True
530,MidTempNorm,8.98251261349079,True
530,ADAS13,-243.07932175114442,True
530,PTAU,205.18076028183532,True
530,TAU,-563.1107413054815,True
530,EntorhinalNorm,-218.49463134998086,True
531,FusiformNorm,-128.95884236421006,True
531,WholeBrainNorm,131.06307028120318,True
531,MMSE,-149.6236566515968,True
531,ABETA,-6.26396267760284,True
531,RAVLT_immediate,-1430.4357093410101,True
531,VentricleNorm,118.01418654029003,True
531,HippocampusNorm,460.44683595891973,True
531,MidTempNorm,172.7811676300986,True
531,ADAS13,-373.41242150921465,True
531,PTAU,44.87830696417914,True
531,TAU,140.21758517698717,True
531,EntorhinalNorm,-366.30191383988506,True
532,FusiformNorm,216.43987184219554,True
532,WholeBrainNorm,200.29651458585337,True
532,MMSE,-150.1382644996774,True
532,ABETA,58.01566079174044,True
532,RAVLT_immediate,-148.8728609105654,True
532,VentricleNorm,-259.3320851365009,True
532,HippocampusNorm,-213.93283575066692,True
532,MidTempNorm,-81.20783258628617,True
532,ADAS13,-531.358903761321,True
532,PTAU,-695.2700909879289,True
532,TAU,-489.9665534581647,True
532,EntorhinalNorm,344.72357774569934,True
533,FusiformNorm,-96.29175911173833,False
533,WholeBrainNorm,1672.5519787050023,False
533,MMSE,27.82938888773911,False
533,ABETA,75.13169804421204,False
533,RAVLT_immediate,-103.42770396714451,False
533,VentricleNorm,226.66637682034164,False
533,HippocampusNorm,360.0915814465802,False
533,MidTempNorm,260.02764621967674,False
533,ADAS13,-340.3929288198923,False
533,PTAU,118.8820175524835,False
533,TAU,366.36638586301467,False
533,EntorhinalNorm,-261.78562045437627,False
534,FusiformNorm,-50.32602844311174,True
534,WholeBrainNorm,848.3167755015769,True
534,MMSE,-150.4296143841794,True
534,ABETA,19.611167489842902,True
534,RAVLT_immediate,-126.73393261701098,True
534,VentricleNorm,-79.6062247032892,True
534,HippocampusNorm,-336.2715248163744,True
534,MidTempNorm,-63.46328949449602,True
534,ADAS13,1061.5312238192364,True
534,PTAU,38.57717897044483,True
534,TAU,-69.66346705823085,True
534,EntorhinalNorm,-520.8713428660164,True
535,FusiformNorm,98.84951255877947,False
535,WholeBrainNorm,1946.7059526085282,False
535,MMSE,276.7294318286955,False
535,ABETA,17.591779608618438,False
535,RAVLT_immediate,763.7244891660205,False
535,VentricleNorm,234.8655833692864,False
535,HippocampusNorm,505.8333452087379,False
535,MidTempNorm,93.40551901148169,False
535,ADAS13,-313.3447778982949,False
535,PTAU,71.09202974688426,False
535,TAU,-105.94159094570466,False
535,EntorhinalNorm,-286.62569544329216,False
536,FusiformNorm,197.8718640560277,True
536,WholeBrainNorm,1047.3715381015213,True
536,MMSE,199.09987824777085,True
536,ABETA,-88.08938200972341,True
536,RAVLT_immediate,10.364355334235071,True
536,VentricleNorm,335.61834467530787,True
536,HippocampusNorm,208.8602868645761,True
536,MidTempNorm,301.76553174607784,True
536,ADAS13,-325.2491753887295,True
536,PTAU,174.12193572514826,True
536,TAU,501.00731261765094,True
536,EntorhinalNorm,-193.176924304896,True
537,FusiformNorm,-69.06575199967574,True
537,WholeBrainNorm,-256.539472183783,True
537,MMSE,-150.1982093841015,True
537,ABETA,44.77745166091218,True
537,RAVLT_immediate,-116.66436775302186,True
537,VentricleNorm,-162.54228018238456,True
537,HippocampusNorm,-763.2485205785399,True
537,MidTempNorm,-102.58631232770526,True
537,ADAS13,-387.98521616949284,True
537,PTAU,-43.43819604451937,True
537,TAU,302.4546754349649,True
537,EntorhinalNorm,-588.0882598354569,True
538,FusiformNorm,-72.00544419793644,False
538,WholeBrainNorm,883.4149155178472,False
538,MMSE,-40.340580532825626,False
538,ABETA,96.75894401962829,False
538,RAVLT_immediate,1343.1561348215694,False
538,VentricleNorm,332.2993028197137,False
538,HippocampusNorm,484.4748958708361,False
538,MidTempNorm,-99.8996664622223,False
538,ADAS13,-330.91299003490786,False
538,PTAU,31.52524307156563,False
538,TAU,-470.3777932467466,False
538,EntorhinalNorm,-198.30523055222386,False
539,FusiformNorm,90.49341643735886,True
539,WholeBrainNorm,942.9784570435338,True
539,MMSE,-151.07478928600443,True
539,ABETA,-6.233097620347976,True
539,RAVLT_immediate,471.7788125082613,True
539,VentricleNorm,352.8787532131311,True
539,HippocampusNorm,-636.6213324776259,True
539,MidTempNorm,-118.10070902664363,True
539,ADAS13,-147.51655653263282,True
539,PTAU,91.54198173822216,True
539,TAU,411.0316482126515,True
539,EntorhinalNorm,587.8126242353466,True
540,FusiformNorm,-130.25552050708447,True
540,WholeBrainNorm,780.680836933589,True
540,MMSE,-149.96719648595837,True
540,ABETA,113.50610354941179,True
540,RAVLT_immediate,-274.31034120629226,True
540,VentricleNorm,230.41999017399033,True
540,HippocampusNorm,-732.7820910657719,True
540,MidTempNorm,310.91586782252153,True
540,ADAS13,-325.2133497585952,True
540,PTAU,160.83346356282487,True
540,TAU,240.64733459257096,True
540,EntorhinalNorm,-104.19754820945523,True
541,FusiformNorm,-357.778857789251,False
541,WholeBrainNorm,1152.7312212684583,False
541,MMSE,88.82451804743032,False
541,ABETA,68.47300313223396,False
541,RAVLT_immediate,-209.68110602129073,False
541,VentricleNorm,101.63767486362515,False
541,HippocampusNorm,90.97706850685408,False
541,MidTempNorm,178.49497043229454,False
541,ADAS13,-374.90665593692427,False
541,PTAU,30.477909015186565,False
541,TAU,555.9511133083721,False
541,EntorhinalNorm,-174.14035213470203,False
542,FusiformNorm,-0.00012702248855278597,True
542,WholeBrainNorm,344.3581540614239,True
542,MMSE,-149.6236566515968,True
542,ABETA,107.61212056968907,True
542,RAVLT_immediate,-51.69047969312701,True
542,VentricleNorm,490.35404593996543,True
542,HippocampusNorm,-329.23017769128427,True
542,MidTempNorm,-113.6372893856966,True
542,ADAS13,-327.0566327177176,True
542,PTAU,195.05036846851513,True
542,TAU,-459.5754949431975,True
542,EntorhinalNorm,-274.6647067028038,True
543,FusiformNorm,-89.94541575650027,True
543,WholeBrainNorm,190.51206069110685,True
543,MMSE,157.58323498474178,True
543,ABETA,-149.29115881406665,True
543,RAVLT_immediate,-50.74847516905545,True
543,VentricleNorm,-55.31438122071549,True
543,HippocampusNorm,308.9131967768003,True
543,MidTempNorm,196.84476249263062,True
543,ADAS13,-329.99442949146567,True
543,PTAU,107.41298598676585,True
543,TAU,-53.027336847563724,True
543,EntorhinalNorm,-174.9610271352712,True
544,FusiformNorm,121.93834911118174,True
544,WholeBrainNorm,954.3464761993806,True
544,MMSE,-149.67802174577454,True
544,ABETA,25.121781487502226,True
544,RAVLT_immediate,276.2602120808384,True
544,VentricleNorm,-74.38869740561869,True
544,HippocampusNorm,-507.752524725629,True
544,MidTempNorm,-49.58629238391656,True
544,ADAS13,-265.82442620884746,True
544,PTAU,-27.31369626211223,True
544,TAU,389.6726166360967,True
544,EntorhinalNorm,-738.8249923868243,True
545,FusiformNorm,-96.60314879254025,True
545,WholeBrainNorm,-509.6690823729434,True
545,MMSE,-149.8520548057857,True
545,ABETA,26.25084128949518,True
545,RAVLT_immediate,-101.67209970856587,True
545,VentricleNorm,-65.20828340447616,True
545,HippocampusNorm,-761.2691325277531,True
545,MidTempNorm,141.73307335727088,True
545,ADAS13,-227.57424736057806,True
545,PTAU,175.25192744610504,True
545,TAU,122.13928241664601,True
545,EntorhinalNorm,-463.0520022882659,True
546,FusiformNorm,-212.43358278395488,False
546,WholeBrainNorm,1744.2918822266558,False
546,MMSE,-174.2140046297058,False
546,ABETA,46.948808438677325,False
546,RAVLT_immediate,107.27393172225312,False
546,VentricleNorm,190.84689562844522,False
546,HippocampusNorm,218.37039362696746,False
546,MidTempNorm,271.7115265457535,False
546,ADAS13,-352.542959707563,False
546,PTAU,207.34708486247698,False
546,TAU,67.99080106127623,False
546,EntorhinalNorm,-184.877806135319,False
547,FusiformNorm,34.0340681813934,True
547,WholeBrainNorm,139.42254779200903,True
547,MMSE,-150.35267964443338,True
547,ABETA,37.582011996229454,True
547,RAVLT_immediate,744.1501622626125,True
547,VentricleNorm,-227.6319724826841,True
547,HippocampusNorm,-722.2591086216808,True
547,MidTempNorm,-76.98325305474789,True
547,ADAS13,249.3936869714244,True
547,PTAU,-746.4996924319007,True
547,TAU,-1113.7262674665046,True
547,EntorhinalNorm,-170.11757024145504,True
548,FusiformNorm,-58.60826624770296,True
548,WholeBrainNorm,390.59170818050484,True
548,MMSE,-150.81659487118773,True
548,ABETA,-31.05919388225347,True
548,RAVLT_immediate,492.11725393771223,True
548,VentricleNorm,388.39424696212893,True
548,HippocampusNorm,269.75456548406623,True
548,MidTempNorm,104.0294122149673,True
548,ADAS13,-280.6522190829545,True
548,PTAU,71.71206594540513,True
548,TAU,357.4966397159316,True
548,EntorhinalNorm,56.021641738170615,True
549,FusiformNorm,104.52877906599848,True
549,WholeBrainNorm,105.0934004785031,True
549,MMSE,-150.3586318131059,True
549,ABETA,75.5792663016362,True
549,RAVLT_immediate,520.6629838493644,True
549,VentricleNorm,340.6072481717404,True
549,HippocampusNorm,-463.9249195580462,True
549,MidTempNorm,-121.62908395895967,True
549,ADAS13,253.10416265319253,True
549,PTAU,-635.7556237955495,True
549,TAU,374.9260664677263,True
549,EntorhinalNorm,-248.8840198705869,True
550,FusiformNorm,681.4251384489261,False
550,WholeBrainNorm,-520.1474374246568,False
550,MMSE,343.8756972839526,False
550,ABETA,-34.97787078697694,False
550,RAVLT_immediate,-39.33883968569451,False
550,VentricleNorm,131.0716924371593,False
550,HippocampusNorm,497.5572310706667,False
550,MidTempNorm,86.4766105646948,False
550,ADAS13,-422.1320647782248,False
550,PTAU,30.546277732929887,False
550,TAU,-48.51831664234501,False
550,EntorhinalNorm,-619.0752710371643,False
551,FusiformNorm,-141.05167019379127,True
551,WholeBrainNorm,295.63427979811553,True
551,MMSE,-149.80464868920293,True
551,ABETA,110.38683164062219,True
551,RAVLT_immediate,-300.45693170263223,True
551,VentricleNorm,490.35404593996543,True
551,HippocampusNorm,-401.8686044866484,True
551,MidTempNorm,-57.31253834719811,True
551,ADAS13,-167.54727109069063,True
551,PTAU,-40.83415290434584,True
551,TAU,-11.28037292106349,True
551,EntorhinalNorm,-223.07378308297945,True
552,FusiformNorm,148.29008489824997,True
552,WholeBrainNorm,454.1839227546181,True
552,MMSE,-149.99943847515306,True
552,ABETA,-28.695011778011686,True
552,RAVLT_immediate,-1430.4357093410101,True
552,VentricleNorm,-112.62064619856031,True
552,HippocampusNorm,352.5774024202387,True
552,MidTempNorm,270.5546686124145,True
552,ADAS13,-236.9374975217371,True
552,PTAU,48.07602844839741,True
552,TAU,169.50364960289917,True
552,EntorhinalNorm,-209.24144789389666,True
553,FusiformNorm,10.546742602365214,False
553,WholeBrainNorm,-1124.291983925441,False
553,MMSE,373.72969210605265,False
553,ABETA,53.13434066883045,False
553,RAVLT_immediate,396.33690951534624,False
553,VentricleNorm,107.37874704229513,False
553,HippocampusNorm,335.52589127367634,False
553,MidTempNorm,341.7796478995248,False
553,ADAS13,-174.56306047838885,False
553,PTAU,154.52335198599596,False
553,TAU,88.12114400316146,False
553,EntorhinalNorm,-253.67854673146277,False
554,FusiformNorm,-119.415626151709,False
554,WholeBrainNorm,-1124.291983925441,False
554,MMSE,-146.39342448493957,False
554,ABETA,68.51452415228651,False
554,RAVLT_immediate,0.019162505799691587,False
554,VentricleNorm,134.90767655060898,False
554,HippocampusNorm,366.63783193159503,False
554,MidTempNorm,32.11049616007737,False
554,ADAS13,-310.97916326394835,False
554,PTAU,-49.64496760349277,False
554,TAU,-233.69788304130708,False
554,EntorhinalNorm,-810.1187877888333,False
555,FusiformNorm,39.259503493625004,True
555,WholeBrainNorm,915.2046153087352,True
555,MMSE,-150.0169279673709,True
555,ABETA,-3.104680412239725,True
555,RAVLT_immediate,-375.4351482597967,True
555,VentricleNorm,25.1970896140905,True
555,HippocampusNorm,-229.1335524437666,True
555,MidTempNorm,-79.91205527893369,True
555,ADAS13,263.64302895197164,True
555,PTAU,-576.5259949541435,True
555,TAU,-910.2563789759043,True
555,EntorhinalNorm,404.9439452839523,True
556,FusiformNorm,-133.60838185338312,True
556,WholeBrainNorm,510.4346673377534,True
556,MMSE,-150.41993134558956,True
556,ABETA,-41.37628178919464,True
556,RAVLT_immediate,-356.05269685902533,True
556,VentricleNorm,344.01992010426,True
556,HippocampusNorm,-666.1861668438677,True
556,MidTempNorm,-60.60410072113812,True
556,ADAS13,-311.3442778308182,True
556,PTAU,89.22663508719047,True
556,TAU,494.52757023916087,True
556,EntorhinalNorm,-645.5683652382855,True
557,FusiformNorm,246.91327312376208,True
557,WholeBrainNorm,53.87106363264598,True
557,MMSE,-150.32806034376654,True
557,ABETA,-17.27986262619889,True
557,RAVLT_immediate,224.8442501559428,True
557,VentricleNorm,-35.70008963515572,True
557,HippocampusNorm,123.05795832746885,True
557,MidTempNorm,228.0156473915266,True
557,ADAS13,-279.0118113880317,True
557,PTAU,176.53884984347525,True
557,TAU,397.17158078925746,True
557,EntorhinalNorm,-495.32468130067656,True
558,FusiformNorm,-14.21225743499447,False
558,WholeBrainNorm,1071.2564595010613,False
558,MMSE,365.4926799396125,False
558,ABETA,24.47515379802863,False
558,RAVLT_immediate,-513.6842802340302,False
558,VentricleNorm,160.0016612544715,False
558,HippocampusNorm,416.321563640107,False
558,MidTempNorm,-120.55145721117961,False
558,ADAS13,-327.1172809633148,False
558,PTAU,115.52505477714445,False
558,TAU,357.0971728188272,False
558,EntorhinalNorm,-441.4057440257021,False
559,FusiformNorm,-56.45634815775293,True
559,WholeBrainNorm,959.7241675426801,True
559,MMSE,-150.40029669487382,True
559,ABETA,117.753063861447,True
559,RAVLT_immediate,-1430.4357093410101,True
559,VentricleNorm,49.94563516483296,True
559,HippocampusNorm,226.84425879558597,True
559,MidTempNorm,121.86410694168477,True
559,ADAS13,-160.1866116526043,True
559,PTAU,122.92280421616502,True
559,TAU,26.38691150059247,True
559,EntorhinalNorm,-470.7706630517163,True
560,FusiformNorm,100.08994632091584,True
560,WholeBrainNorm,745.4849569290063,True
560,MMSE,-150.38697741294544,True
560,ABETA,-31.608611459910865,True
560,RAVLT_immediate,-498.37761714476613,True
560,VentricleNorm,156.18922327890047,True
560,HippocampusNorm,-654.7924237872065,True
560,MidTempNorm,-29.069779261334553,True
560,ADAS13,-292.98994128456116,True
560,PTAU,-10.25948704421005,True
560,TAU,-143.59273829604885,True
560,EntorhinalNorm,-513.8083133322774,True
561,FusiformNorm,194.06026153761894,True
561,WholeBrainNorm,180.4238528180511,True
561,MMSE,-150.59106219140415,True
561,ABETA,-116.11569779273802,True
561,RAVLT_immediate,-417.98014167999133,True
561,VentricleNorm,104.44855676255185,True
561,HippocampusNorm,-732.8818211420769,True
561,MidTempNorm,27.880748162938243,True
561,ADAS13,-459.6482525224386,True
561,PTAU,83.96387790402503,True
561,TAU,261.15465274008125,True
561,EntorhinalNorm,-99.4815650791007,True
562,FusiformNorm,90.87228034071444,True
562,WholeBrainNorm,537.2746005064662,True
562,MMSE,-149.83504792475227,True
562,ABETA,113.50610354941179,True
562,RAVLT_immediate,130.9210490175794,True
562,VentricleNorm,320.7491040551377,True
562,HippocampusNorm,-493.6303651124483,True
562,MidTempNorm,-53.61048084526208,True
562,ADAS13,-365.6809504588758,True
562,PTAU,197.0809126653226,True
562,TAU,-111.70464395893147,True
562,EntorhinalNorm,-213.49039281567926,True
563,FusiformNorm,247.01357053714213,True
563,WholeBrainNorm,564.9371880749507,True
563,MMSE,-150.12044876232258,True
563,ABETA,-29.250084395533623,True
563,RAVLT_immediate,326.8078323451715,True
563,VentricleNorm,102.34483907852827,True
563,HippocampusNorm,494.53862777964105,True
563,MidTempNorm,-48.72332957886675,True
563,ADAS13,-474.57464070497105,True
563,PTAU,201.7466486997352,True
563,TAU,335.63696089542924,True
563,EntorhinalNorm,-723.0785400770409,True
564,FusiformNorm,102.02903003823884,True
564,WholeBrainNorm,537.3552254377106,True
564,MMSE,-150.77980332388447,True
564,ABETA,112.49411471737784,True
564,RAVLT_immediate,-423.3040200821109,True
564,VentricleNorm,-235.79485783657466,True
564,HippocampusNorm,-623.8502677356746,True
564,MidTempNorm,-99.11752086213728,True
564,ADAS13,51.73474923887876,True
564,PTAU,-653.6917815689412,True
564,TAU,-1049.845845094179,True
564,EntorhinalNorm,-194.39960971064767,True
565,FusiformNorm,111.06341109482386,True
565,WholeBrainNorm,-60.3257944908173,True
565,MMSE,-151.05345514025697,True
565,ABETA,40.06513297890316,True
565,RAVLT_immediate,-358.889578230435,True
565,VentricleNorm,343.32717447661685,True
565,HippocampusNorm,413.327109515306,True
565,MidTempNorm,191.107878990696,True
565,ADAS13,-173.36110057039915,True
565,PTAU,-21.159487995312276,True
565,TAU,141.9343559149715,True
565,EntorhinalNorm,-184.4872505008451,True
566,FusiformNorm,-193.1592031780678,True
566,WholeBrainNorm,304.7722795237134,True
566,MMSE,-150.66493007259768,True
566,ABETA,-2.705910587221145,True
566,RAVLT_immediate,-341.8812229873529,True
566,VentricleNorm,-100.75216624290331,True
566,HippocampusNorm,514.5181381920506,True
566,MidTempNorm,135.82115717315023,True
566,ADAS13,-171.8818923740273,True
566,PTAU,139.9162357610255,True
566,TAU,32.77871307214925,True
566,EntorhinalNorm,-492.03242486732415,True
567,FusiformNorm,-121.0305963909215,True
567,WholeBrainNorm,890.1430090901291,True
567,MMSE,-149.68113676697396,True
567,ABETA,113.50610354941179,True
567,RAVLT_immediate,-140.3699954159376,True
567,VentricleNorm,293.3035951758754,True
567,HippocampusNorm,-720.8816248475937,True
567,MidTempNorm,78.55477860588685,True
567,ADAS13,-310.70259777910076,True
567,PTAU,71.46642968382967,True
567,TAU,-292.0287326177187,True
567,EntorhinalNorm,-290.23882591647475,True
568,FusiformNorm,-74.18046733269821,True
568,WholeBrainNorm,345.13431172446286,True
568,MMSE,-150.23807377623976,True
568,ABETA,-6.622088093528195,True
568,RAVLT_immediate,1293.5860592446593,True
568,VentricleNorm,39.12231065245514,True
568,HippocampusNorm,192.69505674728018,True
568,MidTempNorm,8.896494452467401,True
568,ADAS13,-314.18981250009705,True
568,PTAU,203.61348588549083,True
568,TAU,22.07709127182032,True
568,EntorhinalNorm,-674.0034759389416,True
569,FusiformNorm,97.0117168628163,True
569,WholeBrainNorm,167.45874608136933,True
569,MMSE,-149.72459131327574,True
569,ABETA,-22.791742842168635,True
569,RAVLT_immediate,-404.26923145776203,True
569,VentricleNorm,-390.48735004992227,True
569,HippocampusNorm,-712.53134614076,True
569,MidTempNorm,-96.96217184061088,True
569,ADAS13,-305.88268656501936,True
569,PTAU,71.58000429279859,True
569,TAU,290.1108536977148,True
569,EntorhinalNorm,-572.4968371426504,True
570,FusiformNorm,-171.22804239254566,False
570,WholeBrainNorm,736.5815470367937,False
570,MMSE,14.635698283544604,False
570,ABETA,60.73522235099665,False
570,RAVLT_immediate,-79.27616106042726,False
570,VentricleNorm,388.39424696212893,False
570,HippocampusNorm,260.38639334878445,False
570,MidTempNorm,40.441544964200425,False
570,ADAS13,-459.784764711655,False
570,PTAU,208.0748914552679,False
570,TAU,405.72066918146055,False
570,EntorhinalNorm,-665.6178823808901,False
571,FusiformNorm,30.155155169225047,True
571,WholeBrainNorm,-252.4080427398107,True
571,MMSE,-151.138278749891,True
571,ABETA,33.68014399382079,True
571,RAVLT_immediate,62.81110828861776,True
571,VentricleNorm,-180.15343559946865,True
571,HippocampusNorm,-975.6299737023852,True
571,MidTempNorm,-94.69504907444737,True
571,ADAS13,220.62544702268877,True
571,PTAU,-683.1207375889379,True
571,TAU,-36.57475757770401,True
571,EntorhinalNorm,-349.9543110979294,True
572,FusiformNorm,-140.30244912216588,True
572,WholeBrainNorm,-49.32148123744655,True
572,MMSE,-150.668446533793,True
572,ABETA,-31.108268236603458,True
572,RAVLT_immediate,689.7432379757898,True
572,VentricleNorm,298.18012387170586,True
572,HippocampusNorm,-357.76069023174625,True
572,MidTempNorm,-48.20151116457123,True
572,ADAS13,428.99484225360806,True
572,PTAU,-631.5730614384593,True
572,TAU,-673.446999134886,True
572,EntorhinalNorm,228.14254317518797,True
573,FusiformNorm,232.01723775813042,True
573,WholeBrainNorm,-223.7185651545197,True
573,MMSE,-150.47594878405803,True
573,ABETA,-9.248281105690193,True
573,RAVLT_immediate,207.88427277018403,True
573,VentricleNorm,-382.0509131186469,True
573,HippocampusNorm,279.4815664639177,True
573,MidTempNorm,87.57471540614387,True
573,ADAS13,-169.712167689438,True
573,PTAU,138.3391102157894,True
573,TAU,-155.74154506732242,True
573,EntorhinalNorm,-410.729169271244,True
574,FusiformNorm,-71.3832852562577,True
574,WholeBrainNorm,371.17670166735866,True
574,MMSE,-151.138278749891,True
574,ABETA,51.91813141785333,True
574,RAVLT_immediate,-618.5825913668415,True
574,VentricleNorm,-99.27894892894956,True
574,HippocampusNorm,889.3922027518712,True
574,MidTempNorm,-62.207346841169375,True
574,ADAS13,-343.9401607810635,True
574,PTAU,-46.33846806860384,True
574,TAU,412.91118203630725,True
574,EntorhinalNorm,-249.21863808948206,True
575,FusiformNorm,97.38832610352799,True
575,WholeBrainNorm,390.3884231107003,True
575,MMSE,-151.04491760189833,True
575,ABETA,-7.166702116814576,True
575,RAVLT_immediate,403.19509712600495,True
575,VentricleNorm,260.4377370774322,True
575,HippocampusNorm,-835.9687497598367,True
575,MidTempNorm,-75.613128437225,True
575,ADAS13,496.19032002886524,True
575,PTAU,-592.3258116636363,True
575,TAU,-74.3774995261085,True
575,EntorhinalNorm,-625.0463017304356,True
576,FusiformNorm,-64.24324740355502,True
576,WholeBrainNorm,-377.54272338303196,True
576,MMSE,-150.32246657555186,True
576,ABETA,0.002251443751879023,True
576,RAVLT_immediate,53.161918582397284,True
576,VentricleNorm,64.47848465987002,True
576,HippocampusNorm,44.2292407922704,True
576,MidTempNorm,112.33947727689714,True
576,ADAS13,-337.5495675568729,True
576,PTAU,140.9578996169239,True
576,TAU,134.29049646782855,True
576,EntorhinalNorm,-295.4714585263722,True
577,FusiformNorm,-71.87549167622161,True
577,WholeBrainNorm,1994.7968647324064,True
577,MMSE,-10.290016963348851,True
577,ABETA,-27.394588379148576,True
577,RAVLT_immediate,763.7926338811293,True
577,VentricleNorm,388.39424696212893,True
577,HippocampusNorm,261.21832938087493,True
577,MidTempNorm,228.94032705332128,True
577,ADAS13,-464.3010525952211,True
577,PTAU,192.12965020343262,True
577,TAU,38.9443879929068,True
577,EntorhinalNorm,-209.29306282118506,True
578,FusiformNorm,25.33961839519363,True
578,WholeBrainNorm,240.48096847623842,True
578,MMSE,-150.05617246802552,True
578,ABETA,21.926234032165922,True
578,RAVLT_immediate,310.42453562305116,True
578,VentricleNorm,490.35404593996543,True
578,HippocampusNorm,-394.8583312199341,True
578,MidTempNorm,73.77785479136273,True
578,ADAS13,-286.7210318626516,True
578,PTAU,75.88885731295346,True
578,TAU,-24.7922434716192,True
578,EntorhinalNorm,-558.2044023636846,True
579,FusiformNorm,-37.245042294771196,False
579,WholeBrainNorm,2165.489693138077,False
579,MMSE,22.8955904336473,False
579,ABETA,-168.51824973001777,False
579,RAVLT_immediate,977.8725402739485,False
579,VentricleNorm,4.3041897322813805,False
579,HippocampusNorm,377.48610846574076,False
579,MidTempNorm,-50.06385829112013,False
579,ADAS13,-316.4938596121355,False
579,PTAU,-29.402502766504938,False
579,TAU,-19.499528752047702,False
579,EntorhinalNorm,-243.01562258046314,False
580,FusiformNorm,235.552617828447,True
580,WholeBrainNorm,344.70059645393627,True
580,MMSE,-150.17869755917832,True
580,ABETA,101.86510932045995,True
580,RAVLT_immediate,-848.3400820356753,True
580,VentricleNorm,-203.9934215887186,True
580,HippocampusNorm,-277.9023159215252,True
580,MidTempNorm,-55.08781842955246,True
580,ADAS13,105.13890697794635,True
580,PTAU,-669.9747556746534,True
580,TAU,72.28005235541917,True
580,EntorhinalNorm,-747.1785575677904,True
581,FusiformNorm,-71.17395801569256,True
581,WholeBrainNorm,458.9829412348543,True
581,MMSE,-149.6236566515968,True
581,ABETA,48.08335863848953,True
581,RAVLT_immediate,303.5868806211396,True
581,VentricleNorm,269.3804184469822,True
581,HippocampusNorm,107.84073387020071,True
581,MidTempNorm,158.81893593427063,True
581,ADAS13,-369.60168286352837,True
581,PTAU,10.501734536798462,True
581,TAU,9.502601598433266,True
581,EntorhinalNorm,-201.21686236164803,True
582,FusiformNorm,95.73207860481885,True
582,WholeBrainNorm,254.61470694296793,True
582,MMSE,-150.92790671376164,True
582,ABETA,113.50610354941179,True
582,RAVLT_immediate,-173.8141896901376,True
582,VentricleNorm,288.99599942232845,True
582,HippocampusNorm,264.2008352373779,True
582,MidTempNorm,150.64686858399503,True
582,ADAS13,-365.47181859876156,True
582,PTAU,79.1242943298572,True
582,TAU,-111.14406108669768,True
582,EntorhinalNorm,-771.8937448173772,True
583,FusiformNorm,-43.1729127204028,False
583,WholeBrainNorm,659.6228419407189,False
583,MMSE,217.29030320033797,False
583,ABETA,30.127360119730632,False
583,RAVLT_immediate,-4.7928697247899095,False
583,VentricleNorm,388.39424696212893,False
583,HippocampusNorm,401.1828056707049,False
583,MidTempNorm,151.86341713768596,False
583,ADAS13,-232.84921520869952,False
583,PTAU,143.69133704246062,False
583,TAU,-331.3687922133336,False
583,EntorhinalNorm,-754.1490890616179,False
584,FusiformNorm,161.4271074468517,False
584,WholeBrainNorm,464.99724718231545,False
584,MMSE,148.47652715131977,False
584,ABETA,87.4607998241625,False
584,RAVLT_immediate,45.665929196471694,False
584,VentricleNorm,-33.734111775159036,False
584,HippocampusNorm,522.4682354724637,False
584,MidTempNorm,106.96615345229142,False
584,ADAS13,-171.0522555269321,False
584,PTAU,237.3453592897731,False
584,TAU,212.8796724458781,False
584,EntorhinalNorm,-192.7682777008353,False
585,FusiformNorm,187.66188925171963,True
585,WholeBrainNorm,323.0256114538084,True
585,MMSE,-239.7357547900254,True
585,ABETA,125.22317790627513,True
585,RAVLT_immediate,-982.0011255137423,True
585,VentricleNorm,79.3172013972996,True
585,HippocampusNorm,249.1291983573085,True
585,MidTempNorm,143.5255643040527,True
585,ADAS13,-227.77047758159003,True
585,PTAU,44.414650674850506,True
585,TAU,-403.6154523779914,True
585,EntorhinalNorm,-648.2912078843448,True
586,FusiformNorm,-115.2706551404478,True
586,WholeBrainNorm,675.7305948175596,True
586,MMSE,-150.166672467543,True
586,ABETA,15.4230412027751,True
586,RAVLT_immediate,744.1501622626125,True
586,VentricleNorm,490.35404593996543,True
586,HippocampusNorm,-444.8393515540858,True
586,MidTempNorm,-41.43021259773887,True
586,ADAS13,-423.69215217945055,True
586,PTAU,159.805034829054,True
586,TAU,168.9538477756743,True
586,EntorhinalNorm,-630.2314493426574,True
587,FusiformNorm,-33.824447120852476,True
587,WholeBrainNorm,658.4131282627097,True
587,MMSE,-149.6236566515968,True
587,ABETA,1.9566686221903211,True
587,RAVLT_immediate,-651.1238010730744,True
587,VentricleNorm,68.01331785271631,True
587,HippocampusNorm,202.28632988641226,True
587,MidTempNorm,362.91754874869724,True
587,ADAS13,-239.32287347496086,True
587,PTAU,179.22250948860113,True
587,TAU,451.94827974235574,True
587,EntorhinalNorm,-706.9609420935315,True
588,FusiformNorm,-36.85265655066915,True
588,WholeBrainNorm,959.7241675426801,True
588,MMSE,-150.371696446028,True
588,ABETA,27.034365506484434,True
588,RAVLT_immediate,119.38386915311563,True
588,VentricleNorm,-205.50946672321842,True
588,HippocampusNorm,-187.05625959559117,True
588,MidTempNorm,-70.96292258261329,True
588,ADAS13,175.14185365605792,True
588,PTAU,-659.787407285196,True
588,TAU,-443.0958209245561,True
588,EntorhinalNorm,-456.8085386779354,True
589,FusiformNorm,-156.55354390448207,True
589,WholeBrainNorm,605.6852802729519,True
589,MMSE,-324.06461139525027,True
589,ABETA,12.476690187373853,True
589,RAVLT_immediate,647.0056279202673,True
589,VentricleNorm,95.04285055368769,True
589,HippocampusNorm,252.96727217160594,True
589,MidTempNorm,168.94399284240856,True
589,ADAS13,-296.03456505063696,True
589,PTAU,173.1172950150607,True
589,TAU,-394.9757089462802,True
589,EntorhinalNorm,-433.07355750708734,True
590,FusiformNorm,-283.65740576152234,False
590,WholeBrainNorm,2165.489693138077,False
590,MMSE,-217.4192993217457,False
590,ABETA,3.7991290179468793,False
590,RAVLT_immediate,-1430.4357093410101,False
590,VentricleNorm,276.4281046341383,False
590,HippocampusNorm,235.5555774687532,False
590,MidTempNorm,277.26142059985375,False
590,ADAS13,-461.4411862268939,False
590,PTAU,219.07413022216983,False
590,TAU,424.39010633932423,False
590,EntorhinalNorm,-170.16920470404708,False
591,FusiformNorm,-76.2152970327,True
591,WholeBrainNorm,-49.71718559791988,True
591,MMSE,-150.25870932347354,True
591,ABETA,-41.94001773132038,True
591,RAVLT_immediate,510.29934797178623,True
591,VentricleNorm,28.684583024001167,True
591,HippocampusNorm,244.6670098614038,True
591,MidTempNorm,63.671889512754376,True
591,ADAS13,-277.6087126702107,True
591,PTAU,139.5686164600753,True
591,TAU,411.1674530074653,True
591,EntorhinalNorm,-185.65537414249474,True
592,FusiformNorm,-113.78166825731053,True
592,WholeBrainNorm,833.817929534453,True
592,MMSE,-150.4942634861949,True
592,ABETA,100.893538367358,True
592,RAVLT_immediate,-245.64320860887693,True
592,VentricleNorm,71.96742416426113,True
592,HippocampusNorm,-783.2689159171154,True
592,MidTempNorm,-85.3061607362375,True
592,ADAS13,280.44180551000505,True
592,PTAU,-577.3575428662408,True
592,TAU,-11.019260449536297,True
592,EntorhinalNorm,-186.28769446970318,True
593,FusiformNorm,-154.3429839475597,False
593,WholeBrainNorm,1305.95747709133,False
593,MMSE,373.72969210605265,False
593,ABETA,-2.631998157032605,False
593,RAVLT_immediate,1343.1561348215694,False
593,VentricleNorm,98.11056408136949,False
593,HippocampusNorm,423.06334487940916,False
593,MidTempNorm,298.28484960662286,False
593,ADAS13,-277.0981483441647,False
593,PTAU,186.7075031996774,False
593,TAU,277.87216812927636,False
593,EntorhinalNorm,-486.9324970642965,False
594,FusiformNorm,190.06974638153486,True
594,WholeBrainNorm,49.9232645462477,True
594,MMSE,-150.24039524865591,True
594,ABETA,-67.1658371985602,True
594,RAVLT_immediate,459.5905737000009,True
594,VentricleNorm,-409.02643706417155,True
594,HippocampusNorm,-719.4326084252796,True
594,MidTempNorm,-80.01400659824476,True
594,ADAS13,554.5209295411021,True
594,PTAU,-567.2341769464912,True
594,TAU,-919.0558450755974,True
594,EntorhinalNorm,-469.52327764521783,True
595,FusiformNorm,209.84156183442252,True
595,WholeBrainNorm,218.54329638161096,True
595,MMSE,-150.06014811891032,True
595,ABETA,-26.49779981192362,True
595,RAVLT_immediate,-72.62634948360758,True
595,VentricleNorm,314.6229905346864,True
595,HippocampusNorm,-553.1560531259319,True
595,MidTempNorm,-60.65671560821504,True
595,ADAS13,-328.51046260924466,True
595,PTAU,-591.0549391477371,True
595,TAU,-294.77346220933805,True
595,EntorhinalNorm,-572.4968371426504,True
596,FusiformNorm,-57.288284283652416,True
596,WholeBrainNorm,-43.28318617076053,True
596,MMSE,-150.29017475640802,True
596,ABETA,15.336137390203671,True
596,RAVLT_immediate,-72.47623249243384,True
596,VentricleNorm,-160.99536915771967,True
596,HippocampusNorm,-690.3379947506162,True
596,MidTempNorm,-84.02554421803197,True
596,ADAS13,207.29001355396085,True
596,PTAU,-764.4634973162947,True
596,TAU,-83.65039546050686,True
596,EntorhinalNorm,322.43284538657616,True
597,FusiformNorm,-49.46777245112368,True
597,WholeBrainNorm,377.7074829737066,True
597,MMSE,-149.97903621355576,True
597,ABETA,-3.80002382042116,True
597,RAVLT_immediate,176.72376645469535,True
597,VentricleNorm,47.12901150361678,True
597,HippocampusNorm,303.05406743984463,True
597,MidTempNorm,150.36120526543135,True
597,ADAS13,-381.48131170449193,True
597,PTAU,-52.4614932247728,True
597,TAU,472.0330742867807,True
597,EntorhinalNorm,-204.94894586982844,True
598,FusiformNorm,-96.50151717615853,False
598,WholeBrainNorm,1197.143094313066,False
598,MMSE,-109.52010282717652,False
598,ABETA,-16.139161014859177,False
598,RAVLT_immediate,322.8778586535911,False
598,VentricleNorm,388.39424696212893,False
598,HippocampusNorm,133.18487710675052,False
598,MidTempNorm,304.9158552960413,False
598,ADAS13,-285.66149619057774,False
598,PTAU,144.9897271586299,False
598,TAU,143.15095159691674,False
598,EntorhinalNorm,-292.83348673855653,False
599,FusiformNorm,-27.41967495818316,True
599,WholeBrainNorm,669.3491332713676,True
599,MMSE,-151.138278749891,True
599,ABETA,0.0929806796807797,True
599,RAVLT_immediate,-141.35622485543405,True
599,VentricleNorm,-297.50079444929,True
599,HippocampusNorm,-359.847919289825,True
599,MidTempNorm,-93.82912683173068,True
599,ADAS13,235.573176066453,True
599,PTAU,-774.6809815250225,True
599,TAU,-491.1081128425195,True
599,EntorhinalNorm,-143.01527961714376,True
600,FusiformNorm,12.429214012539624,True
600,WholeBrainNorm,-431.41035982560413,True
600,MMSE,-150.48828255872166,True
600,ABETA,-119.15306549827173,True
600,RAVLT_immediate,-152.10962631813075,True
600,VentricleNorm,339.33484184172613,True
600,HippocampusNorm,302.33240751126533,True
600,MidTempNorm,108.5314921474846,True
600,ADAS13,-163.7353486660753,True
600,PTAU,50.85592588978924,True
600,TAU,-51.130542010230386,True
600,EntorhinalNorm,-799.2748706870346,True
601,FusiformNorm,38.76353134636466,True
601,WholeBrainNorm,945.0248595049169,True
601,MMSE,-121.73489631614052,True
601,ABETA,5.8478173101383275,True
601,RAVLT_immediate,-36.1800417221773,True
601,VentricleNorm,176.58084196629252,True
601,HippocampusNorm,484.5900189171588,True
601,MidTempNorm,355.9461813159707,True
601,ADAS13,-324.3853276038495,True
601,PTAU,232.93813778810048,True
601,TAU,-241.65374652716437,True
601,EntorhinalNorm,-472.5173916764758,True
602,FusiformNorm,125.31558274262059,True
602,WholeBrainNorm,240.8229573750645,True
602,MMSE,-149.6236566515968,True
602,ABETA,113.50610354941179,True
602,RAVLT_immediate,1343.1561348215694,True
602,VentricleNorm,90.58125101510916,True
602,HippocampusNorm,255.8376317028869,True
602,MidTempNorm,328.8680132866299,True
602,ADAS13,-347.9954395194743,True
602,PTAU,73.44986957903338,True
602,TAU,342.6844338327328,True
602,EntorhinalNorm,-719.0025408792383,True
603,FusiformNorm,255.16595771172206,True
603,WholeBrainNorm,177.63051132140632,True
603,MMSE,-150.66133908036207,True
603,ABETA,-21.05247261577531,True
603,RAVLT_immediate,103.54870167571553,True
603,VentricleNorm,83.10774074000744,True
603,HippocampusNorm,220.2334976865649,True
603,MidTempNorm,357.4083493990901,True
603,ADAS13,-316.39182228284864,True
603,PTAU,-28.073750905630753,True
603,TAU,465.2739733581377,True
603,EntorhinalNorm,-243.45648765172135,True
604,FusiformNorm,-93.67225522688847,False
604,WholeBrainNorm,662.3326187041696,False
604,MMSE,-117.38216206107433,False
604,ABETA,-142.24930558309583,False
604,RAVLT_immediate,-12.422296801465642,False
604,VentricleNorm,302.7458629936317,False
604,HippocampusNorm,286.94222487832906,False
604,MidTempNorm,155.015540731336,False
604,ADAS13,-325.9124365987181,False
604,PTAU,191.49800906854574,False
604,TAU,-211.30779635851806,False
604,EntorhinalNorm,-223.25113917088845,False
605,FusiformNorm,-52.66469316439988,True
605,WholeBrainNorm,399.6522636164995,True
605,MMSE,-150.27844660013463,True
605,ABETA,61.905556753179475,True
605,RAVLT_immediate,2.2816080811001527,True
605,VentricleNorm,-590.9444849950609,True
605,HippocampusNorm,-897.4725436082758,True
605,MidTempNorm,85.27134094195836,True
605,ADAS13,-293.4092360135925,True
605,PTAU,89.82318182273436,True
605,TAU,27.42473417114242,True
605,EntorhinalNorm,-198.36423573023677,True
606,FusiformNorm,13.648982243426481,True
606,WholeBrainNorm,2165.489693138077,True
606,MMSE,181.91806552799153,True
606,ABETA,-9.605920047766377,True
606,RAVLT_immediate,-177.01182565088843,True
606,VentricleNorm,383.82727174385167,True
606,HippocampusNorm,132.54291631841275,True
606,MidTempNorm,98.30157405346246,True
606,ADAS13,-456.71819229477353,True
606,PTAU,-33.755449713338706,True
606,TAU,-405.97015589917095,True
606,EntorhinalNorm,-631.2576003751991,True
607,FusiformNorm,163.15713811092726,True
607,WholeBrainNorm,690.6867282362916,True
607,MMSE,-150.9443310324095,True
607,ABETA,85.57888402265587,True
607,RAVLT_immediate,67.46588809523865,True
607,VentricleNorm,250.05288760699776,True
607,HippocampusNorm,233.7789743275489,True
607,MidTempNorm,-77.93508523960972,True
607,ADAS13,-394.0377696587664,True
607,PTAU,200.39656963187488,True
607,TAU,281.30782587950756,True
607,EntorhinalNorm,-323.1170220274875,True
608,FusiformNorm,141.01427574127413,True
608,WholeBrainNorm,817.9060551630569,True
608,MMSE,-150.24197962360006,True
608,ABETA,-73.10739729340125,True
608,RAVLT_immediate,-238.3561528279774,True
608,VentricleNorm,-79.80799907831545,True
608,HippocampusNorm,-568.9056795064906,True
608,MidTempNorm,-30.566147988213423,True
608,ADAS13,29.477201338556295,True
608,PTAU,213.76522838082414,True
608,TAU,-296.36520785497737,True
608,EntorhinalNorm,-748.0474286403806,True
609,FusiformNorm,74.76367092379068,False
609,WholeBrainNorm,1631.141045913398,False
609,MMSE,20.939531948150343,False
609,ABETA,49.729808847317976,False
609,RAVLT_immediate,1008.3716582350888,False
609,VentricleNorm,53.91758479240137,False
609,HippocampusNorm,540.582595653525,False
609,MidTempNorm,304.69052404485404,False
609,ADAS13,-327.17661154434217,False
609,PTAU,186.39310820795242,False
609,TAU,109.61217718706574,False
609,EntorhinalNorm,-48.385648701107804,False
610,FusiformNorm,-101.78122940514342,True
610,WholeBrainNorm,466.806278358483,True
610,MMSE,-150.032759426546,True
610,ABETA,-58.50531638845201,True
610,RAVLT_immediate,-844.565068453327,True
610,VentricleNorm,388.39424696212893,True
610,HippocampusNorm,492.5891298340983,True
610,MidTempNorm,188.05355859419862,True
610,ADAS13,-334.09299767227463,True
610,PTAU,210.9330348804079,True
610,TAU,135.9454500312318,True
610,EntorhinalNorm,-500.3324611835758,True
611,FusiformNorm,-88.47229572668107,True
611,WholeBrainNorm,415.8501155311151,True
611,MMSE,-324.06461139525027,True
611,ABETA,22.324773502832635,True
611,RAVLT_immediate,1343.1561348215694,True
611,VentricleNorm,195.36376779305687,True
611,HippocampusNorm,224.38484048897206,True
611,MidTempNorm,343.64036197463685,True
611,ADAS13,-263.7762717157376,True
611,PTAU,97.50578003600621,True
611,TAU,49.49412299149453,True
611,EntorhinalNorm,-763.5807129197253,True
612,FusiformNorm,217.33584868671957,True
612,WholeBrainNorm,354.47431662551185,True
612,MMSE,-150.01857358422964,True
612,ABETA,54.60266209136745,True
612,RAVLT_immediate,21.28161900111393,True
612,VentricleNorm,51.6597670052194,True
612,HippocampusNorm,274.114018156997,True
612,MidTempNorm,113.50316667539259,True
612,ADAS13,-469.30910966897306,True
612,PTAU,12.479042216049674,True
612,TAU,116.09879923130177,True
612,EntorhinalNorm,-234.22972197507897,True
613,FusiformNorm,-132.8185949630775,True
613,WholeBrainNorm,-11.807396053564412,True
613,MMSE,-150.37221221142985,True
613,ABETA,16.716928822101615,True
613,RAVLT_immediate,247.39165970882092,True
613,VentricleNorm,-120.51464137224491,True
613,HippocampusNorm,389.3698802540817,True
613,MidTempNorm,156.20577601082297,True
613,ADAS13,-396.58926200032386,True
613,PTAU,85.87510637461159,True
613,TAU,93.29961928371347,True
613,EntorhinalNorm,-630.3269836921312,True
614,FusiformNorm,71.98036114433884,True
614,WholeBrainNorm,92.88717079798732,True
614,MMSE,-150.47838674556812,True
614,ABETA,104.84060875863169,True
614,RAVLT_immediate,-167.88996477283638,True
614,VentricleNorm,10.205195207419958,True
614,HippocampusNorm,-488.73913739196405,True
614,MidTempNorm,272.9767159230386,True
614,ADAS13,-336.9999489685012,True
614,PTAU,203.29565621463766,True
614,TAU,110.17753297402795,True
614,EntorhinalNorm,-629.9609201859703,True
615,FusiformNorm,-52.36643212991281,True
615,WholeBrainNorm,467.4107898384815,True
615,MMSE,-150.9290428492427,True
615,ABETA,-17.82384992420492,True
615,RAVLT_immediate,750.3723397199849,True
615,VentricleNorm,-0.7897902883416243,True
615,HippocampusNorm,128.92276888058316,True
615,MidTempNorm,282.6986559995044,True
615,ADAS13,-184.55161243220073,True
615,PTAU,145.08118017960888,True
615,TAU,-128.4426450655313,True
615,EntorhinalNorm,-749.4646327438718,True
616,FusiformNorm,-55.66183154872851,True
616,WholeBrainNorm,229.60027101093047,True
616,MMSE,-150.49557226875757,True
616,ABETA,13.377560286048503,True
616,RAVLT_immediate,-401.50691243647043,True
616,VentricleNorm,192.52412666948715,True
616,HippocampusNorm,293.70132007080144,True
616,MidTempNorm,126.03550119318204,True
616,ADAS13,-309.65087909148593,True
616,PTAU,31.482024312009017,True
616,TAU,460.94992383973874,True
616,EntorhinalNorm,30.40909851628223,True
617,FusiformNorm,-215.2283672388812,True
617,WholeBrainNorm,959.7241675426801,True
617,MMSE,-64.3406224723921,True
617,ABETA,-4.093092653965643,True
617,RAVLT_immediate,1343.1561348215694,True
617,VentricleNorm,-112.34534038682827,True
617,HippocampusNorm,340.7978840781924,True
617,MidTempNorm,323.34469626422987,True
617,ADAS13,-173.48588349146578,True
617,PTAU,197.57837596049802,True
617,TAU,95.2092118168171,True
617,EntorhinalNorm,-646.23291147491,True
618,FusiformNorm,-234.62037397292275,False
618,WholeBrainNorm,436.2503533593314,False
618,MMSE,308.65288101621843,False
618,ABETA,37.08426943258956,False
618,RAVLT_immediate,1343.1561348215694,False
618,VentricleNorm,388.39424696212893,False
618,HippocampusNorm,458.7444108531248,False
618,MidTempNorm,351.2764499984934,False
618,ADAS13,-344.0503179875495,False
618,PTAU,95.02274287616076,False
618,TAU,89.43819663781345,False
618,EntorhinalNorm,-425.94876949031436,False
619,FusiformNorm,-114.0049922092727,True
619,WholeBrainNorm,959.7241675426801,True
619,MMSE,-150.70030182608525,True
619,ABETA,108.79642997745177,True
619,RAVLT_immediate,-408.14855048343554,True
619,VentricleNorm,-457.26310195621636,True
619,HippocampusNorm,-334.024833695955,True
619,MidTempNorm,-61.34702086516317,True
619,ADAS13,-275.334446197323,True
619,PTAU,137.20150676174632,True
619,TAU,523.7321179013786,True
619,EntorhinalNorm,-684.9354657605503,True
620,FusiformNorm,-119.47415092986535,True
620,WholeBrainNorm,257.4876417582184,True
620,MMSE,-150.27603479813473,True
620,ABETA,64.04099217462232,True
620,RAVLT_immediate,96.66099492009755,True
620,VentricleNorm,490.35404593996543,True
620,HippocampusNorm,-593.5155625904425,True
620,MidTempNorm,-94.31968095684968,True
620,ADAS13,30.312540526077054,True
620,PTAU,-709.6249571977388,True
620,TAU,-208.0730316380726,True
620,EntorhinalNorm,-103.70135325171358,True
621,FusiformNorm,-140.62902133562645,True
621,WholeBrainNorm,622.8358650755546,True
621,MMSE,-150.31484846561463,True
621,ABETA,-62.871323649454304,True
621,RAVLT_immediate,-205.23614479604578,True
621,VentricleNorm,365.67810089679386,True
621,HippocampusNorm,305.23788058643,True
621,MidTempNorm,-99.13509448477723,True
621,ADAS13,-293.5363851420392,True
621,PTAU,9.734031339610851,True
621,TAU,104.45053950864032,True
621,EntorhinalNorm,-213.0130947767854,True
622,FusiformNorm,-120.4572089607687,True
622,WholeBrainNorm,-509.6690823729434,True
622,MMSE,-150.17664375880088,True
622,ABETA,-50.7210421926622,True
622,RAVLT_immediate,-684.5915832592814,True
622,VentricleNorm,223.8537928231666,True
622,HippocampusNorm,178.98928653738915,True
622,MidTempNorm,401.752462101745,True
622,ADAS13,-289.17080491141627,True
622,PTAU,175.51283688420406,True
622,TAU,220.67842434530974,True
622,EntorhinalNorm,-341.51222969473554,True
623,FusiformNorm,-75.25175797616131,False
623,WholeBrainNorm,2105.5598902710217,False
623,MMSE,152.9587646868385,False
623,ABETA,-16.963021311018807,False
623,RAVLT_immediate,-434.90821456084996,False
623,VentricleNorm,56.68253220690008,False
623,HippocampusNorm,234.18138161883834,False
623,MidTempNorm,0.0974114804248245,False
623,ADAS13,-326.21873830324046,False
623,PTAU,157.00002043082205,False
623,TAU,383.0798267811526,False
623,EntorhinalNorm,-691.5662355353388,False
624,FusiformNorm,-38.40904397200236,True
624,WholeBrainNorm,189.36089833733305,True
624,MMSE,-150.5008109347662,True
624,ABETA,65.09749809646964,True
624,RAVLT_immediate,-256.08647831628116,True
624,VentricleNorm,285.09073775663904,True
624,HippocampusNorm,390.9272435889486,True
624,MidTempNorm,8.297495945510853,True
624,ADAS13,-326.24911162685254,True
624,PTAU,131.13855257508015,True
624,TAU,-117.17181152866564,True
624,EntorhinalNorm,-606.2277764223393,True
625,FusiformNorm,40.26065863511437,True
625,WholeBrainNorm,242.129246054473,True
625,MMSE,-150.3604776480796,True
625,ABETA,-168.51824973001777,True
625,RAVLT_immediate,-1043.583563893015,True
625,VentricleNorm,300.7053864204923,True
625,HippocampusNorm,234.27835222036433,True
625,MidTempNorm,59.476201235695186,True
625,ADAS13,-365.9287533817149,True
625,PTAU,109.33643277911494,True
625,TAU,800.0260478073099,True
625,EntorhinalNorm,-178.49817749890744,True
626,FusiformNorm,-159.2618756085456,False
626,WholeBrainNorm,231.16205165368953,False
626,MMSE,373.72969210605265,False
626,ABETA,-74.81754357105577,False
626,RAVLT_immediate,-1205.8929494820688,False
626,VentricleNorm,214.95670110924848,False
626,HippocampusNorm,161.58131113784574,False
626,MidTempNorm,258.2860895861255,False
626,ADAS13,-270.12830841835034,False
626,PTAU,3.1336462476572144,False
626,TAU,624.408215010912,False
626,EntorhinalNorm,-151.1494931855351,False
627,FusiformNorm,-93.50638346928892,True
627,WholeBrainNorm,174.0938959147246,True
627,MMSE,-150.29190413726798,True
627,ABETA,84.82314610399371,True
627,RAVLT_immediate,580.8281261860336,True
627,VentricleNorm,331.22334945130314,True
627,HippocampusNorm,336.68435394797956,True
627,MidTempNorm,109.98206783418242,True
627,ADAS13,-321.7352870411223,True
627,PTAU,218.6584719807499,True
627,TAU,360.33874523459394,True
627,EntorhinalNorm,-569.7011147410315,True
628,FusiformNorm,-81.08078880205329,True
628,WholeBrainNorm,75.96817431626827,True
628,MMSE,-151.138278749891,True
628,ABETA,78.75060921034128,True
628,RAVLT_immediate,330.2806972658474,True
628,VentricleNorm,-31.27305647002693,True
628,HippocampusNorm,247.72051644951492,True
628,MidTempNorm,97.45250496128247,True
628,ADAS13,-178.8511942086069,True
628,PTAU,186.60655151763962,True
628,TAU,5.90304033559876,True
628,EntorhinalNorm,-459.31964921191803,True
629,FusiformNorm,117.98936191551766,True
629,WholeBrainNorm,192.2801774498094,True
629,MMSE,-150.2501471332429,True
629,ABETA,-85.6026907466166,True
629,RAVLT_immediate,-136.53170158680143,True
629,VentricleNorm,88.13892493971875,True
629,HippocampusNorm,253.06101102247777,True
629,MidTempNorm,111.97345042874754,True
629,ADAS13,-361.4208900253283,True
629,PTAU,-22.36930118110361,True
629,TAU,429.46525830243934,True
629,EntorhinalNorm,-532.8640377566937,True
630,FusiformNorm,52.75417205536807,True
630,WholeBrainNorm,39.988804880790966,True
630,MMSE,-149.6236566515968,True
630,ABETA,113.50610354941179,True
630,RAVLT_immediate,152.66503824997116,True
630,VentricleNorm,455.663141012465,True
630,HippocampusNorm,264.57475625689324,True
630,MidTempNorm,131.36776162996745,True
630,ADAS13,-230.08779189334552,True
630,PTAU,196.1321680930167,True
630,TAU,83.83182080651198,True
630,EntorhinalNorm,-283.197484849179,True
631,FusiformNorm,14.090184576353444,True
631,WholeBrainNorm,575.7829361215737,True
631,MMSE,-151.138278749891,True
631,ABETA,87.52191744687511,True
631,RAVLT_immediate,273.62952078808587,True
631,VentricleNorm,-58.76530909402757,True
631,HippocampusNorm,-566.9528661602908,True
631,MidTempNorm,-48.15289821384599,True
631,ADAS13,53.28790419340537,True
631,PTAU,-676.9562409073391,True
631,TAU,-392.6719176780314,True
631,EntorhinalNorm,-427.593602059735,True
632,FusiformNorm,175.56427018869636,True
632,WholeBrainNorm,706.8975342110725,True
632,MMSE,-149.9461241281662,True
632,ABETA,108.14197008780825,True
632,RAVLT_immediate,744.1501622626125,True
632,VentricleNorm,-50.444380685402834,True
632,HippocampusNorm,-371.7655747415121,True
632,MidTempNorm,-84.13926397932536,True
632,ADAS13,225.97581045914433,True
632,PTAU,-562.387707892633,True
632,TAU,-608.8057367518085,True
632,EntorhinalNorm,-505.06248676039587,True
633,FusiformNorm,-87.25832308338953,True
633,WholeBrainNorm,661.7659067540973,True
633,MMSE,-149.6236566515968,True
633,ABETA,-48.69432698633696,True
633,RAVLT_immediate,-845.3647296199235,True
633,VentricleNorm,-59.4866183635011,True
633,HippocampusNorm,-490.37942722069636,True
633,MidTempNorm,-32.27258148684903,True
633,ADAS13,-177.3915753330893,True
633,PTAU,141.37837157849702,True
633,TAU,-302.7382657635251,True
633,EntorhinalNorm,-110.46864554345026,True
634,FusiformNorm,332.8474608206744,True
634,WholeBrainNorm,959.7241675426801,True
634,MMSE,-149.6236566515968,True
634,ABETA,-43.70897342592216,True
634,RAVLT_immediate,1066.1234606428382,True
634,VentricleNorm,-185.38828661820082,True
634,HippocampusNorm,414.8830246118167,True
634,MidTempNorm,-73.07433471211286,True
634,ADAS13,-210.46893364676043,True
634,PTAU,-10.476937608755605,True
634,TAU,24.04052021053389,True
634,EntorhinalNorm,-257.3540090773367,True
635,FusiformNorm,80.7436240501793,True
635,WholeBrainNorm,1342.8712024459303,True
635,MMSE,203.91119134377334,True
635,ABETA,-4.406152080598715,True
635,RAVLT_immediate,-453.04797101805156,True
635,VentricleNorm,90.52640518885114,True
635,HippocampusNorm,285.7301714051193,True
635,MidTempNorm,163.48482670257513,True
635,ADAS13,-288.6916822919486,True
635,PTAU,164.0939092305286,True
635,TAU,-375.5719098991526,True
635,EntorhinalNorm,-661.2257394768081,True
636,FusiformNorm,328.16542066455634,True
636,WholeBrainNorm,641.2061778377458,True
636,MMSE,-150.1097800690131,True
636,ABETA,-119.15306549827173,True
636,RAVLT_immediate,-777.4308599067301,True
636,VentricleNorm,57.39946038872729,True
636,HippocampusNorm,-602.564170764688,True
636,MidTempNorm,-54.30015265062915,True
636,ADAS13,-325.41158004820943,True
636,PTAU,154.84742557520383,True
636,TAU,525.4984676137647,True
636,EntorhinalNorm,-500.1423593609257,True
637,FusiformNorm,-74.04912360993673,True
637,WholeBrainNorm,-98.61011895589817,True
637,MMSE,-150.10909152085964,True
637,ABETA,-2.570676350323538,True
637,RAVLT_immediate,92.80999572439286,True
637,VentricleNorm,-185.38828661820082,True
637,HippocampusNorm,449.5775860358678,True
637,MidTempNorm,178.8637958373816,True
637,ADAS13,-322.68441807031604,True
637,PTAU,62.538267469759454,True
637,TAU,24.388175105924375,True
637,EntorhinalNorm,-637.1177253042191,True
638,FusiformNorm,162.24307841905312,True
638,WholeBrainNorm,243.47235578893077,True
638,MMSE,-149.9676361324637,True
638,ABETA,79.09544793463613,True
638,RAVLT_immediate,-52.985606564726154,True
638,VentricleNorm,-590.9444849950609,True
638,HippocampusNorm,-726.2942464851992,True
638,MidTempNorm,-98.15770781888826,True
638,ADAS13,367.69587576671904,True
638,PTAU,64.37197106660335,True
638,TAU,33.733101340762786,True
638,EntorhinalNorm,-208.59988540859928,True
639,FusiformNorm,-29.034302006820795,True
639,WholeBrainNorm,-216.17648179176857,True
639,MMSE,-149.6236566515968,True
639,ABETA,9.874672573173301,True
639,RAVLT_immediate,521.3859645199872,True
639,VentricleNorm,336.04621025289293,True
639,HippocampusNorm,473.28095319290475,True
639,MidTempNorm,103.57670926776079,True
639,ADAS13,-318.9703794835477,True
639,PTAU,169.19833989064796,True
639,TAU,259.81519873547865,True
639,EntorhinalNorm,-637.4105694234138,True
640,FusiformNorm,-9.433387071652085,True
640,WholeBrainNorm,516.1100206790766,True
640,MMSE,-151.138278749891,True
640,ABETA,67.05144661211244,True
640,RAVLT_immediate,170.05354260649358,True
640,VentricleNorm,-94.10635277118227,True
640,HippocampusNorm,-690.5186117256749,True
640,MidTempNorm,-50.9032242653552,True
640,ADAS13,-153.49112973691572,True
640,PTAU,176.683981959135,True
640,TAU,-65.97401091964859,True
640,EntorhinalNorm,-108.14966623143799,True
641,FusiformNorm,-133.14391258750308,True
641,WholeBrainNorm,547.9062298658299,True
641,MMSE,56.42040498317233,True
641,ABETA,55.72133824815314,True
641,RAVLT_immediate,371.9436313039033,True
641,VentricleNorm,175.4008230669964,True
641,HippocampusNorm,200.38183864178183,True
641,MidTempNorm,-66.48773398107096,True
641,ADAS13,-175.83307313275833,True
641,PTAU,153.86441802146018,True
641,TAU,410.7157950016766,True
641,EntorhinalNorm,-215.9144338548633,True
642,FusiformNorm,-273.22799583028757,False
642,WholeBrainNorm,402.31324953687874,False
642,MMSE,373.72969210605265,False
642,ABETA,46.90427125172148,False
642,RAVLT_immediate,-582.6288089459084,False
642,VentricleNorm,36.805332993469236,False
642,HippocampusNorm,253.83712197761025,False
642,MidTempNorm,261.623797346591,False
642,ADAS13,-460.13108753826015,False
642,PTAU,-19.856746457732726,False
642,TAU,494.89129544363925,False
642,EntorhinalNorm,-563.2321098375256,False
643,FusiformNorm,-20.936989214377434,True
643,WholeBrainNorm,-184.57463289701323,True
643,MMSE,-149.950553546218,True
643,ABETA,-63.108632656003,True
643,RAVLT_immediate,405.1715853936976,True
643,VentricleNorm,327.06815810385524,True
643,HippocampusNorm,233.14484213508288,True
643,MidTempNorm,38.34768599737074,True
643,ADAS13,-266.43229842202635,True
643,PTAU,-57.64798654169688,True
643,TAU,89.61086549173098,True
643,EntorhinalNorm,-617.8416229552089,True
644,FusiformNorm,-96.09665093284083,False
644,WholeBrainNorm,2165.489693138077,False
644,MMSE,373.72969210605265,False
644,ABETA,-3.6666669362354716,False
644,RAVLT_immediate,-263.59010057614887,False
644,VentricleNorm,-22.963668021554785,False
644,HippocampusNorm,276.72335850055214,False
644,MidTempNorm,-40.92243724476336,False
644,ADAS13,-352.6042831681295,False
644,PTAU,217.28517291485196,False
644,TAU,-21.732109604634182,False
644,EntorhinalNorm,-422.2705375515278,False
645,FusiformNorm,252.45726261721828,True
645,WholeBrainNorm,-221.99319358218594,True
645,MMSE,-149.95035727482048,True
645,ABETA,73.10533219684308,True
645,RAVLT_immediate,744.1501622626125,True
645,VentricleNorm,-338.6601468912557,True
645,HippocampusNorm,-600.8001797935369,True
645,MidTempNorm,-50.41005853541338,True
645,ADAS13,80.79100688779252,True
645,PTAU,-796.800273263254,True
645,TAU,-705.5602516582052,True
645,EntorhinalNorm,-574.482775243509,True
646,FusiformNorm,-46.75878229468194,True
646,WholeBrainNorm,-303.3718054291698,True
646,MMSE,-150.0246823429327,True
646,ABETA,105.16794552270387,True
646,RAVLT_immediate,744.1501622626125,True
646,VentricleNorm,-36.907899087915496,True
646,HippocampusNorm,-457.04550057548585,True
646,MidTempNorm,109.94817836773996,True
646,ADAS13,-172.52997495225077,True
646,PTAU,161.58634400068428,True
646,TAU,525.8993244250132,True
646,EntorhinalNorm,-119.02478575478136,True
647,FusiformNorm,251.90686687559338,True
647,WholeBrainNorm,959.7241675426801,True
647,MMSE,-150.5423160649866,True
647,ABETA,-74.8197973764099,True
647,RAVLT_immediate,70.33427961263784,True
647,VentricleNorm,34.62202340522893,True
647,HippocampusNorm,491.65417488325795,True
647,MidTempNorm,105.76706268967447,True
647,ADAS13,-332.31766136277747,True
647,PTAU,151.06037037151293,True
647,TAU,96.61553415549541,True
647,EntorhinalNorm,-418.91553051611476,True
648,FusiformNorm,-30.59342853412691,True
648,WholeBrainNorm,146.60978722653812,True
648,MMSE,-150.3509968195462,True
648,ABETA,51.92829376818165,True
648,RAVLT_immediate,654.7090115167853,True
648,VentricleNorm,184.43028631433404,True
648,HippocampusNorm,-480.03438832504014,True
648,MidTempNorm,-83.91340254719101,True
648,ADAS13,555.4193201086639,True
648,PTAU,-588.8226875329572,True
648,TAU,-422.97853470707776,True
648,EntorhinalNorm,-217.17831296768185,True
649,FusiformNorm,-56.97962285675983,True
649,WholeBrainNorm,489.5307038388171,True
649,MMSE,-150.56732895525363,True
649,ABETA,113.50610354941179,True
649,RAVLT_immediate,-127.94772711153252,True
649,VentricleNorm,169.49929018760292,True
649,HippocampusNorm,225.52334593265402,True
649,MidTempNorm,-97.40120539370699,True
649,ADAS13,-219.58902651469424,True
649,PTAU,-17.14965296296511,True
649,TAU,355.44406878849725,True
649,EntorhinalNorm,-320.2831676455617,True
650,FusiformNorm,273.96597196618035,True
650,WholeBrainNorm,266.9264120313092,True
650,MMSE,-149.86660637480142,True
650,ABETA,113.50610354941179,True
650,RAVLT_immediate,-601.7358873500339,True
650,VentricleNorm,-590.9444849950609,True
650,HippocampusNorm,-90.92557664150038,True
650,MidTempNorm,-44.0246031067163,True
650,ADAS13,260.75357550472404,True
650,PTAU,87.95265988883244,True
650,TAU,111.28523687780155,True
650,EntorhinalNorm,-308.56253563866585,True
651,FusiformNorm,-21.386817358174042,True
651,WholeBrainNorm,-1124.291983925441,True
651,MMSE,112.49679439790722,True
651,ABETA,9.286723312639252,True
651,RAVLT_immediate,489.2718565710439,True
651,VentricleNorm,241.16076688549555,True
651,HippocampusNorm,150.10257308353974,True
651,MidTempNorm,-93.78535820403934,True
651,ADAS13,-332.7064013699542,True
651,PTAU,131.9708080797962,True
651,TAU,-109.12762201254537,True
651,EntorhinalNorm,-103.36987656402874,True
652,FusiformNorm,164.99511373954226,True
652,WholeBrainNorm,562.5961338505064,True
652,MMSE,-150.2248454077859,True
652,ABETA,13.299970149589509,True
652,RAVLT_immediate,744.1501622626125,True
652,VentricleNorm,-324.52254828435474,True
652,HippocampusNorm,-634.7804590739709,True
652,MidTempNorm,-80.36621257069056,True
652,ADAS13,-167.2779206612414,True
652,PTAU,-4.877364758103315,True
652,TAU,42.89360303158341,True
652,EntorhinalNorm,-413.8579529930805,True
653,FusiformNorm,111.41227501166443,True
653,WholeBrainNorm,428.86029411985345,True
653,MMSE,-149.84289380284983,True
653,ABETA,-10.831084912097179,True
653,RAVLT_immediate,-688.210566208277,True
653,VentricleNorm,-443.6643956324779,True
653,HippocampusNorm,-204.8994253675121,True
653,MidTempNorm,382.82639832595777,True
653,ADAS13,-251.82956462120598,True
653,PTAU,-7.810597168439603,True
653,TAU,517.644294064435,True
653,EntorhinalNorm,-163.84264146548796,True
654,FusiformNorm,-53.19875276292816,True
654,WholeBrainNorm,251.469824385589,True
654,MMSE,-150.00004542501628,True
654,ABETA,-14.385245046848171,True
654,RAVLT_immediate,-214.41718508170425,True
654,VentricleNorm,124.18830281703129,True
654,HippocampusNorm,-492.8307969592844,True
654,MidTempNorm,166.42101533270534,True
654,ADAS13,-328.6215682533374,True
654,PTAU,32.20511262086784,True
654,TAU,-349.3783299655264,True
654,EntorhinalNorm,-447.2235888825357,True
655,FusiformNorm,23.664218342478605,True
655,WholeBrainNorm,391.93608937310444,True
655,MMSE,-149.97090283267102,True
655,ABETA,113.50610354941179,True
655,RAVLT_immediate,103.77055838544985,True
655,VentricleNorm,176.82967330553956,True
655,HippocampusNorm,-347.664583176026,True
655,MidTempNorm,-79.94720890824729,True
655,ADAS13,925.8189032125667,True
655,PTAU,-665.4651572885651,True
655,TAU,-62.05879726362157,True
655,EntorhinalNorm,-305.2508637303741,True
656,FusiformNorm,-74.97621383445122,True
656,WholeBrainNorm,231.6590364620809,True
656,MMSE,-150.48354162469698,True
656,ABETA,35.13967562108338,True
656,RAVLT_immediate,424.4064719582445,True
656,VentricleNorm,464.7190949631997,True
656,HippocampusNorm,-655.1703030340733,True
656,MidTempNorm,-101.68552517310751,True
656,ADAS13,-368.4963503517406,True
656,PTAU,-48.09047395802429,True
656,TAU,-286.0635747137295,True
656,EntorhinalNorm,-520.0337675496152,True
657,FusiformNorm,-51.58364657474557,True
657,WholeBrainNorm,561.5163814115633,True
657,MMSE,-150.0216720423303,True
657,ABETA,3.7252011817913337,True
657,RAVLT_immediate,148.15374183344125,True
657,VentricleNorm,388.39424696212893,True
657,HippocampusNorm,216.55891708175184,True
657,MidTempNorm,144.82867724989947,True
657,ADAS13,-287.082947825285,True
657,PTAU,53.922782524813385,True
657,TAU,-48.634919299062474,True
657,EntorhinalNorm,-329.0674454451424,True
658,FusiformNorm,-155.840631231104,True
658,WholeBrainNorm,-35.562373533987596,True
658,MMSE,-150.24427113019695,True
658,ABETA,30.134736205833683,True
658,RAVLT_immediate,744.1501622626125,True
658,VentricleNorm,388.39424696212893,True
658,HippocampusNorm,249.3086291670009,True
658,MidTempNorm,106.04831292037241,True
658,ADAS13,-174.99769334619413,True
658,PTAU,64.12681627626064,True
658,TAU,605.1724832744388,True
658,EntorhinalNorm,-179.4310085896579,True
659,FusiformNorm,-4.958302097780072,True
659,WholeBrainNorm,-5.655913494277897,True
659,MMSE,-151.138278749891,True
659,ABETA,32.732253022639306,True
659,RAVLT_immediate,89.51088004414657,True
659,VentricleNorm,127.29982460430473,True
659,HippocampusNorm,218.3309312477972,True
659,MidTempNorm,101.50138032130664,True
659,ADAS13,-361.0037737573075,True
659,PTAU,221.8929516062775,True
659,TAU,275.1312599880647,True
659,EntorhinalNorm,-623.7988092675046,True
660,FusiformNorm,-96.24632396109706,True
660,WholeBrainNorm,249.64508227484566,True
660,MMSE,-150.63215425459234,True
660,ABETA,11.642927214086502,True
660,RAVLT_immediate,472.22786831714734,True
660,VentricleNorm,-47.9579078402401,True
660,HippocampusNorm,-444.6204247518603,True
660,MidTempNorm,135.37336270601764,True
660,ADAS13,-297.64645766935473,True
660,PTAU,173.426454725909,True
660,TAU,-16.615272871174547,True
660,EntorhinalNorm,-672.6751935675646,True
661,FusiformNorm,96.8392823628692,False
661,WholeBrainNorm,483.0052047512945,False
661,MMSE,-38.393076017561555,False
661,ABETA,-25.11409939238503,False
661,RAVLT_immediate,120.06621792549817,False
661,VentricleNorm,388.39424696212893,False
661,HippocampusNorm,546.9044537166515,False
661,MidTempNorm,423.8516577669183,False
661,ADAS13,-201.14098052792613,False
661,PTAU,-27.449521323973816,False
661,TAU,378.9513382354025,False
661,EntorhinalNorm,-296.50360788083384,False
662,FusiformNorm,-96.28615732072822,True
662,WholeBrainNorm,1017.7451812841242,True
662,MMSE,373.72969210605265,True
662,ABETA,-12.894126514662123,True
662,RAVLT_immediate,-627.2355114470206,True
662,VentricleNorm,34.330097984058455,True
662,HippocampusNorm,347.85240887791076,True
662,MidTempNorm,205.39045290518015,True
662,ADAS13,-350.24973692196403,True
662,PTAU,28.733422585602515,True
662,TAU,234.5566175835806,True
662,EntorhinalNorm,-750.7326971978675,True
663,FusiformNorm,-121.1247035543859,False
663,WholeBrainNorm,-891.7491423416847,False
663,MMSE,13.05534755717789,False
663,ABETA,-11.403887124629126,False
663,RAVLT_immediate,-44.22209572499599,False
663,VentricleNorm,388.39424696212893,False
663,HippocampusNorm,266.56605497533815,False
663,MidTempNorm,85.36122666818073,False
663,ADAS13,-404.33634456091454,False
663,PTAU,-7.939456505060175,False
663,TAU,-217.3412689940403,False
663,EntorhinalNorm,-335.5977203444246,False
664,FusiformNorm,41.99307707202043,True
664,WholeBrainNorm,667.5060991329448,True
664,MMSE,-150.91518069227672,True
664,ABETA,-119.15306549827173,True
664,RAVLT_immediate,744.1501622626125,True
664,VentricleNorm,-150.06569592127084,True
664,HippocampusNorm,132.16266251123477,True
664,MidTempNorm,124.73007756071344,True
664,ADAS13,-281.74468213636527,True
664,PTAU,129.11812471399338,True
664,TAU,50.9164146231691,True
664,EntorhinalNorm,60.64376006143485,True
665,FusiformNorm,-14.617547780183173,True
665,WholeBrainNorm,251.9429848006861,True
665,MMSE,-150.0644175448609,True
665,ABETA,-3.522632471537233,True
665,RAVLT_immediate,-590.0901604837409,True
665,VentricleNorm,52.79372411423928,True
665,HippocampusNorm,387.9345444862381,True
665,MidTempNorm,294.5301857523881,True
665,ADAS13,-318.60537395366265,True
665,PTAU,108.80971484325279,True
665,TAU,546.7567527163282,True
665,EntorhinalNorm,-546.2534778153153,True
666,FusiformNorm,-82.90574590093097,True
666,WholeBrainNorm,377.4501773902957,True
666,MMSE,-150.21294557420248,True
666,ABETA,-61.749240215300404,True
666,RAVLT_immediate,-33.52949058639091,True
666,VentricleNorm,-71.95988429869698,True
666,HippocampusNorm,-685.2925814650467,True
666,MidTempNorm,-71.38147181115778,True
666,ADAS13,1049.082072846,True
666,PTAU,-611.789346501396,True
666,TAU,-656.949444408727,True
666,EntorhinalNorm,227.67350276744511,True
667,FusiformNorm,-25.041819107969435,True
667,WholeBrainNorm,198.9379432794796,True
667,MMSE,8.003504090032385,True
667,ABETA,43.54285725463751,True
667,RAVLT_immediate,-343.48639999061487,True
667,VentricleNorm,111.57069356615226,True
667,HippocampusNorm,390.02607540050116,True
667,MidTempNorm,293.02552243281133,True
667,ADAS13,-342.23369503090544,True
667,PTAU,103.94095138164144,True
667,TAU,-125.754253140278,True
667,EntorhinalNorm,-245.89640853974348,True
668,FusiformNorm,186.4457474477732,True
668,WholeBrainNorm,494.8500650724091,True
668,MMSE,-150.3139642924447,True
668,ABETA,11.329251154345297,True
668,RAVLT_immediate,-176.07059562486754,True
668,VentricleNorm,388.39424696212893,True
668,HippocampusNorm,714.0337179907815,True
668,MidTempNorm,121.28514213340686,True
668,ADAS13,-390.5607705090439,True
668,PTAU,128.11699755786793,True
668,TAU,368.0224804720773,True
668,EntorhinalNorm,-387.57971450074507,True
669,FusiformNorm,61.53685552743076,True
669,WholeBrainNorm,780.9866015486101,True
669,MMSE,-149.6236566515968,True
669,ABETA,32.95283215353172,True
669,RAVLT_immediate,-221.4028935484253,True
669,VentricleNorm,-170.1621276934292,True
669,HippocampusNorm,-655.6252938642139,True
669,MidTempNorm,-112.38081978452436,True
669,ADAS13,-253.13283660929702,True
669,PTAU,242.53990651496133,True
669,TAU,447.0963238091318,True
669,EntorhinalNorm,-661.0139117827805,True
670,FusiformNorm,159.70493774484703,True
670,WholeBrainNorm,793.6876070193463,True
670,MMSE,-150.15742479759433,True
670,ABETA,113.50610354941179,True
670,RAVLT_immediate,-639.350094941865,True
670,VentricleNorm,116.30007285469642,True
670,HippocampusNorm,-681.1883326683022,True
670,MidTempNorm,-29.043548939240605,True
670,ADAS13,407.3510056737946,True
670,PTAU,149.37582467903073,True
670,TAU,-309.2615274458816,True
670,EntorhinalNorm,-323.4967174976301,True
671,FusiformNorm,-99.67457290428533,True
671,WholeBrainNorm,310.41085076525985,True
671,MMSE,-149.6236566515968,True
671,ABETA,29.519177589205686,True
671,RAVLT_immediate,-121.15245089481252,True
671,VentricleNorm,2.8166711048259767,True
671,HippocampusNorm,367.652557927815,True
671,MidTempNorm,128.60918853117596,True
671,ADAS13,-339.76177817970205,True
671,PTAU,49.756035041088374,True
671,TAU,-521.237896177274,True
671,EntorhinalNorm,-698.1530398349249,True
672,FusiformNorm,-176.56043492956718,True
672,WholeBrainNorm,162.01116643880056,True
672,MMSE,-150.03675858455443,True
672,ABETA,12.92273026141946,True
672,RAVLT_immediate,61.90798145074578,True
672,VentricleNorm,-54.54501865015602,True
672,HippocampusNorm,-735.5088293484168,True
672,MidTempNorm,-58.56115012335964,True
672,ADAS13,400.0081483797866,True
672,PTAU,-607.3450975447081,True
672,TAU,-105.12838824295169,True
672,EntorhinalNorm,-589.9798704360805,True
673,FusiformNorm,196.7043769936216,True
673,WholeBrainNorm,277.95766969043643,True
673,MMSE,-149.97734455744254,True
673,ABETA,40.37834400881831,True
673,RAVLT_immediate,-115.41203119401862,True
673,VentricleNorm,-321.3679656530502,True
673,HippocampusNorm,-690.9662705664656,True
673,MidTempNorm,-71.9370553957144,True
673,ADAS13,128.54746320517154,True
673,PTAU,-616.3242371028819,True
673,TAU,-90.83808039039131,True
673,EntorhinalNorm,-519.7356138287108,True
674,FusiformNorm,4.53880542325955,True
674,WholeBrainNorm,903.8922838425118,True
674,MMSE,-150.69672400184942,True
674,ABETA,-40.46515027639748,True
674,RAVLT_immediate,-119.37927354771126,True
674,VentricleNorm,93.05003159018797,True
674,HippocampusNorm,261.49261342714937,True
674,MidTempNorm,127.95211342093214,True
674,ADAS13,-464.15116766347626,True
674,PTAU,204.56233779053915,True
674,TAU,-464.8386535881273,True
674,EntorhinalNorm,-240.08100701506064,True
675,FusiformNorm,106.75794019555534,False
675,WholeBrainNorm,-579.6667127677993,False
675,MMSE,-324.06461139525027,False
675,ABETA,-43.6068896960615,False
675,RAVLT_immediate,402.6397623301187,False
675,VentricleNorm,113.91486291897189,False
675,HippocampusNorm,431.7367783789654,False
675,MidTempNorm,147.55445362491662,False
675,ADAS13,-320.49031155032014,False
675,PTAU,140.50550187486036,False
675,TAU,51.14712394328721,False
675,EntorhinalNorm,-694.4142332988739,False
676,FusiformNorm,-305.4969850514568,False
676,WholeBrainNorm,-862.0899581926446,False
676,MMSE,-86.91436237516223,False
676,ABETA,15.237870391642481,False
676,RAVLT_immediate,-1430.4357093410101,False
676,VentricleNorm,233.5281009352484,False
676,HippocampusNorm,510.729990915513,False
676,MidTempNorm,285.2677450489704,False
676,ADAS13,-452.9483397905462,False
676,PTAU,199.8811718915253,False
676,TAU,264.25012131273184,False
676,EntorhinalNorm,-550.3465955488543,False
677,FusiformNorm,139.8051656965182,True
677,WholeBrainNorm,497.3770430101557,True
677,MMSE,-149.98730299249632,True
677,ABETA,113.50610354941179,True
677,RAVLT_immediate,311.177286573008,True
677,VentricleNorm,181.17093248635203,True
677,HippocampusNorm,462.39963955628883,True
677,MidTempNorm,-79.0565471062592,True
677,ADAS13,-335.87051386599506,True
677,PTAU,94.99096675211973,True
677,TAU,31.266041306741805,True
677,EntorhinalNorm,-643.7797232168957,True
678,FusiformNorm,80.7559781978685,True
678,WholeBrainNorm,329.23874536101437,True
678,MMSE,-150.6407237967986,True
678,ABETA,108.29516284066125,True
678,RAVLT_immediate,-15.86254961733088,True
678,VentricleNorm,254.60627020281606,True
678,HippocampusNorm,-629.1733474426571,True
678,MidTempNorm,-80.7967223053993,True
678,ADAS13,996.2308040755745,True
678,PTAU,-672.594652383615,True
678,TAU,-383.0150069248461,True
678,EntorhinalNorm,357.261678196811,True
679,FusiformNorm,-193.23457959382907,True
679,WholeBrainNorm,-450.50252331083453,True
679,MMSE,-150.27887248147584,True
679,ABETA,113.50610354941179,True
679,RAVLT_immediate,744.1501622626125,True
679,VentricleNorm,490.35404593996543,True
679,HippocampusNorm,147.31158021919555,True
679,MidTempNorm,117.94293133392877,True
679,ADAS13,-350.20041529972247,True
679,PTAU,62.298373701442856,True
679,TAU,84.52455042219235,True
679,EntorhinalNorm,-731.576462141745,True
680,FusiformNorm,-13.303101842330463,True
680,WholeBrainNorm,-1124.291983925441,True
680,MMSE,15.589952416087232,True
680,ABETA,-24.630872170206096,True
680,RAVLT_immediate,1343.1561348215694,True
680,VentricleNorm,235.29313320691972,True
680,HippocampusNorm,190.56497704808493,True
680,MidTempNorm,124.30284318481246,True
680,ADAS13,-263.48952665405085,True
680,PTAU,-35.96092874750638,True
680,TAU,29.371289642377924,True
680,EntorhinalNorm,-177.86685651869152,True
681,FusiformNorm,61.22550725374287,True
681,WholeBrainNorm,822.4640144772458,True
681,MMSE,-150.35674770062275,True
681,ABETA,-14.57942663767958,True
681,RAVLT_immediate,678.7226833048455,True
681,VentricleNorm,237.07716234361484,True
681,HippocampusNorm,310.4082483065056,True
681,MidTempNorm,155.64307523592947,True
681,ADAS13,-386.3591656745979,True
681,PTAU,-16.27952195171463,True
681,TAU,-106.86561167374958,True
681,EntorhinalNorm,-478.71136607600914,True
682,FusiformNorm,-131.29997692580096,True
682,WholeBrainNorm,66.51966537204345,True
682,MMSE,-149.9432887096168,True
682,ABETA,-43.57283678841314,True
682,RAVLT_immediate,-919.4228386086056,True
682,VentricleNorm,-162.55180158713466,True
682,HippocampusNorm,-717.8789577110633,True
682,MidTempNorm,-47.23161350983133,True
682,ADAS13,-324.8987081178262,True
682,PTAU,-18.732903019121473,True
682,TAU,-160.5578387723943,True
682,EntorhinalNorm,-692.0054220117642,True
683,FusiformNorm,9.393701726482075,False
683,WholeBrainNorm,2165.489693138077,False
683,MMSE,373.72969210605265,False
683,ABETA,2.413509333469645,False
683,RAVLT_immediate,1343.1561348215694,False
683,VentricleNorm,-39.128203404757826,False
683,HippocampusNorm,163.13273399665914,False
683,MidTempNorm,324.90814556349125,False
683,ADAS13,-314.0073761347169,False
683,PTAU,136.87674499483342,False
683,TAU,-210.71977719822243,False
683,EntorhinalNorm,149.11211049997092,False
684,FusiformNorm,200.0875692238248,True
684,WholeBrainNorm,218.92703975192381,True
684,MMSE,-150.10765717030546,True
684,ABETA,-11.34004645177503,True
684,RAVLT_immediate,255.74126035075184,True
684,VentricleNorm,458.1654156763,True
684,HippocampusNorm,-670.3635029138201,True
684,MidTempNorm,-77.9126039063497,True
684,ADAS13,341.56117245125,True
684,PTAU,-577.7490985203859,True
684,TAU,-592.3076417056927,True
684,EntorhinalNorm,-86.87052667413163,True
685,FusiformNorm,-52.76927899501521,True
685,WholeBrainNorm,143.50664545112406,True
685,MMSE,-149.6236566515968,True
685,ABETA,4.362213638638346,True
685,RAVLT_immediate,-622.8502677300739,True
685,VentricleNorm,490.35404593996543,True
685,HippocampusNorm,81.83108701851008,True
685,MidTempNorm,55.075934331603946,True
685,ADAS13,-335.80468123913437,True
685,PTAU,116.55859803053704,True
685,TAU,-58.13966339988402,True
685,EntorhinalNorm,-745.7186176727413,True
686,FusiformNorm,-74.63778580215399,True
686,WholeBrainNorm,668.3876151856067,True
686,MMSE,-150.37483962966905,True
686,ABETA,113.50610354941179,True
686,RAVLT_immediate,-17.496871808404027,True
686,VentricleNorm,-70.34597257620078,True
686,HippocampusNorm,152.27268581061023,True
686,MidTempNorm,109.09154928892838,True
686,ADAS13,-423.1810447685126,True
686,PTAU,177.01193427370643,True
686,TAU,343.2030336082676,True
686,EntorhinalNorm,-193.01585903098479,True
687,FusiformNorm,242.94567460371852,True
687,WholeBrainNorm,258.8375039126912,True
687,MMSE,-150.30548421462086,True
687,ABETA,0.1337104924727315,True
687,RAVLT_immediate,744.1501622626125,True
687,VentricleNorm,192.47450515412626,True
687,HippocampusNorm,366.24181971734333,True
687,MidTempNorm,-85.06825490446911,True
687,ADAS13,93.22549912517196,True
687,PTAU,-574.4753041569275,True
687,TAU,9.762435284008873,True
687,EntorhinalNorm,-329.10209810178986,True
688,FusiformNorm,-33.89901642521754,True
688,WholeBrainNorm,753.8334267497798,True
688,MMSE,-278.00780154744467,True
688,ABETA,-48.63419946259139,True
688,RAVLT_immediate,32.86265482252185,True
688,VentricleNorm,119.03721650381401,True
688,HippocampusNorm,303.057634138392,True
688,MidTempNorm,201.7214205197646,True
688,ADAS13,-281.6718785246682,True
688,PTAU,183.7246003100639,True
688,TAU,538.0122865558969,True
688,EntorhinalNorm,-379.1920557456347,True
689,FusiformNorm,-214.12004654334336,False
689,WholeBrainNorm,-888.9229806976056,False
689,MMSE,-94.88902257256564,False
689,ABETA,59.267480882721614,False
689,RAVLT_immediate,-860.9113308405907,False
689,VentricleNorm,184.79180005910976,False
689,HippocampusNorm,377.84739945569413,False
689,MidTempNorm,184.29935674892465,False
689,ADAS13,-169.8065845899765,False
689,PTAU,-26.422760586003456,False
689,TAU,417.79771477346435,False
689,EntorhinalNorm,-136.4813854576276,False
690,FusiformNorm,-79.83981387379926,True
690,WholeBrainNorm,959.7241675426801,True
690,MMSE,-149.63189365643763,True
690,ABETA,-20.660533924255326,True
690,RAVLT_immediate,-107.90183800986962,True
690,VentricleNorm,-61.35869456128515,True
690,HippocampusNorm,-684.6082694038025,True
690,MidTempNorm,-10.14425426678106,True
690,ADAS13,-332.69812520676936,True
690,PTAU,117.1802751347112,True
690,TAU,393.9635163012034,True
690,EntorhinalNorm,-453.58956828798495,True
691,FusiformNorm,-17.354999541822963,True
691,WholeBrainNorm,-98.59603033864425,True
691,MMSE,-150.43316197701157,True
691,ABETA,-28.37139167714492,True
691,RAVLT_immediate,454.9380244773643,True
691,VentricleNorm,-396.8572484036467,True
691,HippocampusNorm,-294.7330035110117,True
691,MidTempNorm,-85.33852942132923,True
691,ADAS13,406.15946093375345,True
691,PTAU,-560.6308093803498,True
691,TAU,-524.986922506405,True
691,EntorhinalNorm,-250.84058612100102,True
692,FusiformNorm,-38.72809176828051,True
692,WholeBrainNorm,223.62521515456186,True
692,MMSE,-150.63409417660884,True
692,ABETA,61.033661393736196,True
692,RAVLT_immediate,209.55421709340874,True
692,VentricleNorm,-223.56404079370208,True
692,HippocampusNorm,-268.53787553771735,True
692,MidTempNorm,-89.55899228026456,True
692,ADAS13,823.3740776892471,True
692,PTAU,-617.7402687673498,True
692,TAU,34.99266947803928,True
692,EntorhinalNorm,-454.5291144774673,True
693,FusiformNorm,-73.59408416694663,True
693,WholeBrainNorm,739.9737875222035,True
693,MMSE,-145.30527807250385,True
693,ABETA,-5.258551753196091,True
693,RAVLT_immediate,301.28398713057794,True
693,VentricleNorm,388.39424696212893,True
693,HippocampusNorm,127.92350411732173,True
693,MidTempNorm,342.40577234562346,True
693,ADAS13,-255.0563488007926,True
693,PTAU,17.932974533877214,True
693,TAU,603.9517893059776,True
693,EntorhinalNorm,-529.5689598759443,True
694,FusiformNorm,-115.83659062120171,True
694,WholeBrainNorm,-122.92862178023005,True
694,MMSE,-151.138278749891,True
694,ABETA,-12.857600321565736,True
694,RAVLT_immediate,-212.81424902422367,True
694,VentricleNorm,-349.35750378291687,True
694,HippocampusNorm,-595.9302464074772,True
694,MidTempNorm,124.84053262042664,True
694,ADAS13,-401.4509919600406,True
694,PTAU,218.55195091081836,True
694,TAU,-189.9085335192872,True
694,EntorhinalNorm,-627.0832218801406,True
695,FusiformNorm,-62.208158826231944,True
695,WholeBrainNorm,303.1966193073587,True
695,MMSE,-150.94148633611314,True
695,ABETA,70.1153263733745,True
695,RAVLT_immediate,503.4342639468758,True
695,VentricleNorm,407.36457868901266,True
695,HippocampusNorm,309.8780441846465,True
695,MidTempNorm,162.9715708815768,True
695,ADAS13,-258.0843148665006,True
695,PTAU,113.87288197920364,True
695,TAU,-17.83373946487873,True
695,EntorhinalNorm,-709.5400545165969,True
696,FusiformNorm,219.7610298330717,True
696,WholeBrainNorm,99.01798797039517,True
696,MMSE,-150.43736533912775,True
696,ABETA,-105.57831770341178,True
696,RAVLT_immediate,243.58462391949712,True
696,VentricleNorm,-6.791083839415485,True
696,HippocampusNorm,-573.6704535565942,True
696,MidTempNorm,-99.42879707024096,True
696,ADAS13,-248.7060195880802,True
696,PTAU,106.30616823216225,True
696,TAU,23.246011315970108,True
696,EntorhinalNorm,-68.4169771304935,True
697,FusiformNorm,20.536350709900837,True
697,WholeBrainNorm,562.0898414086143,True
697,MMSE,-149.6236566515968,True
697,ABETA,36.36152114960178,True
697,RAVLT_immediate,-100.04171073147792,True
697,VentricleNorm,206.42662867009952,True
697,HippocampusNorm,-642.7691871005686,True
697,MidTempNorm,-117.5083614947192,True
697,ADAS13,310.5344649499525,True
697,PTAU,199.19327088185224,True
697,TAU,-466.0591470468781,True
697,EntorhinalNorm,-571.951495318965,True
698,FusiformNorm,-3.6932653749005766,True
698,WholeBrainNorm,-36.4845310419664,True
698,MMSE,-149.93903395255282,True
698,ABETA,-7.033465233989715,True
698,RAVLT_immediate,392.5352963477568,True
698,VentricleNorm,83.53821779396554,True
698,HippocampusNorm,-777.0475050527011,True
698,MidTempNorm,-83.73653418292429,True
698,ADAS13,38.55065419127047,True
698,PTAU,-776.0354768764491,True
698,TAU,4.933572331611419,True
698,EntorhinalNorm,-498.0150594641481,True
699,FusiformNorm,-66.40452676481235,True
699,WholeBrainNorm,275.0789098304283,True
699,MMSE,-151.138278749891,True
699,ABETA,13.334922395071429,True
699,RAVLT_immediate,-29.061494972976018,True
699,VentricleNorm,490.35404593996543,True
699,HippocampusNorm,-776.7414330005062,True
699,MidTempNorm,-0.7351063800939244,True
699,ADAS13,-281.98098096149386,True
699,PTAU,37.15586235108178,True
699,TAU,-162.48695420385914,True
699,EntorhinalNorm,-473.6565323267422,True
700,FusiformNorm,56.48657293406603,True
700,WholeBrainNorm,-442.71475924177236,True
700,MMSE,-150.81306508833066,True
700,ABETA,-57.893080163648186,True
700,RAVLT_immediate,744.1501622626125,True
700,VentricleNorm,-42.99239065641031,True
700,HippocampusNorm,-536.5990107618617,True
700,MidTempNorm,-92.36715877318805,True
700,ADAS13,23.81119415330346,True
700,PTAU,-695.9751415864224,True
700,TAU,462.56606076779514,True
700,EntorhinalNorm,-170.2320595348237,True
701,FusiformNorm,-147.68205688804426,True
701,WholeBrainNorm,92.06316042214186,True
701,MMSE,330.0816127365782,True
701,ABETA,88.28667378785381,True
701,RAVLT_immediate,373.12726215257925,True
701,VentricleNorm,189.71121648555814,True
701,HippocampusNorm,659.429176086182,True
701,MidTempNorm,-26.018443459801006,True
701,ADAS13,-190.23079305061182,True
701,PTAU,188.3970286113237,True
701,TAU,-465.37386316824666,True
701,EntorhinalNorm,-229.2883085053607,True
702,FusiformNorm,104.4073561248522,True
702,WholeBrainNorm,194.83456431669703,True
702,MMSE,-150.52174927243914,True
702,ABETA,58.11009510407561,True
702,RAVLT_immediate,382.62315543737384,True
702,VentricleNorm,-26.45533532289594,True
702,HippocampusNorm,-808.2651691059609,True
702,MidTempNorm,-111.26730850485524,True
702,ADAS13,1033.6164287390868,True
702,PTAU,154.65045054539777,True
702,TAU,116.64626082938189,True
702,EntorhinalNorm,-456.1710358785847,True
703,FusiformNorm,-123.9495100925007,False
703,WholeBrainNorm,-379.39216393727753,False
703,MMSE,167.4901818331502,False
703,ABETA,35.06949971972318,False
703,RAVLT_immediate,-1374.4651517978316,False
703,VentricleNorm,102.15045074696313,False
703,HippocampusNorm,374.56808148187235,False
703,MidTempNorm,140.19656445204515,False
703,ADAS13,-235.82294340071078,False
703,PTAU,69.52079510493952,False
703,TAU,-428.5467216306521,False
703,EntorhinalNorm,-350.1242738009847,False
704,FusiformNorm,65.56437249434848,False
704,WholeBrainNorm,1979.5550618664254,False
704,MMSE,373.72969210605265,False
704,ABETA,45.32683643621863,False
704,RAVLT_immediate,267.00548771856404,False
704,VentricleNorm,216.12760320884973,False
704,HippocampusNorm,155.8877970026684,False
704,MidTempNorm,403.30018600007855,False
704,ADAS13,-410.8201474850749,False
704,PTAU,-35.46057860500602,False
704,TAU,-190.40422686053722,False
704,EntorhinalNorm,-173.55705266826243,False
705,FusiformNorm,37.450683802013586,True
705,WholeBrainNorm,959.7241675426801,True
705,MMSE,-150.05854242749297,True
705,ABETA,-15.626360522487001,True
705,RAVLT_immediate,-557.4123375629093,True
705,VentricleNorm,-54.05009420163087,True
705,HippocampusNorm,-723.1886243694202,True
705,MidTempNorm,-94.54109374356054,True
705,ADAS13,-465.8591192812698,True
705,PTAU,-584.0873681401328,True
705,TAU,-541.5979298316652,True
705,EntorhinalNorm,370.0724292135579,True
706,FusiformNorm,307.638594463844,True
706,WholeBrainNorm,959.7241675426801,True
706,MMSE,-51.69662358598319,True
706,ABETA,-66.34160183723905,True
706,RAVLT_immediate,165.55312955075934,True
706,VentricleNorm,-22.67099927760688,True
706,HippocampusNorm,393.24317080101673,True
706,MidTempNorm,116.76648138629179,True
706,ADAS13,-264.4739906074665,True
706,PTAU,240.31086204448647,True
706,TAU,331.0810221204228,True
706,EntorhinalNorm,-439.62965702309907,True
707,FusiformNorm,-157.8014954957679,False
707,WholeBrainNorm,1791.1379617303496,False
707,MMSE,210.30990751448257,False
707,ABETA,0.29193002159125747,False
707,RAVLT_immediate,1343.1561348215694,False
707,VentricleNorm,54.91460128784539,False
707,HippocampusNorm,239.9142312624595,False
707,MidTempNorm,376.7171102148086,False
707,ADAS13,-337.9461255597218,False
707,PTAU,148.68429028855186,False
707,TAU,76.65062320008312,False
707,EntorhinalNorm,-355.2291631923916,False
708,FusiformNorm,-328.32615953321243,False
708,WholeBrainNorm,-1124.291983925441,False
708,MMSE,373.72969210605265,False
708,ABETA,-58.1236741606172,False
708,RAVLT_immediate,589.2756950943838,False
708,VentricleNorm,306.60168068545124,False
708,HippocampusNorm,387.25028412285764,False
708,MidTempNorm,300.833923466177,False
708,ADAS13,-343.66577481447285,False
708,PTAU,163.27375401547656,False
708,TAU,-15.078279646678627,False
708,EntorhinalNorm,-273.96744370481906,False
709,FusiformNorm,52.314906693858916,True
709,WholeBrainNorm,177.78880628112532,True
709,MMSE,-150.84566787618675,True
709,ABETA,113.50610354941179,True
709,RAVLT_immediate,-48.32888501561378,True
709,VentricleNorm,490.35404593996543,True
709,HippocampusNorm,-753.4256937175883,True
709,MidTempNorm,-74.00610641796143,True
709,ADAS13,979.4182000252359,True
709,PTAU,-687.0030255793945,True
709,TAU,-83.23538251141031,True
709,EntorhinalNorm,-110.33966437927455,True
710,FusiformNorm,472.10576129784226,True
710,WholeBrainNorm,374.13841981080657,True
710,MMSE,-150.30220221515367,True
710,ABETA,-11.23279734073926,True
710,RAVLT_immediate,197.72266155045313,True
710,VentricleNorm,166.439836268516,True
710,HippocampusNorm,-748.6552419517955,True
710,MidTempNorm,-78.33074413497079,True
710,ADAS13,1003.9751500128434,True
710,PTAU,112.92573656906733,True
710,TAU,-149.46039891829594,True
710,EntorhinalNorm,-208.62277818487155,True
711,FusiformNorm,-97.60402826723902,True
711,WholeBrainNorm,111.22744442368601,True
711,MMSE,323.4189074103422,True
711,ABETA,125.22317790627513,True
711,RAVLT_immediate,568.7523347580936,True
711,VentricleNorm,303.7729505386209,True
711,HippocampusNorm,132.78601603039613,True
711,MidTempNorm,125.24945087493063,True
711,ADAS13,-240.51105415621038,True
711,PTAU,191.17280978340443,True
711,TAU,-209.83142449092898,True
711,EntorhinalNorm,-223.78598760156825,True
712,FusiformNorm,-128.66466988986102,False
712,WholeBrainNorm,590.781903839826,False
712,MMSE,-128.72304638030351,False
712,ABETA,19.055811677169856,False
712,RAVLT_immediate,-1145.5294645914175,False
712,VentricleNorm,388.39424696212893,False
712,HippocampusNorm,561.7265703279404,False
712,MidTempNorm,68.90076706747419,False
712,ADAS13,-269.6700719554501,False
712,PTAU,82.65015060710722,False
712,TAU,442.1661220641338,False
712,EntorhinalNorm,-256.865120646889,False
713,FusiformNorm,129.43730628591203,True
713,WholeBrainNorm,158.67421160312063,True
713,MMSE,-150.38860250039716,True
713,ABETA,-119.15306549827173,True
713,RAVLT_immediate,-200.75157315785088,True
713,VentricleNorm,311.99872766163634,True
713,HippocampusNorm,-755.7636357131535,True
713,MidTempNorm,-109.48830540500772,True
713,ADAS13,741.2519274270028,True
713,PTAU,-560.6403897097069,True
713,TAU,-581.2720159465571,True
713,EntorhinalNorm,391.59762523151096,True
714,FusiformNorm,16.0208490909813,True
714,WholeBrainNorm,451.99576650776146,True
714,MMSE,207.80488217201517,True
714,ABETA,106.82493910240728,True
714,RAVLT_immediate,307.8722950227695,True
714,VentricleNorm,238.26067656058748,True
714,HippocampusNorm,288.66185138603663,True
714,MidTempNorm,-43.453666415760715,True
714,ADAS13,-329.08177556990984,True
714,PTAU,-61.03154294550906,True
714,TAU,-14.689740910349116,True
714,EntorhinalNorm,-448.65120183927866,True
715,FusiformNorm,216.66231091557066,True
715,WholeBrainNorm,959.7241675426801,True
715,MMSE,-150.24179897966587,True
715,ABETA,-59.022728030824496,True
715,RAVLT_immediate,409.1801122725809,True
715,VentricleNorm,93.14523028874572,True
715,HippocampusNorm,367.8785198532273,True
715,MidTempNorm,304.769860165959,True
715,ADAS13,-300.09753401185253,True
715,PTAU,58.6786994828011,True
715,TAU,10.391817427924721,True
715,EntorhinalNorm,-206.98308783724798,True
716,FusiformNorm,57.18727393305281,True
716,WholeBrainNorm,428.4719965870972,True
716,MMSE,-150.84568874455582,True
716,ABETA,-55.19356393701806,True
716,RAVLT_immediate,-75.55530851007273,True
716,VentricleNorm,269.49500385172337,True
716,HippocampusNorm,-817.8339222284818,True
716,MidTempNorm,-29.819988088134632,True
716,ADAS13,107.11963706236148,True
716,PTAU,-675.493947517129,True
716,TAU,47.24341838538663,True
716,EntorhinalNorm,-588.6236381739337,True
717,FusiformNorm,-180.87231752712583,False
717,WholeBrainNorm,435.54736568009537,False
717,MMSE,-202.49430407929967,False
717,ABETA,73.08477064197076,False
717,RAVLT_immediate,-645.4064382166167,False
717,VentricleNorm,97.99015439074086,False
717,HippocampusNorm,238.27924556956611,False
717,MidTempNorm,394.7384235282412,False
717,ADAS13,-243.3838809745674,False
717,PTAU,49.8754118164673,False
717,TAU,354.3816676961909,False
717,EntorhinalNorm,-699.0470553837838,False
718,FusiformNorm,-146.7228549450819,False
718,WholeBrainNorm,998.7271894948603,False
718,MMSE,-324.06461139525027,False
718,ABETA,64.3916977657592,False
718,RAVLT_immediate,-550.1777653363766,False
718,VentricleNorm,102.7805540788671,False
718,HippocampusNorm,461.0453486650973,False
718,MidTempNorm,340.3741933762407,False
718,ADAS13,-166.48971215208854,False
718,PTAU,158.8141420033309,False
718,TAU,-98.9459874076254,False
718,EntorhinalNorm,-566.5849976370207,False
719,FusiformNorm,-2.4233871525566233,True
719,WholeBrainNorm,150.28187431295024,True
719,MMSE,-151.138278749891,True
719,ABETA,-107.94617394749392,True
719,RAVLT_immediate,-214.79554154677328,True
719,VentricleNorm,449.3533233479299,True
719,HippocampusNorm,-177.22588312142503,True
719,MidTempNorm,-88.52657040776798,True
719,ADAS13,74.000542396082,True
719,PTAU,-682.8271781935192,True
719,TAU,-132.7383067328596,True
719,EntorhinalNorm,-565.5671875061655,True
720,FusiformNorm,-18.093136847966214,True
720,WholeBrainNorm,-257.17098583796525,True
720,MMSE,-150.39889999330723,True
720,ABETA,106.68682065800958,True
720,RAVLT_immediate,-324.94745018185426,True
720,VentricleNorm,261.2703459259865,True
720,HippocampusNorm,157.41978643785149,True
720,MidTempNorm,73.50122195842565,True
720,ADAS13,-309.13034286992837,True
720,PTAU,158.634925201733,True
720,TAU,-138.63984403279954,True
720,EntorhinalNorm,-450.1729464694879,True
721,FusiformNorm,-111.26064013931185,True
721,WholeBrainNorm,959.7241675426801,True
721,MMSE,-150.32038021916767,True
721,ABETA,113.50610354941179,True
721,RAVLT_immediate,-924.317816095311,True
721,VentricleNorm,490.35404593996543,True
721,HippocampusNorm,-735.0385526283375,True
721,MidTempNorm,-49.51999292917922,True
721,ADAS13,851.196646646995,True
721,PTAU,200.61518896472393,True
721,TAU,-74.73211916639659,True
721,EntorhinalNorm,-728.3339987076351,True
722,FusiformNorm,-155.63687297331083,False
722,WholeBrainNorm,548.4970762716509,False
722,MMSE,266.9888019454858,False
722,ABETA,2.28774870946877,False
722,RAVLT_immediate,419.86332078524794,False
722,VentricleNorm,175.95584921257424,False
722,HippocampusNorm,207.61191887629604,False
722,MidTempNorm,194.12718678334397,False
722,ADAS13,-315.4288023344181,False
722,PTAU,-49.124867960323606,False
722,TAU,11.724946949671235,False
722,EntorhinalNorm,-615.4931333602585,False
723,FusiformNorm,-72.72478133075072,False
723,WholeBrainNorm,333.74979258601127,False
723,MMSE,248.42862759241896,False
723,ABETA,-156.40070747592807,False
723,RAVLT_immediate,996.2730866719749,False
723,VentricleNorm,105.40602056557701,False
723,HippocampusNorm,464.6450088344192,False
723,MidTempNorm,137.20794522519972,False
723,ADAS13,-291.4731116768662,False
723,PTAU,213.95100672160777,False
723,TAU,-432.8403967387829,False
723,EntorhinalNorm,-337.19994859537456,False
724,FusiformNorm,63.1759381524405,True
724,WholeBrainNorm,787.1113038586287,True
724,MMSE,-149.6236566515968,True
724,ABETA,-119.15306549827173,True
724,RAVLT_immediate,-249.04709041876407,True
724,VentricleNorm,-264.1995880291276,True
724,HippocampusNorm,-464.75796220437735,True
724,MidTempNorm,-40.001867939450655,True
724,ADAS13,-10.023716648878647,True
724,PTAU,-660.1073683580362,True
724,TAU,-171.51326735813163,True
724,EntorhinalNorm,-465.8439559016308,True
725,FusiformNorm,190.60476009874637,True
725,WholeBrainNorm,-248.89690493243072,True
725,MMSE,-149.76283061281333,True
725,ABETA,8.86109188808387,True
725,RAVLT_immediate,-541.7905383881182,True
725,VentricleNorm,83.80813568097246,True
725,HippocampusNorm,227.2670390385166,True
725,MidTempNorm,273.40369737528135,True
725,ADAS13,-289.9343338868333,True
725,PTAU,131.1002466349231,True
725,TAU,151.54513434078314,True
725,EntorhinalNorm,-434.7820416925296,True
